instance,n,B,G,avg_health,avg_utility,algorithm,value
0,3,2,3,0.44885684863323644,0.30618667944298267,Non-Pooled,0.3494760359987754
0,3,2,3,0.44885684863323644,0.30618667944298267,Static Non-Overlapping,0.3494760359987754
0,3,2,3,0.44885684863323644,0.30618667944298267,Static Overlapping,0.34947603599877536
0,3,2,3,0.44885684863323644,0.30618667944298267,Classical Dynamic Optimal,0.3494760359987754
0,3,2,3,0.44885684863323644,0.30618667944298267,Augmented Greedy Dynamic,0.3131494020990324
0,3,2,3,0.44885684863323644,0.30618667944298267,Augmented Counting Greedy,0.3131494020990324
0,3,2,3,0.44885684863323644,0.30618667944298267,Augmented Dynamic Optimal,0.3494760359987754
0,3,2,3,0.44885684863323644,0.30618667944298267,Upper Bound,0.3681640890371535
1,3,2,3,0.45464125155178464,0.7007664058163289,Non-Pooled,0.8439525380494808
1,3,2,3,0.45464125155178464,0.7007664058163289,Static Non-Overlapping,0.8439525380494808
1,3,2,3,0.45464125155178464,0.7007664058163289,Static Overlapping,0.8439525380494809
1,3,2,3,0.45464125155178464,0.7007664058163289,Classical Dynamic Optimal,0.8439525380494807
1,3,2,3,0.45464125155178464,0.7007664058163289,Augmented Greedy Dynamic,0.7701347194916105
1,3,2,3,0.45464125155178464,0.7007664058163289,Augmented Counting Greedy,0.7701347194916105
1,3,2,3,0.45464125155178464,0.7007664058163289,Augmented Dynamic Optimal,0.8439525380494807
1,3,2,3,0.45464125155178464,0.7007664058163289,Upper Bound,0.8897455744847002
2,3,2,3,0.3981404422019628,0.6491180870015428,Non-Pooled,0.6524360901052978
2,3,2,3,0.3981404422019628,0.6491180870015428,Static Non-Overlapping,0.6524360901052978
2,3,2,3,0.3981404422019628,0.6491180870015428,Static Overlapping,0.6524360901052979
2,3,2,3,0.3981404422019628,0.6491180870015428,Classical Dynamic Optimal,0.6524360901052979
2,3,2,3,0.3981404422019628,0.6491180870015428,Augmented Greedy Dynamic,0.6524360901052979
2,3,2,3,0.3981404422019628,0.6491180870015428,Augmented Counting Greedy,0.6524360901052979
2,3,2,3,0.3981404422019628,0.6491180870015428,Augmented Dynamic Optimal,0.6524360901052979
2,3,2,3,0.3981404422019628,0.6491180870015428,Upper Bound,0.6853278075121657
3,3,2,3,0.5656942624419626,0.5307772374939933,Non-Pooled,0.5494303967658178
3,3,2,3,0.5656942624419626,0.5307772374939933,Static Non-Overlapping,0.6008372485652675
3,3,2,3,0.5656942624419626,0.5307772374939933,Static Overlapping,0.6008372485652674
3,3,2,3,0.5656942624419626,0.5307772374939933,Classical Dynamic Optimal,0.6008372485652674
3,3,2,3,0.5656942624419626,0.5307772374939933,Augmented Greedy Dynamic,0.6008372485652675
3,3,2,3,0.5656942624419626,0.5307772374939933,Augmented Counting Greedy,0.6008372485652675
3,3,2,3,0.5656942624419626,0.5307772374939933,Augmented Dynamic Optimal,0.6261331518892381
3,3,2,3,0.5656942624419626,0.5307772374939933,Upper Bound,0.7389315278254135
4,3,2,3,0.3453467794833262,0.34836035741005933,Non-Pooled,0.2688250439290244
4,3,2,3,0.3453467794833262,0.34836035741005933,Static Non-Overlapping,0.2688250439290244
4,3,2,3,0.3453467794833262,0.34836035741005933,Static Overlapping,0.2688250439290244
4,3,2,3,0.3453467794833262,0.34836035741005933,Classical Dynamic Optimal,0.2688250439290244
4,3,2,3,0.3453467794833262,0.34836035741005933,Augmented Greedy Dynamic,0.2688250439290244
4,3,2,3,0.3453467794833262,0.34836035741005933,Augmented Counting Greedy,0.2688250439290244
4,3,2,3,0.3453467794833262,0.34836035741005933,Augmented Dynamic Optimal,0.2688250439290244
4,3,2,3,0.3453467794833262,0.34836035741005933,Upper Bound,0.3511232481640484
5,3,2,3,0.4730662057656642,0.6356554524277107,Non-Pooled,0.8048688705499389
5,3,2,3,0.4730662057656642,0.6356554524277107,Static Non-Overlapping,0.8048688705499389
5,3,2,3,0.4730662057656642,0.6356554524277107,Static Overlapping,0.8048688705499389
5,3,2,3,0.4730662057656642,0.6356554524277107,Classical Dynamic Optimal,0.8216460961189493
5,3,2,3,0.4730662057656642,0.6356554524277107,Augmented Greedy Dynamic,0.8048688705499389
5,3,2,3,0.4730662057656642,0.6356554524277107,Augmented Counting Greedy,0.8048688705499389
5,3,2,3,0.4730662057656642,0.6356554524277107,Augmented Dynamic Optimal,0.8217219358693163
5,3,2,3,0.4730662057656642,0.6356554524277107,Upper Bound,0.8871650484589019
6,3,2,3,0.7392411675114833,0.3174806100343342,Non-Pooled,0.5466323018455971
6,3,2,3,0.7392411675114833,0.3174806100343342,Static Non-Overlapping,0.6326962494395976
6,3,2,3,0.7392411675114833,0.3174806100343342,Static Overlapping,0.6326962494395975
6,3,2,3,0.7392411675114833,0.3174806100343342,Classical Dynamic Optimal,0.6396788910376737
6,3,2,3,0.7392411675114833,0.3174806100343342,Augmented Greedy Dynamic,0.6420079885205437
6,3,2,3,0.7392411675114833,0.3174806100343342,Augmented Counting Greedy,0.6420079885205437
6,3,2,3,0.7392411675114833,0.3174806100343342,Augmented Dynamic Optimal,0.6491361307935382
6,3,2,3,0.7392411675114833,0.3174806100343342,Upper Bound,0.6980068112178969
7,3,2,3,0.4124358411534487,0.8072438017531999,Non-Pooled,0.8852683585493395
7,3,2,3,0.4124358411534487,0.8072438017531999,Static Non-Overlapping,0.8852683585493395
7,3,2,3,0.4124358411534487,0.8072438017531999,Static Overlapping,0.8852683585493395
7,3,2,3,0.4124358411534487,0.8072438017531999,Classical Dynamic Optimal,0.8852683585493395
7,3,2,3,0.4124358411534487,0.8072438017531999,Augmented Greedy Dynamic,0.8852683585493395
7,3,2,3,0.4124358411534487,0.8072438017531999,Augmented Counting Greedy,0.8852683585493395
7,3,2,3,0.4124358411534487,0.8072438017531999,Augmented Dynamic Optimal,0.8852683585493395
7,3,2,3,0.4124358411534487,0.8072438017531999,Upper Bound,0.9984132917584653
8,3,2,3,0.28938110032565617,0.3520503075345209,Non-Pooled,0.25354310048551
8,3,2,3,0.28938110032565617,0.3520503075345209,Static Non-Overlapping,0.25354310048551
8,3,2,3,0.28938110032565617,0.3520503075345209,Static Overlapping,0.25354310048551004
8,3,2,3,0.28938110032565617,0.3520503075345209,Classical Dynamic Optimal,0.2535431004855101
8,3,2,3,0.28938110032565617,0.3520503075345209,Augmented Greedy Dynamic,0.25354310048551004
8,3,2,3,0.28938110032565617,0.3520503075345209,Augmented Counting Greedy,0.25354310048551
8,3,2,3,0.28938110032565617,0.3520503075345209,Augmented Dynamic Optimal,0.2535431004855101
8,3,2,3,0.28938110032565617,0.3520503075345209,Upper Bound,0.2687895651696423
9,3,2,3,0.22518389330299718,0.613147297725725,Non-Pooled,0.4744095792011891
9,3,2,3,0.22518389330299718,0.613147297725725,Static Non-Overlapping,0.4744095792011891
9,3,2,3,0.22518389330299718,0.613147297725725,Static Overlapping,0.4744095792011891
9,3,2,3,0.22518389330299718,0.613147297725725,Classical Dynamic Optimal,0.4744095792011891
9,3,2,3,0.22518389330299718,0.613147297725725,Augmented Greedy Dynamic,0.47440957920118904
9,3,2,3,0.22518389330299718,0.613147297725725,Augmented Counting Greedy,0.474409579201189
9,3,2,3,0.22518389330299718,0.613147297725725,Augmented Dynamic Optimal,0.4744095792011891
9,3,2,3,0.22518389330299718,0.613147297725725,Upper Bound,0.49466201190393755
10,3,2,3,0.6562287066834415,0.25546805368706904,Non-Pooled,0.38089311257507075
10,3,2,3,0.6562287066834415,0.25546805368706904,Static Non-Overlapping,0.39001585641733594
10,3,2,3,0.6562287066834415,0.25546805368706904,Static Overlapping,0.39001585641733594
10,3,2,3,0.6562287066834415,0.25546805368706904,Classical Dynamic Optimal,0.39001585641733594
10,3,2,3,0.6562287066834415,0.25546805368706904,Augmented Greedy Dynamic,0.39001585641733594
10,3,2,3,0.6562287066834415,0.25546805368706904,Augmented Counting Greedy,0.39001585641733594
10,3,2,3,0.6562287066834415,0.25546805368706904,Augmented Dynamic Optimal,0.39001585641733594
10,3,2,3,0.6562287066834415,0.25546805368706904,Upper Bound,0.42523379932100247
11,3,2,3,0.20918438445131649,0.6289502439800293,Non-Pooled,0.2738671275302865
11,3,2,3,0.20918438445131649,0.6289502439800293,Static Non-Overlapping,0.2738671275302865
11,3,2,3,0.20918438445131649,0.6289502439800293,Static Overlapping,0.2738671275302865
11,3,2,3,0.20918438445131649,0.6289502439800293,Classical Dynamic Optimal,0.27386712753028647
11,3,2,3,0.20918438445131649,0.6289502439800293,Augmented Greedy Dynamic,0.2738671275302865
11,3,2,3,0.20918438445131649,0.6289502439800293,Augmented Counting Greedy,0.2738671275302864
11,3,2,3,0.20918438445131649,0.6289502439800293,Augmented Dynamic Optimal,0.27386712753028647
11,3,2,3,0.20918438445131649,0.6289502439800293,Upper Bound,0.3514483539732146
12,3,2,3,0.7251871955767516,0.381678469681839,Non-Pooled,0.8076866630089439
12,3,2,3,0.7251871955767516,0.381678469681839,Static Non-Overlapping,0.8262117905128701
12,3,2,3,0.7251871955767516,0.381678469681839,Static Overlapping,0.8348545281055804
12,3,2,3,0.7251871955767516,0.381678469681839,Classical Dynamic Optimal,0.8606877492372269
12,3,2,3,0.7251871955767516,0.381678469681839,Augmented Greedy Dynamic,0.8614993216887686
12,3,2,3,0.7251871955767516,0.381678469681839,Augmented Counting Greedy,0.8614993216887686
12,3,2,3,0.7251871955767516,0.381678469681839,Augmented Dynamic Optimal,0.8614993216887687
12,3,2,3,0.7251871955767516,0.381678469681839,Upper Bound,0.8963817700977088
13,3,2,3,0.7195764895291573,0.4120902822264903,Non-Pooled,0.7426603338105217
13,3,2,3,0.7195764895291573,0.4120902822264903,Static Non-Overlapping,0.7426603338105217
13,3,2,3,0.7195764895291573,0.4120902822264903,Static Overlapping,0.7426603338105215
13,3,2,3,0.7195764895291573,0.4120902822264903,Classical Dynamic Optimal,0.749120731652418
13,3,2,3,0.7195764895291573,0.4120902822264903,Augmented Greedy Dynamic,0.7426603338105214
13,3,2,3,0.7195764895291573,0.4120902822264903,Augmented Counting Greedy,0.7426603338105214
13,3,2,3,0.7195764895291573,0.4120902822264903,Augmented Dynamic Optimal,0.7495945784444599
13,3,2,3,0.7195764895291573,0.4120902822264903,Upper Bound,0.776884576104267
14,3,2,3,0.5600828160146106,0.42484043059222126,Non-Pooled,0.6057886761410438
14,3,2,3,0.5600828160146106,0.42484043059222126,Static Non-Overlapping,0.6057886761410438
14,3,2,3,0.5600828160146106,0.42484043059222126,Static Overlapping,0.6057886761410438
14,3,2,3,0.5600828160146106,0.42484043059222126,Classical Dynamic Optimal,0.6057886761410438
14,3,2,3,0.5600828160146106,0.42484043059222126,Augmented Greedy Dynamic,0.5962550158986352
14,3,2,3,0.5600828160146106,0.42484043059222126,Augmented Counting Greedy,0.5962550158986352
14,3,2,3,0.5600828160146106,0.42484043059222126,Augmented Dynamic Optimal,0.6057886761410438
14,3,2,3,0.5600828160146106,0.42484043059222126,Upper Bound,0.644942858940435
15,3,2,3,0.08431417441358231,0.33813782097946415,Non-Pooled,0.06292209989206832
15,3,2,3,0.08431417441358231,0.33813782097946415,Static Non-Overlapping,0.06292209989206832
15,3,2,3,0.08431417441358231,0.33813782097946415,Static Overlapping,0.06292209989206832
15,3,2,3,0.08431417441358231,0.33813782097946415,Classical Dynamic Optimal,0.06292209989206832
15,3,2,3,0.08431417441358231,0.33813782097946415,Augmented Greedy Dynamic,0.06292209989206832
15,3,2,3,0.08431417441358231,0.33813782097946415,Augmented Counting Greedy,0.06292209989206832
15,3,2,3,0.08431417441358231,0.33813782097946415,Augmented Dynamic Optimal,0.06292209989206832
15,3,2,3,0.08431417441358231,0.33813782097946415,Upper Bound,0.07476534145200082
16,3,2,3,0.3906360904938538,0.5885028712605395,Non-Pooled,0.5325665183468433
16,3,2,3,0.3906360904938538,0.5885028712605395,Static Non-Overlapping,0.5325665183468433
16,3,2,3,0.3906360904938538,0.5885028712605395,Static Overlapping,0.5325665183468434
16,3,2,3,0.3906360904938538,0.5885028712605395,Classical Dynamic Optimal,0.5325665183468434
16,3,2,3,0.3906360904938538,0.5885028712605395,Augmented Greedy Dynamic,0.5325665183468434
16,3,2,3,0.3906360904938538,0.5885028712605395,Augmented Counting Greedy,0.5325665183468434
16,3,2,3,0.3906360904938538,0.5885028712605395,Augmented Dynamic Optimal,0.5325665183468434
16,3,2,3,0.3906360904938538,0.5885028712605395,Upper Bound,0.6329191579335984
17,3,2,3,0.24073283002619575,0.11734640007297159,Non-Pooled,0.11768277466135457
17,3,2,3,0.24073283002619575,0.11734640007297159,Static Non-Overlapping,0.11768277466135457
17,3,2,3,0.24073283002619575,0.11734640007297159,Static Overlapping,0.11768277466135457
17,3,2,3,0.24073283002619575,0.11734640007297159,Classical Dynamic Optimal,0.11768277466135456
17,3,2,3,0.24073283002619575,0.11734640007297159,Augmented Greedy Dynamic,0.11768277466135456
17,3,2,3,0.24073283002619575,0.11734640007297159,Augmented Counting Greedy,0.11768277466135456
17,3,2,3,0.24073283002619575,0.11734640007297159,Augmented Dynamic Optimal,0.11768277466135456
17,3,2,3,0.24073283002619575,0.11734640007297159,Upper Bound,0.1181615587615538
18,3,2,3,0.13558061314316114,0.5312942141277371,Non-Pooled,0.12327305415894135
18,3,2,3,0.13558061314316114,0.5312942141277371,Static Non-Overlapping,0.12327305415894135
18,3,2,3,0.13558061314316114,0.5312942141277371,Static Overlapping,0.12327305415894135
18,3,2,3,0.13558061314316114,0.5312942141277371,Classical Dynamic Optimal,0.12327305415894135
18,3,2,3,0.13558061314316114,0.5312942141277371,Augmented Greedy Dynamic,0.12327305415894135
18,3,2,3,0.13558061314316114,0.5312942141277371,Augmented Counting Greedy,0.12327305415894141
18,3,2,3,0.13558061314316114,0.5312942141277371,Augmented Dynamic Optimal,0.12327305415894135
18,3,2,3,0.13558061314316114,0.5312942141277371,Upper Bound,0.16748318890087477
19,3,2,3,0.5433656642779736,0.6757442470258702,Non-Pooled,1.0435143610276143
19,3,2,3,0.5433656642779736,0.6757442470258702,Static Non-Overlapping,1.0435143610276143
19,3,2,3,0.5433656642779736,0.6757442470258702,Static Overlapping,1.0435143610276143
19,3,2,3,0.5433656642779736,0.6757442470258702,Classical Dynamic Optimal,1.0435143610276145
19,3,2,3,0.5433656642779736,0.6757442470258702,Augmented Greedy Dynamic,0.977484312100798
19,3,2,3,0.5433656642779736,0.6757442470258702,Augmented Counting Greedy,0.977484312100798
19,3,2,3,0.5433656642779736,0.6757442470258702,Augmented Dynamic Optimal,1.0435143610276145
19,3,2,3,0.5433656642779736,0.6757442470258702,Upper Bound,1.0573640850429455
20,3,2,3,0.5775829845627323,0.46658831082414604,Non-Pooled,0.6957301769286568
20,3,2,3,0.5775829845627323,0.46658831082414604,Static Non-Overlapping,0.6957301769286568
20,3,2,3,0.5775829845627323,0.46658831082414604,Static Overlapping,0.6957301769286567
20,3,2,3,0.5775829845627323,0.46658831082414604,Classical Dynamic Optimal,0.6957301769286567
20,3,2,3,0.5775829845627323,0.46658831082414604,Augmented Greedy Dynamic,0.6635086065464673
20,3,2,3,0.5775829845627323,0.46658831082414604,Augmented Counting Greedy,0.6635086065464673
20,3,2,3,0.5775829845627323,0.46658831082414604,Augmented Dynamic Optimal,0.6957301769286567
20,3,2,3,0.5775829845627323,0.46658831082414604,Upper Bound,0.7081504007059393
21,3,2,3,0.46924747203348893,0.4853983431592874,Non-Pooled,0.9313922444069526
21,3,2,3,0.46924747203348893,0.4853983431592874,Static Non-Overlapping,0.9313922444069526
21,3,2,3,0.46924747203348893,0.4853983431592874,Static Overlapping,0.9313922444069526
21,3,2,3,0.46924747203348893,0.4853983431592874,Classical Dynamic Optimal,0.9313922444069526
21,3,2,3,0.46924747203348893,0.4853983431592874,Augmented Greedy Dynamic,0.9313922444069527
21,3,2,3,0.46924747203348893,0.4853983431592874,Augmented Counting Greedy,0.9313922444069525
21,3,2,3,0.46924747203348893,0.4853983431592874,Augmented Dynamic Optimal,0.9330277173462496
21,3,2,3,0.46924747203348893,0.4853983431592874,Upper Bound,0.9646640654146699
22,3,2,3,0.6758366554157559,0.4668090801519811,Non-Pooled,0.8869860101080423
22,3,2,3,0.6758366554157559,0.4668090801519811,Static Non-Overlapping,0.8869860101080423
22,3,2,3,0.6758366554157559,0.4668090801519811,Static Overlapping,0.8869860101080425
22,3,2,3,0.6758366554157559,0.4668090801519811,Classical Dynamic Optimal,0.8931788030378229
22,3,2,3,0.6758366554157559,0.4668090801519811,Augmented Greedy Dynamic,0.8869860101080423
22,3,2,3,0.6758366554157559,0.4668090801519811,Augmented Counting Greedy,0.8869860101080423
22,3,2,3,0.6758366554157559,0.4668090801519811,Augmented Dynamic Optimal,0.9012109833876759
22,3,2,3,0.6758366554157559,0.4668090801519811,Upper Bound,1.0001909216757223
23,3,2,3,0.44657970818560955,0.46903179534172706,Non-Pooled,0.7688410438522681
23,3,2,3,0.44657970818560955,0.46903179534172706,Static Non-Overlapping,0.7688410438522681
23,3,2,3,0.44657970818560955,0.46903179534172706,Static Overlapping,0.7688410438522681
23,3,2,3,0.44657970818560955,0.46903179534172706,Classical Dynamic Optimal,0.7788240393272463
23,3,2,3,0.44657970818560955,0.46903179534172706,Augmented Greedy Dynamic,0.7688410438522681
23,3,2,3,0.44657970818560955,0.46903179534172706,Augmented Counting Greedy,0.7688410438522681
23,3,2,3,0.44657970818560955,0.46903179534172706,Augmented Dynamic Optimal,0.7792434818185286
23,3,2,3,0.44657970818560955,0.46903179534172706,Upper Bound,0.8084491524895456
24,3,2,3,0.2241162550887004,0.21184649655605292,Non-Pooled,0.17306668658934687
24,3,2,3,0.2241162550887004,0.21184649655605292,Static Non-Overlapping,0.17306668658934687
24,3,2,3,0.2241162550887004,0.21184649655605292,Static Overlapping,0.1730666865893469
24,3,2,3,0.2241162550887004,0.21184649655605292,Classical Dynamic Optimal,0.1730666865893469
24,3,2,3,0.2241162550887004,0.21184649655605292,Augmented Greedy Dynamic,0.17306668658934687
24,3,2,3,0.2241162550887004,0.21184649655605292,Augmented Counting Greedy,0.17306668658934687
24,3,2,3,0.2241162550887004,0.21184649655605292,Augmented Dynamic Optimal,0.1730666865893469
24,3,2,3,0.2241162550887004,0.21184649655605292,Upper Bound,0.17642207254802458
25,3,2,3,0.12892041159934284,0.4771668259340622,Non-Pooled,0.13311113749378053
25,3,2,3,0.12892041159934284,0.4771668259340622,Static Non-Overlapping,0.13311113749378053
25,3,2,3,0.12892041159934284,0.4771668259340622,Static Overlapping,0.13311113749378053
25,3,2,3,0.12892041159934284,0.4771668259340622,Classical Dynamic Optimal,0.13311113749378053
25,3,2,3,0.12892041159934284,0.4771668259340622,Augmented Greedy Dynamic,0.13311113749378053
25,3,2,3,0.12892041159934284,0.4771668259340622,Augmented Counting Greedy,0.13311113749378053
25,3,2,3,0.12892041159934284,0.4771668259340622,Augmented Dynamic Optimal,0.13311113749378053
25,3,2,3,0.12892041159934284,0.4771668259340622,Upper Bound,0.16852838605838008
26,3,2,3,0.3871395373594395,0.35623190613192984,Non-Pooled,0.38261920156631846
26,3,2,3,0.3871395373594395,0.35623190613192984,Static Non-Overlapping,0.38261920156631846
26,3,2,3,0.3871395373594395,0.35623190613192984,Static Overlapping,0.3826192015663184
26,3,2,3,0.3871395373594395,0.35623190613192984,Classical Dynamic Optimal,0.38261920156631846
26,3,2,3,0.3871395373594395,0.35623190613192984,Augmented Greedy Dynamic,0.3249291091561783
26,3,2,3,0.3871395373594395,0.35623190613192984,Augmented Counting Greedy,0.3249291091561783
26,3,2,3,0.3871395373594395,0.35623190613192984,Augmented Dynamic Optimal,0.38261920156631846
26,3,2,3,0.3871395373594395,0.35623190613192984,Upper Bound,0.41921887482101483
27,3,2,3,0.3341279756440802,0.40125621861910193,Non-Pooled,0.30982589320281495
27,3,2,3,0.3341279756440802,0.40125621861910193,Static Non-Overlapping,0.30982589320281495
27,3,2,3,0.3341279756440802,0.40125621861910193,Static Overlapping,0.30982589320281495
27,3,2,3,0.3341279756440802,0.40125621861910193,Classical Dynamic Optimal,0.30982589320281495
27,3,2,3,0.3341279756440802,0.40125621861910193,Augmented Greedy Dynamic,0.30982589320281495
27,3,2,3,0.3341279756440802,0.40125621861910193,Augmented Counting Greedy,0.3098258932028149
27,3,2,3,0.3341279756440802,0.40125621861910193,Augmented Dynamic Optimal,0.30982589320281495
27,3,2,3,0.3341279756440802,0.40125621861910193,Upper Bound,0.3708993188241727
28,3,2,3,0.3796379933865448,0.3638812112679724,Non-Pooled,0.3226460362699066
28,3,2,3,0.3796379933865448,0.3638812112679724,Static Non-Overlapping,0.3226460362699066
28,3,2,3,0.3796379933865448,0.3638812112679724,Static Overlapping,0.3226460362699066
28,3,2,3,0.3796379933865448,0.3638812112679724,Classical Dynamic Optimal,0.3226460362699066
28,3,2,3,0.3796379933865448,0.3638812112679724,Augmented Greedy Dynamic,0.3226460362699066
28,3,2,3,0.3796379933865448,0.3638812112679724,Augmented Counting Greedy,0.3226460362699066
28,3,2,3,0.3796379933865448,0.3638812112679724,Augmented Dynamic Optimal,0.3226460362699066
28,3,2,3,0.3796379933865448,0.3638812112679724,Upper Bound,0.3593814774879764
29,3,2,3,0.21979050322869884,0.5331936744403812,Non-Pooled,0.3544029476308077
29,3,2,3,0.21979050322869884,0.5331936744403812,Static Non-Overlapping,0.3544029476308077
29,3,2,3,0.21979050322869884,0.5331936744403812,Static Overlapping,0.3544029476308077
29,3,2,3,0.21979050322869884,0.5331936744403812,Classical Dynamic Optimal,0.3544029476308077
29,3,2,3,0.21979050322869884,0.5331936744403812,Augmented Greedy Dynamic,0.3544029476308077
29,3,2,3,0.21979050322869884,0.5331936744403812,Augmented Counting Greedy,0.3544029476308077
29,3,2,3,0.21979050322869884,0.5331936744403812,Augmented Dynamic Optimal,0.3544029476308077
29,3,2,3,0.21979050322869884,0.5331936744403812,Upper Bound,0.39503185870326063
30,3,2,3,0.3953013080360601,0.44464322924816524,Non-Pooled,0.4565371018507079
30,3,2,3,0.3953013080360601,0.44464322924816524,Static Non-Overlapping,0.4565371018507079
30,3,2,3,0.3953013080360601,0.44464322924816524,Static Overlapping,0.45653710185070795
30,3,2,3,0.3953013080360601,0.44464322924816524,Classical Dynamic Optimal,0.45653710185070795
30,3,2,3,0.3953013080360601,0.44464322924816524,Augmented Greedy Dynamic,0.45653710185070795
30,3,2,3,0.3953013080360601,0.44464322924816524,Augmented Counting Greedy,0.45653710185070795
30,3,2,3,0.3953013080360601,0.44464322924816524,Augmented Dynamic Optimal,0.45653710185070795
30,3,2,3,0.3953013080360601,0.44464322924816524,Upper Bound,0.48292439018804817
31,3,2,3,0.6637298370903504,0.15790476760226888,Non-Pooled,0.3902735292904855
31,3,2,3,0.6637298370903504,0.15790476760226888,Static Non-Overlapping,0.3902735292904855
31,3,2,3,0.6637298370903504,0.15790476760226888,Static Overlapping,0.3902735292904854
31,3,2,3,0.6637298370903504,0.15790476760226888,Classical Dynamic Optimal,0.40480919582392616
31,3,2,3,0.6637298370903504,0.15790476760226888,Augmented Greedy Dynamic,0.3902735292904855
31,3,2,3,0.6637298370903504,0.15790476760226888,Augmented Counting Greedy,0.3902735292904855
31,3,2,3,0.6637298370903504,0.15790476760226888,Augmented Dynamic Optimal,0.40489844521644713
31,3,2,3,0.6637298370903504,0.15790476760226888,Upper Bound,0.41480735666946844
32,3,2,3,0.20807229364223126,0.44296026399524413,Non-Pooled,0.2608730490249583
32,3,2,3,0.20807229364223126,0.44296026399524413,Static Non-Overlapping,0.2608730490249583
32,3,2,3,0.20807229364223126,0.44296026399524413,Static Overlapping,0.2608730490249583
32,3,2,3,0.20807229364223126,0.44296026399524413,Classical Dynamic Optimal,0.26087304902495834
32,3,2,3,0.20807229364223126,0.44296026399524413,Augmented Greedy Dynamic,0.2608730490249583
32,3,2,3,0.20807229364223126,0.44296026399524413,Augmented Counting Greedy,0.2608730490249583
32,3,2,3,0.20807229364223126,0.44296026399524413,Augmented Dynamic Optimal,0.26087304902495834
32,3,2,3,0.20807229364223126,0.44296026399524413,Upper Bound,0.26658827760328435
33,3,2,3,0.763024019453134,0.6737131152037614,Non-Pooled,1.0282294495728546
33,3,2,3,0.763024019453134,0.6737131152037614,Static Non-Overlapping,1.3421043554282353
33,3,2,3,0.763024019453134,0.6737131152037614,Static Overlapping,1.3453085969363872
33,3,2,3,0.763024019453134,0.6737131152037614,Classical Dynamic Optimal,1.3453085969363872
33,3,2,3,0.763024019453134,0.6737131152037614,Augmented Greedy Dynamic,1.246468380349178
33,3,2,3,0.763024019453134,0.6737131152037614,Augmented Counting Greedy,1.246468380349178
33,3,2,3,0.763024019453134,0.6737131152037614,Augmented Dynamic Optimal,1.3707577853674104
33,3,2,3,0.763024019453134,0.6737131152037614,Upper Bound,1.5177054706739221
34,3,2,3,0.5057857726142055,0.6097008575860483,Non-Pooled,0.8173993769746388
34,3,2,3,0.5057857726142055,0.6097008575860483,Static Non-Overlapping,0.8173993769746388
34,3,2,3,0.5057857726142055,0.6097008575860483,Static Overlapping,0.8173993769746386
34,3,2,3,0.5057857726142055,0.6097008575860483,Classical Dynamic Optimal,0.8173993769746386
34,3,2,3,0.5057857726142055,0.6097008575860483,Augmented Greedy Dynamic,0.7442260969373761
34,3,2,3,0.5057857726142055,0.6097008575860483,Augmented Counting Greedy,0.7442260969373761
34,3,2,3,0.5057857726142055,0.6097008575860483,Augmented Dynamic Optimal,0.8173993769746386
34,3,2,3,0.5057857726142055,0.6097008575860483,Upper Bound,0.8213415518084969
35,3,2,3,0.6188149785025204,0.4912391928836361,Non-Pooled,0.8177023827022106
35,3,2,3,0.6188149785025204,0.4912391928836361,Static Non-Overlapping,0.8247062772582233
35,3,2,3,0.6188149785025204,0.4912391928836361,Static Overlapping,0.8247062772582233
35,3,2,3,0.6188149785025204,0.4912391928836361,Classical Dynamic Optimal,0.8433025782349036
35,3,2,3,0.6188149785025204,0.4912391928836361,Augmented Greedy Dynamic,0.8247062772582232
35,3,2,3,0.6188149785025204,0.4912391928836361,Augmented Counting Greedy,0.8247062772582232
35,3,2,3,0.6188149785025204,0.4912391928836361,Augmented Dynamic Optimal,0.8504525517365025
35,3,2,3,0.6188149785025204,0.4912391928836361,Upper Bound,0.8952085986950028
36,3,2,3,0.29201779202797257,0.5909993303282716,Non-Pooled,0.42095445036689183
36,3,2,3,0.29201779202797257,0.5909993303282716,Static Non-Overlapping,0.42095445036689183
36,3,2,3,0.29201779202797257,0.5909993303282716,Static Overlapping,0.42095445036689194
36,3,2,3,0.29201779202797257,0.5909993303282716,Classical Dynamic Optimal,0.4209544503668919
36,3,2,3,0.29201779202797257,0.5909993303282716,Augmented Greedy Dynamic,0.42095445036689183
36,3,2,3,0.29201779202797257,0.5909993303282716,Augmented Counting Greedy,0.4209544503668919
36,3,2,3,0.29201779202797257,0.5909993303282716,Augmented Dynamic Optimal,0.4209544503668919
36,3,2,3,0.29201779202797257,0.5909993303282716,Upper Bound,0.4844806920276814
37,3,2,3,0.6376747711765663,0.5128321262668557,Non-Pooled,1.1307646231918551
37,3,2,3,0.6376747711765663,0.5128321262668557,Static Non-Overlapping,1.1307646231918551
37,3,2,3,0.6376747711765663,0.5128321262668557,Static Overlapping,1.130764623191855
37,3,2,3,0.6376747711765663,0.5128321262668557,Classical Dynamic Optimal,1.1463715257370877
37,3,2,3,0.6376747711765663,0.5128321262668557,Augmented Greedy Dynamic,1.1474486125049175
37,3,2,3,0.6376747711765663,0.5128321262668557,Augmented Counting Greedy,1.1474486125049175
37,3,2,3,0.6376747711765663,0.5128321262668557,Augmented Dynamic Optimal,1.1474486125049175
37,3,2,3,0.6376747711765663,0.5128321262668557,Upper Bound,1.1875439606285554
38,3,2,3,0.25449832518651955,0.40814552501799106,Non-Pooled,0.27978839927547816
38,3,2,3,0.25449832518651955,0.40814552501799106,Static Non-Overlapping,0.27978839927547816
38,3,2,3,0.25449832518651955,0.40814552501799106,Static Overlapping,0.2797883992754781
38,3,2,3,0.25449832518651955,0.40814552501799106,Classical Dynamic Optimal,0.27978839927547816
38,3,2,3,0.25449832518651955,0.40814552501799106,Augmented Greedy Dynamic,0.2797883992754781
38,3,2,3,0.25449832518651955,0.40814552501799106,Augmented Counting Greedy,0.2797883992754781
38,3,2,3,0.25449832518651955,0.40814552501799106,Augmented Dynamic Optimal,0.27978839927547816
38,3,2,3,0.25449832518651955,0.40814552501799106,Upper Bound,0.29472166511982545
39,3,2,3,0.46428212047014866,0.15054482847959652,Non-Pooled,0.09498764542185073
39,3,2,3,0.46428212047014866,0.15054482847959652,Static Non-Overlapping,0.09498764542185073
39,3,2,3,0.46428212047014866,0.15054482847959652,Static Overlapping,0.09498764542185073
39,3,2,3,0.46428212047014866,0.15054482847959652,Classical Dynamic Optimal,0.09498764542185072
39,3,2,3,0.46428212047014866,0.15054482847959652,Augmented Greedy Dynamic,0.09498764542185072
39,3,2,3,0.46428212047014866,0.15054482847959652,Augmented Counting Greedy,0.09498764542185072
39,3,2,3,0.46428212047014866,0.15054482847959652,Augmented Dynamic Optimal,0.09498764542185072
39,3,2,3,0.46428212047014866,0.15054482847959652,Upper Bound,0.10492877893767578
40,3,2,3,0.4958649178073597,0.38215733196518514,Non-Pooled,0.6617280721412166
40,3,2,3,0.4958649178073597,0.38215733196518514,Static Non-Overlapping,0.6617280721412166
40,3,2,3,0.4958649178073597,0.38215733196518514,Static Overlapping,0.6617280721412168
40,3,2,3,0.4958649178073597,0.38215733196518514,Classical Dynamic Optimal,0.6617280721412168
40,3,2,3,0.4958649178073597,0.38215733196518514,Augmented Greedy Dynamic,0.6617280721412166
40,3,2,3,0.4958649178073597,0.38215733196518514,Augmented Counting Greedy,0.6617280721412166
40,3,2,3,0.4958649178073597,0.38215733196518514,Augmented Dynamic Optimal,0.6617280721412168
40,3,2,3,0.4958649178073597,0.38215733196518514,Upper Bound,0.6672221313170188
41,3,2,3,0.2772726052644196,0.2446154551031227,Non-Pooled,0.1112752075345129
41,3,2,3,0.2772726052644196,0.2446154551031227,Static Non-Overlapping,0.1112752075345129
41,3,2,3,0.2772726052644196,0.2446154551031227,Static Overlapping,0.11127520753451288
41,3,2,3,0.2772726052644196,0.2446154551031227,Classical Dynamic Optimal,0.11127520753451288
41,3,2,3,0.2772726052644196,0.2446154551031227,Augmented Greedy Dynamic,0.11127520753451288
41,3,2,3,0.2772726052644196,0.2446154551031227,Augmented Counting Greedy,0.11127520753451288
41,3,2,3,0.2772726052644196,0.2446154551031227,Augmented Dynamic Optimal,0.11127520753451288
41,3,2,3,0.2772726052644196,0.2446154551031227,Upper Bound,0.1470970210734132
42,3,2,3,0.6014829613086976,0.8485407118569411,Non-Pooled,1.3266618079331387
42,3,2,3,0.6014829613086976,0.8485407118569411,Static Non-Overlapping,1.3266618079331387
42,3,2,3,0.6014829613086976,0.8485407118569411,Static Overlapping,1.3266618079331387
42,3,2,3,0.6014829613086976,0.8485407118569411,Classical Dynamic Optimal,1.4286851042137818
42,3,2,3,0.6014829613086976,0.8485407118569411,Augmented Greedy Dynamic,1.4291601964561025
42,3,2,3,0.6014829613086976,0.8485407118569411,Augmented Counting Greedy,1.4291601964561025
42,3,2,3,0.6014829613086976,0.8485407118569411,Augmented Dynamic Optimal,1.4291601964561023
42,3,2,3,0.6014829613086976,0.8485407118569411,Upper Bound,1.5065973737704312
43,3,2,3,0.6428481006136599,0.46225631871778533,Non-Pooled,0.8702272834160905
43,3,2,3,0.6428481006136599,0.46225631871778533,Static Non-Overlapping,0.8702272834160905
43,3,2,3,0.6428481006136599,0.46225631871778533,Static Overlapping,0.8702272834160903
43,3,2,3,0.6428481006136599,0.46225631871778533,Classical Dynamic Optimal,0.8702272834160905
43,3,2,3,0.6428481006136599,0.46225631871778533,Augmented Greedy Dynamic,0.7683072687681463
43,3,2,3,0.6428481006136599,0.46225631871778533,Augmented Counting Greedy,0.7683072687681463
43,3,2,3,0.6428481006136599,0.46225631871778533,Augmented Dynamic Optimal,0.8702272834160905
43,3,2,3,0.6428481006136599,0.46225631871778533,Upper Bound,0.9000746599908691
44,3,2,3,0.3753742098531146,0.8009435488807074,Non-Pooled,0.8194250151709992
44,3,2,3,0.3753742098531146,0.8009435488807074,Static Non-Overlapping,0.8194250151709992
44,3,2,3,0.3753742098531146,0.8009435488807074,Static Overlapping,0.8194250151709993
44,3,2,3,0.3753742098531146,0.8009435488807074,Classical Dynamic Optimal,0.8194250151709991
44,3,2,3,0.3753742098531146,0.8009435488807074,Augmented Greedy Dynamic,0.6837343371039967
44,3,2,3,0.3753742098531146,0.8009435488807074,Augmented Counting Greedy,0.6837343371039967
44,3,2,3,0.3753742098531146,0.8009435488807074,Augmented Dynamic Optimal,0.8194250151709991
44,3,2,3,0.3753742098531146,0.8009435488807074,Upper Bound,0.8628485524671892
45,3,2,3,0.5044283247393385,0.3406149160626433,Non-Pooled,0.5414637435657955
45,3,2,3,0.5044283247393385,0.3406149160626433,Static Non-Overlapping,0.5414637435657955
45,3,2,3,0.5044283247393385,0.3406149160626433,Static Overlapping,0.5414637435657956
45,3,2,3,0.5044283247393385,0.3406149160626433,Classical Dynamic Optimal,0.5414637435657956
45,3,2,3,0.5044283247393385,0.3406149160626433,Augmented Greedy Dynamic,0.5414637435657956
45,3,2,3,0.5044283247393385,0.3406149160626433,Augmented Counting Greedy,0.5414637435657956
45,3,2,3,0.5044283247393385,0.3406149160626433,Augmented Dynamic Optimal,0.5414637435657956
45,3,2,3,0.5044283247393385,0.3406149160626433,Upper Bound,0.5696576316013388
46,3,2,3,0.42439530109797236,0.6212528474813178,Non-Pooled,0.5818798901487605
46,3,2,3,0.42439530109797236,0.6212528474813178,Static Non-Overlapping,0.5818798901487605
46,3,2,3,0.42439530109797236,0.6212528474813178,Static Overlapping,0.5818798901487605
46,3,2,3,0.42439530109797236,0.6212528474813178,Classical Dynamic Optimal,0.5818798901487605
46,3,2,3,0.42439530109797236,0.6212528474813178,Augmented Greedy Dynamic,0.5818798901487605
46,3,2,3,0.42439530109797236,0.6212528474813178,Augmented Counting Greedy,0.5818798901487606
46,3,2,3,0.42439530109797236,0.6212528474813178,Augmented Dynamic Optimal,0.5908490904502713
46,3,2,3,0.42439530109797236,0.6212528474813178,Upper Bound,0.7022034508409155
47,3,2,3,0.5829738907847494,0.4093503753988393,Non-Pooled,0.7416333889381566
47,3,2,3,0.5829738907847494,0.4093503753988393,Static Non-Overlapping,0.7416333889381566
47,3,2,3,0.5829738907847494,0.4093503753988393,Static Overlapping,0.7416333889381564
47,3,2,3,0.5829738907847494,0.4093503753988393,Classical Dynamic Optimal,0.7542579674297352
47,3,2,3,0.5829738907847494,0.4093503753988393,Augmented Greedy Dynamic,0.7416333889381564
47,3,2,3,0.5829738907847494,0.4093503753988393,Augmented Counting Greedy,0.7416333889381564
47,3,2,3,0.5829738907847494,0.4093503753988393,Augmented Dynamic Optimal,0.7610926588523584
47,3,2,3,0.5829738907847494,0.4093503753988393,Upper Bound,0.8241507624898666
48,3,2,3,0.5487437039619559,0.297631424972009,Non-Pooled,0.4079976043288163
48,3,2,3,0.5487437039619559,0.297631424972009,Static Non-Overlapping,0.4079976043288163
48,3,2,3,0.5487437039619559,0.297631424972009,Static Overlapping,0.40799760432881627
48,3,2,3,0.5487437039619559,0.297631424972009,Classical Dynamic Optimal,0.42001685363786945
48,3,2,3,0.5487437039619559,0.297631424972009,Augmented Greedy Dynamic,0.4212329521820701
48,3,2,3,0.5487437039619559,0.297631424972009,Augmented Counting Greedy,0.42123295218207
48,3,2,3,0.5487437039619559,0.297631424972009,Augmented Dynamic Optimal,0.4212329521820701
48,3,2,3,0.5487437039619559,0.297631424972009,Upper Bound,0.45324268079867536
49,3,2,3,0.469545226860403,0.9240115224547356,Non-Pooled,1.2613077888966022
49,3,2,3,0.469545226860403,0.9240115224547356,Static Non-Overlapping,1.2613077888966022
49,3,2,3,0.469545226860403,0.9240115224547356,Static Overlapping,1.2613077888966024
49,3,2,3,0.469545226860403,0.9240115224547356,Classical Dynamic Optimal,1.2613077888966022
49,3,2,3,0.469545226860403,0.9240115224547356,Augmented Greedy Dynamic,1.1838971293006801
49,3,2,3,0.469545226860403,0.9240115224547356,Augmented Counting Greedy,1.1838971293006801
49,3,2,3,0.469545226860403,0.9240115224547356,Augmented Dynamic Optimal,1.2613077888966022
49,3,2,3,0.469545226860403,0.9240115224547356,Upper Bound,1.342669554560667
50,3,2,3,0.6026789248393558,0.5411606252926308,Non-Pooled,0.8135946144371307
50,3,2,3,0.6026789248393558,0.5411606252926308,Static Non-Overlapping,0.8135946144371307
50,3,2,3,0.6026789248393558,0.5411606252926308,Static Overlapping,0.8135946144371308
50,3,2,3,0.6026789248393558,0.5411606252926308,Classical Dynamic Optimal,0.8135946144371309
50,3,2,3,0.6026789248393558,0.5411606252926308,Augmented Greedy Dynamic,0.8135946144371309
50,3,2,3,0.6026789248393558,0.5411606252926308,Augmented Counting Greedy,0.8135946144371309
50,3,2,3,0.6026789248393558,0.5411606252926308,Augmented Dynamic Optimal,0.8135946144371309
50,3,2,3,0.6026789248393558,0.5411606252926308,Upper Bound,0.8654067062433791
51,3,2,3,0.5403243016954121,0.44721986737379965,Non-Pooled,0.7010514380023365
51,3,2,3,0.5403243016954121,0.44721986737379965,Static Non-Overlapping,0.7010514380023365
51,3,2,3,0.5403243016954121,0.44721986737379965,Static Overlapping,0.7010514380023365
51,3,2,3,0.5403243016954121,0.44721986737379965,Classical Dynamic Optimal,0.7010514380023366
51,3,2,3,0.5403243016954121,0.44721986737379965,Augmented Greedy Dynamic,0.6562741637415281
51,3,2,3,0.5403243016954121,0.44721986737379965,Augmented Counting Greedy,0.6562741637415281
51,3,2,3,0.5403243016954121,0.44721986737379965,Augmented Dynamic Optimal,0.7010514380023366
51,3,2,3,0.5403243016954121,0.44721986737379965,Upper Bound,0.7376316051593355
52,3,2,3,0.6173529440372699,0.5187826969087715,Non-Pooled,1.2202928173554444
52,3,2,3,0.6173529440372699,0.5187826969087715,Static Non-Overlapping,1.2202928173554444
52,3,2,3,0.6173529440372699,0.5187826969087715,Static Overlapping,1.2202928173554441
52,3,2,3,0.6173529440372699,0.5187826969087715,Classical Dynamic Optimal,1.2374430864711319
52,3,2,3,0.6173529440372699,0.5187826969087715,Augmented Greedy Dynamic,1.2202928173554446
52,3,2,3,0.6173529440372699,0.5187826969087715,Augmented Counting Greedy,1.2202928173554446
52,3,2,3,0.6173529440372699,0.5187826969087715,Augmented Dynamic Optimal,1.2378204314014971
52,3,2,3,0.6173529440372699,0.5187826969087715,Upper Bound,1.2587200299253762
53,3,2,3,0.5343506324821751,0.7843951223994905,Non-Pooled,1.1328598877518679
53,3,2,3,0.5343506324821751,0.7843951223994905,Static Non-Overlapping,1.1328598877518679
53,3,2,3,0.5343506324821751,0.7843951223994905,Static Overlapping,1.1328598877518676
53,3,2,3,0.5343506324821751,0.7843951223994905,Classical Dynamic Optimal,1.1482907966123013
53,3,2,3,0.5343506324821751,0.7843951223994905,Augmented Greedy Dynamic,1.1328598877518679
53,3,2,3,0.5343506324821751,0.7843951223994905,Augmented Counting Greedy,1.1328598877518679
53,3,2,3,0.5343506324821751,0.7843951223994905,Augmented Dynamic Optimal,1.1629631753798777
53,3,2,3,0.5343506324821751,0.7843951223994905,Upper Bound,1.3155730985216807
54,3,2,3,0.773897453438456,0.10908001236813188,Non-Pooled,0.18274158827045514
54,3,2,3,0.773897453438456,0.10908001236813188,Static Non-Overlapping,0.2062220941110659
54,3,2,3,0.773897453438456,0.10908001236813188,Static Overlapping,0.21338719944229323
54,3,2,3,0.773897453438456,0.10908001236813188,Classical Dynamic Optimal,0.21338719944229323
54,3,2,3,0.773897453438456,0.10908001236813188,Augmented Greedy Dynamic,0.21341641451148988
54,3,2,3,0.773897453438456,0.10908001236813188,Augmented Counting Greedy,0.21341641451148988
54,3,2,3,0.773897453438456,0.10908001236813188,Augmented Dynamic Optimal,0.2134547852111572
54,3,2,3,0.773897453438456,0.10908001236813188,Upper Bound,0.21900338939503985
55,3,2,3,0.33031926963333486,0.805765259170693,Non-Pooled,0.7125841620093396
55,3,2,3,0.33031926963333486,0.805765259170693,Static Non-Overlapping,0.7125841620093396
55,3,2,3,0.33031926963333486,0.805765259170693,Static Overlapping,0.7125841620093397
55,3,2,3,0.33031926963333486,0.805765259170693,Classical Dynamic Optimal,0.7125841620093396
55,3,2,3,0.33031926963333486,0.805765259170693,Augmented Greedy Dynamic,0.7125841620093396
55,3,2,3,0.33031926963333486,0.805765259170693,Augmented Counting Greedy,0.7125841620093396
55,3,2,3,0.33031926963333486,0.805765259170693,Augmented Dynamic Optimal,0.7125841620093396
55,3,2,3,0.33031926963333486,0.805765259170693,Upper Bound,0.718118524323546
56,3,2,3,0.5731709090895034,0.46951713187835176,Non-Pooled,0.8453991109800553
56,3,2,3,0.5731709090895034,0.46951713187835176,Static Non-Overlapping,0.8453991109800553
56,3,2,3,0.5731709090895034,0.46951713187835176,Static Overlapping,0.8453991109800552
56,3,2,3,0.5731709090895034,0.46951713187835176,Classical Dynamic Optimal,0.8453991109800554
56,3,2,3,0.5731709090895034,0.46951713187835176,Augmented Greedy Dynamic,0.8453991109800552
56,3,2,3,0.5731709090895034,0.46951713187835176,Augmented Counting Greedy,0.8453991109800552
56,3,2,3,0.5731709090895034,0.46951713187835176,Augmented Dynamic Optimal,0.8458399418331896
56,3,2,3,0.5731709090895034,0.46951713187835176,Upper Bound,0.8854502177720872
57,3,2,3,0.7346619992664594,0.6510831555181076,Non-Pooled,1.2485931613222183
57,3,2,3,0.7346619992664594,0.6510831555181076,Static Non-Overlapping,1.2854594407928606
57,3,2,3,0.7346619992664594,0.6510831555181076,Static Overlapping,1.358988061839838
57,3,2,3,0.7346619992664594,0.6510831555181076,Classical Dynamic Optimal,1.3839975091804264
57,3,2,3,0.7346619992664594,0.6510831555181076,Augmented Greedy Dynamic,1.387636535318198
57,3,2,3,0.7346619992664594,0.6510831555181076,Augmented Counting Greedy,1.387636535318198
57,3,2,3,0.7346619992664594,0.6510831555181076,Augmented Dynamic Optimal,1.3876365353181983
57,3,2,3,0.7346619992664594,0.6510831555181076,Upper Bound,1.4900396892376355
58,3,2,3,0.5902764378796829,0.5574517405283301,Non-Pooled,1.1164402802005744
58,3,2,3,0.5902764378796829,0.5574517405283301,Static Non-Overlapping,1.1164402802005744
58,3,2,3,0.5902764378796829,0.5574517405283301,Static Overlapping,1.1164402802005744
58,3,2,3,0.5902764378796829,0.5574517405283301,Classical Dynamic Optimal,1.1164402802005744
58,3,2,3,0.5902764378796829,0.5574517405283301,Augmented Greedy Dynamic,1.1164402802005744
58,3,2,3,0.5902764378796829,0.5574517405283301,Augmented Counting Greedy,1.1164402802005744
58,3,2,3,0.5902764378796829,0.5574517405283301,Augmented Dynamic Optimal,1.1165832919255696
58,3,2,3,0.5902764378796829,0.5574517405283301,Upper Bound,1.1742296980316351
59,3,2,3,0.46631900645808555,0.4122293598151476,Non-Pooled,0.2705994751627713
59,3,2,3,0.46631900645808555,0.4122293598151476,Static Non-Overlapping,0.2705994751627713
59,3,2,3,0.46631900645808555,0.4122293598151476,Static Overlapping,0.2705994751627712
59,3,2,3,0.46631900645808555,0.4122293598151476,Classical Dynamic Optimal,0.27293662164051313
59,3,2,3,0.46631900645808555,0.4122293598151476,Augmented Greedy Dynamic,0.2756266434582818
59,3,2,3,0.46631900645808555,0.4122293598151476,Augmented Counting Greedy,0.2756266434582818
59,3,2,3,0.46631900645808555,0.4122293598151476,Augmented Dynamic Optimal,0.2756266434582818
59,3,2,3,0.46631900645808555,0.4122293598151476,Upper Bound,0.31897787967665
60,3,2,3,0.7124038702220831,0.19437345354524535,Non-Pooled,0.4228621637661774
60,3,2,3,0.7124038702220831,0.19437345354524535,Static Non-Overlapping,0.4228621637661774
60,3,2,3,0.7124038702220831,0.19437345354524535,Static Overlapping,0.42286216376617747
60,3,2,3,0.7124038702220831,0.19437345354524535,Classical Dynamic Optimal,0.43799409516808097
60,3,2,3,0.7124038702220831,0.19437345354524535,Augmented Greedy Dynamic,0.43829245903194236
60,3,2,3,0.7124038702220831,0.19437345354524535,Augmented Counting Greedy,0.43829245903194236
60,3,2,3,0.7124038702220831,0.19437345354524535,Augmented Dynamic Optimal,0.4382924590319424
60,3,2,3,0.7124038702220831,0.19437345354524535,Upper Bound,0.4542728072456126
61,3,2,3,0.48500648055510753,0.4574813254686794,Non-Pooled,0.37562016481204485
61,3,2,3,0.48500648055510753,0.4574813254686794,Static Non-Overlapping,0.37562016481204485
61,3,2,3,0.48500648055510753,0.4574813254686794,Static Overlapping,0.3756201648120449
61,3,2,3,0.48500648055510753,0.4574813254686794,Classical Dynamic Optimal,0.37562016481204485
61,3,2,3,0.48500648055510753,0.4574813254686794,Augmented Greedy Dynamic,0.3735815214189791
61,3,2,3,0.48500648055510753,0.4574813254686794,Augmented Counting Greedy,0.3735815214189791
61,3,2,3,0.48500648055510753,0.4574813254686794,Augmented Dynamic Optimal,0.3936501249596114
61,3,2,3,0.48500648055510753,0.4574813254686794,Upper Bound,0.4652887748214638
62,3,2,3,0.7550129056705464,0.45186023519838225,Non-Pooled,0.9660046375782875
62,3,2,3,0.7550129056705464,0.45186023519838225,Static Non-Overlapping,0.9797951471399228
62,3,2,3,0.7550129056705464,0.45186023519838225,Static Overlapping,0.9797951471399228
62,3,2,3,0.7550129056705464,0.45186023519838225,Classical Dynamic Optimal,0.9875396001800577
62,3,2,3,0.7550129056705464,0.45186023519838225,Augmented Greedy Dynamic,0.9797951471399228
62,3,2,3,0.7550129056705464,0.45186023519838225,Augmented Counting Greedy,0.9797951471399228
62,3,2,3,0.7550129056705464,0.45186023519838225,Augmented Dynamic Optimal,0.9927721936258994
62,3,2,3,0.7550129056705464,0.45186023519838225,Upper Bound,1.0648899932922287
63,3,2,3,0.6588484824420412,0.12005272107393967,Non-Pooled,0.28604854822901676
63,3,2,3,0.6588484824420412,0.12005272107393967,Static Non-Overlapping,0.28604854822901676
63,3,2,3,0.6588484824420412,0.12005272107393967,Static Overlapping,0.2860485482290168
63,3,2,3,0.6588484824420412,0.12005272107393967,Classical Dynamic Optimal,0.28604854822901676
63,3,2,3,0.6588484824420412,0.12005272107393967,Augmented Greedy Dynamic,0.2686189763416064
63,3,2,3,0.6588484824420412,0.12005272107393967,Augmented Counting Greedy,0.2686189763416064
63,3,2,3,0.6588484824420412,0.12005272107393967,Augmented Dynamic Optimal,0.28604854822901676
63,3,2,3,0.6588484824420412,0.12005272107393967,Upper Bound,0.28940980475689493
64,3,2,3,0.5307763930688235,0.51562268410607,Non-Pooled,0.5014128425107648
64,3,2,3,0.5307763930688235,0.51562268410607,Static Non-Overlapping,0.5014128425107648
64,3,2,3,0.5307763930688235,0.51562268410607,Static Overlapping,0.5014128425107648
64,3,2,3,0.5307763930688235,0.51562268410607,Classical Dynamic Optimal,0.5014128425107648
64,3,2,3,0.5307763930688235,0.51562268410607,Augmented Greedy Dynamic,0.5014128425107649
64,3,2,3,0.5307763930688235,0.51562268410607,Augmented Counting Greedy,0.5014128425107649
64,3,2,3,0.5307763930688235,0.51562268410607,Augmented Dynamic Optimal,0.5062569111384769
64,3,2,3,0.5307763930688235,0.51562268410607,Upper Bound,0.5357607992731033
65,3,2,3,0.6157692476388609,0.43959073655761927,Non-Pooled,0.7581665824046563
65,3,2,3,0.6157692476388609,0.43959073655761927,Static Non-Overlapping,0.7581665824046563
65,3,2,3,0.6157692476388609,0.43959073655761927,Static Overlapping,0.7581665824046562
65,3,2,3,0.6157692476388609,0.43959073655761927,Classical Dynamic Optimal,0.7969863648296927
65,3,2,3,0.6157692476388609,0.43959073655761927,Augmented Greedy Dynamic,0.7581665824046563
65,3,2,3,0.6157692476388609,0.43959073655761927,Augmented Counting Greedy,0.7581665824046563
65,3,2,3,0.6157692476388609,0.43959073655761927,Augmented Dynamic Optimal,0.7978545474380504
65,3,2,3,0.6157692476388609,0.43959073655761927,Upper Bound,0.8210226268849886
66,3,2,3,0.44527054219948864,0.5384478242374601,Non-Pooled,0.6766174520861767
66,3,2,3,0.44527054219948864,0.5384478242374601,Static Non-Overlapping,0.6766174520861767
66,3,2,3,0.44527054219948864,0.5384478242374601,Static Overlapping,0.6766174520861766
66,3,2,3,0.44527054219948864,0.5384478242374601,Classical Dynamic Optimal,0.6836669612135461
66,3,2,3,0.44527054219948864,0.5384478242374601,Augmented Greedy Dynamic,0.6766174520861766
66,3,2,3,0.44527054219948864,0.5384478242374601,Augmented Counting Greedy,0.6766174520861766
66,3,2,3,0.44527054219948864,0.5384478242374601,Augmented Dynamic Optimal,0.6899894925457136
66,3,2,3,0.44527054219948864,0.5384478242374601,Upper Bound,0.7475167656640024
67,3,2,3,0.35352128220011547,0.299651600801819,Non-Pooled,0.3284190997920861
67,3,2,3,0.35352128220011547,0.299651600801819,Static Non-Overlapping,0.3284190997920861
67,3,2,3,0.35352128220011547,0.299651600801819,Static Overlapping,0.3284190997920861
67,3,2,3,0.35352128220011547,0.299651600801819,Classical Dynamic Optimal,0.3284190997920861
67,3,2,3,0.35352128220011547,0.299651600801819,Augmented Greedy Dynamic,0.3284190997920861
67,3,2,3,0.35352128220011547,0.299651600801819,Augmented Counting Greedy,0.3284190997920861
67,3,2,3,0.35352128220011547,0.299651600801819,Augmented Dynamic Optimal,0.3284190997920861
67,3,2,3,0.35352128220011547,0.299651600801819,Upper Bound,0.3663741367041363
68,3,2,3,0.48954757170397145,0.5703108902455762,Non-Pooled,0.8484976578303827
68,3,2,3,0.48954757170397145,0.5703108902455762,Static Non-Overlapping,0.8484976578303827
68,3,2,3,0.48954757170397145,0.5703108902455762,Static Overlapping,0.8484976578303827
68,3,2,3,0.48954757170397145,0.5703108902455762,Classical Dynamic Optimal,0.8540837804347902
68,3,2,3,0.48954757170397145,0.5703108902455762,Augmented Greedy Dynamic,0.8484976578303827
68,3,2,3,0.48954757170397145,0.5703108902455762,Augmented Counting Greedy,0.8484976578303827
68,3,2,3,0.48954757170397145,0.5703108902455762,Augmented Dynamic Optimal,0.8541913937806055
68,3,2,3,0.48954757170397145,0.5703108902455762,Upper Bound,0.8629340767922957
69,3,2,3,0.6760027531714706,0.5662766790551846,Non-Pooled,0.8266183846801307
69,3,2,3,0.6760027531714706,0.5662766790551846,Static Non-Overlapping,0.8351511694606928
69,3,2,3,0.6760027531714706,0.5662766790551846,Static Overlapping,0.8465271860148496
69,3,2,3,0.6760027531714706,0.5662766790551846,Classical Dynamic Optimal,0.8795493440384
69,3,2,3,0.6760027531714706,0.5662766790551846,Augmented Greedy Dynamic,0.8822818274957841
69,3,2,3,0.6760027531714706,0.5662766790551846,Augmented Counting Greedy,0.8822818274957841
69,3,2,3,0.6760027531714706,0.5662766790551846,Augmented Dynamic Optimal,0.8822818274957842
69,3,2,3,0.6760027531714706,0.5662766790551846,Upper Bound,0.9436755220806182
70,3,2,3,0.2781421331876719,0.602145342150577,Non-Pooled,0.4233640697227415
70,3,2,3,0.2781421331876719,0.602145342150577,Static Non-Overlapping,0.4233640697227415
70,3,2,3,0.2781421331876719,0.602145342150577,Static Overlapping,0.4233640697227415
70,3,2,3,0.2781421331876719,0.602145342150577,Classical Dynamic Optimal,0.4233640697227415
70,3,2,3,0.2781421331876719,0.602145342150577,Augmented Greedy Dynamic,0.42336406972274143
70,3,2,3,0.2781421331876719,0.602145342150577,Augmented Counting Greedy,0.42336406972274143
70,3,2,3,0.2781421331876719,0.602145342150577,Augmented Dynamic Optimal,0.4233640697227415
70,3,2,3,0.2781421331876719,0.602145342150577,Upper Bound,0.4943962141839905
71,3,2,3,0.6588735806986608,0.6511894374921674,Non-Pooled,1.2352694934150312
71,3,2,3,0.6588735806986608,0.6511894374921674,Static Non-Overlapping,1.2352694934150312
71,3,2,3,0.6588735806986608,0.6511894374921674,Static Overlapping,1.2352694934150314
71,3,2,3,0.6588735806986608,0.6511894374921674,Classical Dynamic Optimal,1.2913429513683112
71,3,2,3,0.6588735806986608,0.6511894374921674,Augmented Greedy Dynamic,1.2928534751840497
71,3,2,3,0.6588735806986608,0.6511894374921674,Augmented Counting Greedy,1.2928534751840497
71,3,2,3,0.6588735806986608,0.6511894374921674,Augmented Dynamic Optimal,1.2928534751840497
71,3,2,3,0.6588735806986608,0.6511894374921674,Upper Bound,1.3609534880983745
72,3,2,3,0.6028521950568994,0.37616380805027855,Non-Pooled,0.9148071936630988
72,3,2,3,0.6028521950568994,0.37616380805027855,Static Non-Overlapping,0.9148071936630988
72,3,2,3,0.6028521950568994,0.37616380805027855,Static Overlapping,0.9148071936630988
72,3,2,3,0.6028521950568994,0.37616380805027855,Classical Dynamic Optimal,0.9148071936630988
72,3,2,3,0.6028521950568994,0.37616380805027855,Augmented Greedy Dynamic,0.8518641430340629
72,3,2,3,0.6028521950568994,0.37616380805027855,Augmented Counting Greedy,0.8518641430340629
72,3,2,3,0.6028521950568994,0.37616380805027855,Augmented Dynamic Optimal,0.9148071936630988
72,3,2,3,0.6028521950568994,0.37616380805027855,Upper Bound,0.91580507991352
73,3,2,3,0.5037720633379584,0.5487069734000304,Non-Pooled,0.5808211721086056
73,3,2,3,0.5037720633379584,0.5487069734000304,Static Non-Overlapping,0.5808211721086056
73,3,2,3,0.5037720633379584,0.5487069734000304,Static Overlapping,0.5808211721086057
73,3,2,3,0.5037720633379584,0.5487069734000304,Classical Dynamic Optimal,0.5808211721086056
73,3,2,3,0.5037720633379584,0.5487069734000304,Augmented Greedy Dynamic,0.5808211721086056
73,3,2,3,0.5037720633379584,0.5487069734000304,Augmented Counting Greedy,0.5808211721086056
73,3,2,3,0.5037720633379584,0.5487069734000304,Augmented Dynamic Optimal,0.5808211721086056
73,3,2,3,0.5037720633379584,0.5487069734000304,Upper Bound,0.6642594630268256
74,3,2,3,0.50384584601907,0.423454957480718,Non-Pooled,0.5561910430807354
74,3,2,3,0.50384584601907,0.423454957480718,Static Non-Overlapping,0.5561910430807354
74,3,2,3,0.50384584601907,0.423454957480718,Static Overlapping,0.5561910430807353
74,3,2,3,0.50384584601907,0.423454957480718,Classical Dynamic Optimal,0.5616392769961919
74,3,2,3,0.50384584601907,0.423454957480718,Augmented Greedy Dynamic,0.5561910430807355
74,3,2,3,0.50384584601907,0.423454957480718,Augmented Counting Greedy,0.5561910430807354
74,3,2,3,0.50384584601907,0.423454957480718,Augmented Dynamic Optimal,0.5737413161381197
74,3,2,3,0.50384584601907,0.423454957480718,Upper Bound,0.6670092301033604
75,3,2,3,0.7530413460947026,0.5921287620951391,Non-Pooled,1.05625797660212
75,3,2,3,0.7530413460947026,0.5921287620951391,Static Non-Overlapping,1.2447390911600456
75,3,2,3,0.7530413460947026,0.5921287620951391,Static Overlapping,1.24489299856942
75,3,2,3,0.7530413460947026,0.5921287620951391,Classical Dynamic Optimal,1.247085893892122
75,3,2,3,0.7530413460947026,0.5921287620951391,Augmented Greedy Dynamic,1.2471475791596
75,3,2,3,0.7530413460947026,0.5921287620951391,Augmented Counting Greedy,1.2471475791596
75,3,2,3,0.7530413460947026,0.5921287620951391,Augmented Dynamic Optimal,1.250723247205239
75,3,2,3,0.7530413460947026,0.5921287620951391,Upper Bound,1.262705864748737
76,3,2,3,0.6250597115068831,0.7465694895367753,Non-Pooled,1.3758274339418615
76,3,2,3,0.6250597115068831,0.7465694895367753,Static Non-Overlapping,1.3758274339418615
76,3,2,3,0.6250597115068831,0.7465694895367753,Static Overlapping,1.3758274339418615
76,3,2,3,0.6250597115068831,0.7465694895367753,Classical Dynamic Optimal,1.4342562286237683
76,3,2,3,0.6250597115068831,0.7465694895367753,Augmented Greedy Dynamic,1.3758274339418615
76,3,2,3,0.6250597115068831,0.7465694895367753,Augmented Counting Greedy,1.3758274339418615
76,3,2,3,0.6250597115068831,0.7465694895367753,Augmented Dynamic Optimal,1.4379699846978287
76,3,2,3,0.6250597115068831,0.7465694895367753,Upper Bound,1.5391875248317588
77,3,2,3,0.6741919836091226,0.6948195714117554,Non-Pooled,1.3114859473336025
77,3,2,3,0.6741919836091226,0.6948195714117554,Static Non-Overlapping,1.3114859473336025
77,3,2,3,0.6741919836091226,0.6948195714117554,Static Overlapping,1.3114859473336025
77,3,2,3,0.6741919836091226,0.6948195714117554,Classical Dynamic Optimal,1.3373829446670853
77,3,2,3,0.6741919836091226,0.6948195714117554,Augmented Greedy Dynamic,1.3434821648109108
77,3,2,3,0.6741919836091226,0.6948195714117554,Augmented Counting Greedy,1.3434821648109108
77,3,2,3,0.6741919836091226,0.6948195714117554,Augmented Dynamic Optimal,1.3434821648109105
77,3,2,3,0.6741919836091226,0.6948195714117554,Upper Bound,1.4603289471318703
78,3,2,3,0.6605947593459012,0.8241868242086613,Non-Pooled,1.0696708648105455
78,3,2,3,0.6605947593459012,0.8241868242086613,Static Non-Overlapping,1.2819037534728586
78,3,2,3,0.6605947593459012,0.8241868242086613,Static Overlapping,1.3061486999207492
78,3,2,3,0.6605947593459012,0.8241868242086613,Classical Dynamic Optimal,1.3061486999207492
78,3,2,3,0.6605947593459012,0.8241868242086613,Augmented Greedy Dynamic,1.3448441742436064
78,3,2,3,0.6605947593459012,0.8241868242086613,Augmented Counting Greedy,1.3448441742436064
78,3,2,3,0.6605947593459012,0.8241868242086613,Augmented Dynamic Optimal,1.3488211664694807
78,3,2,3,0.6605947593459012,0.8241868242086613,Upper Bound,1.5948186793169086
79,3,2,3,0.6571460196764539,0.4335378678934652,Non-Pooled,0.9554695116856728
79,3,2,3,0.6571460196764539,0.4335378678934652,Static Non-Overlapping,0.9554695116856728
79,3,2,3,0.6571460196764539,0.4335378678934652,Static Overlapping,0.9554695116856726
79,3,2,3,0.6571460196764539,0.4335378678934652,Classical Dynamic Optimal,0.9852572373736763
79,3,2,3,0.6571460196764539,0.4335378678934652,Augmented Greedy Dynamic,0.9554695116856727
79,3,2,3,0.6571460196764539,0.4335378678934652,Augmented Counting Greedy,0.9554695116856727
79,3,2,3,0.6571460196764539,0.4335378678934652,Augmented Dynamic Optimal,0.9871799116367596
79,3,2,3,0.6571460196764539,0.4335378678934652,Upper Bound,1.0306424079304954
80,3,2,3,0.7010066645210657,0.41757036990219437,Non-Pooled,0.5320179730269776
80,3,2,3,0.7010066645210657,0.41757036990219437,Static Non-Overlapping,0.6690102232313272
80,3,2,3,0.7010066645210657,0.41757036990219437,Static Overlapping,0.6751288859134212
80,3,2,3,0.7010066645210657,0.41757036990219437,Classical Dynamic Optimal,0.6751288859134212
80,3,2,3,0.7010066645210657,0.41757036990219437,Augmented Greedy Dynamic,0.6793505125644078
80,3,2,3,0.7010066645210657,0.41757036990219437,Augmented Counting Greedy,0.6793505125644078
80,3,2,3,0.7010066645210657,0.41757036990219437,Augmented Dynamic Optimal,0.6823592140391077
80,3,2,3,0.7010066645210657,0.41757036990219437,Upper Bound,0.7389831907486955
81,3,2,3,0.2789594589847861,0.6027240395267291,Non-Pooled,0.5098208649572915
81,3,2,3,0.2789594589847861,0.6027240395267291,Static Non-Overlapping,0.5098208649572915
81,3,2,3,0.2789594589847861,0.6027240395267291,Static Overlapping,0.5098208649572915
81,3,2,3,0.2789594589847861,0.6027240395267291,Classical Dynamic Optimal,0.5098208649572915
81,3,2,3,0.2789594589847861,0.6027240395267291,Augmented Greedy Dynamic,0.5098208649572915
81,3,2,3,0.2789594589847861,0.6027240395267291,Augmented Counting Greedy,0.5098208649572915
81,3,2,3,0.2789594589847861,0.6027240395267291,Augmented Dynamic Optimal,0.5098208649572915
81,3,2,3,0.2789594589847861,0.6027240395267291,Upper Bound,0.5371512207173317
82,3,2,3,0.578915333161016,0.8677778005855928,Non-Pooled,1.2882459453128843
82,3,2,3,0.578915333161016,0.8677778005855928,Static Non-Overlapping,1.2882459453128843
82,3,2,3,0.578915333161016,0.8677778005855928,Static Overlapping,1.2882459453128845
82,3,2,3,0.578915333161016,0.8677778005855928,Classical Dynamic Optimal,1.2882459453128843
82,3,2,3,0.578915333161016,0.8677778005855928,Augmented Greedy Dynamic,1.235690368472314
82,3,2,3,0.578915333161016,0.8677778005855928,Augmented Counting Greedy,1.235690368472314
82,3,2,3,0.578915333161016,0.8677778005855928,Augmented Dynamic Optimal,1.2882459453128843
82,3,2,3,0.578915333161016,0.8677778005855928,Upper Bound,1.5549578216962028
83,3,2,3,0.5718971795135488,0.34358487232697926,Non-Pooled,0.31566015518254886
83,3,2,3,0.5718971795135488,0.34358487232697926,Static Non-Overlapping,0.31566015518254886
83,3,2,3,0.5718971795135488,0.34358487232697926,Static Overlapping,0.3156601551825489
83,3,2,3,0.5718971795135488,0.34358487232697926,Classical Dynamic Optimal,0.32803253302247876
83,3,2,3,0.5718971795135488,0.34358487232697926,Augmented Greedy Dynamic,0.32865013726161396
83,3,2,3,0.5718971795135488,0.34358487232697926,Augmented Counting Greedy,0.32865013726161396
83,3,2,3,0.5718971795135488,0.34358487232697926,Augmented Dynamic Optimal,0.32865013726161396
83,3,2,3,0.5718971795135488,0.34358487232697926,Upper Bound,0.3497489879286552
84,3,2,3,0.6544260656993188,0.7412881292310579,Non-Pooled,0.9298835591312598
84,3,2,3,0.6544260656993188,0.7412881292310579,Static Non-Overlapping,1.0837160527709497
84,3,2,3,0.6544260656993188,0.7412881292310579,Static Overlapping,1.18846655149218
84,3,2,3,0.6544260656993188,0.7412881292310579,Classical Dynamic Optimal,1.18846655149218
84,3,2,3,0.6544260656993188,0.7412881292310579,Augmented Greedy Dynamic,1.1904572561297364
84,3,2,3,0.6544260656993188,0.7412881292310579,Augmented Counting Greedy,1.1904572561297364
84,3,2,3,0.6544260656993188,0.7412881292310579,Augmented Dynamic Optimal,1.1904629386048797
84,3,2,3,0.6544260656993188,0.7412881292310579,Upper Bound,1.324804559852188
85,3,2,3,0.8404415986804024,0.9318956720947721,Non-Pooled,1.6471729633042176
85,3,2,3,0.8404415986804024,0.9318956720947721,Static Non-Overlapping,2.1367899710435827
85,3,2,3,0.8404415986804024,0.9318956720947721,Static Overlapping,2.290098675285882
85,3,2,3,0.8404415986804024,0.9318956720947721,Classical Dynamic Optimal,2.290098675285882
85,3,2,3,0.8404415986804024,0.9318956720947721,Augmented Greedy Dynamic,2.0295078313128743
85,3,2,3,0.8404415986804024,0.9318956720947721,Augmented Counting Greedy,2.0295078313128743
85,3,2,3,0.8404415986804024,0.9318956720947721,Augmented Dynamic Optimal,2.2903441917024594
85,3,2,3,0.8404415986804024,0.9318956720947721,Upper Bound,2.3433026838426803
86,3,2,3,0.6896504139298562,0.39157483146449,Non-Pooled,0.8344653655213131
86,3,2,3,0.6896504139298562,0.39157483146449,Static Non-Overlapping,0.8344653655213131
86,3,2,3,0.6896504139298562,0.39157483146449,Static Overlapping,0.834465365521313
86,3,2,3,0.6896504139298562,0.39157483146449,Classical Dynamic Optimal,0.8893091426730497
86,3,2,3,0.6896504139298562,0.39157483146449,Augmented Greedy Dynamic,0.8903442840955479
86,3,2,3,0.6896504139298562,0.39157483146449,Augmented Counting Greedy,0.8903442840955479
86,3,2,3,0.6896504139298562,0.39157483146449,Augmented Dynamic Optimal,0.890344284095548
86,3,2,3,0.6896504139298562,0.39157483146449,Upper Bound,0.9254816828743069
87,3,2,3,0.6495103099749016,0.5516927139305424,Non-Pooled,0.6068287393380263
87,3,2,3,0.6495103099749016,0.5516927139305424,Static Non-Overlapping,0.7254325315217891
87,3,2,3,0.6495103099749016,0.5516927139305424,Static Overlapping,0.7328343876687818
87,3,2,3,0.6495103099749016,0.5516927139305424,Classical Dynamic Optimal,0.7467624762226577
87,3,2,3,0.6495103099749016,0.5516927139305424,Augmented Greedy Dynamic,0.7499813185627661
87,3,2,3,0.6495103099749016,0.5516927139305424,Augmented Counting Greedy,0.7499813185627661
87,3,2,3,0.6495103099749016,0.5516927139305424,Augmented Dynamic Optimal,0.749981318562766
87,3,2,3,0.6495103099749016,0.5516927139305424,Upper Bound,0.8253663347767501
88,3,2,3,0.5549897242405173,0.41391100358781263,Non-Pooled,0.8459573350721888
88,3,2,3,0.5549897242405173,0.41391100358781263,Static Non-Overlapping,0.8459573350721888
88,3,2,3,0.5549897242405173,0.41391100358781263,Static Overlapping,0.8459573350721888
88,3,2,3,0.5549897242405173,0.41391100358781263,Classical Dynamic Optimal,0.8459573350721888
88,3,2,3,0.5549897242405173,0.41391100358781263,Augmented Greedy Dynamic,0.845957335072189
88,3,2,3,0.5549897242405173,0.41391100358781263,Augmented Counting Greedy,0.845957335072189
88,3,2,3,0.5549897242405173,0.41391100358781263,Augmented Dynamic Optimal,0.8459573350721888
88,3,2,3,0.5549897242405173,0.41391100358781263,Upper Bound,0.8644550184308942
89,3,2,3,0.8644984358095841,0.34653764647581037,Non-Pooled,0.7697629074837811
89,3,2,3,0.8644984358095841,0.34653764647581037,Static Non-Overlapping,0.8107000539845519
89,3,2,3,0.8644984358095841,0.34653764647581037,Static Overlapping,0.8107000539845521
89,3,2,3,0.8644984358095841,0.34653764647581037,Classical Dynamic Optimal,0.810700053984552
89,3,2,3,0.8644984358095841,0.34653764647581037,Augmented Greedy Dynamic,0.7436188762639756
89,3,2,3,0.8644984358095841,0.34653764647581037,Augmented Counting Greedy,0.7436188762639756
89,3,2,3,0.8644984358095841,0.34653764647581037,Augmented Dynamic Optimal,0.810700053984552
89,3,2,3,0.8644984358095841,0.34653764647581037,Upper Bound,0.8228504978902091
90,3,2,3,0.5116032634434385,0.4097874941895345,Non-Pooled,0.3354141540999329
90,3,2,3,0.5116032634434385,0.4097874941895345,Static Non-Overlapping,0.3553653487863204
90,3,2,3,0.5116032634434385,0.4097874941895345,Static Overlapping,0.3576368740567758
90,3,2,3,0.5116032634434385,0.4097874941895345,Classical Dynamic Optimal,0.3576368740567758
90,3,2,3,0.5116032634434385,0.4097874941895345,Augmented Greedy Dynamic,0.36028423237178153
90,3,2,3,0.5116032634434385,0.4097874941895345,Augmented Counting Greedy,0.36028423237178153
90,3,2,3,0.5116032634434385,0.4097874941895345,Augmented Dynamic Optimal,0.3679188042820687
90,3,2,3,0.5116032634434385,0.4097874941895345,Upper Bound,0.4109209787791746
91,3,2,3,0.6629298257242665,0.5909353493878203,Non-Pooled,1.2054468282073403
91,3,2,3,0.6629298257242665,0.5909353493878203,Static Non-Overlapping,1.2054468282073403
91,3,2,3,0.6629298257242665,0.5909353493878203,Static Overlapping,1.2054468282073403
91,3,2,3,0.6629298257242665,0.5909353493878203,Classical Dynamic Optimal,1.2054468282073403
91,3,2,3,0.6629298257242665,0.5909353493878203,Augmented Greedy Dynamic,1.150951180147812
91,3,2,3,0.6629298257242665,0.5909353493878203,Augmented Counting Greedy,1.150951180147812
91,3,2,3,0.6629298257242665,0.5909353493878203,Augmented Dynamic Optimal,1.2054468282073403
91,3,2,3,0.6629298257242665,0.5909353493878203,Upper Bound,1.2971339769027093
92,3,2,3,0.6320568025706413,0.2674597402190006,Non-Pooled,0.5768092169453127
92,3,2,3,0.6320568025706413,0.2674597402190006,Static Non-Overlapping,0.5768092169453127
92,3,2,3,0.6320568025706413,0.2674597402190006,Static Overlapping,0.5768092169453128
92,3,2,3,0.6320568025706413,0.2674597402190006,Classical Dynamic Optimal,0.5768092169453127
92,3,2,3,0.6320568025706413,0.2674597402190006,Augmented Greedy Dynamic,0.5548756821099836
92,3,2,3,0.6320568025706413,0.2674597402190006,Augmented Counting Greedy,0.5548756821099836
92,3,2,3,0.6320568025706413,0.2674597402190006,Augmented Dynamic Optimal,0.5768092169453127
92,3,2,3,0.6320568025706413,0.2674597402190006,Upper Bound,0.5941372921706277
93,3,2,3,0.398867936485744,0.48555663439923125,Non-Pooled,0.6902845580611274
93,3,2,3,0.398867936485744,0.48555663439923125,Static Non-Overlapping,0.6902845580611274
93,3,2,3,0.398867936485744,0.48555663439923125,Static Overlapping,0.6902845580611275
93,3,2,3,0.398867936485744,0.48555663439923125,Classical Dynamic Optimal,0.6902845580611274
93,3,2,3,0.398867936485744,0.48555663439923125,Augmented Greedy Dynamic,0.6902845580611273
93,3,2,3,0.398867936485744,0.48555663439923125,Augmented Counting Greedy,0.6902845580611273
93,3,2,3,0.398867936485744,0.48555663439923125,Augmented Dynamic Optimal,0.6902845580611274
93,3,2,3,0.398867936485744,0.48555663439923125,Upper Bound,0.7138721987484891
94,3,2,3,0.5670806760945025,0.325088110109547,Non-Pooled,0.677570302564773
94,3,2,3,0.5670806760945025,0.325088110109547,Static Non-Overlapping,0.677570302564773
94,3,2,3,0.5670806760945025,0.325088110109547,Static Overlapping,0.6775703025647731
94,3,2,3,0.5670806760945025,0.325088110109547,Classical Dynamic Optimal,0.6775703025647731
94,3,2,3,0.5670806760945025,0.325088110109547,Augmented Greedy Dynamic,0.6775703025647731
94,3,2,3,0.5670806760945025,0.325088110109547,Augmented Counting Greedy,0.6775703025647731
94,3,2,3,0.5670806760945025,0.325088110109547,Augmented Dynamic Optimal,0.6775703025647731
94,3,2,3,0.5670806760945025,0.325088110109547,Upper Bound,0.6811401583382646
95,3,2,3,0.39777415006676015,0.32433297304557446,Non-Pooled,0.5349383902476057
95,3,2,3,0.39777415006676015,0.32433297304557446,Static Non-Overlapping,0.5349383902476057
95,3,2,3,0.39777415006676015,0.32433297304557446,Static Overlapping,0.5349383902476057
95,3,2,3,0.39777415006676015,0.32433297304557446,Classical Dynamic Optimal,0.5349383902476057
95,3,2,3,0.39777415006676015,0.32433297304557446,Augmented Greedy Dynamic,0.5349383902476057
95,3,2,3,0.39777415006676015,0.32433297304557446,Augmented Counting Greedy,0.5349383902476057
95,3,2,3,0.39777415006676015,0.32433297304557446,Augmented Dynamic Optimal,0.5349383902476057
95,3,2,3,0.39777415006676015,0.32433297304557446,Upper Bound,0.5355846787991518
96,3,2,3,0.23649444463466532,0.3789691964935403,Non-Pooled,0.2130833869082132
96,3,2,3,0.23649444463466532,0.3789691964935403,Static Non-Overlapping,0.2130833869082132
96,3,2,3,0.23649444463466532,0.3789691964935403,Static Overlapping,0.2130833869082132
96,3,2,3,0.23649444463466532,0.3789691964935403,Classical Dynamic Optimal,0.21308338690821324
96,3,2,3,0.23649444463466532,0.3789691964935403,Augmented Greedy Dynamic,0.2130833869082132
96,3,2,3,0.23649444463466532,0.3789691964935403,Augmented Counting Greedy,0.2130833869082132
96,3,2,3,0.23649444463466532,0.3789691964935403,Augmented Dynamic Optimal,0.21308338690821324
96,3,2,3,0.23649444463466532,0.3789691964935403,Upper Bound,0.21502897999321907
97,3,2,3,0.5298488259298625,0.4811479250323687,Non-Pooled,0.8325788336296271
97,3,2,3,0.5298488259298625,0.4811479250323687,Static Non-Overlapping,0.8325788336296271
97,3,2,3,0.5298488259298625,0.4811479250323687,Static Overlapping,0.8325788336296271
97,3,2,3,0.5298488259298625,0.4811479250323687,Classical Dynamic Optimal,0.832578833629627
97,3,2,3,0.5298488259298625,0.4811479250323687,Augmented Greedy Dynamic,0.8325788336296271
97,3,2,3,0.5298488259298625,0.4811479250323687,Augmented Counting Greedy,0.8325788336296271
97,3,2,3,0.5298488259298625,0.4811479250323687,Augmented Dynamic Optimal,0.832578833629627
97,3,2,3,0.5298488259298625,0.4811479250323687,Upper Bound,0.8498861936629307
98,3,2,3,0.3385669400660363,0.6994310319752571,Non-Pooled,0.8179705229425135
98,3,2,3,0.3385669400660363,0.6994310319752571,Static Non-Overlapping,0.8179705229425135
98,3,2,3,0.3385669400660363,0.6994310319752571,Static Overlapping,0.8179705229425136
98,3,2,3,0.3385669400660363,0.6994310319752571,Classical Dynamic Optimal,0.8179705229425135
98,3,2,3,0.3385669400660363,0.6994310319752571,Augmented Greedy Dynamic,0.8179705229425135
98,3,2,3,0.3385669400660363,0.6994310319752571,Augmented Counting Greedy,0.8179705229425135
98,3,2,3,0.3385669400660363,0.6994310319752571,Augmented Dynamic Optimal,0.8179705229425135
98,3,2,3,0.3385669400660363,0.6994310319752571,Upper Bound,0.851633438652067
99,3,2,3,0.49239023475055915,0.5563516049194591,Non-Pooled,0.5337010349480837
99,3,2,3,0.49239023475055915,0.5563516049194591,Static Non-Overlapping,0.5337010349480837
99,3,2,3,0.49239023475055915,0.5563516049194591,Static Overlapping,0.5337010349480837
99,3,2,3,0.49239023475055915,0.5563516049194591,Classical Dynamic Optimal,0.5337010349480837
99,3,2,3,0.49239023475055915,0.5563516049194591,Augmented Greedy Dynamic,0.5337010349480836
99,3,2,3,0.49239023475055915,0.5563516049194591,Augmented Counting Greedy,0.5337010349480836
99,3,2,3,0.49239023475055915,0.5563516049194591,Augmented Dynamic Optimal,0.5502052473303148
99,3,2,3,0.49239023475055915,0.5563516049194591,Upper Bound,0.5968707726629938
0,5,3,5,0.6426605327908684,0.378692069109384,Non-Pooled,0.9727981369341501
0,5,3,5,0.6426605327908684,0.378692069109384,Static Non-Overlapping,1.029253188176251
0,5,3,5,0.6426605327908684,0.378692069109384,Static Overlapping,1.0429015289601797
0,5,3,5,0.6426605327908684,0.378692069109384,Classical Dynamic Optimal,1.0429015289601795
0,5,3,5,0.6426605327908684,0.378692069109384,Augmented Greedy Dynamic,1.0267078661593096
0,5,3,5,0.6426605327908684,0.378692069109384,Augmented Counting Greedy,1.0267078661593096
0,5,3,5,0.6426605327908684,0.378692069109384,Augmented Dynamic Optimal,1.1066413613044124
0,5,3,5,0.6426605327908684,0.378692069109384,Upper Bound,1.2260196246932527
1,5,3,5,0.4164501672657351,0.4973535841726501,Non-Pooled,0.6303845080163525
1,5,3,5,0.4164501672657351,0.4973535841726501,Static Non-Overlapping,0.6309777251524995
1,5,3,5,0.4164501672657351,0.4973535841726501,Static Overlapping,0.6309777251524995
1,5,3,5,0.4164501672657351,0.4973535841726501,Classical Dynamic Optimal,0.6309777251524996
1,5,3,5,0.4164501672657351,0.4973535841726501,Augmented Greedy Dynamic,0.6309777251524995
1,5,3,5,0.4164501672657351,0.4973535841726501,Augmented Counting Greedy,0.6309777251524995
1,5,3,5,0.4164501672657351,0.4973535841726501,Augmented Dynamic Optimal,0.6656674481050265
1,5,3,5,0.4164501672657351,0.4973535841726501,Upper Bound,0.7582165169464784
2,5,3,5,0.6279683418741215,0.3806066162024787,Non-Pooled,0.8607852606598736
2,5,3,5,0.6279683418741215,0.3806066162024787,Static Non-Overlapping,0.8607852606598736
2,5,3,5,0.6279683418741215,0.3806066162024787,Static Overlapping,0.8635212370133039
2,5,3,5,0.6279683418741215,0.3806066162024787,Classical Dynamic Optimal,0.9174547212503606
2,5,3,5,0.6279683418741215,0.3806066162024787,Augmented Greedy Dynamic,0.9039498269875669
2,5,3,5,0.6279683418741215,0.3806066162024787,Augmented Counting Greedy,0.9039498269875669
2,5,3,5,0.6279683418741215,0.3806066162024787,Augmented Dynamic Optimal,0.9451199082292981
2,5,3,5,0.6279683418741215,0.3806066162024787,Upper Bound,1.020236241623668
3,5,3,5,0.5844493550696466,0.44017187030058674,Non-Pooled,0.7815090408917755
3,5,3,5,0.5844493550696466,0.44017187030058674,Static Non-Overlapping,0.7815090408917755
3,5,3,5,0.5844493550696466,0.44017187030058674,Static Overlapping,0.7815090408917758
3,5,3,5,0.5844493550696466,0.44017187030058674,Classical Dynamic Optimal,0.8064532918566596
3,5,3,5,0.5844493550696466,0.44017187030058674,Augmented Greedy Dynamic,0.7815090408917754
3,5,3,5,0.5844493550696466,0.44017187030058674,Augmented Counting Greedy,0.7815090408917756
3,5,3,5,0.5844493550696466,0.44017187030058674,Augmented Dynamic Optimal,0.8618891278562819
3,5,3,5,0.5844493550696466,0.44017187030058674,Upper Bound,0.940980386402937
4,5,3,5,0.5117295563729838,0.4360699509498923,Non-Pooled,1.0579415662656975
4,5,3,5,0.5117295563729838,0.4360699509498923,Static Non-Overlapping,1.0579415662656975
4,5,3,5,0.5117295563729838,0.4360699509498923,Static Overlapping,1.0579415662656975
4,5,3,5,0.5117295563729838,0.4360699509498923,Classical Dynamic Optimal,1.0579415662656975
4,5,3,5,0.5117295563729838,0.4360699509498923,Augmented Greedy Dynamic,0.9990125745309453
4,5,3,5,0.5117295563729838,0.4360699509498923,Augmented Counting Greedy,0.9440346361072456
4,5,3,5,0.5117295563729838,0.4360699509498923,Augmented Dynamic Optimal,1.0697912296300698
4,5,3,5,0.5117295563729838,0.4360699509498923,Upper Bound,1.1209460379623668
5,5,3,5,0.7711762297223219,0.3459964001329205,Non-Pooled,1.0285584840711144
5,5,3,5,0.7711762297223219,0.3459964001329205,Static Non-Overlapping,1.137570129404466
5,5,3,5,0.7711762297223219,0.3459964001329205,Static Overlapping,1.1375701294044662
5,5,3,5,0.7711762297223219,0.3459964001329205,Classical Dynamic Optimal,1.1375701294044662
5,5,3,5,0.7711762297223219,0.3459964001329205,Augmented Greedy Dynamic,1.0776636880911548
5,5,3,5,0.7711762297223219,0.3459964001329205,Augmented Counting Greedy,1.0714424513429954
5,5,3,5,0.7711762297223219,0.3459964001329205,Augmented Dynamic Optimal,1.175913607363641
5,5,3,5,0.7711762297223219,0.3459964001329205,Upper Bound,1.2825844122894003
6,5,3,5,0.46316535759002725,0.41425173891873657,Non-Pooled,0.7694436342174369
6,5,3,5,0.46316535759002725,0.41425173891873657,Static Non-Overlapping,0.7701502325316321
6,5,3,5,0.46316535759002725,0.41425173891873657,Static Overlapping,0.770150232531632
6,5,3,5,0.46316535759002725,0.41425173891873657,Classical Dynamic Optimal,0.7701502325316322
6,5,3,5,0.46316535759002725,0.41425173891873657,Augmented Greedy Dynamic,0.770150232531632
6,5,3,5,0.46316535759002725,0.41425173891873657,Augmented Counting Greedy,0.770150232531632
6,5,3,5,0.46316535759002725,0.41425173891873657,Augmented Dynamic Optimal,0.8013082994029452
6,5,3,5,0.46316535759002725,0.41425173891873657,Upper Bound,0.910616701811858
7,5,3,5,0.6390862409761633,0.7737032634456977,Non-Pooled,1.7714866721888163
7,5,3,5,0.6390862409761633,0.7737032634456977,Static Non-Overlapping,1.978092609886661
7,5,3,5,0.6390862409761633,0.7737032634456977,Static Overlapping,2.0342651255804096
7,5,3,5,0.6390862409761633,0.7737032634456977,Classical Dynamic Optimal,2.03426512558041
7,5,3,5,0.6390862409761633,0.7737032634456977,Augmented Greedy Dynamic,2.0178420402767965
7,5,3,5,0.6390862409761633,0.7737032634456977,Augmented Counting Greedy,2.0106186200959537
7,5,3,5,0.6390862409761633,0.7737032634456977,Augmented Dynamic Optimal,2.1527500947091656
7,5,3,5,0.6390862409761633,0.7737032634456977,Upper Bound,2.4480993806903606
8,5,3,5,0.46884197883480727,0.5874471538357723,Non-Pooled,1.212574423297525
8,5,3,5,0.46884197883480727,0.5874471538357723,Static Non-Overlapping,1.212574423297525
8,5,3,5,0.46884197883480727,0.5874471538357723,Static Overlapping,1.212574423297525
8,5,3,5,0.46884197883480727,0.5874471538357723,Classical Dynamic Optimal,1.212574423297525
8,5,3,5,0.46884197883480727,0.5874471538357723,Augmented Greedy Dynamic,1.212574423297525
8,5,3,5,0.46884197883480727,0.5874471538357723,Augmented Counting Greedy,1.212574423297525
8,5,3,5,0.46884197883480727,0.5874471538357723,Augmented Dynamic Optimal,1.3021687632660577
8,5,3,5,0.46884197883480727,0.5874471538357723,Upper Bound,1.4485886557359673
9,5,3,5,0.5756364209697509,0.49873537469844303,Non-Pooled,1.2328293508430825
9,5,3,5,0.5756364209697509,0.49873537469844303,Static Non-Overlapping,1.2380933868687305
9,5,3,5,0.5756364209697509,0.49873537469844303,Static Overlapping,1.2380933868687305
9,5,3,5,0.5756364209697509,0.49873537469844303,Classical Dynamic Optimal,1.2539326527245878
9,5,3,5,0.5756364209697509,0.49873537469844303,Augmented Greedy Dynamic,1.2456619316845983
9,5,3,5,0.5756364209697509,0.49873537469844303,Augmented Counting Greedy,1.2456619316845983
9,5,3,5,0.5756364209697509,0.49873537469844303,Augmented Dynamic Optimal,1.2853431558866235
9,5,3,5,0.5756364209697509,0.49873537469844303,Upper Bound,1.3607551675550251
10,5,3,5,0.7622859623661017,0.6449743222757433,Non-Pooled,1.8966252813072482
10,5,3,5,0.7622859623661017,0.6449743222757433,Static Non-Overlapping,2.155644366868513
10,5,3,5,0.7622859623661017,0.6449743222757433,Static Overlapping,2.1957726309489867
10,5,3,5,0.7622859623661017,0.6449743222757433,Classical Dynamic Optimal,2.260867582956104
10,5,3,5,0.7622859623661017,0.6449743222757433,Augmented Greedy Dynamic,2.216328924491886
10,5,3,5,0.7622859623661017,0.6449743222757433,Augmented Counting Greedy,2.2232347185027623
10,5,3,5,0.7622859623661017,0.6449743222757433,Augmented Dynamic Optimal,2.3342691931188577
10,5,3,5,0.7622859623661017,0.6449743222757433,Upper Bound,2.541726870438743
11,5,3,5,0.37546684608300246,0.4196878747182008,Non-Pooled,0.5928542378007061
11,5,3,5,0.37546684608300246,0.4196878747182008,Static Non-Overlapping,0.5928542378007061
11,5,3,5,0.37546684608300246,0.4196878747182008,Static Overlapping,0.5928542378007061
11,5,3,5,0.37546684608300246,0.4196878747182008,Classical Dynamic Optimal,0.5928542378007061
11,5,3,5,0.37546684608300246,0.4196878747182008,Augmented Greedy Dynamic,0.592854237800706
11,5,3,5,0.37546684608300246,0.4196878747182008,Augmented Counting Greedy,0.5928542378007061
11,5,3,5,0.37546684608300246,0.4196878747182008,Augmented Dynamic Optimal,0.5983935942506502
11,5,3,5,0.37546684608300246,0.4196878747182008,Upper Bound,0.6856803753599118
12,5,3,5,0.30678003809953125,0.4505222922372979,Non-Pooled,0.4415221959949642
12,5,3,5,0.30678003809953125,0.4505222922372979,Static Non-Overlapping,0.44152219599496423
12,5,3,5,0.30678003809953125,0.4505222922372979,Static Overlapping,0.44152219599496423
12,5,3,5,0.30678003809953125,0.4505222922372979,Classical Dynamic Optimal,0.44152219599496423
12,5,3,5,0.30678003809953125,0.4505222922372979,Augmented Greedy Dynamic,0.4415221959949642
12,5,3,5,0.30678003809953125,0.4505222922372979,Augmented Counting Greedy,0.4415221959949642
12,5,3,5,0.30678003809953125,0.4505222922372979,Augmented Dynamic Optimal,0.4622810258250376
12,5,3,5,0.30678003809953125,0.4505222922372979,Upper Bound,0.5182352740906313
13,5,3,5,0.614611746694861,0.4392163619804913,Non-Pooled,1.06285542084396
13,5,3,5,0.614611746694861,0.4392163619804913,Static Non-Overlapping,1.1078944474813537
13,5,3,5,0.614611746694861,0.4392163619804913,Static Overlapping,1.110879197490509
13,5,3,5,0.614611746694861,0.4392163619804913,Classical Dynamic Optimal,1.1108791974905088
13,5,3,5,0.614611746694861,0.4392163619804913,Augmented Greedy Dynamic,1.10823671392946
13,5,3,5,0.614611746694861,0.4392163619804913,Augmented Counting Greedy,1.1082367139294598
13,5,3,5,0.614611746694861,0.4392163619804913,Augmented Dynamic Optimal,1.1505078420962118
13,5,3,5,0.614611746694861,0.4392163619804913,Upper Bound,1.22641696824549
14,5,3,5,0.47037222332947115,0.5406096849014684,Non-Pooled,1.2325210103942144
14,5,3,5,0.47037222332947115,0.5406096849014684,Static Non-Overlapping,1.2325210103942144
14,5,3,5,0.47037222332947115,0.5406096849014684,Static Overlapping,1.2325210103942144
14,5,3,5,0.47037222332947115,0.5406096849014684,Classical Dynamic Optimal,1.2493122387817994
14,5,3,5,0.47037222332947115,0.5406096849014684,Augmented Greedy Dynamic,1.2325210103942141
14,5,3,5,0.47037222332947115,0.5406096849014684,Augmented Counting Greedy,1.2325210103942141
14,5,3,5,0.47037222332947115,0.5406096849014684,Augmented Dynamic Optimal,1.2980481142650473
14,5,3,5,0.47037222332947115,0.5406096849014684,Upper Bound,1.3655409068167246
15,5,3,5,0.5470515921866901,0.5955860822517985,Non-Pooled,1.6944302962205229
15,5,3,5,0.5470515921866901,0.5955860822517985,Static Non-Overlapping,1.6944302962205229
15,5,3,5,0.5470515921866901,0.5955860822517985,Static Overlapping,1.6944302962205224
15,5,3,5,0.5470515921866901,0.5955860822517985,Classical Dynamic Optimal,1.7566234443618063
15,5,3,5,0.5470515921866901,0.5955860822517985,Augmented Greedy Dynamic,1.721053468305061
15,5,3,5,0.5470515921866901,0.5955860822517985,Augmented Counting Greedy,1.6922003508302406
15,5,3,5,0.5470515921866901,0.5955860822517985,Augmented Dynamic Optimal,1.7684643902709585
15,5,3,5,0.5470515921866901,0.5955860822517985,Upper Bound,1.908454234074642
16,5,3,5,0.46561468029295733,0.5222860698118955,Non-Pooled,0.84584406230367
16,5,3,5,0.46561468029295733,0.5222860698118955,Static Non-Overlapping,0.9008466383424825
16,5,3,5,0.46561468029295733,0.5222860698118955,Static Overlapping,0.9196965122071095
16,5,3,5,0.46561468029295733,0.5222860698118955,Classical Dynamic Optimal,0.9196965122071096
16,5,3,5,0.46561468029295733,0.5222860698118955,Augmented Greedy Dynamic,0.9353952624572613
16,5,3,5,0.46561468029295733,0.5222860698118955,Augmented Counting Greedy,0.9353952624572613
16,5,3,5,0.46561468029295733,0.5222860698118955,Augmented Dynamic Optimal,0.9730682142632014
16,5,3,5,0.46561468029295733,0.5222860698118955,Upper Bound,1.0929060555083911
17,5,3,5,0.4746424672961928,0.4835482323378585,Non-Pooled,1.009515911133726
17,5,3,5,0.4746424672961928,0.4835482323378585,Static Non-Overlapping,1.009515911133726
17,5,3,5,0.4746424672961928,0.4835482323378585,Static Overlapping,1.0095159111337262
17,5,3,5,0.4746424672961928,0.4835482323378585,Classical Dynamic Optimal,1.0095159111337262
17,5,3,5,0.4746424672961928,0.4835482323378585,Augmented Greedy Dynamic,0.9911954437623716
17,5,3,5,0.4746424672961928,0.4835482323378585,Augmented Counting Greedy,0.970700553212364
17,5,3,5,0.4746424672961928,0.4835482323378585,Augmented Dynamic Optimal,1.0223915994474844
17,5,3,5,0.4746424672961928,0.4835482323378585,Upper Bound,1.0427131181332876
18,5,3,5,0.3885220563995269,0.4858765579923636,Non-Pooled,0.7896485273939683
18,5,3,5,0.3885220563995269,0.4858765579923636,Static Non-Overlapping,0.7896485273939684
18,5,3,5,0.3885220563995269,0.4858765579923636,Static Overlapping,0.7896485273939685
18,5,3,5,0.3885220563995269,0.4858765579923636,Classical Dynamic Optimal,0.7896485273939684
18,5,3,5,0.3885220563995269,0.4858765579923636,Augmented Greedy Dynamic,0.7896485273939684
18,5,3,5,0.3885220563995269,0.4858765579923636,Augmented Counting Greedy,0.7896485273939684
18,5,3,5,0.3885220563995269,0.4858765579923636,Augmented Dynamic Optimal,0.7993124794851044
18,5,3,5,0.3885220563995269,0.4858765579923636,Upper Bound,0.9301035263525064
19,5,3,5,0.36888446228199445,0.5912977543299441,Non-Pooled,1.3584316677850292
19,5,3,5,0.36888446228199445,0.5912977543299441,Static Non-Overlapping,1.3584316677850292
19,5,3,5,0.36888446228199445,0.5912977543299441,Static Overlapping,1.358431667785029
19,5,3,5,0.36888446228199445,0.5912977543299441,Classical Dynamic Optimal,1.3891804423399656
19,5,3,5,0.36888446228199445,0.5912977543299441,Augmented Greedy Dynamic,1.358431667785029
19,5,3,5,0.36888446228199445,0.5912977543299441,Augmented Counting Greedy,1.358431667785029
19,5,3,5,0.36888446228199445,0.5912977543299441,Augmented Dynamic Optimal,1.4134682697304914
19,5,3,5,0.36888446228199445,0.5912977543299441,Upper Bound,1.431274598147266
20,5,3,5,0.5622411036776547,0.49189108047637864,Non-Pooled,1.3393744977784312
20,5,3,5,0.5622411036776547,0.49189108047637864,Static Non-Overlapping,1.3393744977784312
20,5,3,5,0.5622411036776547,0.49189108047637864,Static Overlapping,1.3393744977784312
20,5,3,5,0.5622411036776547,0.49189108047637864,Classical Dynamic Optimal,1.3722775413278703
20,5,3,5,0.5622411036776547,0.49189108047637864,Augmented Greedy Dynamic,1.3726985890752377
20,5,3,5,0.5622411036776547,0.49189108047637864,Augmented Counting Greedy,1.3726985890752375
20,5,3,5,0.5622411036776547,0.49189108047637864,Augmented Dynamic Optimal,1.416948354791513
20,5,3,5,0.5622411036776547,0.49189108047637864,Upper Bound,1.5306802013378
21,5,3,5,0.4371687525086898,0.3864929884920477,Non-Pooled,0.9188487566043333
21,5,3,5,0.4371687525086898,0.3864929884920477,Static Non-Overlapping,0.9188487566043333
21,5,3,5,0.4371687525086898,0.3864929884920477,Static Overlapping,0.9188487566043331
21,5,3,5,0.4371687525086898,0.3864929884920477,Classical Dynamic Optimal,0.9188487566043333
21,5,3,5,0.4371687525086898,0.3864929884920477,Augmented Greedy Dynamic,0.9188487566043333
21,5,3,5,0.4371687525086898,0.3864929884920477,Augmented Counting Greedy,0.9188487566043333
21,5,3,5,0.4371687525086898,0.3864929884920477,Augmented Dynamic Optimal,0.9192580204089408
21,5,3,5,0.4371687525086898,0.3864929884920477,Upper Bound,0.9893671389864588
22,5,3,5,0.2708784261319591,0.5928603261515074,Non-Pooled,0.5530832163268293
22,5,3,5,0.2708784261319591,0.5928603261515074,Static Non-Overlapping,0.5530832163268293
22,5,3,5,0.2708784261319591,0.5928603261515074,Static Overlapping,0.5530832163268293
22,5,3,5,0.2708784261319591,0.5928603261515074,Classical Dynamic Optimal,0.5530832163268293
22,5,3,5,0.2708784261319591,0.5928603261515074,Augmented Greedy Dynamic,0.5530832163268293
22,5,3,5,0.2708784261319591,0.5928603261515074,Augmented Counting Greedy,0.5530832163268293
22,5,3,5,0.2708784261319591,0.5928603261515074,Augmented Dynamic Optimal,0.5684982880035123
22,5,3,5,0.2708784261319591,0.5928603261515074,Upper Bound,0.6317013010249064
23,5,3,5,0.4746677885100394,0.577233827234185,Non-Pooled,1.027660572725733
23,5,3,5,0.4746677885100394,0.577233827234185,Static Non-Overlapping,1.027660572725733
23,5,3,5,0.4746677885100394,0.577233827234185,Static Overlapping,1.0276605727257333
23,5,3,5,0.4746677885100394,0.577233827234185,Classical Dynamic Optimal,1.0584815219569654
23,5,3,5,0.4746677885100394,0.577233827234185,Augmented Greedy Dynamic,1.0322550642112387
23,5,3,5,0.4746677885100394,0.577233827234185,Augmented Counting Greedy,1.0051573770401947
23,5,3,5,0.4746677885100394,0.577233827234185,Augmented Dynamic Optimal,1.1017817331316362
23,5,3,5,0.4746677885100394,0.577233827234185,Upper Bound,1.2931112585313362
24,5,3,5,0.5079856581608615,0.475268058334634,Non-Pooled,1.5332292398869816
24,5,3,5,0.5079856581608615,0.475268058334634,Static Non-Overlapping,1.5478826403629569
24,5,3,5,0.5079856581608615,0.475268058334634,Static Overlapping,1.5512862057073686
24,5,3,5,0.5079856581608615,0.475268058334634,Classical Dynamic Optimal,1.563543647205289
24,5,3,5,0.5079856581608615,0.475268058334634,Augmented Greedy Dynamic,1.561513917581892
24,5,3,5,0.5079856581608615,0.475268058334634,Augmented Counting Greedy,1.5576538434396245
24,5,3,5,0.5079856581608615,0.475268058334634,Augmented Dynamic Optimal,1.5646761839530516
24,5,3,5,0.5079856581608615,0.475268058334634,Upper Bound,1.5697618484495814
25,5,3,5,0.4704766207839658,0.27673085276930703,Non-Pooled,0.9801157300201246
25,5,3,5,0.4704766207839658,0.27673085276930703,Static Non-Overlapping,0.9801157300201246
25,5,3,5,0.4704766207839658,0.27673085276930703,Static Overlapping,0.9801157300201246
25,5,3,5,0.4704766207839658,0.27673085276930703,Classical Dynamic Optimal,0.9822299140231843
25,5,3,5,0.4704766207839658,0.27673085276930703,Augmented Greedy Dynamic,0.9801157300201248
25,5,3,5,0.4704766207839658,0.27673085276930703,Augmented Counting Greedy,0.9801157300201248
25,5,3,5,0.4704766207839658,0.27673085276930703,Augmented Dynamic Optimal,0.9922185448184639
25,5,3,5,0.4704766207839658,0.27673085276930703,Upper Bound,1.003100674689076
26,5,3,5,0.393931259021931,0.48622027770805615,Non-Pooled,1.2668357607645262
26,5,3,5,0.393931259021931,0.48622027770805615,Static Non-Overlapping,1.2668357607645262
26,5,3,5,0.393931259021931,0.48622027770805615,Static Overlapping,1.2668357607645262
26,5,3,5,0.393931259021931,0.48622027770805615,Classical Dynamic Optimal,1.2668357607645262
26,5,3,5,0.393931259021931,0.48622027770805615,Augmented Greedy Dynamic,1.202566912697923
26,5,3,5,0.393931259021931,0.48622027770805615,Augmented Counting Greedy,1.202566912697923
26,5,3,5,0.393931259021931,0.48622027770805615,Augmented Dynamic Optimal,1.2668357607645262
26,5,3,5,0.393931259021931,0.48622027770805615,Upper Bound,1.2834007338421909
27,5,3,5,0.44730227056233895,0.6048449682314166,Non-Pooled,1.3482273234739117
27,5,3,5,0.44730227056233895,0.6048449682314166,Static Non-Overlapping,1.3482273234739117
27,5,3,5,0.44730227056233895,0.6048449682314166,Static Overlapping,1.3482273234739117
27,5,3,5,0.44730227056233895,0.6048449682314166,Classical Dynamic Optimal,1.3917410597394981
27,5,3,5,0.44730227056233895,0.6048449682314166,Augmented Greedy Dynamic,1.35555218311425
27,5,3,5,0.44730227056233895,0.6048449682314166,Augmented Counting Greedy,1.35555218311425
27,5,3,5,0.44730227056233895,0.6048449682314166,Augmented Dynamic Optimal,1.4334666101300364
27,5,3,5,0.44730227056233895,0.6048449682314166,Upper Bound,1.5342417620636666
28,5,3,5,0.4865294627282619,0.3399833853445342,Non-Pooled,0.5175309142609024
28,5,3,5,0.4865294627282619,0.3399833853445342,Static Non-Overlapping,0.5175309142609024
28,5,3,5,0.4865294627282619,0.3399833853445342,Static Overlapping,0.5175309142609024
28,5,3,5,0.4865294627282619,0.3399833853445342,Classical Dynamic Optimal,0.5500529463443791
28,5,3,5,0.4865294627282619,0.3399833853445342,Augmented Greedy Dynamic,0.5175309142609023
28,5,3,5,0.4865294627282619,0.3399833853445342,Augmented Counting Greedy,0.5175309142609023
28,5,3,5,0.4865294627282619,0.3399833853445342,Augmented Dynamic Optimal,0.5773467444000008
28,5,3,5,0.4865294627282619,0.3399833853445342,Upper Bound,0.6105380568961449
29,5,3,5,0.5488792762755877,0.3191164281810974,Non-Pooled,0.73489058548566
29,5,3,5,0.5488792762755877,0.3191164281810974,Static Non-Overlapping,0.73489058548566
29,5,3,5,0.5488792762755877,0.3191164281810974,Static Overlapping,0.7536222939523142
29,5,3,5,0.5488792762755877,0.3191164281810974,Classical Dynamic Optimal,0.7875614459908122
29,5,3,5,0.5488792762755877,0.3191164281810974,Augmented Greedy Dynamic,0.7667779806981159
29,5,3,5,0.5488792762755877,0.3191164281810974,Augmented Counting Greedy,0.7667779806981159
29,5,3,5,0.5488792762755877,0.3191164281810974,Augmented Dynamic Optimal,0.8169604058207004
29,5,3,5,0.5488792762755877,0.3191164281810974,Upper Bound,0.8652101900862395
30,5,3,5,0.4079542548316299,0.36677804656168267,Non-Pooled,0.4978761588879267
30,5,3,5,0.4079542548316299,0.36677804656168267,Static Non-Overlapping,0.4978761588879267
30,5,3,5,0.4079542548316299,0.36677804656168267,Static Overlapping,0.4978761588879268
30,5,3,5,0.4079542548316299,0.36677804656168267,Classical Dynamic Optimal,0.49787615888792675
30,5,3,5,0.4079542548316299,0.36677804656168267,Augmented Greedy Dynamic,0.4954583058660752
30,5,3,5,0.4079542548316299,0.36677804656168267,Augmented Counting Greedy,0.4925712927606837
30,5,3,5,0.4079542548316299,0.36677804656168267,Augmented Dynamic Optimal,0.5397925960997603
30,5,3,5,0.4079542548316299,0.36677804656168267,Upper Bound,0.6488584363320229
31,5,3,5,0.5227156793057939,0.6839047693244602,Non-Pooled,1.9653672351792002
31,5,3,5,0.5227156793057939,0.6839047693244602,Static Non-Overlapping,1.9653672351792002
31,5,3,5,0.5227156793057939,0.6839047693244602,Static Overlapping,1.9653672351792002
31,5,3,5,0.5227156793057939,0.6839047693244602,Classical Dynamic Optimal,1.9653672351792006
31,5,3,5,0.5227156793057939,0.6839047693244602,Augmented Greedy Dynamic,1.9219891267741447
31,5,3,5,0.5227156793057939,0.6839047693244602,Augmented Counting Greedy,1.9158076867152738
31,5,3,5,0.5227156793057939,0.6839047693244602,Augmented Dynamic Optimal,1.9885136390700464
31,5,3,5,0.5227156793057939,0.6839047693244602,Upper Bound,2.0550259814707577
32,5,3,5,0.542967312821181,0.6745847014637697,Non-Pooled,1.5454089982201948
32,5,3,5,0.542967312821181,0.6745847014637697,Static Non-Overlapping,1.644175915494188
32,5,3,5,0.542967312821181,0.6745847014637697,Static Overlapping,1.6984219419938997
32,5,3,5,0.542967312821181,0.6745847014637697,Classical Dynamic Optimal,1.744636740192044
32,5,3,5,0.542967312821181,0.6745847014637697,Augmented Greedy Dynamic,1.7436152878410136
32,5,3,5,0.542967312821181,0.6745847014637697,Augmented Counting Greedy,1.7436152878410136
32,5,3,5,0.542967312821181,0.6745847014637697,Augmented Dynamic Optimal,1.801053910071274
32,5,3,5,0.542967312821181,0.6745847014637697,Upper Bound,1.8843755675194935
33,5,3,5,0.64027672963716,0.46779291753734054,Non-Pooled,1.1499566209921683
33,5,3,5,0.64027672963716,0.46779291753734054,Static Non-Overlapping,1.239923478562038
33,5,3,5,0.64027672963716,0.46779291753734054,Static Overlapping,1.3393676635032377
33,5,3,5,0.64027672963716,0.46779291753734054,Classical Dynamic Optimal,1.3393676635032374
33,5,3,5,0.64027672963716,0.46779291753734054,Augmented Greedy Dynamic,1.3400027787945799
33,5,3,5,0.64027672963716,0.46779291753734054,Augmented Counting Greedy,1.3400027787945799
33,5,3,5,0.64027672963716,0.46779291753734054,Augmented Dynamic Optimal,1.3774117364989429
33,5,3,5,0.64027672963716,0.46779291753734054,Upper Bound,1.4754491025514986
34,5,3,5,0.5362529356132195,0.5779909621683419,Non-Pooled,1.636591702921859
34,5,3,5,0.5362529356132195,0.5779909621683419,Static Non-Overlapping,1.7246640305569954
34,5,3,5,0.5362529356132195,0.5779909621683419,Static Overlapping,1.738761255201802
34,5,3,5,0.5362529356132195,0.5779909621683419,Classical Dynamic Optimal,1.7869137352015507
34,5,3,5,0.5362529356132195,0.5779909621683419,Augmented Greedy Dynamic,1.7627197295898815
34,5,3,5,0.5362529356132195,0.5779909621683419,Augmented Counting Greedy,1.7598674897936613
34,5,3,5,0.5362529356132195,0.5779909621683419,Augmented Dynamic Optimal,1.8243612048830455
34,5,3,5,0.5362529356132195,0.5779909621683419,Upper Bound,1.888535436766518
35,5,3,5,0.41937249869770515,0.5438150744524972,Non-Pooled,1.1381034546145707
35,5,3,5,0.41937249869770515,0.5438150744524972,Static Non-Overlapping,1.1381034546145707
35,5,3,5,0.41937249869770515,0.5438150744524972,Static Overlapping,1.1381034546145705
35,5,3,5,0.41937249869770515,0.5438150744524972,Classical Dynamic Optimal,1.1709468770807678
35,5,3,5,0.41937249869770515,0.5438150744524972,Augmented Greedy Dynamic,1.1712585135315206
35,5,3,5,0.41937249869770515,0.5438150744524972,Augmented Counting Greedy,1.1712585135315206
35,5,3,5,0.41937249869770515,0.5438150744524972,Augmented Dynamic Optimal,1.197585785652823
35,5,3,5,0.41937249869770515,0.5438150744524972,Upper Bound,1.2442726725598279
36,5,3,5,0.2950659362654635,0.591917659813848,Non-Pooled,0.6439504654680162
36,5,3,5,0.2950659362654635,0.591917659813848,Static Non-Overlapping,0.6439504654680163
36,5,3,5,0.2950659362654635,0.591917659813848,Static Overlapping,0.6439504654680162
36,5,3,5,0.2950659362654635,0.591917659813848,Classical Dynamic Optimal,0.6439504654680163
36,5,3,5,0.2950659362654635,0.591917659813848,Augmented Greedy Dynamic,0.6439504654680163
36,5,3,5,0.2950659362654635,0.591917659813848,Augmented Counting Greedy,0.6439504654680163
36,5,3,5,0.2950659362654635,0.591917659813848,Augmented Dynamic Optimal,0.6852326765989762
36,5,3,5,0.2950659362654635,0.591917659813848,Upper Bound,0.7511336436608963
37,5,3,5,0.6420869040072992,0.6384665671273805,Non-Pooled,1.7777743733693485
37,5,3,5,0.6420869040072992,0.6384665671273805,Static Non-Overlapping,1.7777743733693485
37,5,3,5,0.6420869040072992,0.6384665671273805,Static Overlapping,1.7777743733693485
37,5,3,5,0.6420869040072992,0.6384665671273805,Classical Dynamic Optimal,1.8167009122522024
37,5,3,5,0.6420869040072992,0.6384665671273805,Augmented Greedy Dynamic,1.7683470034100242
37,5,3,5,0.6420869040072992,0.6384665671273805,Augmented Counting Greedy,1.7522941673014913
37,5,3,5,0.6420869040072992,0.6384665671273805,Augmented Dynamic Optimal,1.9139382217721552
37,5,3,5,0.6420869040072992,0.6384665671273805,Upper Bound,2.143744755157435
38,5,3,5,0.4445224556436109,0.5736673094787907,Non-Pooled,1.2113857839287536
38,5,3,5,0.4445224556436109,0.5736673094787907,Static Non-Overlapping,1.2113857839287536
38,5,3,5,0.4445224556436109,0.5736673094787907,Static Overlapping,1.2113857839287536
38,5,3,5,0.4445224556436109,0.5736673094787907,Classical Dynamic Optimal,1.2311774618657807
38,5,3,5,0.4445224556436109,0.5736673094787907,Augmented Greedy Dynamic,1.2113857839287538
38,5,3,5,0.4445224556436109,0.5736673094787907,Augmented Counting Greedy,1.2113857839287538
38,5,3,5,0.4445224556436109,0.5736673094787907,Augmented Dynamic Optimal,1.2677436712216315
38,5,3,5,0.4445224556436109,0.5736673094787907,Upper Bound,1.2994457307796876
39,5,3,5,0.6425071314441677,0.534752436026017,Non-Pooled,1.6211667809537094
39,5,3,5,0.6425071314441677,0.534752436026017,Static Non-Overlapping,1.6211667809537094
39,5,3,5,0.6425071314441677,0.534752436026017,Static Overlapping,1.6498117759059137
39,5,3,5,0.6425071314441677,0.534752436026017,Classical Dynamic Optimal,1.6942628920471428
39,5,3,5,0.6425071314441677,0.534752436026017,Augmented Greedy Dynamic,1.6418283291397877
39,5,3,5,0.6425071314441677,0.534752436026017,Augmented Counting Greedy,1.5955308787061657
39,5,3,5,0.6425071314441677,0.534752436026017,Augmented Dynamic Optimal,1.7085594736345475
39,5,3,5,0.6425071314441677,0.534752436026017,Upper Bound,1.7475011830356004
40,5,3,5,0.5289208024804791,0.32876709016037237,Non-Pooled,0.7488573441397567
40,5,3,5,0.5289208024804791,0.32876709016037237,Static Non-Overlapping,0.7488573441397567
40,5,3,5,0.5289208024804791,0.32876709016037237,Static Overlapping,0.7488573441397566
40,5,3,5,0.5289208024804791,0.32876709016037237,Classical Dynamic Optimal,0.7488573441397568
40,5,3,5,0.5289208024804791,0.32876709016037237,Augmented Greedy Dynamic,0.7488573441397567
40,5,3,5,0.5289208024804791,0.32876709016037237,Augmented Counting Greedy,0.7488573441397567
40,5,3,5,0.5289208024804791,0.32876709016037237,Augmented Dynamic Optimal,0.7655377940945652
40,5,3,5,0.5289208024804791,0.32876709016037237,Upper Bound,0.8089326242924751
41,5,3,5,0.6620472682467559,0.49988187400821227,Non-Pooled,1.3445404854471792
41,5,3,5,0.6620472682467559,0.49988187400821227,Static Non-Overlapping,1.3445404854471792
41,5,3,5,0.6620472682467559,0.49988187400821227,Static Overlapping,1.3651758656315847
41,5,3,5,0.6620472682467559,0.49988187400821227,Classical Dynamic Optimal,1.3901398631494022
41,5,3,5,0.6620472682467559,0.49988187400821227,Augmented Greedy Dynamic,1.371460390032226
41,5,3,5,0.6620472682467559,0.49988187400821227,Augmented Counting Greedy,1.3646363783848985
41,5,3,5,0.6620472682467559,0.49988187400821227,Augmented Dynamic Optimal,1.4540161934334515
41,5,3,5,0.6620472682467559,0.49988187400821227,Upper Bound,1.5777503325092852
42,5,3,5,0.4970875779730279,0.37775508578234823,Non-Pooled,0.6209087236609075
42,5,3,5,0.4970875779730279,0.37775508578234823,Static Non-Overlapping,0.6209087236609075
42,5,3,5,0.4970875779730279,0.37775508578234823,Static Overlapping,0.6209087236609075
42,5,3,5,0.4970875779730279,0.37775508578234823,Classical Dynamic Optimal,0.6209087236609075
42,5,3,5,0.4970875779730279,0.37775508578234823,Augmented Greedy Dynamic,0.6065324895001972
42,5,3,5,0.4970875779730279,0.37775508578234823,Augmented Counting Greedy,0.6065324895001972
42,5,3,5,0.4970875779730279,0.37775508578234823,Augmented Dynamic Optimal,0.6345003441760697
42,5,3,5,0.4970875779730279,0.37775508578234823,Upper Bound,0.6502063621110146
43,5,3,5,0.7889526501212507,0.28530463316718013,Non-Pooled,0.8784481904182411
43,5,3,5,0.7889526501212507,0.28530463316718013,Static Non-Overlapping,1.0203959639132798
43,5,3,5,0.7889526501212507,0.28530463316718013,Static Overlapping,1.0290877690772025
43,5,3,5,0.7889526501212507,0.28530463316718013,Classical Dynamic Optimal,1.0501925460478103
43,5,3,5,0.7889526501212507,0.28530463316718013,Augmented Greedy Dynamic,1.0191403673089416
43,5,3,5,0.7889526501212507,0.28530463316718013,Augmented Counting Greedy,1.0300945577930307
43,5,3,5,0.7889526501212507,0.28530463316718013,Augmented Dynamic Optimal,1.0704546288156893
43,5,3,5,0.7889526501212507,0.28530463316718013,Upper Bound,1.1216653868022672
44,5,3,5,0.5987488834353764,0.707344964987741,Non-Pooled,1.993464589355571
44,5,3,5,0.5987488834353764,0.707344964987741,Static Non-Overlapping,2.0735742228643836
44,5,3,5,0.5987488834353764,0.707344964987741,Static Overlapping,2.0851417108459085
44,5,3,5,0.5987488834353764,0.707344964987741,Classical Dynamic Optimal,2.1260114717224265
44,5,3,5,0.5987488834353764,0.707344964987741,Augmented Greedy Dynamic,2.084549341012412
44,5,3,5,0.5987488834353764,0.707344964987741,Augmented Counting Greedy,2.0685960702201323
44,5,3,5,0.5987488834353764,0.707344964987741,Augmented Dynamic Optimal,2.1420049426193364
44,5,3,5,0.5987488834353764,0.707344964987741,Upper Bound,2.19086861466409
45,5,3,5,0.4006324493095178,0.5720291074188347,Non-Pooled,0.8592072269541654
45,5,3,5,0.4006324493095178,0.5720291074188347,Static Non-Overlapping,0.8592072269541654
45,5,3,5,0.4006324493095178,0.5720291074188347,Static Overlapping,0.8592072269541655
45,5,3,5,0.4006324493095178,0.5720291074188347,Classical Dynamic Optimal,0.8879400662226874
45,5,3,5,0.4006324493095178,0.5720291074188347,Augmented Greedy Dynamic,0.8638364679129781
45,5,3,5,0.4006324493095178,0.5720291074188347,Augmented Counting Greedy,0.8638364679129781
45,5,3,5,0.4006324493095178,0.5720291074188347,Augmented Dynamic Optimal,0.9382307076516206
45,5,3,5,0.4006324493095178,0.5720291074188347,Upper Bound,1.0485616674014948
46,5,3,5,0.5867113093107574,0.5492412781509359,Non-Pooled,1.039383578033202
46,5,3,5,0.5867113093107574,0.5492412781509359,Static Non-Overlapping,1.1159708381137212
46,5,3,5,0.5867113093107574,0.5492412781509359,Static Overlapping,1.115970838113721
46,5,3,5,0.5867113093107574,0.5492412781509359,Classical Dynamic Optimal,1.1504127473816936
46,5,3,5,0.5867113093107574,0.5492412781509359,Augmented Greedy Dynamic,1.1270096736742754
46,5,3,5,0.5867113093107574,0.5492412781509359,Augmented Counting Greedy,1.1270096736742754
46,5,3,5,0.5867113093107574,0.5492412781509359,Augmented Dynamic Optimal,1.2129849046721644
46,5,3,5,0.5867113093107574,0.5492412781509359,Upper Bound,1.3143371571081768
47,5,3,5,0.3801377631597034,0.5061233128782989,Non-Pooled,1.2154032457331287
47,5,3,5,0.3801377631597034,0.5061233128782989,Static Non-Overlapping,1.2154032457331287
47,5,3,5,0.3801377631597034,0.5061233128782989,Static Overlapping,1.2154032457331283
47,5,3,5,0.3801377631597034,0.5061233128782989,Classical Dynamic Optimal,1.234741682392241
47,5,3,5,0.3801377631597034,0.5061233128782989,Augmented Greedy Dynamic,1.2226113086156005
47,5,3,5,0.3801377631597034,0.5061233128782989,Augmented Counting Greedy,1.2011658262054858
47,5,3,5,0.3801377631597034,0.5061233128782989,Augmented Dynamic Optimal,1.2445281438035176
47,5,3,5,0.3801377631597034,0.5061233128782989,Upper Bound,1.2584945175198274
48,5,3,5,0.5394285517336384,0.3817253280402347,Non-Pooled,0.4897103450664582
48,5,3,5,0.5394285517336384,0.3817253280402347,Static Non-Overlapping,0.5148305943790763
48,5,3,5,0.5394285517336384,0.3817253280402347,Static Overlapping,0.5148305943790763
48,5,3,5,0.5394285517336384,0.3817253280402347,Classical Dynamic Optimal,0.5177602412169119
48,5,3,5,0.5394285517336384,0.3817253280402347,Augmented Greedy Dynamic,0.5292785292198878
48,5,3,5,0.5394285517336384,0.3817253280402347,Augmented Counting Greedy,0.5292785292198878
48,5,3,5,0.5394285517336384,0.3817253280402347,Augmented Dynamic Optimal,0.5743074093314399
48,5,3,5,0.5394285517336384,0.3817253280402347,Upper Bound,0.6444008381697004
49,5,3,5,0.0799585278701785,0.24788898177904714,Non-Pooled,0.13662369177561184
49,5,3,5,0.0799585278701785,0.24788898177904714,Static Non-Overlapping,0.13662369177561184
49,5,3,5,0.0799585278701785,0.24788898177904714,Static Overlapping,0.13662369177561184
49,5,3,5,0.0799585278701785,0.24788898177904714,Classical Dynamic Optimal,0.13662369177561187
49,5,3,5,0.0799585278701785,0.24788898177904714,Augmented Greedy Dynamic,0.13662369177561184
49,5,3,5,0.0799585278701785,0.24788898177904714,Augmented Counting Greedy,0.13662369177561184
49,5,3,5,0.0799585278701785,0.24788898177904714,Augmented Dynamic Optimal,0.13774788108193772
49,5,3,5,0.0799585278701785,0.24788898177904714,Upper Bound,0.1383153664971146
50,5,3,5,0.5967121927014641,0.42870766566962815,Non-Pooled,1.0869705218311827
50,5,3,5,0.5967121927014641,0.42870766566962815,Static Non-Overlapping,1.135680903300385
50,5,3,5,0.5967121927014641,0.42870766566962815,Static Overlapping,1.167716310930911
50,5,3,5,0.5967121927014641,0.42870766566962815,Classical Dynamic Optimal,1.184751967365196
50,5,3,5,0.5967121927014641,0.42870766566962815,Augmented Greedy Dynamic,1.1819379377330004
50,5,3,5,0.5967121927014641,0.42870766566962815,Augmented Counting Greedy,1.1819379377330004
50,5,3,5,0.5967121927014641,0.42870766566962815,Augmented Dynamic Optimal,1.2175939604687858
50,5,3,5,0.5967121927014641,0.42870766566962815,Upper Bound,1.3048927519148685
51,5,3,5,0.5304282116351946,0.569196669142086,Non-Pooled,1.2926783006220561
51,5,3,5,0.5304282116351946,0.569196669142086,Static Non-Overlapping,1.2926783006220561
51,5,3,5,0.5304282116351946,0.569196669142086,Static Overlapping,1.3757735067930337
51,5,3,5,0.5304282116351946,0.569196669142086,Classical Dynamic Optimal,1.4308582553693665
51,5,3,5,0.5304282116351946,0.569196669142086,Augmented Greedy Dynamic,1.4078186418407006
51,5,3,5,0.5304282116351946,0.569196669142086,Augmented Counting Greedy,1.4078186418407006
51,5,3,5,0.5304282116351946,0.569196669142086,Augmented Dynamic Optimal,1.4669868640288748
51,5,3,5,0.5304282116351946,0.569196669142086,Upper Bound,1.5563124653723632
52,5,3,5,0.7179665355740713,0.4824081603994045,Non-Pooled,1.2978801357989007
52,5,3,5,0.7179665355740713,0.4824081603994045,Static Non-Overlapping,1.3424783371505578
52,5,3,5,0.7179665355740713,0.4824081603994045,Static Overlapping,1.3439483972498911
52,5,3,5,0.7179665355740713,0.4824081603994045,Classical Dynamic Optimal,1.3439483972498913
52,5,3,5,0.7179665355740713,0.4824081603994045,Augmented Greedy Dynamic,1.2867368156585401
52,5,3,5,0.7179665355740713,0.4824081603994045,Augmented Counting Greedy,1.252925396587135
52,5,3,5,0.7179665355740713,0.4824081603994045,Augmented Dynamic Optimal,1.3834688065020895
52,5,3,5,0.7179665355740713,0.4824081603994045,Upper Bound,1.4803074404617975
53,5,3,5,0.5163545085208177,0.5599915041701238,Non-Pooled,1.2645312826211335
53,5,3,5,0.5163545085208177,0.5599915041701238,Static Non-Overlapping,1.2645312826211335
53,5,3,5,0.5163545085208177,0.5599915041701238,Static Overlapping,1.2645312826211332
53,5,3,5,0.5163545085208177,0.5599915041701238,Classical Dynamic Optimal,1.2777600602845647
53,5,3,5,0.5163545085208177,0.5599915041701238,Augmented Greedy Dynamic,1.280613209628047
53,5,3,5,0.5163545085208177,0.5599915041701238,Augmented Counting Greedy,1.2806132096280467
53,5,3,5,0.5163545085208177,0.5599915041701238,Augmented Dynamic Optimal,1.335798516996928
53,5,3,5,0.5163545085208177,0.5599915041701238,Upper Bound,1.4482112152804845
54,5,3,5,0.5545920502062426,0.5146192778336711,Non-Pooled,1.1826489065207102
54,5,3,5,0.5545920502062426,0.5146192778336711,Static Non-Overlapping,1.2111533919886055
54,5,3,5,0.5545920502062426,0.5146192778336711,Static Overlapping,1.294828044185339
54,5,3,5,0.5545920502062426,0.5146192778336711,Classical Dynamic Optimal,1.3155508353117842
54,5,3,5,0.5545920502062426,0.5146192778336711,Augmented Greedy Dynamic,1.3097575224072058
54,5,3,5,0.5545920502062426,0.5146192778336711,Augmented Counting Greedy,1.3097575224072058
54,5,3,5,0.5545920502062426,0.5146192778336711,Augmented Dynamic Optimal,1.362325170092587
54,5,3,5,0.5545920502062426,0.5146192778336711,Upper Bound,1.4566541115762384
55,5,3,5,0.5229580387050501,0.6620210639167544,Non-Pooled,1.2435457377557797
55,5,3,5,0.5229580387050501,0.6620210639167544,Static Non-Overlapping,1.2893671278589887
55,5,3,5,0.5229580387050501,0.6620210639167544,Static Overlapping,1.289367127858989
55,5,3,5,0.5229580387050501,0.6620210639167544,Classical Dynamic Optimal,1.2943012148416542
55,5,3,5,0.5229580387050501,0.6620210639167544,Augmented Greedy Dynamic,1.2893671278589889
55,5,3,5,0.5229580387050501,0.6620210639167544,Augmented Counting Greedy,1.2893671278589889
55,5,3,5,0.5229580387050501,0.6620210639167544,Augmented Dynamic Optimal,1.40318851129198
55,5,3,5,0.5229580387050501,0.6620210639167544,Upper Bound,1.534026815358818
56,5,3,5,0.611953767092027,0.274676645507931,Non-Pooled,0.7280036627345579
56,5,3,5,0.611953767092027,0.274676645507931,Static Non-Overlapping,0.7280036627345579
56,5,3,5,0.611953767092027,0.274676645507931,Static Overlapping,0.7280036627345581
56,5,3,5,0.611953767092027,0.274676645507931,Classical Dynamic Optimal,0.7283886946949767
56,5,3,5,0.611953767092027,0.274676645507931,Augmented Greedy Dynamic,0.714941442534111
56,5,3,5,0.611953767092027,0.274676645507931,Augmented Counting Greedy,0.683702664752986
56,5,3,5,0.611953767092027,0.274676645507931,Augmented Dynamic Optimal,0.7407242957330078
56,5,3,5,0.611953767092027,0.274676645507931,Upper Bound,0.7808970960378988
57,5,3,5,0.47843480604302835,0.45165952252342983,Non-Pooled,0.7197465440135746
57,5,3,5,0.47843480604302835,0.45165952252342983,Static Non-Overlapping,0.7679381181945869
57,5,3,5,0.47843480604302835,0.45165952252342983,Static Overlapping,0.771178427682684
57,5,3,5,0.47843480604302835,0.45165952252342983,Classical Dynamic Optimal,0.7927636501220934
57,5,3,5,0.47843480604302835,0.45165952252342983,Augmented Greedy Dynamic,0.7877795723242667
57,5,3,5,0.47843480604302835,0.45165952252342983,Augmented Counting Greedy,0.7877795723242667
57,5,3,5,0.47843480604302835,0.45165952252342983,Augmented Dynamic Optimal,0.8251586774857386
57,5,3,5,0.47843480604302835,0.45165952252342983,Upper Bound,0.9244991703691392
58,5,3,5,0.6038784725529625,0.5917620476527983,Non-Pooled,1.3625492317958894
58,5,3,5,0.6038784725529625,0.5917620476527983,Static Non-Overlapping,1.4558164313270463
58,5,3,5,0.6038784725529625,0.5917620476527983,Static Overlapping,1.4617106603030494
58,5,3,5,0.6038784725529625,0.5917620476527983,Classical Dynamic Optimal,1.4975361011731034
58,5,3,5,0.6038784725529625,0.5917620476527983,Augmented Greedy Dynamic,1.4932093297906097
58,5,3,5,0.6038784725529625,0.5917620476527983,Augmented Counting Greedy,1.4866776424989954
58,5,3,5,0.6038784725529625,0.5917620476527983,Augmented Dynamic Optimal,1.5507293583112076
58,5,3,5,0.6038784725529625,0.5917620476527983,Upper Bound,1.6394732596453077
59,5,3,5,0.49421626331606766,0.7161679754791755,Non-Pooled,1.366506352498311
59,5,3,5,0.49421626331606766,0.7161679754791755,Static Non-Overlapping,1.3676739964721223
59,5,3,5,0.49421626331606766,0.7161679754791755,Static Overlapping,1.471664223484676
59,5,3,5,0.49421626331606766,0.7161679754791755,Classical Dynamic Optimal,1.5010529867304896
59,5,3,5,0.49421626331606766,0.7161679754791755,Augmented Greedy Dynamic,1.5212545354881075
59,5,3,5,0.49421626331606766,0.7161679754791755,Augmented Counting Greedy,1.5212545354881075
59,5,3,5,0.49421626331606766,0.7161679754791755,Augmented Dynamic Optimal,1.5506640167994088
59,5,3,5,0.49421626331606766,0.7161679754791755,Upper Bound,1.65295093526438
60,5,3,5,0.26230792743058184,0.6745284570944814,Non-Pooled,0.8755359351595314
60,5,3,5,0.26230792743058184,0.6745284570944814,Static Non-Overlapping,0.8755359351595314
60,5,3,5,0.26230792743058184,0.6745284570944814,Static Overlapping,0.8755359351595314
60,5,3,5,0.26230792743058184,0.6745284570944814,Classical Dynamic Optimal,0.8755359351595314
60,5,3,5,0.26230792743058184,0.6745284570944814,Augmented Greedy Dynamic,0.8755359351595314
60,5,3,5,0.26230792743058184,0.6745284570944814,Augmented Counting Greedy,0.8755359351595314
60,5,3,5,0.26230792743058184,0.6745284570944814,Augmented Dynamic Optimal,0.8755359351595314
60,5,3,5,0.26230792743058184,0.6745284570944814,Upper Bound,0.9080747530289012
61,5,3,5,0.3949620367507756,0.43572994856750247,Non-Pooled,0.9522899567743113
61,5,3,5,0.3949620367507756,0.43572994856750247,Static Non-Overlapping,0.9522899567743113
61,5,3,5,0.3949620367507756,0.43572994856750247,Static Overlapping,0.9522899567743114
61,5,3,5,0.3949620367507756,0.43572994856750247,Classical Dynamic Optimal,0.9522899567743113
61,5,3,5,0.3949620367507756,0.43572994856750247,Augmented Greedy Dynamic,0.9522899567743113
61,5,3,5,0.3949620367507756,0.43572994856750247,Augmented Counting Greedy,0.9522899567743113
61,5,3,5,0.3949620367507756,0.43572994856750247,Augmented Dynamic Optimal,0.9522899567743113
61,5,3,5,0.3949620367507756,0.43572994856750247,Upper Bound,1.0048049769207625
62,5,3,5,0.638710298898491,0.5514728398487397,Non-Pooled,1.693434579779709
62,5,3,5,0.638710298898491,0.5514728398487397,Static Non-Overlapping,1.693434579779709
62,5,3,5,0.638710298898491,0.5514728398487397,Static Overlapping,1.7084062575170886
62,5,3,5,0.638710298898491,0.5514728398487397,Classical Dynamic Optimal,1.7210950199220987
62,5,3,5,0.638710298898491,0.5514728398487397,Augmented Greedy Dynamic,1.71775723706644
62,5,3,5,0.638710298898491,0.5514728398487397,Augmented Counting Greedy,1.71775723706644
62,5,3,5,0.638710298898491,0.5514728398487397,Augmented Dynamic Optimal,1.7581425177634393
62,5,3,5,0.638710298898491,0.5514728398487397,Upper Bound,1.8105241021168952
63,5,3,5,0.35252165024758914,0.5137877590928108,Non-Pooled,0.751581762851778
63,5,3,5,0.35252165024758914,0.5137877590928108,Static Non-Overlapping,0.751581762851778
63,5,3,5,0.35252165024758914,0.5137877590928108,Static Overlapping,0.751581762851778
63,5,3,5,0.35252165024758914,0.5137877590928108,Classical Dynamic Optimal,0.751581762851778
63,5,3,5,0.35252165024758914,0.5137877590928108,Augmented Greedy Dynamic,0.7515817628517779
63,5,3,5,0.35252165024758914,0.5137877590928108,Augmented Counting Greedy,0.7515817628517779
63,5,3,5,0.35252165024758914,0.5137877590928108,Augmented Dynamic Optimal,0.7993463517323112
63,5,3,5,0.35252165024758914,0.5137877590928108,Upper Bound,0.8346942068589527
64,5,3,5,0.5100133258305402,0.6421900965519318,Non-Pooled,1.1807051137584719
64,5,3,5,0.5100133258305402,0.6421900965519318,Static Non-Overlapping,1.2239603369863503
64,5,3,5,0.5100133258305402,0.6421900965519318,Static Overlapping,1.22396033698635
64,5,3,5,0.5100133258305402,0.6421900965519318,Classical Dynamic Optimal,1.2661738353718592
64,5,3,5,0.5100133258305402,0.6421900965519318,Augmented Greedy Dynamic,1.24884273649606
64,5,3,5,0.5100133258305402,0.6421900965519318,Augmented Counting Greedy,1.2483045648272069
64,5,3,5,0.5100133258305402,0.6421900965519318,Augmented Dynamic Optimal,1.3336795086763293
64,5,3,5,0.5100133258305402,0.6421900965519318,Upper Bound,1.5777420241380735
65,5,3,5,0.445504358605363,0.25063252182709234,Non-Pooled,0.3924575014698315
65,5,3,5,0.445504358605363,0.25063252182709234,Static Non-Overlapping,0.3924575014698315
65,5,3,5,0.445504358605363,0.25063252182709234,Static Overlapping,0.39245750146983144
65,5,3,5,0.445504358605363,0.25063252182709234,Classical Dynamic Optimal,0.40994015453412885
65,5,3,5,0.445504358605363,0.25063252182709234,Augmented Greedy Dynamic,0.3924575014698315
65,5,3,5,0.445504358605363,0.25063252182709234,Augmented Counting Greedy,0.3924575014698315
65,5,3,5,0.445504358605363,0.25063252182709234,Augmented Dynamic Optimal,0.45405295604083784
65,5,3,5,0.445504358605363,0.25063252182709234,Upper Bound,0.5386818252011565
66,5,3,5,0.5989058477075206,0.27807743132011736,Non-Pooled,0.8738473093990442
66,5,3,5,0.5989058477075206,0.27807743132011736,Static Non-Overlapping,0.8738473093990442
66,5,3,5,0.5989058477075206,0.27807743132011736,Static Overlapping,0.8738473093990439
66,5,3,5,0.5989058477075206,0.27807743132011736,Classical Dynamic Optimal,0.8903991739903887
66,5,3,5,0.5989058477075206,0.27807743132011736,Augmented Greedy Dynamic,0.8793547190533285
66,5,3,5,0.5989058477075206,0.27807743132011736,Augmented Counting Greedy,0.8755642599165839
66,5,3,5,0.5989058477075206,0.27807743132011736,Augmented Dynamic Optimal,0.894925417285058
66,5,3,5,0.5989058477075206,0.27807743132011736,Upper Bound,0.9277484420353936
67,5,3,5,0.5093676910983165,0.6411035387484088,Non-Pooled,1.066303655589929
67,5,3,5,0.5093676910983165,0.6411035387484088,Static Non-Overlapping,1.0982194979898858
67,5,3,5,0.5093676910983165,0.6411035387484088,Static Overlapping,1.0982194979898854
67,5,3,5,0.5093676910983165,0.6411035387484088,Classical Dynamic Optimal,1.0982194979898856
67,5,3,5,0.5093676910983165,0.6411035387484088,Augmented Greedy Dynamic,1.1059469710297873
67,5,3,5,0.5093676910983165,0.6411035387484088,Augmented Counting Greedy,1.1059469710297871
67,5,3,5,0.5093676910983165,0.6411035387484088,Augmented Dynamic Optimal,1.197329344944324
67,5,3,5,0.5093676910983165,0.6411035387484088,Upper Bound,1.432873138736253
68,5,3,5,0.47990190247303655,0.6771506585698379,Non-Pooled,1.2574574068707813
68,5,3,5,0.47990190247303655,0.6771506585698379,Static Non-Overlapping,1.2574574068707813
68,5,3,5,0.47990190247303655,0.6771506585698379,Static Overlapping,1.2574574068707816
68,5,3,5,0.47990190247303655,0.6771506585698379,Classical Dynamic Optimal,1.2574574068707813
68,5,3,5,0.47990190247303655,0.6771506585698379,Augmented Greedy Dynamic,1.2285739307216301
68,5,3,5,0.47990190247303655,0.6771506585698379,Augmented Counting Greedy,1.2285739307216301
68,5,3,5,0.47990190247303655,0.6771506585698379,Augmented Dynamic Optimal,1.3285540106709977
68,5,3,5,0.47990190247303655,0.6771506585698379,Upper Bound,1.5588732911280176
69,5,3,5,0.5607791241224286,0.4975950616387751,Non-Pooled,1.3728543545801626
69,5,3,5,0.5607791241224286,0.4975950616387751,Static Non-Overlapping,1.3728543545801626
69,5,3,5,0.5607791241224286,0.4975950616387751,Static Overlapping,1.3728543545801626
69,5,3,5,0.5607791241224286,0.4975950616387751,Classical Dynamic Optimal,1.3728543545801626
69,5,3,5,0.5607791241224286,0.4975950616387751,Augmented Greedy Dynamic,1.34112687139592
69,5,3,5,0.5607791241224286,0.4975950616387751,Augmented Counting Greedy,1.336454959986548
69,5,3,5,0.5607791241224286,0.4975950616387751,Augmented Dynamic Optimal,1.4357580472336986
69,5,3,5,0.5607791241224286,0.4975950616387751,Upper Bound,1.5511499091927254
70,5,3,5,0.4709178910201454,0.26594005354585937,Non-Pooled,0.8130698888092484
70,5,3,5,0.4709178910201454,0.26594005354585937,Static Non-Overlapping,0.8130698888092485
70,5,3,5,0.4709178910201454,0.26594005354585937,Static Overlapping,0.8130698888092484
70,5,3,5,0.4709178910201454,0.26594005354585937,Classical Dynamic Optimal,0.8130698888092485
70,5,3,5,0.4709178910201454,0.26594005354585937,Augmented Greedy Dynamic,0.8130698888092484
70,5,3,5,0.4709178910201454,0.26594005354585937,Augmented Counting Greedy,0.8130698888092484
70,5,3,5,0.4709178910201454,0.26594005354585937,Augmented Dynamic Optimal,0.8137723384880238
70,5,3,5,0.4709178910201454,0.26594005354585937,Upper Bound,0.8216935912556943
71,5,3,5,0.4529253096338871,0.36644597123435163,Non-Pooled,0.9700214343982775
71,5,3,5,0.4529253096338871,0.36644597123435163,Static Non-Overlapping,0.9700214343982775
71,5,3,5,0.4529253096338871,0.36644597123435163,Static Overlapping,0.9700214343982775
71,5,3,5,0.4529253096338871,0.36644597123435163,Classical Dynamic Optimal,0.9936283492411648
71,5,3,5,0.4529253096338871,0.36644597123435163,Augmented Greedy Dynamic,0.9730047378078077
71,5,3,5,0.4529253096338871,0.36644597123435163,Augmented Counting Greedy,0.9730047378078077
71,5,3,5,0.4529253096338871,0.36644597123435163,Augmented Dynamic Optimal,1.003650386508549
71,5,3,5,0.4529253096338871,0.36644597123435163,Upper Bound,1.0339172978583773
72,5,3,5,0.4321637225585556,0.24920978051820503,Non-Pooled,0.5217697257963757
72,5,3,5,0.4321637225585556,0.24920978051820503,Static Non-Overlapping,0.5217697257963757
72,5,3,5,0.4321637225585556,0.24920978051820503,Static Overlapping,0.5217697257963758
72,5,3,5,0.4321637225585556,0.24920978051820503,Classical Dynamic Optimal,0.5266483384024777
72,5,3,5,0.4321637225585556,0.24920978051820503,Augmented Greedy Dynamic,0.5217697257963756
72,5,3,5,0.4321637225585556,0.24920978051820503,Augmented Counting Greedy,0.5217697257963756
72,5,3,5,0.4321637225585556,0.24920978051820503,Augmented Dynamic Optimal,0.5374803797714188
72,5,3,5,0.4321637225585556,0.24920978051820503,Upper Bound,0.5642522841317588
73,5,3,5,0.33597695678354966,0.4437776666151844,Non-Pooled,0.5568254846454208
73,5,3,5,0.33597695678354966,0.4437776666151844,Static Non-Overlapping,0.5568254846454208
73,5,3,5,0.33597695678354966,0.4437776666151844,Static Overlapping,0.5568254846454206
73,5,3,5,0.33597695678354966,0.4437776666151844,Classical Dynamic Optimal,0.5568254846454208
73,5,3,5,0.33597695678354966,0.4437776666151844,Augmented Greedy Dynamic,0.5180722570947949
73,5,3,5,0.33597695678354966,0.4437776666151844,Augmented Counting Greedy,0.518072257094795
73,5,3,5,0.33597695678354966,0.4437776666151844,Augmented Dynamic Optimal,0.5568254846454208
73,5,3,5,0.33597695678354966,0.4437776666151844,Upper Bound,0.5968666184051794
74,5,3,5,0.26144870495802885,0.6504464768736091,Non-Pooled,0.6669681151594833
74,5,3,5,0.26144870495802885,0.6504464768736091,Static Non-Overlapping,0.6669681151594834
74,5,3,5,0.26144870495802885,0.6504464768736091,Static Overlapping,0.6669681151594834
74,5,3,5,0.26144870495802885,0.6504464768736091,Classical Dynamic Optimal,0.6669681151594834
74,5,3,5,0.26144870495802885,0.6504464768736091,Augmented Greedy Dynamic,0.6669681151594833
74,5,3,5,0.26144870495802885,0.6504464768736091,Augmented Counting Greedy,0.6669681151594832
74,5,3,5,0.26144870495802885,0.6504464768736091,Augmented Dynamic Optimal,0.6947060838278946
74,5,3,5,0.26144870495802885,0.6504464768736091,Upper Bound,0.7591306322342678
75,5,3,5,0.7713745733140592,0.348654695883608,Non-Pooled,0.8817223272799951
75,5,3,5,0.7713745733140592,0.348654695883608,Static Non-Overlapping,1.0956096903361112
75,5,3,5,0.7713745733140592,0.348654695883608,Static Overlapping,1.0956096903361106
75,5,3,5,0.7713745733140592,0.348654695883608,Classical Dynamic Optimal,1.1141805656666246
75,5,3,5,0.7713745733140592,0.348654695883608,Augmented Greedy Dynamic,1.0415181442753165
75,5,3,5,0.7713745733140592,0.348654695883608,Augmented Counting Greedy,1.0505968931155931
75,5,3,5,0.7713745733140592,0.348654695883608,Augmented Dynamic Optimal,1.1397256236163644
75,5,3,5,0.7713745733140592,0.348654695883608,Upper Bound,1.201442108445877
76,5,3,5,0.64837122782919,0.6823986145731705,Non-Pooled,1.6123291908501982
76,5,3,5,0.64837122782919,0.6823986145731705,Static Non-Overlapping,1.8441232300057642
76,5,3,5,0.64837122782919,0.6823986145731705,Static Overlapping,1.8482276537758346
76,5,3,5,0.64837122782919,0.6823986145731705,Classical Dynamic Optimal,1.8482276537758344
76,5,3,5,0.64837122782919,0.6823986145731705,Augmented Greedy Dynamic,1.8072567610406265
76,5,3,5,0.64837122782919,0.6823986145731705,Augmented Counting Greedy,1.758460937715493
76,5,3,5,0.64837122782919,0.6823986145731705,Augmented Dynamic Optimal,1.960054669684059
76,5,3,5,0.64837122782919,0.6823986145731705,Upper Bound,2.2499144589541853
77,5,3,5,0.4886658223524988,0.46234346232144397,Non-Pooled,0.8909759259944954
77,5,3,5,0.4886658223524988,0.46234346232144397,Static Non-Overlapping,0.9089512805240054
77,5,3,5,0.4886658223524988,0.46234346232144397,Static Overlapping,0.9089512805240053
77,5,3,5,0.4886658223524988,0.46234346232144397,Classical Dynamic Optimal,0.9089512805240054
77,5,3,5,0.4886658223524988,0.46234346232144397,Augmented Greedy Dynamic,0.8584054706801206
77,5,3,5,0.4886658223524988,0.46234346232144397,Augmented Counting Greedy,0.8978615515431687
77,5,3,5,0.4886658223524988,0.46234346232144397,Augmented Dynamic Optimal,0.9277342428314882
77,5,3,5,0.4886658223524988,0.46234346232144397,Upper Bound,0.9808168017260486
78,5,3,5,0.5917150614836448,0.5374949783783247,Non-Pooled,1.236288759519285
78,5,3,5,0.5917150614836448,0.5374949783783247,Static Non-Overlapping,1.2705554275226225
78,5,3,5,0.5917150614836448,0.5374949783783247,Static Overlapping,1.2705554275226227
78,5,3,5,0.5917150614836448,0.5374949783783247,Classical Dynamic Optimal,1.2705554275226225
78,5,3,5,0.5917150614836448,0.5374949783783247,Augmented Greedy Dynamic,1.2455488891725364
78,5,3,5,0.5917150614836448,0.5374949783783247,Augmented Counting Greedy,1.2455488891725366
78,5,3,5,0.5917150614836448,0.5374949783783247,Augmented Dynamic Optimal,1.3438501891690287
78,5,3,5,0.5917150614836448,0.5374949783783247,Upper Bound,1.5019056538900335
79,5,3,5,0.3659899997223849,0.6127787427345482,Non-Pooled,1.309494898495104
79,5,3,5,0.3659899997223849,0.6127787427345482,Static Non-Overlapping,1.309494898495104
79,5,3,5,0.3659899997223849,0.6127787427345482,Static Overlapping,1.3094948984951045
79,5,3,5,0.3659899997223849,0.6127787427345482,Classical Dynamic Optimal,1.3094948984951043
79,5,3,5,0.3659899997223849,0.6127787427345482,Augmented Greedy Dynamic,1.2559512086748787
79,5,3,5,0.3659899997223849,0.6127787427345482,Augmented Counting Greedy,1.1955198084044751
79,5,3,5,0.3659899997223849,0.6127787427345482,Augmented Dynamic Optimal,1.3119792079966868
79,5,3,5,0.3659899997223849,0.6127787427345482,Upper Bound,1.3667706323081972
80,5,3,5,0.2829596263965643,0.48155468006390223,Non-Pooled,0.6280284150341963
80,5,3,5,0.2829596263965643,0.48155468006390223,Static Non-Overlapping,0.6280284150341963
80,5,3,5,0.2829596263965643,0.48155468006390223,Static Overlapping,0.628028415034196
80,5,3,5,0.2829596263965643,0.48155468006390223,Classical Dynamic Optimal,0.6280284150341964
80,5,3,5,0.2829596263965643,0.48155468006390223,Augmented Greedy Dynamic,0.6280284150341964
80,5,3,5,0.2829596263965643,0.48155468006390223,Augmented Counting Greedy,0.6280284150341964
80,5,3,5,0.2829596263965643,0.48155468006390223,Augmented Dynamic Optimal,0.6556439799416365
80,5,3,5,0.2829596263965643,0.48155468006390223,Upper Bound,0.7082305271913439
81,5,3,5,0.637418142127434,0.4800208246324723,Non-Pooled,1.3395386601339039
81,5,3,5,0.637418142127434,0.4800208246324723,Static Non-Overlapping,1.3562704565099146
81,5,3,5,0.637418142127434,0.4800208246324723,Static Overlapping,1.370915560793565
81,5,3,5,0.637418142127434,0.4800208246324723,Classical Dynamic Optimal,1.4186368764266617
81,5,3,5,0.637418142127434,0.4800208246324723,Augmented Greedy Dynamic,1.4019872172399919
81,5,3,5,0.637418142127434,0.4800208246324723,Augmented Counting Greedy,1.4139885772643652
81,5,3,5,0.637418142127434,0.4800208246324723,Augmented Dynamic Optimal,1.4650414949352948
81,5,3,5,0.637418142127434,0.4800208246324723,Upper Bound,1.5747403904479753
82,5,3,5,0.40242957315190847,0.36037482726877473,Non-Pooled,0.5690247700058062
82,5,3,5,0.40242957315190847,0.36037482726877473,Static Non-Overlapping,0.5690247700058062
82,5,3,5,0.40242957315190847,0.36037482726877473,Static Overlapping,0.5690247700058062
82,5,3,5,0.40242957315190847,0.36037482726877473,Classical Dynamic Optimal,0.5690247700058062
82,5,3,5,0.40242957315190847,0.36037482726877473,Augmented Greedy Dynamic,0.5690247700058061
82,5,3,5,0.40242957315190847,0.36037482726877473,Augmented Counting Greedy,0.5690247700058061
82,5,3,5,0.40242957315190847,0.36037482726877473,Augmented Dynamic Optimal,0.5773774832984976
82,5,3,5,0.40242957315190847,0.36037482726877473,Upper Bound,0.6787974833647045
83,5,3,5,0.36837767999417903,0.5040785866798172,Non-Pooled,0.9317751117660199
83,5,3,5,0.36837767999417903,0.5040785866798172,Static Non-Overlapping,0.93177511176602
83,5,3,5,0.36837767999417903,0.5040785866798172,Static Overlapping,0.93177511176602
83,5,3,5,0.36837767999417903,0.5040785866798172,Classical Dynamic Optimal,0.93177511176602
83,5,3,5,0.36837767999417903,0.5040785866798172,Augmented Greedy Dynamic,0.9317751117660199
83,5,3,5,0.36837767999417903,0.5040785866798172,Augmented Counting Greedy,0.9317751117660199
83,5,3,5,0.36837767999417903,0.5040785866798172,Augmented Dynamic Optimal,0.93177511176602
83,5,3,5,0.36837767999417903,0.5040785866798172,Upper Bound,0.9635617320910083
84,5,3,5,0.4289554166123253,0.4249245678520456,Non-Pooled,0.5765392411093515
84,5,3,5,0.4289554166123253,0.4249245678520456,Static Non-Overlapping,0.6001235736782691
84,5,3,5,0.4289554166123253,0.4249245678520456,Static Overlapping,0.6001235736782691
84,5,3,5,0.4289554166123253,0.4249245678520456,Classical Dynamic Optimal,0.6143864989515017
84,5,3,5,0.4289554166123253,0.4249245678520456,Augmented Greedy Dynamic,0.6194949711662912
84,5,3,5,0.4289554166123253,0.4249245678520456,Augmented Counting Greedy,0.6194949711662914
84,5,3,5,0.4289554166123253,0.4249245678520456,Augmented Dynamic Optimal,0.6496621035995902
84,5,3,5,0.4289554166123253,0.4249245678520456,Upper Bound,0.7151924672958211
85,5,3,5,0.5743532237266992,0.4168772087412931,Non-Pooled,0.9115123952353272
85,5,3,5,0.5743532237266992,0.4168772087412931,Static Non-Overlapping,0.9571565377328803
85,5,3,5,0.5743532237266992,0.4168772087412931,Static Overlapping,0.9638868484606151
85,5,3,5,0.5743532237266992,0.4168772087412931,Classical Dynamic Optimal,0.9638868484606149
85,5,3,5,0.5743532237266992,0.4168772087412931,Augmented Greedy Dynamic,0.9547574514792834
85,5,3,5,0.5743532237266992,0.4168772087412931,Augmented Counting Greedy,0.9624908594572253
85,5,3,5,0.5743532237266992,0.4168772087412931,Augmented Dynamic Optimal,1.026640225538243
85,5,3,5,0.5743532237266992,0.4168772087412931,Upper Bound,1.176854975133946
86,5,3,5,0.7079320580077837,0.5663031001749557,Non-Pooled,2.1319959927900607
86,5,3,5,0.7079320580077837,0.5663031001749557,Static Non-Overlapping,2.131995992790061
86,5,3,5,0.7079320580077837,0.5663031001749557,Static Overlapping,2.160719062657254
86,5,3,5,0.7079320580077837,0.5663031001749557,Classical Dynamic Optimal,2.1745981451972756
86,5,3,5,0.7079320580077837,0.5663031001749557,Augmented Greedy Dynamic,2.16337599939189
86,5,3,5,0.7079320580077837,0.5663031001749557,Augmented Counting Greedy,2.162463606878957
86,5,3,5,0.7079320580077837,0.5663031001749557,Augmented Dynamic Optimal,2.182639415516153
86,5,3,5,0.7079320580077837,0.5663031001749557,Upper Bound,2.1996236298689245
87,5,3,5,0.6853498128614481,0.48097446059823473,Non-Pooled,1.498733250498253
87,5,3,5,0.6853498128614481,0.48097446059823473,Static Non-Overlapping,1.498733250498253
87,5,3,5,0.6853498128614481,0.48097446059823473,Static Overlapping,1.4987332504982527
87,5,3,5,0.6853498128614481,0.48097446059823473,Classical Dynamic Optimal,1.5107174976491762
87,5,3,5,0.6853498128614481,0.48097446059823473,Augmented Greedy Dynamic,1.4772012752361983
87,5,3,5,0.6853498128614481,0.48097446059823473,Augmented Counting Greedy,1.464363718069773
87,5,3,5,0.6853498128614481,0.48097446059823473,Augmented Dynamic Optimal,1.535368691889133
87,5,3,5,0.6853498128614481,0.48097446059823473,Upper Bound,1.5683939048869895
88,5,3,5,0.6114197585560324,0.3867090308019289,Non-Pooled,1.306684561059788
88,5,3,5,0.6114197585560324,0.3867090308019289,Static Non-Overlapping,1.3210580162596095
88,5,3,5,0.6114197585560324,0.3867090308019289,Static Overlapping,1.3210580162596095
88,5,3,5,0.6114197585560324,0.3867090308019289,Classical Dynamic Optimal,1.3301552683072027
88,5,3,5,0.6114197585560324,0.3867090308019289,Augmented Greedy Dynamic,1.3210580162596095
88,5,3,5,0.6114197585560324,0.3867090308019289,Augmented Counting Greedy,1.3210580162596095
88,5,3,5,0.6114197585560324,0.3867090308019289,Augmented Dynamic Optimal,1.3360219911906999
88,5,3,5,0.6114197585560324,0.3867090308019289,Upper Bound,1.3425195292041354
89,5,3,5,0.3445493388581445,0.4407829451702655,Non-Pooled,0.5120688690506215
89,5,3,5,0.3445493388581445,0.4407829451702655,Static Non-Overlapping,0.5120688690506215
89,5,3,5,0.3445493388581445,0.4407829451702655,Static Overlapping,0.5120688690506217
89,5,3,5,0.3445493388581445,0.4407829451702655,Classical Dynamic Optimal,0.5120688690506215
89,5,3,5,0.3445493388581445,0.4407829451702655,Augmented Greedy Dynamic,0.5120688690506215
89,5,3,5,0.3445493388581445,0.4407829451702655,Augmented Counting Greedy,0.5120688690506215
89,5,3,5,0.3445493388581445,0.4407829451702655,Augmented Dynamic Optimal,0.5338727855886233
89,5,3,5,0.3445493388581445,0.4407829451702655,Upper Bound,0.5946480162476273
90,5,3,5,0.5477466723453396,0.46108952084457205,Non-Pooled,1.133183634769697
90,5,3,5,0.5477466723453396,0.46108952084457205,Static Non-Overlapping,1.1331836347696973
90,5,3,5,0.5477466723453396,0.46108952084457205,Static Overlapping,1.1331836347696975
90,5,3,5,0.5477466723453396,0.46108952084457205,Classical Dynamic Optimal,1.1331836347696973
90,5,3,5,0.5477466723453396,0.46108952084457205,Augmented Greedy Dynamic,1.0780567057233439
90,5,3,5,0.5477466723453396,0.46108952084457205,Augmented Counting Greedy,1.0780567057233439
90,5,3,5,0.5477466723453396,0.46108952084457205,Augmented Dynamic Optimal,1.1349718545389493
90,5,3,5,0.5477466723453396,0.46108952084457205,Upper Bound,1.1765589397663114
91,5,3,5,0.47664964995176795,0.5631740136534797,Non-Pooled,1.2188190778428603
91,5,3,5,0.47664964995176795,0.5631740136534797,Static Non-Overlapping,1.2188190778428603
91,5,3,5,0.47664964995176795,0.5631740136534797,Static Overlapping,1.2188190778428605
91,5,3,5,0.47664964995176795,0.5631740136534797,Classical Dynamic Optimal,1.2188190778428605
91,5,3,5,0.47664964995176795,0.5631740136534797,Augmented Greedy Dynamic,1.1676390312617084
91,5,3,5,0.47664964995176795,0.5631740136534797,Augmented Counting Greedy,1.053918132855644
91,5,3,5,0.47664964995176795,0.5631740136534797,Augmented Dynamic Optimal,1.2362121416898901
91,5,3,5,0.47664964995176795,0.5631740136534797,Upper Bound,1.3480660760220617
92,5,3,5,0.23990755433862532,0.6057682456401633,Non-Pooled,0.7164286548484368
92,5,3,5,0.23990755433862532,0.6057682456401633,Static Non-Overlapping,0.7164286548484369
92,5,3,5,0.23990755433862532,0.6057682456401633,Static Overlapping,0.7164286548484368
92,5,3,5,0.23990755433862532,0.6057682456401633,Classical Dynamic Optimal,0.7164286548484367
92,5,3,5,0.23990755433862532,0.6057682456401633,Augmented Greedy Dynamic,0.7164286548484369
92,5,3,5,0.23990755433862532,0.6057682456401633,Augmented Counting Greedy,0.7164286548484369
92,5,3,5,0.23990755433862532,0.6057682456401633,Augmented Dynamic Optimal,0.7173517868049861
92,5,3,5,0.23990755433862532,0.6057682456401633,Upper Bound,0.7877557993056381
93,5,3,5,0.5574694952436083,0.607498207008727,Non-Pooled,1.4904860229794292
93,5,3,5,0.5574694952436083,0.607498207008727,Static Non-Overlapping,1.5674272255015116
93,5,3,5,0.5574694952436083,0.607498207008727,Static Overlapping,1.5821135354932587
93,5,3,5,0.5574694952436083,0.607498207008727,Classical Dynamic Optimal,1.6061175174289262
93,5,3,5,0.5574694952436083,0.607498207008727,Augmented Greedy Dynamic,1.5917728128232924
93,5,3,5,0.5574694952436083,0.607498207008727,Augmented Counting Greedy,1.5917728128232924
93,5,3,5,0.5574694952436083,0.607498207008727,Augmented Dynamic Optimal,1.6369376369447945
93,5,3,5,0.5574694952436083,0.607498207008727,Upper Bound,1.7412850020828075
94,5,3,5,0.5605763852494253,0.32434947605383135,Non-Pooled,0.7578478138466475
94,5,3,5,0.5605763852494253,0.32434947605383135,Static Non-Overlapping,0.7578478138466476
94,5,3,5,0.5605763852494253,0.32434947605383135,Static Overlapping,0.7686218314035844
94,5,3,5,0.5605763852494253,0.32434947605383135,Classical Dynamic Optimal,0.7821928502751081
94,5,3,5,0.5605763852494253,0.32434947605383135,Augmented Greedy Dynamic,0.7782188096803665
94,5,3,5,0.5605763852494253,0.32434947605383135,Augmented Counting Greedy,0.7782188096803664
94,5,3,5,0.5605763852494253,0.32434947605383135,Augmented Dynamic Optimal,0.8007268170084012
94,5,3,5,0.5605763852494253,0.32434947605383135,Upper Bound,0.8233993235086627
95,5,3,5,0.6757309370542393,0.24999987182818123,Non-Pooled,0.5396046411461372
95,5,3,5,0.6757309370542393,0.24999987182818123,Static Non-Overlapping,0.6155260687533357
95,5,3,5,0.6757309370542393,0.24999987182818123,Static Overlapping,0.6163767078523003
95,5,3,5,0.6757309370542393,0.24999987182818123,Classical Dynamic Optimal,0.6343976450638047
95,5,3,5,0.6757309370542393,0.24999987182818123,Augmented Greedy Dynamic,0.6224088998085071
95,5,3,5,0.6757309370542393,0.24999987182818123,Augmented Counting Greedy,0.6330819606179299
95,5,3,5,0.6757309370542393,0.24999987182818123,Augmented Dynamic Optimal,0.6570604040086195
95,5,3,5,0.6757309370542393,0.24999987182818123,Upper Bound,0.7019608946194238
96,5,3,5,0.44963437796323824,0.6606704158221667,Non-Pooled,1.4887429426570549
96,5,3,5,0.44963437796323824,0.6606704158221667,Static Non-Overlapping,1.4887429426570549
96,5,3,5,0.44963437796323824,0.6606704158221667,Static Overlapping,1.4887429426570553
96,5,3,5,0.44963437796323824,0.6606704158221667,Classical Dynamic Optimal,1.5643919241063693
96,5,3,5,0.44963437796323824,0.6606704158221667,Augmented Greedy Dynamic,1.5282998992328236
96,5,3,5,0.44963437796323824,0.6606704158221667,Augmented Counting Greedy,1.5282998992328236
96,5,3,5,0.44963437796323824,0.6606704158221667,Augmented Dynamic Optimal,1.5934189266495786
96,5,3,5,0.44963437796323824,0.6606704158221667,Upper Bound,1.671484269085652
97,5,3,5,0.5463927641370652,0.6283299720032123,Non-Pooled,1.4548466163571978
97,5,3,5,0.5463927641370652,0.6283299720032123,Static Non-Overlapping,1.4548466163571978
97,5,3,5,0.5463927641370652,0.6283299720032123,Static Overlapping,1.4548466163571983
97,5,3,5,0.5463927641370652,0.6283299720032123,Classical Dynamic Optimal,1.493231536779044
97,5,3,5,0.5463927641370652,0.6283299720032123,Augmented Greedy Dynamic,1.4866704249593343
97,5,3,5,0.5463927641370652,0.6283299720032123,Augmented Counting Greedy,1.4238579328289471
97,5,3,5,0.5463927641370652,0.6283299720032123,Augmented Dynamic Optimal,1.5261085609270824
97,5,3,5,0.5463927641370652,0.6283299720032123,Upper Bound,1.5695991211591556
98,5,3,5,0.5193653974801481,0.5690673208832453,Non-Pooled,1.0772271164105716
98,5,3,5,0.5193653974801481,0.5690673208832453,Static Non-Overlapping,1.0865165943589068
98,5,3,5,0.5193653974801481,0.5690673208832453,Static Overlapping,1.0865165943589072
98,5,3,5,0.5193653974801481,0.5690673208832453,Classical Dynamic Optimal,1.1111177515839978
98,5,3,5,0.5193653974801481,0.5690673208832453,Augmented Greedy Dynamic,1.0865165943589068
98,5,3,5,0.5193653974801481,0.5690673208832453,Augmented Counting Greedy,1.0865165943589068
98,5,3,5,0.5193653974801481,0.5690673208832453,Augmented Dynamic Optimal,1.19897134615622
98,5,3,5,0.5193653974801481,0.5690673208832453,Upper Bound,1.426880995850548
99,5,3,5,0.6666853140293316,0.4846240338316054,Non-Pooled,1.1438442064397374
99,5,3,5,0.6666853140293316,0.4846240338316054,Static Non-Overlapping,1.2316943469511692
99,5,3,5,0.6666853140293316,0.4846240338316054,Static Overlapping,1.2604849001647256
99,5,3,5,0.6666853140293316,0.4846240338316054,Classical Dynamic Optimal,1.3121759862237268
99,5,3,5,0.6666853140293316,0.4846240338316054,Augmented Greedy Dynamic,1.3021031572881068
99,5,3,5,0.6666853140293316,0.4846240338316054,Augmented Counting Greedy,1.3041781983878173
99,5,3,5,0.6666853140293316,0.4846240338316054,Augmented Dynamic Optimal,1.3721583158300354
99,5,3,5,0.6666853140293316,0.4846240338316054,Upper Bound,1.4633561622536113
