model,G,B,N,kmax,inst,w_myopic,w_rollout,first_pool_diff,pred_gain_step1
binary,5,5,50,24,0,31.0,31.0,1,0.292234
binary,5,5,50,24,1,14.0,15.0,1,0.13931
binary,5,5,50,24,2,13.0,13.0,1,0.173013
binary,5,5,50,24,3,33.0,33.0,1,0.368686
binary,5,5,50,24,4,36.0,36.0,1,0.20488
binary,5,5,50,24,5,29.0,28.0,1,0.028115
binary,5,5,50,24,6,17.0,18.0,1,0.348496
binary,5,5,50,24,7,12.0,15.0,1,0.302174
binary,5,5,50,24,8,18.0,13.0,1,0.032974
binary,5,5,50,24,9,19.0,18.0,1,0.047796
binary,5,5,50,24,10,22.0,22.0,1,0.268558
binary,5,5,50,24,11,0.0,12.0,1,0.063031
binary,5,5,50,24,12,0.0,0.0,1,0.069133
binary,5,5,50,24,13,19.0,20.0,1,0.381831
binary,5,5,50,24,14,31.0,32.0,1,0.07246
binary,5,5,50,24,15,44.0,43.0,1,0.153416
binary,5,5,50,24,16,21.0,22.0,1,0.356251
binary,5,5,50,24,17,14.0,15.0,1,0.133973
binary,5,5,50,24,18,8.0,15.0,1,0.092801
binary,5,5,50,24,19,11.0,10.0,1,0.151247
binary,5,5,50,24,20,12.0,10.0,1,0.011947
binary,5,5,50,24,21,17.0,22.0,1,0.274311
binary,5,5,50,24,22,22.0,29.0,1,0.154246
binary,5,5,50,24,23,23.0,14.0,1,0.117841
binary,5,5,50,24,24,19.0,17.0,1,0.06856
binary,5,5,50,24,25,31.0,35.0,1,0.227953
binary,5,5,50,24,26,25.0,27.0,1,0.313813
binary,5,5,50,24,27,17.0,17.0,1,0.059654
binary,5,5,50,24,28,0.0,14.0,1,0.210514
binary,5,5,50,24,29,27.0,18.0,1,0.085678
binary,5,5,50,24,30,26.0,25.0,1,0.36417
binary,5,5,50,24,31,12.0,12.0,1,0.106152
binary,5,5,50,24,32,31.0,30.0,1,0.353036
binary,5,5,50,24,33,21.0,20.0,1,0.071259
binary,5,5,50,24,34,25.0,27.0,1,0.018786
binary,5,5,50,24,35,16.0,16.0,1,0.210219
binary,5,5,50,24,36,25.0,28.0,1,0.217333
binary,5,5,50,24,37,12.0,12.0,1,0.084666
binary,5,5,50,24,38,15.0,14.0,1,0.066367
binary,5,5,50,24,39,35.0,35.0,1,0.232094
binary,5,5,50,24,40,21.0,19.0,1,0.192379
binary,5,5,50,24,41,36.0,38.0,1,0.271233
binary,5,5,50,24,42,13.0,20.0,1,0.132754
binary,5,5,50,24,43,30.0,29.0,1,0.007652
binary,5,5,50,24,44,13.0,23.0,1,0.030078
binary,5,5,50,24,45,20.0,24.0,1,0.398593
binary,5,5,50,24,46,24.0,23.0,1,0.198702
binary,5,5,50,24,47,17.0,17.0,1,0.107081
binary,5,5,50,24,48,16.0,14.0,1,0.191603
binary,5,5,50,24,49,21.0,26.0,1,0.174671
binary,5,5,50,24,50,27.0,27.0,1,0.167776
binary,5,5,50,24,51,24.0,27.0,1,0.196078
binary,5,5,50,24,52,6.0,16.0,1,0.110902
binary,5,5,50,24,53,25.0,22.0,1,0.292917
binary,5,5,50,24,54,6.0,0.0,1,0.283562
binary,5,5,50,24,55,26.0,25.0,1,0.730042
binary,5,5,50,24,56,23.0,20.0,1,0.185453
binary,5,5,50,24,57,30.0,35.0,1,0.120134
binary,5,5,50,24,58,14.0,6.0,1,0.015091
binary,5,5,50,24,59,11.0,11.0,1,0.51762
binary,5,5,50,24,60,0.0,0.0,1,0.156804
binary,5,5,50,24,61,23.0,25.0,1,0.112663
binary,5,5,50,24,62,29.0,21.0,1,0.02401
binary,5,5,50,24,63,26.0,29.0,1,0.292847
binary,5,5,50,24,64,30.0,30.0,1,0.02708
binary,5,5,50,24,65,25.0,25.0,1,0.239173
binary,5,5,50,24,66,18.0,23.0,1,0.408597
binary,5,5,50,24,67,22.0,25.0,1,0.314964
binary,5,5,50,24,68,0.0,0.0,1,0.125032
binary,5,5,50,24,69,32.0,25.0,1,0.203922
binary,5,5,50,24,70,18.0,27.0,1,0.218529
binary,5,5,50,24,71,26.0,16.0,1,0.262707
binary,5,5,50,24,72,36.0,36.0,1,0.238134
binary,5,5,50,24,73,21.0,20.0,1,0.022794
binary,5,5,50,24,74,30.0,30.0,1,0.258478
binary,5,5,50,24,75,31.0,26.0,1,0.055115
binary,5,5,50,24,76,8.0,7.0,1,0.174123
binary,5,5,50,24,77,29.0,29.0,1,0.36965
binary,5,5,50,24,78,24.0,25.0,1,0.023531
binary,5,5,50,24,79,24.0,25.0,1,0.101463
binary,5,5,50,24,80,19.0,18.0,1,0.355608
binary,5,5,50,24,81,28.0,29.0,1,0.272435
binary,5,5,50,24,82,15.0,21.0,1,0.163199
binary,5,5,50,24,83,9.0,9.0,1,0.447733
binary,5,5,50,24,84,29.0,29.0,1,0.092592
binary,5,5,50,24,85,37.0,37.0,1,0.276707
binary,5,5,50,24,86,39.0,40.0,1,0.164619
binary,5,5,50,24,87,14.0,13.0,1,0.109424
binary,5,5,50,24,88,14.0,8.0,1,0.144567
binary,5,5,50,24,89,8.0,8.0,1,0.288008
binary,5,5,50,24,90,36.0,37.0,1,0.339309
binary,5,5,50,24,91,28.0,29.0,1,0.308774
binary,5,5,50,24,92,14.0,17.0,1,0.136909
binary,5,5,50,24,93,6.0,0.0,1,0.060349
binary,5,5,50,24,94,29.0,38.0,1,0.085545
binary,5,5,50,24,95,12.0,11.0,0,0.0
binary,5,5,50,24,96,18.0,15.0,1,0.000523
binary,5,5,50,24,97,22.0,26.0,1,0.138311
binary,5,5,50,24,98,20.0,17.0,1,0.103203
binary,5,5,50,24,99,32.0,31.0,1,0.293804
binary,5,5,50,24,100,27.0,26.0,1,0.156497
binary,5,5,50,24,101,29.0,32.0,1,0.354184
binary,5,5,50,24,102,9.0,11.0,1,0.412422
binary,5,5,50,24,103,28.0,21.0,1,0.084427
binary,5,5,50,24,104,18.0,21.0,1,0.138512
binary,5,5,50,24,105,11.0,19.0,1,0.279446
binary,5,5,50,24,106,19.0,21.0,1,0.192187
binary,5,5,50,24,107,23.0,25.0,1,0.113154
binary,5,5,50,24,108,24.0,24.0,1,0.325246
binary,5,5,50,24,109,28.0,28.0,0,0.0
binary,5,5,50,24,110,14.0,13.0,1,0.060044
binary,5,5,50,24,111,26.0,25.0,1,0.325618
binary,5,5,50,24,112,32.0,32.0,1,0.21801
binary,5,5,50,24,113,25.0,28.0,1,0.047683
binary,5,5,50,24,114,38.0,30.0,0,0.0
binary,5,5,50,24,115,19.0,12.0,1,0.198708
binary,5,5,50,24,116,21.0,21.0,1,0.132147
binary,5,5,50,24,117,24.0,25.0,1,0.177842
binary,5,5,50,24,118,20.0,18.0,1,0.088741
binary,5,5,50,24,119,7.0,15.0,1,0.134351
binary,5,5,50,24,120,20.0,19.0,1,0.161677
binary,5,5,50,24,121,11.0,9.0,1,0.16852
binary,5,5,50,24,122,22.0,22.0,1,0.410094
binary,5,5,50,24,123,12.0,23.0,1,0.237217
binary,5,5,50,24,124,29.0,29.0,1,0.330261
binary,5,5,50,24,125,0.0,6.0,1,0.12053
binary,5,5,50,24,126,19.0,25.0,1,0.175519
binary,5,5,50,24,127,12.0,11.0,1,0.136428
binary,5,5,50,24,128,18.0,16.0,1,0.206683
binary,5,5,50,24,129,13.0,14.0,1,0.242568
binary,5,5,50,24,130,18.0,20.0,1,0.537312
binary,5,5,50,24,131,29.0,27.0,1,0.043811
binary,5,5,50,24,132,25.0,25.0,1,0.436331
binary,5,5,50,24,133,21.0,23.0,1,0.27547
binary,5,5,50,24,134,17.0,14.0,1,0.062596
binary,5,5,50,24,135,26.0,20.0,1,0.611524
binary,5,5,50,24,136,28.0,21.0,1,0.288802
binary,5,5,50,24,137,25.0,25.0,1,0.001643
binary,5,5,50,24,138,13.0,12.0,1,0.301405
binary,5,5,50,24,139,12.0,7.0,1,0.556493
binary,5,5,50,24,140,9.0,12.0,1,0.262133
binary,5,5,50,24,141,34.0,31.0,1,0.176013
binary,5,5,50,24,142,23.0,9.0,1,0.243938
binary,5,5,50,24,143,23.0,23.0,1,0.129129
binary,5,5,50,24,144,17.0,25.0,1,0.192478
binary,5,5,50,24,145,11.0,7.0,1,0.095471
binary,5,5,50,24,146,29.0,29.0,1,0.24406
binary,5,5,50,24,147,33.0,31.0,1,0.411279
binary,5,5,50,24,148,20.0,18.0,1,0.037419
binary,5,5,50,24,149,29.0,28.0,1,0.575155
binary,5,5,50,24,150,18.0,22.0,1,0.19177
binary,5,5,50,24,151,17.0,15.0,1,0.149386
binary,5,5,50,24,152,28.0,30.0,1,0.18244
binary,5,5,50,24,153,27.0,30.0,1,0.283423
binary,5,5,50,24,154,27.0,25.0,1,0.223206
binary,5,5,50,24,155,28.0,31.0,1,0.205356
binary,5,5,50,24,156,20.0,21.0,1,0.815305
binary,5,5,50,24,157,23.0,25.0,1,0.138044
binary,5,5,50,24,158,11.0,11.0,1,0.074137
binary,5,5,50,24,159,18.0,25.0,1,0.178883
binary,5,5,50,24,160,25.0,27.0,1,0.356925
binary,5,5,50,24,161,9.0,16.0,1,0.156052
binary,5,5,50,24,162,15.0,13.0,1,0.128284
binary,5,5,50,24,163,7.0,8.0,1,0.122159
binary,5,5,50,24,164,10.0,10.0,1,0.047293
binary,5,5,50,24,165,25.0,25.0,1,0.131233
binary,5,5,50,24,166,12.0,0.0,1,0.234535
binary,5,5,50,24,167,0.0,0.0,1,0.270286
binary,5,5,50,24,168,24.0,25.0,1,0.753374
binary,5,5,50,24,169,36.0,33.0,1,0.120471
binary,5,5,50,24,170,8.0,6.0,1,0.086084
binary,5,5,50,24,171,35.0,36.0,1,0.192125
binary,5,5,50,24,172,23.0,20.0,1,0.157803
binary,5,5,50,24,173,20.0,10.0,1,0.261155
binary,5,5,50,24,174,19.0,19.0,1,0.227868
binary,5,5,50,24,175,17.0,20.0,1,0.592464
binary,5,5,50,24,176,20.0,21.0,1,0.154464
binary,5,5,50,24,177,37.0,33.0,1,0.233429
binary,5,5,50,24,178,6.0,12.0,1,0.061644
binary,5,5,50,24,179,23.0,31.0,1,0.27927
binary,5,5,50,24,180,20.0,21.0,1,0.091908
binary,5,5,50,24,181,25.0,20.0,1,0.227533
binary,5,5,50,24,182,40.0,40.0,0,0.0
binary,5,5,50,24,183,11.0,15.0,1,0.239895
binary,5,5,50,24,184,30.0,33.0,1,0.289947
binary,5,5,50,24,185,24.0,24.0,1,0.092204
binary,5,5,50,24,186,25.0,27.0,1,0.342517
binary,5,5,50,24,187,23.0,21.0,0,0.0
binary,5,5,50,24,188,20.0,18.0,1,0.264154
binary,5,5,50,24,189,28.0,26.0,1,0.118633
binary,5,5,50,24,190,18.0,23.0,1,0.141649
binary,5,5,50,24,191,24.0,26.0,1,0.296742
binary,5,5,50,24,192,32.0,32.0,1,0.128462
binary,5,5,50,24,193,9.0,10.0,1,0.170081
binary,5,5,50,24,194,23.0,23.0,1,0.097938
binary,5,5,50,24,195,30.0,30.0,1,0.477167
binary,5,5,50,24,196,21.0,26.0,1,0.137251
binary,5,5,50,24,197,21.0,21.0,1,0.212174
binary,5,5,50,24,198,6.0,13.0,1,0.087466
binary,5,5,50,24,199,28.0,25.0,1,0.09653
binary,5,5,50,24,200,12.0,16.0,1,0.136641
binary,5,5,50,24,201,32.0,30.0,1,0.364378
binary,5,5,50,24,202,25.0,27.0,1,0.144533
binary,5,5,50,24,203,7.0,7.0,1,0.374039
binary,5,5,50,24,204,18.0,18.0,1,0.246352
binary,5,5,50,24,205,12.0,21.0,1,0.265805
binary,5,5,50,24,206,35.0,32.0,1,0.163617
binary,5,5,50,24,207,17.0,8.0,1,0.364236
binary,5,5,50,24,208,17.0,6.0,1,0.092131
binary,5,5,50,24,209,0.0,6.0,1,0.208341
binary,5,5,50,24,210,21.0,21.0,1,0.174358
binary,5,5,50,24,211,0.0,8.0,1,0.077671
binary,5,5,50,24,212,47.0,44.0,1,0.428177
binary,5,5,50,24,213,27.0,30.0,1,0.15081
binary,5,5,50,24,214,17.0,16.0,1,0.057205
binary,5,5,50,24,215,38.0,37.0,1,0.319331
binary,5,5,50,24,216,25.0,24.0,1,0.463994
binary,5,5,50,24,217,25.0,27.0,1,0.209061
binary,5,5,50,24,218,15.0,15.0,1,0.198902
binary,5,5,50,24,219,12.0,21.0,1,0.080764
binary,5,5,50,24,220,28.0,28.0,1,0.164086
binary,5,5,50,24,221,16.0,15.0,1,0.249664
binary,5,5,50,24,222,14.0,14.0,1,0.152878
binary,5,5,50,24,223,27.0,27.0,1,0.359058
binary,5,5,50,24,224,32.0,32.0,1,0.05268
binary,5,5,50,24,225,10.0,11.0,1,0.454952
binary,5,5,50,24,226,13.0,15.0,1,0.046968
binary,5,5,50,24,227,37.0,37.0,1,0.010903
binary,5,5,50,24,228,17.0,18.0,1,0.10007
binary,5,5,50,24,229,10.0,10.0,1,0.237771
binary,5,5,50,24,230,27.0,27.0,1,0.096259
binary,5,5,50,24,231,9.0,13.0,1,0.293715
binary,5,5,50,24,232,26.0,22.0,1,0.135379
binary,5,5,50,24,233,30.0,29.0,0,0.0
binary,5,5,50,24,234,33.0,40.0,1,0.071626
binary,5,5,50,24,235,22.0,29.0,1,0.078498
binary,5,5,50,24,236,0.0,11.0,1,0.283373
binary,5,5,50,24,237,20.0,21.0,1,0.053454
binary,5,5,50,24,238,19.0,14.0,1,0.118846
binary,5,5,50,24,239,18.0,10.0,1,0.002885
binary,5,5,50,24,240,16.0,8.0,1,0.166019
binary,5,5,50,24,241,16.0,23.0,1,0.001257
binary,5,5,50,24,242,15.0,9.0,1,0.118902
binary,5,5,50,24,243,25.0,24.0,1,0.132487
binary,5,5,50,24,244,11.0,16.0,1,0.360321
binary,5,5,50,24,245,22.0,25.0,1,0.230627
binary,5,5,50,24,246,32.0,42.0,1,0.20763
binary,5,5,50,24,247,27.0,25.0,1,0.221361
binary,5,5,50,24,248,31.0,31.0,1,0.281806
binary,5,5,50,24,249,37.0,28.0,1,0.554039
binary,5,5,50,24,250,32.0,19.0,1,0.147409
binary,5,5,50,24,251,17.0,19.0,1,0.099379
binary,5,5,50,24,252,24.0,24.0,1,0.135745
binary,5,5,50,24,253,22.0,18.0,1,0.319315
binary,5,5,50,24,254,36.0,36.0,1,0.184652
binary,5,5,50,24,255,30.0,30.0,1,0.430303
binary,5,5,50,24,256,24.0,19.0,1,0.106381
binary,5,5,50,24,257,8.0,15.0,1,0.463274
binary,5,5,50,24,258,13.0,18.0,1,0.253824
binary,5,5,50,24,259,16.0,14.0,1,0.121318
binary,5,5,50,24,260,20.0,28.0,1,0.193496
binary,5,5,50,24,261,28.0,28.0,1,0.282661
binary,5,5,50,24,262,16.0,9.0,1,0.161517
binary,5,5,50,24,263,31.0,30.0,1,0.462206
binary,5,5,50,24,264,35.0,29.0,1,0.591882
binary,5,5,50,24,265,30.0,24.0,1,0.216579
binary,5,5,50,24,266,31.0,30.0,1,0.930937
binary,5,5,50,24,267,14.0,14.0,1,0.039537
binary,5,5,50,24,268,23.0,27.0,1,0.123552
binary,5,5,50,24,269,23.0,23.0,1,0.694248
binary,5,5,50,24,270,24.0,31.0,1,0.343968
binary,5,5,50,24,271,24.0,32.0,1,0.189543
binary,5,5,50,24,272,40.0,40.0,0,0.0
binary,5,5,50,24,273,6.0,7.0,1,0.159079
binary,5,5,50,24,274,13.0,12.0,1,0.229853
binary,5,5,50,24,275,14.0,17.0,1,0.104293
binary,5,5,50,24,276,0.0,0.0,1,0.29374
binary,5,5,50,24,277,19.0,16.0,1,0.206871
binary,5,5,50,24,278,28.0,33.0,1,0.091873
binary,5,5,50,24,279,27.0,27.0,1,0.217234
binary,5,5,50,24,280,18.0,13.0,1,0.224065
binary,5,5,50,24,281,17.0,22.0,1,0.161891
binary,5,5,50,24,282,24.0,22.0,1,0.0983
binary,5,5,50,24,283,24.0,27.0,1,0.178941
binary,5,5,50,24,284,30.0,30.0,1,0.320746
binary,5,5,50,24,285,13.0,13.0,1,0.117336
binary,5,5,50,24,286,10.0,12.0,1,0.064827
binary,5,5,50,24,287,34.0,29.0,1,0.201171
binary,5,5,50,24,288,40.0,41.0,1,0.159091
binary,5,5,50,24,289,20.0,27.0,1,0.311186
binary,5,5,50,24,290,12.0,18.0,1,0.248776
binary,5,5,50,24,291,29.0,28.0,1,0.180203
binary,5,5,50,24,292,38.0,37.0,1,0.203501
binary,5,5,50,24,293,22.0,14.0,1,0.183111
binary,5,5,50,24,294,16.0,11.0,1,0.329101
binary,5,5,50,24,295,27.0,30.0,1,0.205242
binary,5,5,50,24,296,20.0,19.0,1,0.175401
binary,5,5,50,24,297,30.0,32.0,1,0.141454
binary,5,5,50,24,298,13.0,20.0,1,0.085128
binary,5,5,50,24,299,10.0,15.0,1,0.129536
binary,5,5,50,24,300,34.0,33.0,1,0.218544
binary,5,5,50,24,301,31.0,29.0,1,0.019453
binary,5,5,50,24,302,24.0,24.0,1,0.200185
binary,5,5,50,24,303,19.0,21.0,1,0.125202
binary,5,5,50,24,304,35.0,32.0,1,0.229421
binary,5,5,50,24,305,0.0,0.0,1,0.176333
binary,5,5,50,24,306,19.0,29.0,1,0.431176
binary,5,5,50,24,307,28.0,31.0,1,0.145791
binary,5,5,50,24,308,12.0,10.0,1,0.335923
binary,5,5,50,24,309,32.0,27.0,1,0.014713
binary,5,5,50,24,310,7.0,17.0,1,0.105113
binary,5,5,50,24,311,29.0,29.0,1,0.257223
binary,5,5,50,24,312,28.0,29.0,1,0.268647
binary,5,5,50,24,313,22.0,19.0,1,0.168248
binary,5,5,50,24,314,15.0,13.0,1,0.173194
binary,5,5,50,24,315,24.0,22.0,1,0.261684
binary,5,5,50,24,316,31.0,31.0,1,0.576212
binary,5,5,50,24,317,33.0,21.0,1,0.17987
binary,5,5,50,24,318,15.0,15.0,1,0.040824
binary,5,5,50,24,319,34.0,35.0,1,0.20295
binary,5,5,50,24,320,27.0,20.0,1,0.205507
binary,5,5,50,24,321,12.0,15.0,1,0.11971
binary,5,5,50,24,322,32.0,32.0,1,0.328755
binary,5,5,50,24,323,14.0,14.0,1,0.228643
binary,5,5,50,24,324,25.0,24.0,1,0.133876
binary,5,5,50,24,325,16.0,14.0,1,0.052371
binary,5,5,50,24,326,0.0,0.0,0,0.0
binary,5,5,50,24,327,7.0,13.0,1,0.482702
binary,5,5,50,24,328,7.0,0.0,1,0.067626
binary,5,5,50,24,329,14.0,19.0,1,0.544982
binary,5,5,50,24,330,33.0,33.0,1,0.141137
binary,5,5,50,24,331,18.0,19.0,1,0.199559
binary,5,5,50,24,332,10.0,10.0,1,0.07677
binary,5,5,50,24,333,28.0,29.0,1,0.371144
binary,5,5,50,24,334,22.0,21.0,1,0.059169
binary,5,5,50,24,335,21.0,19.0,1,0.08509
binary,5,5,50,24,336,35.0,32.0,1,0.053548
binary,5,5,50,24,337,26.0,27.0,1,0.305153
binary,5,5,50,24,338,31.0,34.0,1,0.136322
binary,5,5,50,24,339,21.0,27.0,1,0.246293
binary,5,5,50,24,340,9.0,9.0,1,0.22894
binary,5,5,50,24,341,21.0,21.0,1,0.128584
binary,5,5,50,24,342,15.0,23.0,1,0.065876
binary,5,5,50,24,343,14.0,15.0,1,0.201119
binary,5,5,50,24,344,0.0,9.0,1,0.225119
binary,5,5,50,24,345,19.0,21.0,1,0.381309
binary,5,5,50,24,346,21.0,22.0,1,0.027879
binary,5,5,50,24,347,13.0,13.0,1,0.147273
binary,5,5,50,24,348,15.0,14.0,1,0.193362
binary,5,5,50,24,349,0.0,20.0,1,0.238999
binary,5,5,50,24,350,20.0,19.0,1,0.30806
binary,5,5,50,24,351,24.0,23.0,1,0.473031
binary,5,5,50,24,352,28.0,27.0,1,0.162631
binary,5,5,50,24,353,30.0,28.0,1,0.318428
binary,5,5,50,24,354,10.0,10.0,1,0.253835
binary,5,5,50,24,355,29.0,36.0,1,0.653008
binary,5,5,50,24,356,20.0,23.0,1,0.182486
binary,5,5,50,24,357,27.0,21.0,1,0.107706
binary,5,5,50,24,358,35.0,33.0,1,0.23495
binary,5,5,50,24,359,20.0,20.0,1,0.203032
binary,5,5,50,24,360,6.0,15.0,1,0.09209
binary,5,5,50,24,361,21.0,20.0,1,0.186574
binary,5,5,50,24,362,10.0,0.0,1,0.231231
binary,5,5,50,24,363,32.0,25.0,1,0.168249
binary,5,5,50,24,364,6.0,0.0,1,0.032823
binary,5,5,50,24,365,24.0,28.0,1,0.15963
binary,5,5,50,24,366,17.0,19.0,1,0.874641
binary,5,5,50,24,367,18.0,12.0,1,0.132775
binary,5,5,50,24,368,21.0,21.0,1,0.069532
binary,5,5,50,24,369,9.0,16.0,1,0.207337
binary,5,5,50,24,370,0.0,9.0,1,0.419284
binary,5,5,50,24,371,26.0,27.0,1,0.187195
binary,5,5,50,24,372,18.0,18.0,1,0.096839
binary,5,5,50,24,373,10.0,8.0,1,0.186996
binary,5,5,50,24,374,7.0,7.0,1,0.245074
binary,5,5,50,24,375,0.0,16.0,1,0.086806
binary,5,5,50,24,376,17.0,7.0,1,0.069101
binary,5,5,50,24,377,32.0,29.0,1,0.210082
binary,5,5,50,24,378,9.0,0.0,1,0.295071
binary,5,5,50,24,379,0.0,0.0,1,0.426974
binary,5,5,50,24,380,37.0,35.0,1,0.125343
binary,5,5,50,24,381,26.0,25.0,1,0.280882
binary,5,5,50,24,382,25.0,25.0,1,0.376124
binary,5,5,50,24,383,24.0,29.0,1,0.300065
binary,5,5,50,24,384,16.0,17.0,1,0.138292
binary,5,5,50,24,385,18.0,20.0,1,0.317527
binary,5,5,50,24,386,37.0,37.0,1,0.054871
binary,5,5,50,24,387,27.0,27.0,1,0.072736
binary,5,5,50,24,388,13.0,21.0,1,0.259897
binary,5,5,50,24,389,22.0,21.0,1,0.303547
binary,5,5,50,24,390,17.0,17.0,1,0.046429
binary,5,5,50,24,391,25.0,37.0,1,0.1197
binary,5,5,50,24,392,20.0,17.0,1,0.032977
binary,5,5,50,24,393,22.0,24.0,1,0.224793
binary,5,5,50,24,394,33.0,28.0,1,0.245476
binary,5,5,50,24,395,10.0,14.0,1,0.175663
binary,5,5,50,24,396,12.0,19.0,1,0.020328
binary,5,5,50,24,397,27.0,22.0,1,0.187164
binary,5,5,50,24,398,23.0,18.0,1,0.19261
binary,5,5,50,24,399,19.0,22.0,1,0.287233
binary,5,5,50,24,400,13.0,22.0,1,0.195236
binary,5,5,50,24,401,27.0,27.0,1,0.404267
binary,5,5,50,24,402,24.0,26.0,1,0.54016
binary,5,5,50,24,403,21.0,23.0,1,0.113882
binary,5,5,50,24,404,18.0,19.0,1,0.163792
binary,5,5,50,24,405,28.0,27.0,1,0.238722
binary,5,5,50,24,406,32.0,27.0,1,0.067544
binary,5,5,50,24,407,23.0,25.0,1,0.163142
binary,5,5,50,24,408,29.0,27.0,1,0.241112
binary,5,5,50,24,409,22.0,20.0,1,0.059046
binary,5,5,50,24,410,26.0,27.0,1,0.088503
binary,5,5,50,24,411,44.0,42.0,1,0.012456
binary,5,5,50,24,412,24.0,21.0,1,0.101993
binary,5,5,50,24,413,36.0,36.0,1,0.277782
binary,5,5,50,24,414,35.0,30.0,1,0.09452
binary,5,5,50,24,415,20.0,20.0,1,0.217559
binary,5,5,50,24,416,21.0,27.0,1,0.060532
binary,5,5,50,24,417,14.0,16.0,1,0.549293
binary,5,5,50,24,418,10.0,17.0,1,0.045279
binary,5,5,50,24,419,8.0,8.0,1,0.21014
binary,5,5,50,24,420,27.0,29.0,1,0.184062
binary,5,5,50,24,421,13.0,10.0,1,0.354026
binary,5,5,50,24,422,23.0,29.0,1,0.0102
binary,5,5,50,24,423,24.0,18.0,1,0.196074
binary,5,5,50,24,424,34.0,22.0,1,0.571106
binary,5,5,50,24,425,22.0,19.0,1,0.174542
binary,5,5,50,24,426,36.0,36.0,1,0.714857
binary,5,5,50,24,427,25.0,17.0,1,0.190875
binary,5,5,50,24,428,23.0,26.0,1,0.242791
binary,5,5,50,24,429,26.0,25.0,1,0.448611
binary,5,5,50,24,430,27.0,31.0,1,0.0707
binary,5,5,50,24,431,31.0,30.0,1,0.289697
binary,5,5,50,24,432,18.0,20.0,1,0.063159
binary,5,5,50,24,433,32.0,23.0,1,0.161393
binary,5,5,50,24,434,23.0,27.0,1,0.065749
binary,5,5,50,24,435,21.0,24.0,0,0.0
binary,5,5,50,24,436,13.0,12.0,1,0.02619
binary,5,5,50,24,437,18.0,17.0,0,0.0
binary,5,5,50,24,438,23.0,29.0,1,0.1161
binary,5,5,50,24,439,25.0,23.0,1,0.296984
binary,5,5,50,24,440,21.0,19.0,1,0.263986
binary,5,5,50,24,441,22.0,16.0,1,0.146385
binary,5,5,50,24,442,12.0,8.0,1,0.04459
binary,5,5,50,24,443,27.0,27.0,1,0.225512
binary,5,5,50,24,444,19.0,18.0,1,0.479584
binary,5,5,50,24,445,8.0,13.0,1,0.114496
binary,5,5,50,24,446,32.0,30.0,1,0.263695
binary,5,5,50,24,447,14.0,6.0,1,0.190692
binary,5,5,50,24,448,20.0,23.0,1,0.078722
binary,5,5,50,24,449,27.0,26.0,1,0.121846
binary,5,5,50,24,450,29.0,28.0,1,0.32593
binary,5,5,50,24,451,25.0,26.0,1,0.248069
binary,5,5,50,24,452,26.0,23.0,1,0.213456
binary,5,5,50,24,453,18.0,22.0,1,0.190473
binary,5,5,50,24,454,22.0,23.0,1,0.070805
binary,5,5,50,24,455,27.0,20.0,1,0.294681
binary,5,5,50,24,456,12.0,14.0,1,0.128867
binary,5,5,50,24,457,11.0,14.0,1,0.095042
binary,5,5,50,24,458,22.0,21.0,1,0.067718
binary,5,5,50,24,459,30.0,26.0,1,0.174146
binary,5,5,50,24,460,17.0,15.0,1,0.199434
binary,5,5,50,24,461,18.0,22.0,1,0.495728
binary,5,5,50,24,462,19.0,18.0,1,0.124909
binary,5,5,50,24,463,23.0,19.0,1,0.213936
binary,5,5,50,24,464,22.0,22.0,1,0.281982
binary,5,5,50,24,465,20.0,12.0,1,0.366133
binary,5,5,50,24,466,37.0,37.0,0,0.0
binary,5,5,50,24,467,23.0,17.0,1,0.108474
binary,5,5,50,24,468,7.0,10.0,1,0.121982
binary,5,5,50,24,469,33.0,25.0,1,0.304588
binary,5,5,50,24,470,22.0,20.0,1,0.037765
binary,5,5,50,24,471,7.0,15.0,1,0.078214
binary,5,5,50,24,472,26.0,26.0,1,0.0931
binary,5,5,50,24,473,23.0,18.0,1,0.093508
binary,5,5,50,24,474,17.0,10.0,1,0.298624
binary,5,5,50,24,475,28.0,28.0,1,0.096407
binary,5,5,50,24,476,23.0,16.0,1,0.248517
binary,5,5,50,24,477,11.0,16.0,1,0.217465
binary,5,5,50,24,478,19.0,20.0,1,0.225788
binary,5,5,50,24,479,24.0,19.0,1,0.366262
binary,5,5,50,24,480,10.0,14.0,1,0.046969
binary,5,5,50,24,481,18.0,18.0,1,0.123908
binary,5,5,50,24,482,14.0,8.0,1,0.181128
binary,5,5,50,24,483,16.0,20.0,1,0.189599
binary,5,5,50,24,484,12.0,8.0,1,0.111618
binary,5,5,50,24,485,33.0,30.0,1,0.096469
binary,5,5,50,24,486,32.0,29.0,1,0.135599
binary,5,5,50,24,487,23.0,24.0,1,0.103686
binary,5,5,50,24,488,34.0,35.0,1,0.409834
binary,5,5,50,24,489,29.0,28.0,1,0.215941
binary,5,5,50,24,490,20.0,24.0,1,0.34296
binary,5,5,50,24,491,7.0,0.0,1,0.02425
binary,5,5,50,24,492,25.0,22.0,1,0.13501
binary,5,5,50,24,493,22.0,23.0,1,0.270555
binary,5,5,50,24,494,17.0,15.0,1,0.18233
binary,5,5,50,24,495,10.0,18.0,1,0.262917
binary,5,5,50,24,496,32.0,33.0,1,0.007506
binary,5,5,50,24,497,33.0,33.0,1,0.042684
binary,5,5,50,24,498,12.0,13.0,1,0.125792
binary,5,5,50,24,499,17.0,6.0,1,0.077987
binary,5,5,50,24,500,8.0,25.0,1,0.031561
binary,5,5,50,24,501,28.0,30.0,1,0.044693
binary,5,5,50,24,502,27.0,20.0,1,0.050716
binary,5,5,50,24,503,8.0,6.0,1,0.161786
binary,5,5,50,24,504,12.0,9.0,1,0.08265
binary,5,5,50,24,505,44.0,44.0,1,0.05149
binary,5,5,50,24,506,14.0,9.0,1,0.043043
binary,5,5,50,24,507,33.0,33.0,1,0.296319
binary,5,5,50,24,508,27.0,26.0,1,0.078532
binary,5,5,50,24,509,27.0,26.0,1,0.011497
binary,5,5,50,24,510,21.0,18.0,1,0.154922
binary,5,5,50,24,511,17.0,10.0,1,0.863889
binary,5,5,50,24,512,17.0,18.0,1,0.003465
binary,5,5,50,24,513,18.0,21.0,1,0.346189
binary,5,5,50,24,514,23.0,29.0,1,0.176382
binary,5,5,50,24,515,23.0,23.0,1,0.116592
binary,5,5,50,24,516,23.0,23.0,1,0.211315
binary,5,5,50,24,517,27.0,26.0,1,0.138908
binary,5,5,50,24,518,22.0,18.0,1,0.01881
binary,5,5,50,24,519,17.0,19.0,1,0.315498
binary,5,5,50,24,520,20.0,20.0,1,0.193017
binary,5,5,50,24,521,13.0,23.0,1,0.360403
binary,5,5,50,24,522,20.0,15.0,1,0.567642
binary,5,5,50,24,523,19.0,15.0,1,0.033347
binary,5,5,50,24,524,0.0,0.0,1,0.041836
binary,5,5,50,24,525,8.0,12.0,1,0.036657
binary,5,5,50,24,526,13.0,17.0,1,0.120602
binary,5,5,50,24,527,16.0,12.0,1,0.231438
binary,5,5,50,24,528,19.0,26.0,1,0.367442
binary,5,5,50,24,529,17.0,19.0,1,0.303405
binary,5,5,50,24,530,23.0,20.0,1,0.297814
binary,5,5,50,24,531,15.0,9.0,1,0.208058
binary,5,5,50,24,532,8.0,7.0,1,0.15816
binary,5,5,50,24,533,16.0,13.0,1,0.099264
binary,5,5,50,24,534,11.0,14.0,1,0.080588
binary,5,5,50,24,535,21.0,19.0,1,0.263976
binary,5,5,50,24,536,30.0,27.0,1,0.180434
binary,5,5,50,24,537,19.0,21.0,1,0.834222
binary,5,5,50,24,538,19.0,20.0,1,0.151994
binary,5,5,50,24,539,41.0,44.0,1,0.183742
binary,5,5,50,24,540,17.0,17.0,1,0.056338
binary,5,5,50,24,541,28.0,31.0,1,0.002133
binary,5,5,50,24,542,33.0,36.0,1,0.367597
binary,5,5,50,24,543,0.0,9.0,1,0.257557
binary,5,5,50,24,544,33.0,32.0,1,0.029669
binary,5,5,50,24,545,25.0,30.0,1,0.079564
binary,5,5,50,24,546,38.0,29.0,1,0.275448
binary,5,5,50,24,547,21.0,18.0,1,0.034807
binary,5,5,50,24,548,14.0,12.0,1,0.205739
binary,5,5,50,24,549,8.0,0.0,1,0.214695
binary,5,5,50,24,550,15.0,14.0,1,0.133489
binary,5,5,50,24,551,19.0,12.0,1,0.085018
binary,5,5,50,24,552,24.0,23.0,1,0.590056
binary,5,5,50,24,553,10.0,9.0,1,0.037492
binary,5,5,50,24,554,21.0,13.0,1,0.231256
binary,5,5,50,24,555,20.0,14.0,1,0.193069
binary,5,5,50,24,556,23.0,23.0,1,0.101969
binary,5,5,50,24,557,27.0,22.0,1,0.216491
binary,5,5,50,24,558,12.0,8.0,1,0.509954
binary,5,5,50,24,559,23.0,29.0,1,0.050957
binary,5,5,50,24,560,14.0,19.0,1,0.067746
binary,5,5,50,24,561,11.0,10.0,1,0.184877
binary,5,5,50,24,562,19.0,18.0,1,0.093937
binary,5,5,50,24,563,14.0,13.0,1,0.106394
binary,5,5,50,24,564,7.0,7.0,1,0.372416
binary,5,5,50,24,565,6.0,21.0,1,0.090199
binary,5,5,50,24,566,28.0,28.0,1,0.306554
binary,5,5,50,24,567,26.0,32.0,1,0.112357
binary,5,5,50,24,568,26.0,27.0,1,0.109841
binary,5,5,50,24,569,20.0,7.0,1,0.394883
binary,5,5,50,24,570,37.0,41.0,1,0.107246
binary,5,5,50,24,571,13.0,13.0,1,0.079192
binary,5,5,50,24,572,28.0,28.0,1,0.39262
binary,5,5,50,24,573,35.0,35.0,1,0.428364
binary,5,5,50,24,574,13.0,14.0,1,0.206782
binary,5,5,50,24,575,36.0,37.0,1,0.129534
binary,5,5,50,24,576,15.0,16.0,1,0.108524
binary,5,5,50,24,577,13.0,13.0,1,0.557452
binary,5,5,50,24,578,12.0,11.0,1,0.267154
binary,5,5,50,24,579,23.0,20.0,1,0.05738
binary,5,5,50,24,580,16.0,11.0,1,0.096418
binary,5,5,50,24,581,14.0,14.0,1,0.112919
binary,5,5,50,24,582,14.0,24.0,1,0.810046
binary,5,5,50,24,583,10.0,12.0,1,0.23427
binary,5,5,50,24,584,22.0,21.0,1,0.116433
binary,5,5,50,24,585,27.0,27.0,1,0.367566
binary,5,5,50,24,586,28.0,26.0,1,0.246456
binary,5,5,50,24,587,8.0,15.0,1,0.262204
binary,5,5,50,24,588,9.0,6.0,1,0.497251
binary,5,5,50,24,589,15.0,9.0,1,0.183915
binary,5,5,50,24,590,21.0,21.0,1,0.303928
binary,5,5,50,24,591,13.0,23.0,1,0.221535
binary,5,5,50,24,592,21.0,23.0,1,0.098066
binary,5,5,50,24,593,17.0,17.0,1,0.396752
binary,5,5,50,24,594,30.0,21.0,0,0.0
binary,5,5,50,24,595,18.0,24.0,1,0.261465
binary,5,5,50,24,596,27.0,27.0,1,0.183741
binary,5,5,50,24,597,16.0,21.0,1,0.179023
binary,5,5,50,24,598,31.0,28.0,1,0.363902
binary,5,5,50,24,599,19.0,18.0,1,0.066814
binary,5,5,50,24,600,18.0,27.0,1,0.487034
binary,5,5,50,24,601,22.0,22.0,1,0.19784
binary,5,5,50,24,602,6.0,5.0,1,0.030818
binary,5,5,50,24,603,7.0,0.0,1,0.150105
binary,5,5,50,24,604,36.0,36.0,1,0.100688
binary,5,5,50,24,605,14.0,20.0,1,0.263606
binary,5,5,50,24,606,11.0,0.0,1,0.171122
binary,5,5,50,24,607,22.0,27.0,1,0.407111
binary,5,5,50,24,608,21.0,24.0,1,0.272755
binary,5,5,50,24,609,25.0,22.0,1,0.064994
binary,5,5,50,24,610,25.0,22.0,1,0.15267
binary,5,5,50,24,611,11.0,16.0,1,0.171845
binary,5,5,50,24,612,19.0,22.0,1,0.129238
binary,5,5,50,24,613,25.0,26.0,1,0.163422
binary,5,5,50,24,614,17.0,18.0,1,0.261146
binary,5,5,50,24,615,33.0,32.0,1,0.126372
binary,5,5,50,24,616,20.0,20.0,1,0.260187
binary,5,5,50,24,617,30.0,31.0,1,0.123163
binary,5,5,50,24,618,24.0,28.0,1,0.174252
binary,5,5,50,24,619,26.0,24.0,1,0.036337
binary,5,5,50,24,620,21.0,20.0,1,0.083296
binary,5,5,50,24,621,40.0,41.0,1,0.071579
binary,5,5,50,24,622,17.0,19.0,1,0.008032
binary,5,5,50,24,623,11.0,9.0,1,0.314305
binary,5,5,50,24,624,17.0,19.0,1,0.054304
binary,5,5,50,24,625,20.0,28.0,1,0.596129
binary,5,5,50,24,626,17.0,18.0,1,0.132018
binary,5,5,50,24,627,11.0,16.0,1,0.149674
binary,5,5,50,24,628,20.0,17.0,1,0.092217
binary,5,5,50,24,629,20.0,15.0,1,0.426379
binary,5,5,50,24,630,15.0,21.0,1,0.072288
binary,5,5,50,24,631,12.0,21.0,1,0.13769
binary,5,5,50,24,632,23.0,25.0,1,0.125476
binary,5,5,50,24,633,35.0,40.0,1,0.251933
binary,5,5,50,24,634,12.0,18.0,1,0.215888
binary,5,5,50,24,635,8.0,11.0,1,0.400873
binary,5,5,50,24,636,16.0,17.0,1,0.135664
binary,5,5,50,24,637,9.0,17.0,1,0.221836
binary,5,5,50,24,638,21.0,24.0,1,0.180703
binary,5,5,50,24,639,29.0,27.0,1,0.101443
binary,5,5,50,24,640,25.0,12.0,1,0.101661
binary,5,5,50,24,641,14.0,12.0,1,0.252718
binary,5,5,50,24,642,7.0,12.0,1,0.370084
binary,5,5,50,24,643,33.0,31.0,1,0.266123
binary,5,5,50,24,644,31.0,29.0,1,0.169648
binary,5,5,50,24,645,21.0,21.0,1,0.288314
binary,5,5,50,24,646,28.0,32.0,1,0.005511
binary,5,5,50,24,647,6.0,7.0,1,0.072841
binary,5,5,50,24,648,27.0,35.0,1,0.270959
binary,5,5,50,24,649,15.0,24.0,0,0.0
binary,5,5,50,24,650,14.0,23.0,1,0.351456
binary,5,5,50,24,651,18.0,11.0,1,0.234872
binary,5,5,50,24,652,19.0,20.0,1,0.113963
binary,5,5,50,24,653,0.0,0.0,1,0.186637
binary,5,5,50,24,654,11.0,11.0,1,0.226794
binary,5,5,50,24,655,24.0,29.0,1,0.033949
binary,5,5,50,24,656,36.0,30.0,1,0.412986
binary,5,5,50,24,657,26.0,20.0,1,0.01965
binary,5,5,50,24,658,20.0,18.0,1,0.067163
binary,5,5,50,24,659,21.0,23.0,1,0.076611
binary,5,5,50,24,660,19.0,21.0,1,0.274385
binary,5,5,50,24,661,25.0,30.0,1,0.236498
binary,5,5,50,24,662,27.0,27.0,1,0.119818
binary,5,5,50,24,663,13.0,15.0,1,0.087717
binary,5,5,50,24,664,32.0,31.0,1,0.33457
binary,5,5,50,24,665,25.0,24.0,1,0.480989
binary,5,5,50,24,666,30.0,23.0,1,0.603826
binary,5,5,50,24,667,0.0,9.0,1,0.237828
binary,5,5,50,24,668,18.0,23.0,1,0.01211
binary,5,5,50,24,669,36.0,37.0,1,0.26829
binary,5,5,50,24,670,23.0,27.0,1,0.041852
binary,5,5,50,24,671,17.0,17.0,1,0.149018
binary,5,5,50,24,672,20.0,23.0,1,0.329051
binary,5,5,50,24,673,31.0,26.0,1,0.199344
binary,5,5,50,24,674,17.0,15.0,1,0.167668
binary,5,5,50,24,675,18.0,18.0,1,0.133533
binary,5,5,50,24,676,18.0,17.0,1,0.305699
binary,5,5,50,24,677,26.0,26.0,1,0.216108
binary,5,5,50,24,678,8.0,17.0,1,0.168935
binary,5,5,50,24,679,23.0,14.0,1,0.241469
binary,5,5,50,24,680,21.0,20.0,1,0.070438
binary,5,5,50,24,681,12.0,7.0,1,0.026006
binary,5,5,50,24,682,21.0,11.0,1,0.021714
binary,5,5,50,24,683,39.0,38.0,1,0.384873
binary,5,5,50,24,684,19.0,18.0,1,0.29494
binary,5,5,50,24,685,27.0,31.0,1,0.256671
binary,5,5,50,24,686,15.0,20.0,1,0.404718
binary,5,5,50,24,687,9.0,0.0,1,0.1035
binary,5,5,50,24,688,23.0,23.0,1,0.081294
binary,5,5,50,24,689,21.0,25.0,1,0.173607
binary,5,5,50,24,690,13.0,15.0,1,0.579163
binary,5,5,50,24,691,17.0,14.0,1,0.087629
binary,5,5,50,24,692,24.0,15.0,1,0.135439
binary,5,5,50,24,693,34.0,35.0,1,0.059827
binary,5,5,50,24,694,30.0,31.0,1,0.203985
binary,5,5,50,24,695,17.0,16.0,1,0.450771
binary,5,5,50,24,696,14.0,23.0,1,0.208176
binary,5,5,50,24,697,25.0,25.0,1,0.352539
binary,5,5,50,24,698,6.0,6.0,1,0.09207
binary,5,5,50,24,699,21.0,24.0,1,0.037085
binary,5,5,50,24,700,16.0,20.0,1,0.187875
binary,5,5,50,24,701,12.0,15.0,1,0.087793
binary,5,5,50,24,702,20.0,21.0,1,0.134826
binary,5,5,50,24,703,19.0,18.0,1,0.200261
binary,5,5,50,24,704,26.0,29.0,1,0.222458
binary,5,5,50,24,705,12.0,8.0,1,0.110134
binary,5,5,50,24,706,25.0,31.0,1,0.144894
binary,5,5,50,24,707,17.0,19.0,1,0.159576
binary,5,5,50,24,708,15.0,10.0,1,0.14794
binary,5,5,50,24,709,10.0,19.0,1,0.192718
binary,5,5,50,24,710,20.0,16.0,1,0.281142
binary,5,5,50,24,711,18.0,19.0,1,0.071497
binary,5,5,50,24,712,12.0,20.0,1,0.310779
binary,5,5,50,24,713,20.0,19.0,1,0.021624
binary,5,5,50,24,714,25.0,19.0,1,0.040433
binary,5,5,50,24,715,33.0,38.0,1,0.292303
binary,5,5,50,24,716,21.0,20.0,1,0.017749
binary,5,5,50,24,717,18.0,19.0,1,0.1452
binary,5,5,50,24,718,21.0,24.0,1,0.328175
binary,5,5,50,24,719,9.0,9.0,1,0.224469
binary,5,5,50,24,720,20.0,14.0,1,0.018025
binary,5,5,50,24,721,12.0,24.0,1,0.068717
binary,5,5,50,24,722,8.0,23.0,1,0.190306
binary,5,5,50,24,723,17.0,16.0,1,0.150145
binary,5,5,50,24,724,40.0,35.0,1,0.243959
binary,5,5,50,24,725,19.0,16.0,1,0.093996
binary,5,5,50,24,726,24.0,27.0,1,0.548492
binary,5,5,50,24,727,27.0,29.0,1,0.1013
binary,5,5,50,24,728,21.0,22.0,1,0.339828
binary,5,5,50,24,729,21.0,23.0,1,0.18484
binary,5,5,50,24,730,11.0,7.0,1,0.176481
binary,5,5,50,24,731,11.0,12.0,1,0.037213
binary,5,5,50,24,732,14.0,19.0,1,0.079784
binary,5,5,50,24,733,17.0,16.0,1,0.185947
binary,5,5,50,24,734,28.0,26.0,1,0.22587
binary,5,5,50,24,735,20.0,21.0,1,0.179286
binary,5,5,50,24,736,41.0,41.0,1,0.156061
binary,5,5,50,24,737,29.0,26.0,1,0.083078
binary,5,5,50,24,738,20.0,20.0,1,0.184351
binary,5,5,50,24,739,45.0,45.0,1,0.310991
binary,5,5,50,24,740,7.0,7.0,1,0.064103
binary,5,5,50,24,741,14.0,23.0,1,0.006665
binary,5,5,50,24,742,11.0,9.0,1,0.087545
binary,5,5,50,24,743,11.0,16.0,1,0.28877
binary,5,5,50,24,744,22.0,22.0,1,0.093834
binary,5,5,50,24,745,18.0,21.0,1,0.118459
binary,5,5,50,24,746,20.0,24.0,1,0.235846
binary,5,5,50,24,747,8.0,7.0,1,0.177231
binary,5,5,50,24,748,19.0,26.0,1,0.074681
binary,5,5,50,24,749,34.0,34.0,0,0.0
binary,5,5,50,24,750,19.0,19.0,1,0.435414
binary,5,5,50,24,751,23.0,31.0,1,0.19075
binary,5,5,50,24,752,29.0,26.0,1,0.328129
binary,5,5,50,24,753,42.0,38.0,1,0.271976
binary,5,5,50,24,754,0.0,8.0,1,0.368431
binary,5,5,50,24,755,24.0,24.0,1,0.329725
binary,5,5,50,24,756,24.0,21.0,1,0.044561
binary,5,5,50,24,757,23.0,7.0,1,0.082864
binary,5,5,50,24,758,12.0,7.0,1,0.050918
binary,5,5,50,24,759,27.0,27.0,1,0.141573
binary,5,5,50,24,760,12.0,16.0,1,0.160533
binary,5,5,50,24,761,27.0,27.0,1,0.144459
binary,5,5,50,24,762,14.0,17.0,1,0.158061
binary,5,5,50,24,763,15.0,14.0,1,0.047171
binary,5,5,50,24,764,17.0,20.0,1,0.410812
binary,5,5,50,24,765,28.0,21.0,1,0.256406
binary,5,5,50,24,766,8.0,12.0,1,0.222389
binary,5,5,50,24,767,35.0,35.0,1,0.036603
binary,5,5,50,24,768,11.0,16.0,1,0.357031
binary,5,5,50,24,769,20.0,12.0,1,0.301509
binary,5,5,50,24,770,26.0,28.0,1,0.794402
binary,5,5,50,24,771,31.0,39.0,1,0.030559
binary,5,5,50,24,772,23.0,14.0,1,0.259236
binary,5,5,50,24,773,18.0,25.0,1,0.357968
binary,5,5,50,24,774,13.0,19.0,1,0.064931
binary,5,5,50,24,775,23.0,29.0,1,0.258874
binary,5,5,50,24,776,17.0,25.0,1,0.316953
binary,5,5,50,24,777,6.0,0.0,1,0.123317
binary,5,5,50,24,778,22.0,23.0,1,0.245124
binary,5,5,50,24,779,10.0,16.0,1,0.326269
binary,5,5,50,24,780,12.0,24.0,1,0.321528
binary,5,5,50,24,781,20.0,27.0,1,0.187783
binary,5,5,50,24,782,11.0,21.0,1,0.677202
binary,5,5,50,24,783,9.0,8.0,1,0.160518
binary,5,5,50,24,784,17.0,15.0,1,0.058956
binary,5,5,50,24,785,14.0,18.0,1,0.198385
binary,5,5,50,24,786,24.0,29.0,1,0.199253
binary,5,5,50,24,787,36.0,43.0,1,0.221194
binary,5,5,50,24,788,15.0,21.0,1,0.202708
binary,5,5,50,24,789,10.0,11.0,1,0.157676
binary,5,5,50,24,790,23.0,20.0,1,0.036688
binary,5,5,50,24,791,28.0,27.0,1,0.13996
binary,5,5,50,24,792,30.0,32.0,1,0.348893
binary,5,5,50,24,793,13.0,13.0,1,0.21161
binary,5,5,50,24,794,10.0,20.0,1,0.608579
binary,5,5,50,24,795,16.0,18.0,1,0.177356
binary,5,5,50,24,796,16.0,13.0,1,0.190396
binary,5,5,50,24,797,23.0,25.0,1,0.071376
binary,5,5,50,24,798,10.0,14.0,1,0.130918
binary,5,5,50,24,799,25.0,14.0,1,0.145944
binary,5,5,50,24,800,28.0,32.0,1,0.362007
binary,5,5,50,24,801,13.0,15.0,1,0.062632
binary,5,5,50,24,802,12.0,11.0,1,0.0963
binary,5,5,50,24,803,17.0,18.0,1,0.250695
binary,5,5,50,24,804,18.0,17.0,1,0.127877
binary,5,5,50,24,805,21.0,21.0,1,0.150465
binary,5,5,50,24,806,19.0,11.0,1,0.109726
binary,5,5,50,24,807,16.0,16.0,1,0.287442
binary,5,5,50,24,808,22.0,24.0,1,0.123541
binary,5,5,50,24,809,24.0,24.0,1,0.118691
binary,5,5,50,24,810,0.0,8.0,1,0.423847
binary,5,5,50,24,811,27.0,31.0,1,0.171273
binary,5,5,50,24,812,18.0,22.0,1,0.226633
binary,5,5,50,24,813,16.0,18.0,1,0.417148
binary,5,5,50,24,814,28.0,29.0,1,0.349076
binary,5,5,50,24,815,22.0,20.0,1,0.094622
binary,5,5,50,24,816,25.0,28.0,1,0.258195
binary,5,5,50,24,817,18.0,18.0,1,0.190708
binary,5,5,50,24,818,21.0,21.0,1,0.540372
binary,5,5,50,24,819,24.0,24.0,1,0.241351
binary,5,5,50,24,820,22.0,19.0,1,0.071073
binary,5,5,50,24,821,18.0,18.0,1,0.055005
binary,5,5,50,24,822,29.0,28.0,1,0.008157
binary,5,5,50,24,823,17.0,23.0,1,0.29435
binary,5,5,50,24,824,17.0,25.0,1,0.312797
binary,5,5,50,24,825,10.0,0.0,1,0.217367
binary,5,5,50,24,826,24.0,24.0,1,0.168471
binary,5,5,50,24,827,23.0,23.0,1,0.353753
binary,5,5,50,24,828,6.0,7.0,1,0.192115
binary,5,5,50,24,829,23.0,19.0,1,0.216842
binary,5,5,50,24,830,13.0,22.0,1,0.108618
binary,5,5,50,24,831,19.0,17.0,1,0.196977
binary,5,5,50,24,832,29.0,28.0,1,0.07687
binary,5,5,50,24,833,41.0,41.0,1,0.565425
binary,5,5,50,24,834,26.0,22.0,1,0.172604
binary,5,5,50,24,835,11.0,18.0,1,0.153071
binary,5,5,50,24,836,36.0,34.0,1,0.192525
binary,5,5,50,24,837,27.0,27.0,1,0.078624
binary,5,5,50,24,838,28.0,28.0,1,0.047924
binary,5,5,50,24,839,23.0,23.0,1,0.081991
binary,5,5,50,24,840,6.0,7.0,1,0.270594
binary,5,5,50,24,841,24.0,20.0,1,0.138364
binary,5,5,50,24,842,27.0,26.0,1,0.353715
binary,5,5,50,24,843,23.0,30.0,1,0.953035
binary,5,5,50,24,844,17.0,11.0,0,0.0
binary,5,5,50,24,845,16.0,17.0,1,0.250747
binary,5,5,50,24,846,16.0,14.0,1,0.133732
binary,5,5,50,24,847,12.0,14.0,1,0.439513
binary,5,5,50,24,848,30.0,29.0,1,0.416709
binary,5,5,50,24,849,17.0,18.0,1,0.1746
binary,5,5,50,24,850,7.0,25.0,1,0.124849
binary,5,5,50,24,851,0.0,6.0,1,0.122519
binary,5,5,50,24,852,27.0,22.0,1,0.193293
binary,5,5,50,24,853,18.0,18.0,1,0.310965
binary,5,5,50,24,854,21.0,25.0,1,0.218638
binary,5,5,50,24,855,24.0,22.0,1,0.239117
binary,5,5,50,24,856,7.0,13.0,1,0.18629
binary,5,5,50,24,857,11.0,10.0,1,0.238876
binary,5,5,50,24,858,19.0,18.0,1,0.151639
binary,5,5,50,24,859,16.0,10.0,1,0.220255
binary,5,5,50,24,860,24.0,24.0,1,0.243236
binary,5,5,50,24,861,29.0,26.0,1,0.117789
binary,5,5,50,24,862,19.0,19.0,1,0.143862
binary,5,5,50,24,863,11.0,16.0,1,0.193165
binary,5,5,50,24,864,28.0,30.0,1,0.259097
binary,5,5,50,24,865,22.0,19.0,1,0.488775
binary,5,5,50,24,866,15.0,8.0,1,0.051898
binary,5,5,50,24,867,18.0,11.0,1,0.382674
binary,5,5,50,24,868,21.0,21.0,1,0.190047
binary,5,5,50,24,869,24.0,24.0,1,0.060055
binary,5,5,50,24,870,21.0,20.0,1,0.137546
binary,5,5,50,24,871,19.0,16.0,1,0.135006
binary,5,5,50,24,872,19.0,17.0,1,0.05676
binary,5,5,50,24,873,21.0,22.0,1,0.18001
binary,5,5,50,24,874,32.0,33.0,1,0.143902
binary,5,5,50,24,875,29.0,29.0,1,0.045681
binary,5,5,50,24,876,21.0,23.0,1,0.213208
binary,5,5,50,24,877,20.0,23.0,1,0.23268
binary,5,5,50,24,878,27.0,28.0,1,0.192257
binary,5,5,50,24,879,16.0,18.0,1,0.129257
binary,5,5,50,24,880,22.0,22.0,1,0.19781
binary,5,5,50,24,881,13.0,10.0,1,0.327918
binary,5,5,50,24,882,17.0,16.0,1,0.138256
binary,5,5,50,24,883,22.0,20.0,1,0.57321
binary,5,5,50,24,884,10.0,16.0,1,0.199006
binary,5,5,50,24,885,30.0,33.0,1,0.277719
binary,5,5,50,24,886,7.0,8.0,1,0.226938
binary,5,5,50,24,887,16.0,12.0,1,0.118164
binary,5,5,50,24,888,35.0,37.0,1,0.195859
binary,5,5,50,24,889,37.0,35.0,1,0.251646
binary,5,5,50,24,890,38.0,38.0,1,0.299002
binary,5,5,50,24,891,0.0,9.0,1,0.171466
binary,5,5,50,24,892,16.0,17.0,1,0.136737
binary,5,5,50,24,893,13.0,10.0,1,0.235131
binary,5,5,50,24,894,38.0,42.0,0,0.0
binary,5,5,50,24,895,34.0,34.0,1,0.20283
binary,5,5,50,24,896,30.0,31.0,1,0.488602
binary,5,5,50,24,897,22.0,20.0,1,0.249205
binary,5,5,50,24,898,28.0,29.0,1,0.160029
binary,5,5,50,24,899,9.0,8.0,1,0.218674
binary,5,5,50,24,900,27.0,20.0,1,0.407094
binary,5,5,50,24,901,8.0,13.0,1,0.171744
binary,5,5,50,24,902,15.0,15.0,1,0.201537
binary,5,5,50,24,903,19.0,11.0,1,0.405563
binary,5,5,50,24,904,40.0,38.0,1,0.253541
binary,5,5,50,24,905,24.0,9.0,1,0.161092
binary,5,5,50,24,906,13.0,14.0,1,0.04305
binary,5,5,50,24,907,18.0,18.0,1,0.049989
binary,5,5,50,24,908,20.0,16.0,1,0.317982
binary,5,5,50,24,909,20.0,6.0,1,0.178219
binary,5,5,50,24,910,18.0,10.0,1,0.249589
binary,5,5,50,24,911,41.0,40.0,0,0.0
binary,5,5,50,24,912,26.0,20.0,1,0.269005
binary,5,5,50,24,913,26.0,26.0,1,0.222494
binary,5,5,50,24,914,13.0,17.0,1,0.317802
binary,5,5,50,24,915,19.0,21.0,1,0.215205
binary,5,5,50,24,916,17.0,16.0,1,0.072515
binary,5,5,50,24,917,24.0,24.0,1,0.194865
binary,5,5,50,24,918,27.0,25.0,1,0.153758
binary,5,5,50,24,919,38.0,36.0,1,0.004434
binary,5,5,50,24,920,24.0,19.0,1,0.338647
binary,5,5,50,24,921,33.0,28.0,1,0.364265
binary,5,5,50,24,922,17.0,22.0,1,0.143584
binary,5,5,50,24,923,17.0,11.0,1,0.208207
binary,5,5,50,24,924,20.0,19.0,1,0.389017
binary,5,5,50,24,925,17.0,17.0,1,0.085145
binary,5,5,50,24,926,40.0,40.0,1,0.293508
binary,5,5,50,24,927,14.0,14.0,1,0.036239
binary,5,5,50,24,928,23.0,28.0,1,0.198061
binary,5,5,50,24,929,24.0,24.0,1,0.123498
binary,5,5,50,24,930,15.0,14.0,1,0.240347
binary,5,5,50,24,931,28.0,29.0,1,0.149973
binary,5,5,50,24,932,8.0,9.0,0,0.0
binary,5,5,50,24,933,16.0,16.0,1,0.25516
binary,5,5,50,24,934,31.0,30.0,1,0.043071
binary,5,5,50,24,935,21.0,21.0,1,0.289529
binary,5,5,50,24,936,20.0,27.0,1,0.117447
binary,5,5,50,24,937,12.0,10.0,1,0.169307
binary,5,5,50,24,938,23.0,18.0,1,0.19801
binary,5,5,50,24,939,6.0,10.0,1,0.257661
binary,5,5,50,24,940,17.0,8.0,1,0.153099
binary,5,5,50,24,941,34.0,32.0,1,0.165773
binary,5,5,50,24,942,28.0,27.0,1,0.378525
binary,5,5,50,24,943,20.0,23.0,1,0.11053
binary,5,5,50,24,944,18.0,21.0,1,0.080782
binary,5,5,50,24,945,26.0,31.0,1,0.195184
binary,5,5,50,24,946,26.0,35.0,1,0.256232
binary,5,5,50,24,947,18.0,18.0,1,0.019792
binary,5,5,50,24,948,12.0,26.0,1,0.069213
binary,5,5,50,24,949,40.0,40.0,1,0.104792
binary,5,5,50,24,950,33.0,33.0,1,0.128387
binary,5,5,50,24,951,20.0,21.0,1,0.068064
binary,5,5,50,24,952,0.0,8.0,1,0.219337
binary,5,5,50,24,953,7.0,23.0,1,0.188445
binary,5,5,50,24,954,12.0,8.0,1,0.300835
binary,5,5,50,24,955,30.0,29.0,1,0.126637
binary,5,5,50,24,956,30.0,33.0,1,0.182078
binary,5,5,50,24,957,14.0,18.0,1,0.167433
binary,5,5,50,24,958,19.0,21.0,1,0.268113
binary,5,5,50,24,959,31.0,30.0,1,0.194498
binary,5,5,50,24,960,7.0,6.0,1,0.333787
binary,5,5,50,24,961,0.0,12.0,1,0.309681
binary,5,5,50,24,962,20.0,21.0,1,0.140382
binary,5,5,50,24,963,32.0,32.0,1,9e-06
binary,5,5,50,24,964,16.0,23.0,1,0.365303
binary,5,5,50,24,965,36.0,34.0,1,0.167176
binary,5,5,50,24,966,19.0,18.0,1,0.135061
binary,5,5,50,24,967,33.0,33.0,1,0.063317
binary,5,5,50,24,968,25.0,19.0,1,0.436286
binary,5,5,50,24,969,11.0,13.0,1,0.151754
binary,5,5,50,24,970,13.0,18.0,1,0.08376
binary,5,5,50,24,971,23.0,26.0,1,0.081262
binary,5,5,50,24,972,19.0,14.0,1,0.114805
binary,5,5,50,24,973,27.0,31.0,1,0.121883
binary,5,5,50,24,974,32.0,32.0,1,0.200577
binary,5,5,50,24,975,18.0,24.0,1,0.132884
binary,5,5,50,24,976,22.0,24.0,1,0.067166
binary,5,5,50,24,977,6.0,14.0,1,0.139888
binary,5,5,50,24,978,16.0,15.0,1,0.461509
binary,5,5,50,24,979,12.0,12.0,1,0.067007
binary,5,5,50,24,980,31.0,37.0,1,0.217085
binary,5,5,50,24,981,0.0,8.0,1,0.124444
binary,5,5,50,24,982,7.0,6.0,1,0.257963
binary,5,5,50,24,983,23.0,24.0,1,0.281234
binary,5,5,50,24,984,29.0,17.0,1,0.020901
binary,5,5,50,24,985,13.0,18.0,1,0.169045
binary,5,5,50,24,986,36.0,29.0,1,0.177707
binary,5,5,50,24,987,37.0,37.0,1,0.322309
binary,5,5,50,24,988,33.0,34.0,1,0.472167
binary,5,5,50,24,989,16.0,22.0,1,0.149657
binary,5,5,50,24,990,24.0,24.0,1,0.211224
binary,5,5,50,24,991,26.0,24.0,1,0.10417
binary,5,5,50,24,992,19.0,20.0,1,0.11239
binary,5,5,50,24,993,7.0,0.0,1,0.3281
binary,5,5,50,24,994,24.0,24.0,1,0.163174
binary,5,5,50,24,995,17.0,13.0,1,0.151402
binary,5,5,50,24,996,15.0,12.0,1,0.505491
binary,5,5,50,24,997,11.0,10.0,1,0.415754
binary,5,5,50,24,998,31.0,32.0,1,0.094674
binary,5,5,50,24,999,20.0,20.0,1,0.265816
binary,3,5,50,24,0,14.0,20.0,1,0.119867
binary,3,5,50,24,1,23.0,24.0,1,0.148918
binary,3,5,50,24,2,24.0,24.0,1,0.009732
binary,3,5,50,24,3,20.0,20.0,0,0.0
binary,3,5,50,24,4,14.0,16.0,1,0.029634
binary,3,5,50,24,5,21.0,21.0,0,0.0
binary,3,5,50,24,6,37.0,31.0,1,0.044539
binary,3,5,50,24,7,13.0,6.0,1,0.071201
binary,3,5,50,24,8,29.0,29.0,0,0.0
binary,3,5,50,24,9,32.0,28.0,0,0.0
binary,3,5,50,24,10,8.0,13.0,0,0.0
binary,3,5,50,24,11,26.0,26.0,1,0.021119
binary,3,5,50,24,12,5.0,10.0,0,0.0
binary,3,5,50,24,13,32.0,31.0,1,0.243904
binary,3,5,50,24,14,12.0,6.0,1,0.164559
binary,3,5,50,24,15,33.0,33.0,1,0.022741
binary,3,5,50,24,16,32.0,32.0,0,0.0
binary,3,5,50,24,17,27.0,27.0,1,0.308891
binary,3,5,50,24,18,15.0,22.0,1,0.213938
binary,3,5,50,24,19,23.0,21.0,0,0.0
binary,3,5,50,24,20,15.0,13.0,1,0.165546
binary,3,5,50,24,21,22.0,16.0,1,0.063796
binary,3,5,50,24,22,16.0,16.0,0,0.0
binary,3,5,50,24,23,17.0,15.0,1,0.006229
binary,3,5,50,24,24,13.0,9.0,1,0.015104
binary,3,5,50,24,25,28.0,29.0,1,0.140975
binary,3,5,50,24,26,16.0,21.0,1,0.042582
binary,3,5,50,24,27,25.0,25.0,1,0.015723
binary,3,5,50,24,28,29.0,31.0,0,0.0
binary,3,5,50,24,29,27.0,28.0,1,0.24541
binary,3,5,50,24,30,30.0,28.0,1,0.187133
binary,3,5,50,24,31,27.0,27.0,0,0.0
binary,3,5,50,24,32,20.0,14.0,1,0.000744
binary,3,5,50,24,33,30.0,24.0,1,0.429831
binary,3,5,50,24,34,9.0,20.0,1,0.035359
binary,3,5,50,24,35,13.0,13.0,0,0.0
binary,3,5,50,24,36,16.0,16.0,1,0.109874
binary,3,5,50,24,37,7.0,6.0,1,0.007481
binary,3,5,50,24,38,21.0,19.0,1,0.099674
binary,3,5,50,24,39,20.0,19.0,0,0.0
binary,3,5,50,24,40,32.0,29.0,0,0.0
binary,3,5,50,24,41,22.0,23.0,0,0.0
binary,3,5,50,24,42,20.0,14.0,0,0.0
binary,3,5,50,24,43,16.0,22.0,1,0.024169
binary,3,5,50,24,44,23.0,23.0,0,0.0
binary,3,5,50,24,45,19.0,19.0,0,0.0
binary,3,5,50,24,46,26.0,22.0,1,0.258246
binary,3,5,50,24,47,0.0,6.0,1,0.037005
binary,3,5,50,24,48,17.0,16.0,0,0.0
binary,3,5,50,24,49,21.0,21.0,1,0.109315
binary,3,5,50,24,50,21.0,21.0,0,0.0
binary,3,5,50,24,51,24.0,23.0,1,0.161936
binary,3,5,50,24,52,21.0,21.0,0,0.0
binary,3,5,50,24,53,19.0,21.0,1,0.320359
binary,3,5,50,24,54,23.0,24.0,1,0.061321
binary,3,5,50,24,55,17.0,22.0,0,0.0
binary,3,5,50,24,56,29.0,29.0,1,0.167966
binary,3,5,50,24,57,16.0,16.0,0,0.0
binary,3,5,50,24,58,14.0,12.0,1,0.350249
binary,3,5,50,24,59,7.0,14.0,1,0.448613
binary,3,5,50,24,60,17.0,12.0,1,0.003125
binary,3,5,50,24,61,12.0,12.0,1,0.06192
binary,3,5,50,24,62,20.0,24.0,1,0.382811
binary,3,5,50,24,63,27.0,28.0,1,0.02538
binary,3,5,50,24,64,24.0,29.0,1,0.296181
binary,3,5,50,24,65,22.0,21.0,0,0.0
binary,3,5,50,24,66,29.0,29.0,1,0.282286
binary,3,5,50,24,67,21.0,16.0,0,0.0
binary,3,5,50,24,68,7.0,0.0,1,0.2465
binary,3,5,50,24,69,8.0,7.0,1,0.238816
binary,3,5,50,24,70,28.0,27.0,1,0.150398
binary,3,5,50,24,71,26.0,28.0,1,0.018315
binary,3,5,50,24,72,34.0,34.0,1,0.041041
binary,3,5,50,24,73,22.0,21.0,1,0.32111
binary,3,5,50,24,74,17.0,17.0,0,0.0
binary,3,5,50,24,75,19.0,12.0,1,0.317957
binary,3,5,50,24,76,6.0,6.0,1,0.02227
binary,3,5,50,24,77,20.0,20.0,1,0.109176
binary,3,5,50,24,78,24.0,15.0,1,0.157847
binary,3,5,50,24,79,23.0,23.0,1,0.180684
binary,3,5,50,24,80,20.0,15.0,0,0.0
binary,3,5,50,24,81,6.0,12.0,0,0.0
binary,3,5,50,24,82,30.0,30.0,0,0.0
binary,3,5,50,24,83,20.0,20.0,0,0.0
binary,3,5,50,24,84,11.0,12.0,1,0.027001
binary,3,5,50,24,85,15.0,15.0,0,0.0
binary,3,5,50,24,86,21.0,24.0,1,0.174292
binary,3,5,50,24,87,19.0,19.0,0,0.0
binary,3,5,50,24,88,25.0,18.0,1,0.047956
binary,3,5,50,24,89,18.0,19.0,1,0.058601
binary,3,5,50,24,90,20.0,20.0,0,0.0
binary,3,5,50,24,91,14.0,14.0,0,0.0
binary,3,5,50,24,92,14.0,21.0,1,0.246434
binary,3,5,50,24,93,13.0,8.0,0,0.0
binary,3,5,50,24,94,26.0,27.0,1,0.158444
binary,3,5,50,24,95,29.0,30.0,0,0.0
binary,3,5,50,24,96,23.0,24.0,1,0.015578
binary,3,5,50,24,97,13.0,14.0,1,0.060835
binary,3,5,50,24,98,13.0,19.0,1,0.691162
binary,3,5,50,24,99,24.0,24.0,0,0.0
binary,3,5,50,24,100,23.0,26.0,0,0.0
binary,3,5,50,24,101,21.0,22.0,1,0.014317
binary,3,5,50,24,102,19.0,18.0,1,0.101992
binary,3,5,50,24,103,19.0,20.0,0,0.0
binary,3,5,50,24,104,25.0,25.0,1,0.470636
binary,3,5,50,24,105,13.0,14.0,1,0.161125
binary,3,5,50,24,106,32.0,32.0,0,0.0
binary,3,5,50,24,107,14.0,16.0,1,0.303749
binary,3,5,50,24,108,16.0,14.0,0,0.0
binary,3,5,50,24,109,31.0,31.0,0,0.0
binary,3,5,50,24,110,24.0,24.0,0,0.0
binary,3,5,50,24,111,14.0,14.0,1,0.060546
binary,3,5,50,24,112,6.0,6.0,0,0.0
binary,3,5,50,24,113,20.0,24.0,1,0.114459
binary,3,5,50,24,114,21.0,20.0,1,0.046992
binary,3,5,50,24,115,26.0,21.0,1,0.310975
binary,3,5,50,24,116,21.0,20.0,0,0.0
binary,3,5,50,24,117,16.0,14.0,1,0.182312
binary,3,5,50,24,118,12.0,13.0,0,0.0
binary,3,5,50,24,119,23.0,23.0,0,0.0
binary,3,5,50,24,120,15.0,14.0,0,0.0
binary,3,5,50,24,121,26.0,28.0,1,0.501712
binary,3,5,50,24,122,17.0,16.0,0,0.0
binary,3,5,50,24,123,12.0,12.0,1,0.109773
binary,3,5,50,24,124,27.0,27.0,0,0.0
binary,3,5,50,24,125,15.0,15.0,1,0.140562
binary,3,5,50,24,126,28.0,28.0,1,0.003104
binary,3,5,50,24,127,19.0,19.0,1,0.42452
binary,3,5,50,24,128,24.0,24.0,0,0.0
binary,3,5,50,24,129,26.0,26.0,1,0.094675
binary,3,5,50,24,130,26.0,26.0,0,0.0
binary,3,5,50,24,131,20.0,22.0,1,0.048492
binary,3,5,50,24,132,5.0,14.0,0,0.0
binary,3,5,50,24,133,18.0,16.0,1,0.026093
binary,3,5,50,24,134,37.0,38.0,1,0.169047
binary,3,5,50,24,135,7.0,8.0,1,0.101227
binary,3,5,50,24,136,26.0,28.0,0,0.0
binary,3,5,50,24,137,22.0,23.0,0,0.0
binary,3,5,50,24,138,34.0,34.0,0,0.0
binary,3,5,50,24,139,14.0,14.0,0,0.0
binary,3,5,50,24,140,21.0,20.0,1,0.076857
binary,3,5,50,24,141,19.0,14.0,0,0.0
binary,3,5,50,24,142,28.0,28.0,0,0.0
binary,3,5,50,24,143,12.0,12.0,0,0.0
binary,3,5,50,24,144,23.0,23.0,0,0.0
binary,3,5,50,24,145,25.0,25.0,1,0.264777
binary,3,5,50,24,146,7.0,7.0,0,0.0
binary,3,5,50,24,147,24.0,24.0,1,0.174449
binary,3,5,50,24,148,13.0,14.0,0,0.0
binary,3,5,50,24,149,23.0,17.0,1,0.269044
binary,3,5,50,24,150,16.0,9.0,1,0.371143
binary,3,5,50,24,151,30.0,30.0,1,0.040135
binary,3,5,50,24,152,30.0,29.0,0,0.0
binary,3,5,50,24,153,26.0,26.0,1,0.255089
binary,3,5,50,24,154,32.0,32.0,1,0.140551
binary,3,5,50,24,155,7.0,7.0,1,0.237719
binary,3,5,50,24,156,22.0,21.0,1,0.08076
binary,3,5,50,24,157,8.0,8.0,1,0.166744
binary,3,5,50,24,158,25.0,18.0,1,0.052513
binary,3,5,50,24,159,23.0,29.0,1,0.022325
binary,3,5,50,24,160,10.0,17.0,1,0.243316
binary,3,5,50,24,161,20.0,21.0,1,0.070568
binary,3,5,50,24,162,21.0,20.0,1,0.077934
binary,3,5,50,24,163,13.0,15.0,1,0.40134
binary,3,5,50,24,164,9.0,17.0,0,0.0
binary,3,5,50,24,165,17.0,17.0,0,0.0
binary,3,5,50,24,166,20.0,20.0,0,0.0
binary,3,5,50,24,167,7.0,9.0,1,0.224475
binary,3,5,50,24,168,23.0,23.0,0,0.0
binary,3,5,50,24,169,22.0,23.0,0,0.0
binary,3,5,50,24,170,31.0,31.0,0,0.0
binary,3,5,50,24,171,27.0,27.0,1,0.182137
binary,3,5,50,24,172,27.0,27.0,0,0.0
binary,3,5,50,24,173,29.0,23.0,0,0.0
binary,3,5,50,24,174,23.0,23.0,1,0.241401
binary,3,5,50,24,175,33.0,29.0,1,0.041555
binary,3,5,50,24,176,29.0,22.0,0,0.0
binary,3,5,50,24,177,15.0,20.0,1,0.004467
binary,3,5,50,24,178,11.0,17.0,1,0.035732
binary,3,5,50,24,179,13.0,12.0,1,0.020886
binary,3,5,50,24,180,23.0,16.0,0,0.0
binary,3,5,50,24,181,14.0,13.0,1,0.059365
binary,3,5,50,24,182,27.0,26.0,0,0.0
binary,3,5,50,24,183,28.0,28.0,0,0.0
binary,3,5,50,24,184,22.0,21.0,1,0.161169
binary,3,5,50,24,185,27.0,28.0,1,0.158945
binary,3,5,50,24,186,13.0,7.0,0,0.0
binary,3,5,50,24,187,28.0,30.0,1,0.35602
binary,3,5,50,24,188,21.0,22.0,1,0.219027
binary,3,5,50,24,189,6.0,10.0,1,0.150633
binary,3,5,50,24,190,30.0,30.0,0,0.0
binary,3,5,50,24,191,37.0,35.0,0,0.0
binary,3,5,50,24,192,30.0,31.0,1,0.02463
binary,3,5,50,24,193,23.0,22.0,0,0.0
binary,3,5,50,24,194,20.0,15.0,0,0.0
binary,3,5,50,24,195,12.0,12.0,0,0.0
binary,3,5,50,24,196,8.0,16.0,1,0.188769
binary,3,5,50,24,197,12.0,12.0,1,0.295905
binary,3,5,50,24,198,31.0,31.0,0,0.0
binary,3,5,50,24,199,26.0,27.0,1,0.300466
binary,3,5,50,24,200,14.0,19.0,1,0.166299
binary,3,5,50,24,201,31.0,34.0,0,0.0
binary,3,5,50,24,202,22.0,22.0,0,0.0
binary,3,5,50,24,203,21.0,27.0,1,0.001246
binary,3,5,50,24,204,26.0,26.0,1,0.113847
binary,3,5,50,24,205,15.0,8.0,1,0.718168
binary,3,5,50,24,206,32.0,32.0,0,0.0
binary,3,5,50,24,207,30.0,30.0,0,0.0
binary,3,5,50,24,208,12.0,13.0,1,0.150847
binary,3,5,50,24,209,15.0,19.0,1,0.222437
binary,3,5,50,24,210,29.0,29.0,1,0.151878
binary,3,5,50,24,211,6.0,6.0,0,0.0
binary,3,5,50,24,212,24.0,26.0,1,0.139759
binary,3,5,50,24,213,6.0,6.0,1,0.113582
binary,3,5,50,24,214,22.0,22.0,0,0.0
binary,3,5,50,24,215,12.0,14.0,0,0.0
binary,3,5,50,24,216,21.0,21.0,1,0.357628
binary,3,5,50,24,217,8.0,9.0,1,0.283014
binary,3,5,50,24,218,16.0,16.0,1,0.200614
binary,3,5,50,24,219,23.0,23.0,1,0.017572
binary,3,5,50,24,220,22.0,22.0,1,0.07692
binary,3,5,50,24,221,13.0,7.0,1,0.14164
binary,3,5,50,24,222,21.0,22.0,0,0.0
binary,3,5,50,24,223,15.0,20.0,0,0.0
binary,3,5,50,24,224,20.0,20.0,1,0.090678
binary,3,5,50,24,225,15.0,13.0,1,0.131997
binary,3,5,50,24,226,8.0,13.0,1,0.031093
binary,3,5,50,24,227,23.0,23.0,1,0.152304
binary,3,5,50,24,228,20.0,20.0,0,0.0
binary,3,5,50,24,229,18.0,20.0,1,0.015442
binary,3,5,50,24,230,27.0,23.0,0,0.0
binary,3,5,50,24,231,25.0,26.0,1,0.372863
binary,3,5,50,24,232,17.0,13.0,1,0.290614
binary,3,5,50,24,233,18.0,19.0,1,0.270278
binary,3,5,50,24,234,6.0,13.0,1,0.074988
binary,3,5,50,24,235,13.0,13.0,0,0.0
binary,3,5,50,24,236,14.0,14.0,0,0.0
binary,3,5,50,24,237,20.0,21.0,0,0.0
binary,3,5,50,24,238,16.0,14.0,1,0.080662
binary,3,5,50,24,239,30.0,30.0,0,0.0
binary,3,5,50,24,240,18.0,17.0,1,0.13256
binary,3,5,50,24,241,13.0,13.0,0,0.0
binary,3,5,50,24,242,29.0,29.0,1,0.175554
binary,3,5,50,24,243,19.0,19.0,1,0.044825
binary,3,5,50,24,244,27.0,27.0,1,0.156585
binary,3,5,50,24,245,13.0,19.0,1,0.052533
binary,3,5,50,24,246,6.0,14.0,1,0.146058
binary,3,5,50,24,247,24.0,24.0,1,0.152587
binary,3,5,50,24,248,15.0,17.0,1,0.258624
binary,3,5,50,24,249,22.0,24.0,1,0.068464
binary,3,5,50,24,250,9.0,6.0,1,0.200376
binary,3,5,50,24,251,28.0,28.0,1,0.161705
binary,3,5,50,24,252,15.0,14.0,1,0.075032
binary,3,5,50,24,253,7.0,12.0,1,0.066987
binary,3,5,50,24,254,16.0,21.0,1,0.003897
binary,3,5,50,24,255,15.0,15.0,1,0.010976
binary,3,5,50,24,256,26.0,26.0,1,0.065539
binary,3,5,50,24,257,30.0,29.0,1,0.19938
binary,3,5,50,24,258,26.0,25.0,1,0.275876
binary,3,5,50,24,259,0.0,9.0,1,0.182169
binary,3,5,50,24,260,14.0,8.0,0,0.0
binary,3,5,50,24,261,28.0,26.0,0,0.0
binary,3,5,50,24,262,8.0,9.0,1,0.239217
binary,3,5,50,24,263,19.0,19.0,0,0.0
binary,3,5,50,24,264,26.0,26.0,0,0.0
binary,3,5,50,24,265,24.0,24.0,1,0.097255
binary,3,5,50,24,266,28.0,20.0,0,0.0
binary,3,5,50,24,267,21.0,22.0,0,0.0
binary,3,5,50,24,268,14.0,20.0,1,0.077127
binary,3,5,50,24,269,16.0,16.0,1,0.133719
binary,3,5,50,24,270,23.0,22.0,1,0.169813
binary,3,5,50,24,271,12.0,14.0,0,0.0
binary,3,5,50,24,272,22.0,22.0,0,0.0
binary,3,5,50,24,273,26.0,23.0,1,0.129271
binary,3,5,50,24,274,14.0,15.0,1,0.163657
binary,3,5,50,24,275,28.0,29.0,1,0.140123
binary,3,5,50,24,276,28.0,29.0,0,0.0
binary,3,5,50,24,277,29.0,29.0,0,0.0
binary,3,5,50,24,278,22.0,15.0,0,0.0
binary,3,5,50,24,279,18.0,18.0,1,0.334366
binary,3,5,50,24,280,15.0,22.0,0,0.0
binary,3,5,50,24,281,28.0,28.0,0,0.0
binary,3,5,50,24,282,20.0,20.0,0,0.0
binary,3,5,50,24,283,23.0,25.0,1,0.056807
binary,3,5,50,24,284,14.0,14.0,1,0.183716
binary,3,5,50,24,285,26.0,26.0,1,0.430756
binary,3,5,50,24,286,13.0,14.0,1,0.017329
binary,3,5,50,24,287,15.0,23.0,0,0.0
binary,3,5,50,24,288,32.0,30.0,1,0.054383
binary,3,5,50,24,289,33.0,33.0,0,0.0
binary,3,5,50,24,290,9.0,15.0,0,0.0
binary,3,5,50,24,291,14.0,14.0,0,0.0
binary,3,5,50,24,292,14.0,14.0,1,0.021834
binary,3,5,50,24,293,5.0,6.0,0,0.0
binary,3,5,50,24,294,28.0,28.0,0,0.0
binary,3,5,50,24,295,29.0,28.0,1,0.194658
binary,3,5,50,24,296,17.0,15.0,0,0.0
binary,3,5,50,24,297,9.0,9.0,1,0.259685
binary,3,5,50,24,298,5.0,6.0,1,0.018584
binary,3,5,50,24,299,34.0,34.0,1,0.002106
binary,3,5,50,24,300,21.0,23.0,1,0.060206
binary,3,5,50,24,301,17.0,19.0,0,0.0
binary,3,5,50,24,302,22.0,22.0,1,0.001711
binary,3,5,50,24,303,21.0,20.0,1,0.171731
binary,3,5,50,24,304,13.0,8.0,1,0.455038
binary,3,5,50,24,305,6.0,10.0,1,0.161327
binary,3,5,50,24,306,30.0,28.0,1,0.123951
binary,3,5,50,24,307,20.0,20.0,1,0.194682
binary,3,5,50,24,308,8.0,7.0,1,0.039603
binary,3,5,50,24,309,17.0,13.0,1,0.295162
binary,3,5,50,24,310,29.0,29.0,1,0.142124
binary,3,5,50,24,311,22.0,16.0,1,0.098626
binary,3,5,50,24,312,28.0,28.0,0,0.0
binary,3,5,50,24,313,21.0,22.0,1,0.002787
binary,3,5,50,24,314,25.0,27.0,1,0.037491
binary,3,5,50,24,315,12.0,8.0,1,0.236521
binary,3,5,50,24,316,12.0,12.0,0,0.0
binary,3,5,50,24,317,19.0,12.0,1,0.01617
binary,3,5,50,24,318,24.0,24.0,0,0.0
binary,3,5,50,24,319,11.0,12.0,0,0.0
binary,3,5,50,24,320,24.0,24.0,1,0.009016
binary,3,5,50,24,321,8.0,9.0,1,0.332737
binary,3,5,50,24,322,14.0,16.0,1,0.136795
binary,3,5,50,24,323,27.0,28.0,1,0.004527
binary,3,5,50,24,324,23.0,23.0,0,0.0
binary,3,5,50,24,325,24.0,26.0,1,0.165596
binary,3,5,50,24,326,30.0,32.0,1,0.532953
binary,3,5,50,24,327,28.0,29.0,1,0.433079
binary,3,5,50,24,328,28.0,27.0,1,0.00625
binary,3,5,50,24,329,25.0,25.0,0,0.0
binary,3,5,50,24,330,19.0,18.0,1,0.037762
binary,3,5,50,24,331,27.0,27.0,0,0.0
binary,3,5,50,24,332,24.0,24.0,1,0.125766
binary,3,5,50,24,333,28.0,28.0,0,0.0
binary,3,5,50,24,334,15.0,16.0,1,0.220688
binary,3,5,50,24,335,18.0,22.0,0,0.0
binary,3,5,50,24,336,29.0,29.0,1,0.349423
binary,3,5,50,24,337,9.0,14.0,1,0.072327
binary,3,5,50,24,338,15.0,21.0,1,0.174849
binary,3,5,50,24,339,19.0,19.0,1,0.162928
binary,3,5,50,24,340,0.0,13.0,0,0.0
binary,3,5,50,24,341,21.0,26.0,1,0.05094
binary,3,5,50,24,342,22.0,22.0,0,0.0
binary,3,5,50,24,343,17.0,17.0,1,0.038213
binary,3,5,50,24,344,26.0,26.0,1,0.025163
binary,3,5,50,24,345,20.0,26.0,1,0.132985
binary,3,5,50,24,346,31.0,31.0,1,0.103083
binary,3,5,50,24,347,14.0,14.0,1,0.029058
binary,3,5,50,24,348,33.0,27.0,1,0.216261
binary,3,5,50,24,349,22.0,23.0,1,0.334694
binary,3,5,50,24,350,19.0,21.0,1,0.077447
binary,3,5,50,24,351,21.0,21.0,1,0.216493
binary,3,5,50,24,352,13.0,15.0,1,0.297475
binary,3,5,50,24,353,32.0,32.0,0,0.0
binary,3,5,50,24,354,18.0,20.0,1,0.211594
binary,3,5,50,24,355,24.0,29.0,1,0.193282
binary,3,5,50,24,356,19.0,18.0,0,0.0
binary,3,5,50,24,357,31.0,31.0,0,0.0
binary,3,5,50,24,358,23.0,25.0,1,0.073047
binary,3,5,50,24,359,21.0,21.0,1,0.084271
binary,3,5,50,24,360,30.0,30.0,1,0.256366
binary,3,5,50,24,361,12.0,11.0,1,0.025821
binary,3,5,50,24,362,14.0,14.0,0,0.0
binary,3,5,50,24,363,24.0,24.0,0,0.0
binary,3,5,50,24,364,28.0,28.0,0,0.0
binary,3,5,50,24,365,18.0,18.0,0,0.0
binary,3,5,50,24,366,22.0,22.0,1,0.214542
binary,3,5,50,24,367,8.0,7.0,1,0.004909
binary,3,5,50,24,368,38.0,38.0,0,0.0
binary,3,5,50,24,369,26.0,22.0,1,0.140111
binary,3,5,50,24,370,22.0,21.0,0,0.0
binary,3,5,50,24,371,18.0,19.0,1,0.290144
binary,3,5,50,24,372,15.0,7.0,1,0.417092
binary,3,5,50,24,373,14.0,14.0,1,0.251082
binary,3,5,50,24,374,25.0,25.0,0,0.0
binary,3,5,50,24,375,24.0,24.0,0,0.0
binary,3,5,50,24,376,21.0,20.0,0,0.0
binary,3,5,50,24,377,15.0,22.0,1,0.166111
binary,3,5,50,24,378,24.0,24.0,0,0.0
binary,3,5,50,24,379,19.0,19.0,1,0.001748
binary,3,5,50,24,380,13.0,13.0,0,0.0
binary,3,5,50,24,381,12.0,12.0,0,0.0
binary,3,5,50,24,382,27.0,27.0,1,0.085553
binary,3,5,50,24,383,17.0,16.0,1,0.087183
binary,3,5,50,24,384,10.0,11.0,1,0.131575
binary,3,5,50,24,385,30.0,30.0,1,0.012392
binary,3,5,50,24,386,36.0,36.0,0,0.0
binary,3,5,50,24,387,25.0,25.0,1,0.317615
binary,3,5,50,24,388,8.0,12.0,1,0.005981
binary,3,5,50,24,389,29.0,29.0,0,0.0
binary,3,5,50,24,390,6.0,14.0,1,0.068736
binary,3,5,50,24,391,30.0,30.0,1,0.124069
binary,3,5,50,24,392,35.0,35.0,1,0.205644
binary,3,5,50,24,393,9.0,7.0,1,0.078277
binary,3,5,50,24,394,13.0,15.0,0,0.0
binary,3,5,50,24,395,22.0,27.0,1,0.17662
binary,3,5,50,24,396,14.0,16.0,1,0.057705
binary,3,5,50,24,397,14.0,20.0,1,0.274796
binary,3,5,50,24,398,30.0,31.0,0,0.0
binary,3,5,50,24,399,19.0,20.0,1,0.172818
binary,3,5,50,24,400,22.0,22.0,0,0.0
binary,3,5,50,24,401,6.0,12.0,1,0.004027
binary,3,5,50,24,402,12.0,12.0,0,0.0
binary,3,5,50,24,403,13.0,13.0,0,0.0
binary,3,5,50,24,404,22.0,21.0,1,0.069467
binary,3,5,50,24,405,35.0,35.0,1,0.09847
binary,3,5,50,24,406,30.0,30.0,1,0.226862
binary,3,5,50,24,407,25.0,26.0,1,0.400223
binary,3,5,50,24,408,14.0,15.0,0,0.0
binary,3,5,50,24,409,16.0,21.0,1,0.000849
binary,3,5,50,24,410,19.0,19.0,1,0.037531
binary,3,5,50,24,411,8.0,7.0,1,0.289288
binary,3,5,50,24,412,21.0,14.0,1,0.053398
binary,3,5,50,24,413,24.0,24.0,1,0.020084
binary,3,5,50,24,414,18.0,18.0,0,0.0
binary,3,5,50,24,415,16.0,21.0,0,0.0
binary,3,5,50,24,416,26.0,28.0,1,0.475968
binary,3,5,50,24,417,24.0,25.0,0,0.0
binary,3,5,50,24,418,31.0,31.0,1,0.251647
binary,3,5,50,24,419,13.0,10.0,1,0.265505
binary,3,5,50,24,420,13.0,19.0,1,0.465179
binary,3,5,50,24,421,24.0,21.0,1,0.253656
binary,3,5,50,24,422,21.0,21.0,0,0.0
binary,3,5,50,24,423,8.0,14.0,1,0.091096
binary,3,5,50,24,424,26.0,18.0,0,0.0
binary,3,5,50,24,425,16.0,13.0,1,0.078257
binary,3,5,50,24,426,16.0,16.0,0,0.0
binary,3,5,50,24,427,26.0,27.0,0,0.0
binary,3,5,50,24,428,0.0,0.0,1,0.048149
binary,3,5,50,24,429,28.0,29.0,0,0.0
binary,3,5,50,24,430,26.0,26.0,1,0.056469
binary,3,5,50,24,431,6.0,6.0,1,0.014699
binary,3,5,50,24,432,34.0,34.0,1,0.06908
binary,3,5,50,24,433,29.0,29.0,0,0.0
binary,3,5,50,24,434,28.0,30.0,1,0.49378
binary,3,5,50,24,435,20.0,26.0,1,0.020552
binary,3,5,50,24,436,17.0,18.0,1,0.030562
binary,3,5,50,24,437,29.0,29.0,0,0.0
binary,3,5,50,24,438,26.0,26.0,1,0.287231
binary,3,5,50,24,439,36.0,36.0,1,0.371401
binary,3,5,50,24,440,9.0,9.0,1,0.030754
binary,3,5,50,24,441,14.0,15.0,0,0.0
binary,3,5,50,24,442,13.0,15.0,1,0.021019
binary,3,5,50,24,443,22.0,15.0,1,0.127969
binary,3,5,50,24,444,13.0,13.0,0,0.0
binary,3,5,50,24,445,13.0,14.0,1,0.117229
binary,3,5,50,24,446,18.0,13.0,1,0.042307
binary,3,5,50,24,447,19.0,27.0,0,0.0
binary,3,5,50,24,448,14.0,14.0,0,0.0
binary,3,5,50,24,449,15.0,22.0,1,0.082891
binary,3,5,50,24,450,27.0,29.0,0,0.0
binary,3,5,50,24,451,14.0,14.0,0,0.0
binary,3,5,50,24,452,22.0,28.0,0,0.0
binary,3,5,50,24,453,21.0,21.0,0,0.0
binary,3,5,50,24,454,12.0,13.0,1,0.339492
binary,3,5,50,24,455,14.0,9.0,1,0.265536
binary,3,5,50,24,456,27.0,25.0,1,0.178555
binary,3,5,50,24,457,13.0,15.0,1,0.170848
binary,3,5,50,24,458,36.0,36.0,0,0.0
binary,3,5,50,24,459,16.0,16.0,1,0.658087
binary,3,5,50,24,460,12.0,8.0,0,0.0
binary,3,5,50,24,461,15.0,13.0,1,0.2087
binary,3,5,50,24,462,37.0,36.0,1,0.018349
binary,3,5,50,24,463,20.0,20.0,0,0.0
binary,3,5,50,24,464,22.0,18.0,1,0.071711
binary,3,5,50,24,465,22.0,14.0,0,0.0
binary,3,5,50,24,466,13.0,14.0,1,0.005338
binary,3,5,50,24,467,27.0,27.0,1,0.284802
binary,3,5,50,24,468,0.0,15.0,0,0.0
binary,3,5,50,24,469,20.0,20.0,1,0.034794
binary,3,5,50,24,470,8.0,14.0,1,0.343477
binary,3,5,50,24,471,13.0,13.0,0,0.0
binary,3,5,50,24,472,29.0,29.0,1,0.064814
binary,3,5,50,24,473,12.0,14.0,0,0.0
binary,3,5,50,24,474,30.0,29.0,1,0.040704
binary,3,5,50,24,475,26.0,26.0,1,0.084312
binary,3,5,50,24,476,27.0,28.0,1,0.092821
binary,3,5,50,24,477,23.0,23.0,1,0.02306
binary,3,5,50,24,478,19.0,19.0,1,0.168052
binary,3,5,50,24,479,26.0,21.0,0,0.0
binary,3,5,50,24,480,15.0,15.0,0,0.0
binary,3,5,50,24,481,7.0,12.0,1,0.021022
binary,3,5,50,24,482,16.0,16.0,0,0.0
binary,3,5,50,24,483,22.0,22.0,0,0.0
binary,3,5,50,24,484,22.0,15.0,1,0.147513
binary,3,5,50,24,485,25.0,25.0,0,0.0
binary,3,5,50,24,486,30.0,34.0,1,0.020765
binary,3,5,50,24,487,21.0,21.0,0,0.0
binary,3,5,50,24,488,21.0,15.0,0,0.0
binary,3,5,50,24,489,35.0,35.0,1,0.061773
binary,3,5,50,24,490,21.0,21.0,1,0.054978
binary,3,5,50,24,491,34.0,34.0,0,0.0
binary,3,5,50,24,492,15.0,15.0,0,0.0
binary,3,5,50,24,493,9.0,9.0,0,0.0
binary,3,5,50,24,494,13.0,6.0,1,0.028602
binary,3,5,50,24,495,33.0,33.0,0,0.0
binary,3,5,50,24,496,22.0,22.0,0,0.0
binary,3,5,50,24,497,23.0,23.0,0,0.0
binary,3,5,50,24,498,21.0,21.0,0,0.0
binary,3,5,50,24,499,19.0,19.0,0,0.0
binary,3,5,50,24,500,9.0,5.0,1,0.119136
binary,3,5,50,24,501,9.0,9.0,1,0.017211
binary,3,5,50,24,502,19.0,21.0,0,0.0
binary,3,5,50,24,503,15.0,15.0,1,0.043072
binary,3,5,50,24,504,23.0,23.0,0,0.0
binary,3,5,50,24,505,34.0,38.0,0,0.0
binary,3,5,50,24,506,19.0,20.0,1,0.247812
binary,3,5,50,24,507,25.0,26.0,0,0.0
binary,3,5,50,24,508,17.0,22.0,0,0.0
binary,3,5,50,24,509,29.0,31.0,1,0.006431
binary,3,5,50,24,510,15.0,9.0,0,0.0
binary,3,5,50,24,511,26.0,25.0,1,0.038115
binary,3,5,50,24,512,16.0,13.0,1,0.044844
binary,3,5,50,24,513,30.0,24.0,0,0.0
binary,3,5,50,24,514,14.0,15.0,1,0.415173
binary,3,5,50,24,515,14.0,14.0,0,0.0
binary,3,5,50,24,516,29.0,29.0,1,0.032077
binary,3,5,50,24,517,23.0,22.0,0,0.0
binary,3,5,50,24,518,16.0,16.0,1,0.572063
binary,3,5,50,24,519,31.0,31.0,1,0.117865
binary,3,5,50,24,520,31.0,31.0,1,0.042022
binary,3,5,50,24,521,29.0,28.0,0,0.0
binary,3,5,50,24,522,23.0,24.0,0,0.0
binary,3,5,50,24,523,25.0,25.0,1,0.131445
binary,3,5,50,24,524,21.0,21.0,1,0.030117
binary,3,5,50,24,525,31.0,31.0,1,0.145461
binary,3,5,50,24,526,23.0,24.0,0,0.0
binary,3,5,50,24,527,37.0,36.0,0,0.0
binary,3,5,50,24,528,21.0,14.0,1,0.096392
binary,3,5,50,24,529,27.0,22.0,0,0.0
binary,3,5,50,24,530,21.0,20.0,0,0.0
binary,3,5,50,24,531,22.0,14.0,1,0.002825
binary,3,5,50,24,532,32.0,32.0,0,0.0
binary,3,5,50,24,533,30.0,29.0,1,0.346744
binary,3,5,50,24,534,16.0,26.0,1,0.356342
binary,3,5,50,24,535,20.0,20.0,1,0.028663
binary,3,5,50,24,536,11.0,11.0,1,0.0597
binary,3,5,50,24,537,25.0,25.0,0,0.0
binary,3,5,50,24,538,23.0,27.0,1,0.270367
binary,3,5,50,24,539,25.0,20.0,0,0.0
binary,3,5,50,24,540,16.0,16.0,1,0.172728
binary,3,5,50,24,541,15.0,15.0,0,0.0
binary,3,5,50,24,542,26.0,22.0,1,0.091245
binary,3,5,50,24,543,27.0,29.0,0,0.0
binary,3,5,50,24,544,28.0,29.0,0,0.0
binary,3,5,50,24,545,20.0,15.0,1,0.221422
binary,3,5,50,24,546,21.0,20.0,1,0.111681
binary,3,5,50,24,547,18.0,18.0,0,0.0
binary,3,5,50,24,548,12.0,12.0,1,0.127249
binary,3,5,50,24,549,37.0,37.0,0,0.0
binary,3,5,50,24,550,28.0,28.0,1,0.427074
binary,3,5,50,24,551,19.0,15.0,1,0.055648
binary,3,5,50,24,552,20.0,13.0,1,0.236416
binary,3,5,50,24,553,15.0,9.0,0,0.0
binary,3,5,50,24,554,30.0,30.0,1,0.011465
binary,3,5,50,24,555,19.0,20.0,1,0.080633
binary,3,5,50,24,556,23.0,27.0,0,0.0
binary,3,5,50,24,557,21.0,21.0,1,0.009846
binary,3,5,50,24,558,15.0,15.0,0,0.0
binary,3,5,50,24,559,16.0,21.0,0,0.0
binary,3,5,50,24,560,15.0,13.0,1,0.29374
binary,3,5,50,24,561,12.0,15.0,1,0.453976
binary,3,5,50,24,562,15.0,15.0,0,0.0
binary,3,5,50,24,563,20.0,19.0,1,0.260775
binary,3,5,50,24,564,13.0,12.0,1,0.285762
binary,3,5,50,24,565,32.0,31.0,1,0.493586
binary,3,5,50,24,566,16.0,20.0,1,0.29477
binary,3,5,50,24,567,21.0,21.0,0,0.0
binary,3,5,50,24,568,28.0,26.0,1,0.069885
binary,3,5,50,24,569,14.0,13.0,1,0.292903
binary,3,5,50,24,570,31.0,30.0,1,0.039676
binary,3,5,50,24,571,24.0,23.0,1,0.089913
binary,3,5,50,24,572,36.0,36.0,1,0.069696
binary,3,5,50,24,573,15.0,16.0,1,0.160505
binary,3,5,50,24,574,17.0,17.0,0,0.0
binary,3,5,50,24,575,20.0,18.0,1,0.000313
binary,3,5,50,24,576,26.0,26.0,0,0.0
binary,3,5,50,24,577,14.0,13.0,1,0.210636
binary,3,5,50,24,578,18.0,25.0,0,0.0
binary,3,5,50,24,579,24.0,25.0,1,0.134082
binary,3,5,50,24,580,31.0,30.0,0,0.0
binary,3,5,50,24,581,21.0,23.0,1,0.209693
binary,3,5,50,24,582,27.0,27.0,0,0.0
binary,3,5,50,24,583,28.0,28.0,0,0.0
binary,3,5,50,24,584,28.0,28.0,0,0.0
binary,3,5,50,24,585,23.0,22.0,1,0.028711
binary,3,5,50,24,586,24.0,24.0,1,0.016737
binary,3,5,50,24,587,32.0,32.0,0,0.0
binary,3,5,50,24,588,23.0,24.0,1,0.143664
binary,3,5,50,24,589,17.0,19.0,1,0.063253
binary,3,5,50,24,590,27.0,27.0,0,0.0
binary,3,5,50,24,591,22.0,15.0,1,0.052856
binary,3,5,50,24,592,30.0,30.0,0,0.0
binary,3,5,50,24,593,18.0,19.0,1,0.125194
binary,3,5,50,24,594,19.0,24.0,0,0.0
binary,3,5,50,24,595,25.0,26.0,1,0.027369
binary,3,5,50,24,596,23.0,20.0,0,0.0
binary,3,5,50,24,597,7.0,13.0,1,0.129186
binary,3,5,50,24,598,30.0,30.0,1,0.004259
binary,3,5,50,24,599,14.0,14.0,0,0.0
binary,3,5,50,24,600,21.0,23.0,1,0.054776
binary,3,5,50,24,601,8.0,8.0,0,0.0
binary,3,5,50,24,602,24.0,27.0,1,0.094364
binary,3,5,50,24,603,31.0,32.0,0,0.0
binary,3,5,50,24,604,20.0,19.0,1,0.034615
binary,3,5,50,24,605,24.0,24.0,0,0.0
binary,3,5,50,24,606,20.0,22.0,1,0.025233
binary,3,5,50,24,607,13.0,20.0,0,0.0
binary,3,5,50,24,608,13.0,12.0,1,0.302612
binary,3,5,50,24,609,21.0,21.0,0,0.0
binary,3,5,50,24,610,6.0,12.0,1,0.023166
binary,3,5,50,24,611,13.0,15.0,1,0.089648
binary,3,5,50,24,612,15.0,15.0,0,0.0
binary,3,5,50,24,613,16.0,15.0,0,0.0
binary,3,5,50,24,614,14.0,15.0,0,0.0
binary,3,5,50,24,615,15.0,15.0,0,0.0
binary,3,5,50,24,616,27.0,27.0,0,0.0
binary,3,5,50,24,617,24.0,15.0,1,0.028305
binary,3,5,50,24,618,32.0,31.0,0,0.0
binary,3,5,50,24,619,23.0,23.0,0,0.0
binary,3,5,50,24,620,22.0,22.0,1,0.238807
binary,3,5,50,24,621,28.0,23.0,1,0.207633
binary,3,5,50,24,622,16.0,16.0,1,0.367996
binary,3,5,50,24,623,15.0,15.0,1,0.109793
binary,3,5,50,24,624,6.0,13.0,0,0.0
binary,3,5,50,24,625,29.0,28.0,1,0.020549
binary,3,5,50,24,626,7.0,14.0,1,0.138674
binary,3,5,50,24,627,22.0,22.0,1,0.01946
binary,3,5,50,24,628,18.0,18.0,0,0.0
binary,3,5,50,24,629,35.0,34.0,0,0.0
binary,3,5,50,24,630,16.0,13.0,1,0.241705
binary,3,5,50,24,631,16.0,23.0,1,0.026767
binary,3,5,50,24,632,13.0,14.0,0,0.0
binary,3,5,50,24,633,23.0,23.0,0,0.0
binary,3,5,50,24,634,29.0,24.0,0,0.0
binary,3,5,50,24,635,22.0,17.0,1,0.26372
binary,3,5,50,24,636,24.0,23.0,0,0.0
binary,3,5,50,24,637,12.0,12.0,0,0.0
binary,3,5,50,24,638,23.0,29.0,0,0.0
binary,3,5,50,24,639,20.0,21.0,1,0.271382
binary,3,5,50,24,640,18.0,18.0,1,0.053356
binary,3,5,50,24,641,21.0,22.0,1,0.448198
binary,3,5,50,24,642,14.0,20.0,1,0.193601
binary,3,5,50,24,643,36.0,36.0,0,0.0
binary,3,5,50,24,644,25.0,25.0,0,0.0
binary,3,5,50,24,645,15.0,9.0,0,0.0
binary,3,5,50,24,646,27.0,27.0,1,0.105626
binary,3,5,50,24,647,22.0,17.0,0,0.0
binary,3,5,50,24,648,16.0,17.0,0,0.0
binary,3,5,50,24,649,27.0,26.0,0,0.0
binary,3,5,50,24,650,32.0,31.0,1,0.711341
binary,3,5,50,24,651,29.0,29.0,1,0.05048
binary,3,5,50,24,652,21.0,23.0,1,0.157853
binary,3,5,50,24,653,14.0,21.0,1,0.247461
binary,3,5,50,24,654,20.0,20.0,1,0.016803
binary,3,5,50,24,655,13.0,20.0,1,0.657869
binary,3,5,50,24,656,9.0,9.0,0,0.0
binary,3,5,50,24,657,17.0,24.0,1,0.110189
binary,3,5,50,24,658,34.0,34.0,0,0.0
binary,3,5,50,24,659,26.0,22.0,1,0.341543
binary,3,5,50,24,660,20.0,20.0,1,0.077028
binary,3,5,50,24,661,0.0,6.0,1,0.08215
binary,3,5,50,24,662,20.0,21.0,1,0.215879
binary,3,5,50,24,663,22.0,15.0,0,0.0
binary,3,5,50,24,664,18.0,18.0,0,0.0
binary,3,5,50,24,665,25.0,25.0,1,0.02863
binary,3,5,50,24,666,12.0,12.0,0,0.0
binary,3,5,50,24,667,15.0,16.0,1,0.211297
binary,3,5,50,24,668,18.0,18.0,1,0.063612
binary,3,5,50,24,669,21.0,20.0,1,0.039229
binary,3,5,50,24,670,13.0,19.0,1,0.085203
binary,3,5,50,24,671,24.0,24.0,0,0.0
binary,3,5,50,24,672,26.0,27.0,1,0.312877
binary,3,5,50,24,673,34.0,34.0,0,0.0
binary,3,5,50,24,674,8.0,9.0,1,0.389404
binary,3,5,50,24,675,20.0,19.0,1,0.008115
binary,3,5,50,24,676,37.0,37.0,0,0.0
binary,3,5,50,24,677,21.0,15.0,1,0.400081
binary,3,5,50,24,678,23.0,23.0,0,0.0
binary,3,5,50,24,679,13.0,12.0,0,0.0
binary,3,5,50,24,680,28.0,28.0,1,0.298765
binary,3,5,50,24,681,34.0,34.0,1,0.124183
binary,3,5,50,24,682,8.0,14.0,1,0.058136
binary,3,5,50,24,683,21.0,21.0,0,0.0
binary,3,5,50,24,684,30.0,31.0,0,0.0
binary,3,5,50,24,685,26.0,26.0,1,0.083514
binary,3,5,50,24,686,21.0,21.0,0,0.0
binary,3,5,50,24,687,6.0,0.0,1,0.028333
binary,3,5,50,24,688,18.0,25.0,1,0.02767
binary,3,5,50,24,689,18.0,18.0,1,0.109858
binary,3,5,50,24,690,24.0,23.0,1,0.139122
binary,3,5,50,24,691,26.0,26.0,1,0.296678
binary,3,5,50,24,692,29.0,30.0,1,0.292492
binary,3,5,50,24,693,26.0,26.0,1,0.000417
binary,3,5,50,24,694,31.0,30.0,1,0.289049
binary,3,5,50,24,695,31.0,31.0,1,0.28078
binary,3,5,50,24,696,9.0,15.0,1,0.100032
binary,3,5,50,24,697,13.0,12.0,1,0.163885
binary,3,5,50,24,698,15.0,17.0,1,0.57449
binary,3,5,50,24,699,14.0,14.0,0,0.0
binary,3,5,50,24,700,27.0,27.0,0,0.0
binary,3,5,50,24,701,30.0,31.0,1,0.044473
binary,3,5,50,24,702,18.0,18.0,1,0.079149
binary,3,5,50,24,703,23.0,24.0,0,0.0
binary,3,5,50,24,704,27.0,26.0,1,0.094194
binary,3,5,50,24,705,29.0,27.0,1,0.608387
binary,3,5,50,24,706,36.0,35.0,1,0.086735
binary,3,5,50,24,707,22.0,22.0,0,0.0
binary,3,5,50,24,708,7.0,13.0,1,0.009054
binary,3,5,50,24,709,18.0,13.0,1,0.227784
binary,3,5,50,24,710,20.0,21.0,1,0.020276
binary,3,5,50,24,711,35.0,35.0,1,0.018779
binary,3,5,50,24,712,23.0,28.0,1,0.015212
binary,3,5,50,24,713,31.0,36.0,0,0.0
binary,3,5,50,24,714,17.0,16.0,0,0.0
binary,3,5,50,24,715,22.0,16.0,1,0.023549
binary,3,5,50,24,716,15.0,16.0,1,0.040716
binary,3,5,50,24,717,22.0,23.0,1,0.040175
binary,3,5,50,24,718,28.0,28.0,0,0.0
binary,3,5,50,24,719,20.0,15.0,1,0.315395
binary,3,5,50,24,720,13.0,13.0,0,0.0
binary,3,5,50,24,721,28.0,28.0,1,0.183085
binary,3,5,50,24,722,12.0,13.0,1,0.752232
binary,3,5,50,24,723,28.0,30.0,1,0.11692
binary,3,5,50,24,724,16.0,15.0,1,0.11703
binary,3,5,50,24,725,13.0,7.0,1,0.045196
binary,3,5,50,24,726,27.0,27.0,0,0.0
binary,3,5,50,24,727,15.0,14.0,1,0.186092
binary,3,5,50,24,728,26.0,26.0,1,0.141583
binary,3,5,50,24,729,32.0,32.0,0,0.0
binary,3,5,50,24,730,28.0,30.0,0,0.0
binary,3,5,50,24,731,13.0,18.0,1,0.012642
binary,3,5,50,24,732,15.0,15.0,1,0.07141
binary,3,5,50,24,733,23.0,26.0,1,0.146191
binary,3,5,50,24,734,29.0,29.0,1,0.015897
binary,3,5,50,24,735,29.0,29.0,0,0.0
binary,3,5,50,24,736,24.0,23.0,0,0.0
binary,3,5,50,24,737,14.0,15.0,1,0.02701
binary,3,5,50,24,738,23.0,23.0,0,0.0
binary,3,5,50,24,739,32.0,33.0,0,0.0
binary,3,5,50,24,740,17.0,21.0,1,0.11716
binary,3,5,50,24,741,33.0,30.0,1,0.106667
binary,3,5,50,24,742,24.0,26.0,1,0.273235
binary,3,5,50,24,743,22.0,23.0,1,0.124328
binary,3,5,50,24,744,9.0,9.0,0,0.0
binary,3,5,50,24,745,40.0,39.0,1,0.092269
binary,3,5,50,24,746,7.0,15.0,1,0.067052
binary,3,5,50,24,747,14.0,7.0,1,0.022679
binary,3,5,50,24,748,0.0,6.0,0,0.0
binary,3,5,50,24,749,9.0,16.0,1,0.011462
binary,3,5,50,24,750,22.0,22.0,0,0.0
binary,3,5,50,24,751,22.0,22.0,1,0.093774
binary,3,5,50,24,752,29.0,29.0,0,0.0
binary,3,5,50,24,753,30.0,30.0,0,0.0
binary,3,5,50,24,754,31.0,31.0,0,0.0
binary,3,5,50,24,755,15.0,21.0,1,0.38445
binary,3,5,50,24,756,6.0,15.0,1,0.343396
binary,3,5,50,24,757,10.0,17.0,1,0.077636
binary,3,5,50,24,758,23.0,22.0,0,0.0
binary,3,5,50,24,759,21.0,21.0,0,0.0
binary,3,5,50,24,760,21.0,21.0,1,0.639413
binary,3,5,50,24,761,24.0,25.0,1,0.036759
binary,3,5,50,24,762,9.0,9.0,0,0.0
binary,3,5,50,24,763,21.0,25.0,0,0.0
binary,3,5,50,24,764,17.0,22.0,1,0.496121
binary,3,5,50,24,765,24.0,16.0,1,0.203667
binary,3,5,50,24,766,33.0,32.0,0,0.0
binary,3,5,50,24,767,7.0,15.0,1,0.12488
binary,3,5,50,24,768,19.0,20.0,1,0.180293
binary,3,5,50,24,769,13.0,15.0,1,0.218923
binary,3,5,50,24,770,9.0,14.0,1,0.197651
binary,3,5,50,24,771,16.0,16.0,0,0.0
binary,3,5,50,24,772,12.0,15.0,1,0.045303
binary,3,5,50,24,773,15.0,14.0,1,0.01297
binary,3,5,50,24,774,22.0,21.0,1,0.159816
binary,3,5,50,24,775,23.0,22.0,1,0.032258
binary,3,5,50,24,776,24.0,29.0,1,0.039964
binary,3,5,50,24,777,40.0,40.0,0,0.0
binary,3,5,50,24,778,19.0,21.0,1,0.17707
binary,3,5,50,24,779,12.0,12.0,1,0.075703
binary,3,5,50,24,780,19.0,18.0,0,0.0
binary,3,5,50,24,781,9.0,14.0,0,0.0
binary,3,5,50,24,782,32.0,30.0,1,0.060397
binary,3,5,50,24,783,24.0,17.0,0,0.0
binary,3,5,50,24,784,27.0,23.0,0,0.0
binary,3,5,50,24,785,21.0,21.0,0,0.0
binary,3,5,50,24,786,18.0,17.0,0,0.0
binary,3,5,50,24,787,24.0,24.0,1,0.08463
binary,3,5,50,24,788,15.0,16.0,1,0.080276
binary,3,5,50,24,789,23.0,23.0,0,0.0
binary,3,5,50,24,790,22.0,23.0,0,0.0
binary,3,5,50,24,791,14.0,8.0,1,0.292521
binary,3,5,50,24,792,27.0,27.0,0,0.0
binary,3,5,50,24,793,24.0,26.0,1,0.144039
binary,3,5,50,24,794,15.0,20.0,0,0.0
binary,3,5,50,24,795,16.0,24.0,1,0.056884
binary,3,5,50,24,796,15.0,16.0,0,0.0
binary,3,5,50,24,797,33.0,32.0,0,0.0
binary,3,5,50,24,798,22.0,23.0,0,0.0
binary,3,5,50,24,799,19.0,20.0,1,0.17896
binary,3,5,50,24,800,22.0,20.0,1,0.392305
binary,3,5,50,24,801,5.0,11.0,1,0.273049
binary,3,5,50,24,802,7.0,8.0,1,0.18142
binary,3,5,50,24,803,20.0,19.0,1,0.399892
binary,3,5,50,24,804,15.0,16.0,0,0.0
binary,3,5,50,24,805,17.0,17.0,1,0.003497
binary,3,5,50,24,806,13.0,19.0,1,0.655222
binary,3,5,50,24,807,12.0,13.0,1,0.150891
binary,3,5,50,24,808,23.0,18.0,1,0.147115
binary,3,5,50,24,809,27.0,27.0,0,0.0
binary,3,5,50,24,810,28.0,22.0,1,0.256915
binary,3,5,50,24,811,21.0,19.0,1,0.298979
binary,3,5,50,24,812,12.0,17.0,1,0.095766
binary,3,5,50,24,813,10.0,6.0,1,0.110855
binary,3,5,50,24,814,22.0,28.0,0,0.0
binary,3,5,50,24,815,22.0,20.0,0,0.0
binary,3,5,50,24,816,11.0,7.0,1,0.320437
binary,3,5,50,24,817,12.0,13.0,0,0.0
binary,3,5,50,24,818,33.0,33.0,1,0.100003
binary,3,5,50,24,819,17.0,5.0,0,0.0
binary,3,5,50,24,820,32.0,32.0,1,0.239519
binary,3,5,50,24,821,38.0,35.0,0,0.0
binary,3,5,50,24,822,14.0,22.0,1,0.001582
binary,3,5,50,24,823,22.0,15.0,1,0.004382
binary,3,5,50,24,824,16.0,14.0,0,0.0
binary,3,5,50,24,825,22.0,19.0,1,0.026608
binary,3,5,50,24,826,24.0,25.0,1,0.009832
binary,3,5,50,24,827,29.0,29.0,0,0.0
binary,3,5,50,24,828,23.0,28.0,0,0.0
binary,3,5,50,24,829,34.0,36.0,0,0.0
binary,3,5,50,24,830,16.0,16.0,0,0.0
binary,3,5,50,24,831,16.0,16.0,0,0.0
binary,3,5,50,24,832,24.0,29.0,0,0.0
binary,3,5,50,24,833,21.0,21.0,1,0.075333
binary,3,5,50,24,834,30.0,34.0,1,0.010577
binary,3,5,50,24,835,14.0,16.0,1,0.430601
binary,3,5,50,24,836,23.0,23.0,0,0.0
binary,3,5,50,24,837,15.0,15.0,1,0.062675
binary,3,5,50,24,838,21.0,15.0,1,0.135166
binary,3,5,50,24,839,24.0,24.0,1,0.207831
binary,3,5,50,24,840,21.0,21.0,0,0.0
binary,3,5,50,24,841,6.0,13.0,1,0.004394
binary,3,5,50,24,842,26.0,27.0,1,0.058622
binary,3,5,50,24,843,23.0,29.0,1,0.137701
binary,3,5,50,24,844,17.0,17.0,1,0.203565
binary,3,5,50,24,845,21.0,21.0,1,0.084355
binary,3,5,50,24,846,15.0,16.0,0,0.0
binary,3,5,50,24,847,24.0,20.0,1,0.255906
binary,3,5,50,24,848,27.0,22.0,0,0.0
binary,3,5,50,24,849,21.0,22.0,1,0.152797
binary,3,5,50,24,850,20.0,20.0,1,0.136918
binary,3,5,50,24,851,10.0,10.0,0,0.0
binary,3,5,50,24,852,9.0,10.0,1,0.087998
binary,3,5,50,24,853,25.0,27.0,1,0.124357
binary,3,5,50,24,854,25.0,21.0,1,0.153075
binary,3,5,50,24,855,32.0,34.0,0,0.0
binary,3,5,50,24,856,24.0,23.0,1,0.109124
binary,3,5,50,24,857,29.0,29.0,1,0.188265
binary,3,5,50,24,858,6.0,13.0,1,0.55562
binary,3,5,50,24,859,21.0,21.0,1,0.211826
binary,3,5,50,24,860,17.0,17.0,1,0.07527
binary,3,5,50,24,861,16.0,19.0,1,0.114316
binary,3,5,50,24,862,30.0,30.0,0,0.0
binary,3,5,50,24,863,21.0,25.0,0,0.0
binary,3,5,50,24,864,17.0,21.0,1,0.059414
binary,3,5,50,24,865,22.0,23.0,1,0.022634
binary,3,5,50,24,866,13.0,6.0,0,0.0
binary,3,5,50,24,867,32.0,34.0,0,0.0
binary,3,5,50,24,868,26.0,26.0,0,0.0
binary,3,5,50,24,869,20.0,19.0,1,0.189424
binary,3,5,50,24,870,19.0,20.0,1,0.086579
binary,3,5,50,24,871,27.0,25.0,1,0.081427
binary,3,5,50,24,872,16.0,16.0,1,0.19205
binary,3,5,50,24,873,11.0,18.0,1,0.113539
binary,3,5,50,24,874,33.0,30.0,1,0.309865
binary,3,5,50,24,875,19.0,18.0,1,0.308186
binary,3,5,50,24,876,9.0,7.0,1,0.082753
binary,3,5,50,24,877,20.0,27.0,1,0.288645
binary,3,5,50,24,878,22.0,20.0,0,0.0
binary,3,5,50,24,879,26.0,26.0,1,0.270647
binary,3,5,50,24,880,28.0,28.0,1,0.161348
binary,3,5,50,24,881,21.0,21.0,0,0.0
binary,3,5,50,24,882,22.0,21.0,0,0.0
binary,3,5,50,24,883,16.0,12.0,1,0.117128
binary,3,5,50,24,884,34.0,31.0,0,0.0
binary,3,5,50,24,885,20.0,20.0,0,0.0
binary,3,5,50,24,886,14.0,12.0,0,0.0
binary,3,5,50,24,887,14.0,14.0,1,0.026612
binary,3,5,50,24,888,7.0,0.0,1,0.080965
binary,3,5,50,24,889,18.0,13.0,1,0.212645
binary,3,5,50,24,890,15.0,22.0,1,0.53319
binary,3,5,50,24,891,19.0,15.0,1,0.015926
binary,3,5,50,24,892,20.0,21.0,1,0.337382
binary,3,5,50,24,893,36.0,34.0,0,0.0
binary,3,5,50,24,894,25.0,30.0,1,0.583198
binary,3,5,50,24,895,13.0,9.0,1,0.183855
binary,3,5,50,24,896,13.0,19.0,1,0.173603
binary,3,5,50,24,897,21.0,22.0,0,0.0
binary,3,5,50,24,898,15.0,22.0,0,0.0
binary,3,5,50,24,899,26.0,21.0,1,0.024882
binary,3,5,50,24,900,29.0,29.0,0,0.0
binary,3,5,50,24,901,28.0,26.0,1,0.16922
binary,3,5,50,24,902,19.0,14.0,0,0.0
binary,3,5,50,24,903,26.0,28.0,1,0.564138
binary,3,5,50,24,904,24.0,24.0,1,0.001947
binary,3,5,50,24,905,27.0,28.0,0,0.0
binary,3,5,50,24,906,20.0,19.0,1,0.042601
binary,3,5,50,24,907,22.0,22.0,0,0.0
binary,3,5,50,24,908,15.0,16.0,1,0.145104
binary,3,5,50,24,909,11.0,7.0,0,0.0
binary,3,5,50,24,910,21.0,21.0,0,0.0
binary,3,5,50,24,911,25.0,25.0,0,0.0
binary,3,5,50,24,912,22.0,20.0,0,0.0
binary,3,5,50,24,913,24.0,17.0,1,0.058226
binary,3,5,50,24,914,7.0,19.0,1,0.05283
binary,3,5,50,24,915,24.0,29.0,1,0.208958
binary,3,5,50,24,916,21.0,13.0,1,0.038312
binary,3,5,50,24,917,27.0,27.0,1,0.178185
binary,3,5,50,24,918,24.0,24.0,1,0.059256
binary,3,5,50,24,919,15.0,15.0,1,0.067742
binary,3,5,50,24,920,13.0,20.0,1,0.05749
binary,3,5,50,24,921,17.0,20.0,1,0.225208
binary,3,5,50,24,922,19.0,21.0,0,0.0
binary,3,5,50,24,923,26.0,26.0,0,0.0
binary,3,5,50,24,924,23.0,23.0,1,0.032323
binary,3,5,50,24,925,23.0,23.0,1,0.098013
binary,3,5,50,24,926,35.0,35.0,1,0.090724
binary,3,5,50,24,927,15.0,9.0,0,0.0
binary,3,5,50,24,928,14.0,17.0,1,0.123663
binary,3,5,50,24,929,14.0,19.0,1,0.023037
binary,3,5,50,24,930,22.0,22.0,0,0.0
binary,3,5,50,24,931,17.0,13.0,1,0.450613
binary,3,5,50,24,932,33.0,33.0,1,0.321303
binary,3,5,50,24,933,20.0,20.0,1,0.010541
binary,3,5,50,24,934,16.0,21.0,0,0.0
binary,3,5,50,24,935,15.0,12.0,1,0.004465
binary,3,5,50,24,936,14.0,14.0,1,0.007345
binary,3,5,50,24,937,31.0,31.0,0,0.0
binary,3,5,50,24,938,29.0,28.0,1,0.218874
binary,3,5,50,24,939,24.0,24.0,0,0.0
binary,3,5,50,24,940,19.0,20.0,0,0.0
binary,3,5,50,24,941,24.0,25.0,1,0.031918
binary,3,5,50,24,942,12.0,7.0,1,0.061054
binary,3,5,50,24,943,24.0,25.0,0,0.0
binary,3,5,50,24,944,8.0,16.0,1,0.440455
binary,3,5,50,24,945,13.0,14.0,1,0.143228
binary,3,5,50,24,946,25.0,26.0,1,0.104031
binary,3,5,50,24,947,16.0,20.0,1,0.385663
binary,3,5,50,24,948,17.0,17.0,0,0.0
binary,3,5,50,24,949,26.0,26.0,0,0.0
binary,3,5,50,24,950,13.0,14.0,1,0.020013
binary,3,5,50,24,951,27.0,27.0,1,0.414901
binary,3,5,50,24,952,13.0,12.0,0,0.0
binary,3,5,50,24,953,20.0,20.0,1,0.151576
binary,3,5,50,24,954,8.0,14.0,0,0.0
binary,3,5,50,24,955,15.0,15.0,0,0.0
binary,3,5,50,24,956,21.0,21.0,0,0.0
binary,3,5,50,24,957,25.0,25.0,0,0.0
binary,3,5,50,24,958,15.0,16.0,1,0.042657
binary,3,5,50,24,959,21.0,22.0,1,0.131338
binary,3,5,50,24,960,0.0,0.0,1,0.364869
binary,3,5,50,24,961,22.0,22.0,0,0.0
binary,3,5,50,24,962,14.0,14.0,1,0.038369
binary,3,5,50,24,963,21.0,21.0,1,0.389294
binary,3,5,50,24,964,29.0,27.0,0,0.0
binary,3,5,50,24,965,29.0,31.0,0,0.0
binary,3,5,50,24,966,21.0,22.0,1,0.494853
binary,3,5,50,24,967,27.0,25.0,1,0.023309
binary,3,5,50,24,968,5.0,0.0,1,0.004576
binary,3,5,50,24,969,16.0,22.0,1,0.158779
binary,3,5,50,24,970,21.0,20.0,1,0.137297
binary,3,5,50,24,971,14.0,15.0,1,0.051883
binary,3,5,50,24,972,7.0,7.0,0,0.0
binary,3,5,50,24,973,13.0,17.0,1,0.112721
binary,3,5,50,24,974,14.0,13.0,1,0.812259
binary,3,5,50,24,975,14.0,21.0,1,0.007604
binary,3,5,50,24,976,15.0,16.0,0,0.0
binary,3,5,50,24,977,15.0,21.0,0,0.0
binary,3,5,50,24,978,31.0,31.0,0,0.0
binary,3,5,50,24,979,8.0,8.0,0,0.0
binary,3,5,50,24,980,29.0,30.0,1,0.652492
binary,3,5,50,24,981,14.0,13.0,1,0.101461
binary,3,5,50,24,982,18.0,19.0,1,0.335285
binary,3,5,50,24,983,21.0,21.0,1,0.199025
binary,3,5,50,24,984,7.0,7.0,0,0.0
binary,3,5,50,24,985,39.0,39.0,0,0.0
binary,3,5,50,24,986,21.0,22.0,1,0.070356
binary,3,5,50,24,987,20.0,19.0,0,0.0
binary,3,5,50,24,988,21.0,21.0,0,0.0
binary,3,5,50,24,989,14.0,22.0,1,0.06887
binary,3,5,50,24,990,22.0,27.0,1,0.073066
binary,3,5,50,24,991,15.0,23.0,1,0.117412
binary,3,5,50,24,992,36.0,36.0,0,0.0
binary,3,5,50,24,993,0.0,12.0,1,0.27806
binary,3,5,50,24,994,19.0,19.0,1,0.143103
binary,3,5,50,24,995,19.0,20.0,1,0.0804
binary,3,5,50,24,996,34.0,34.0,0,0.0
binary,3,5,50,24,997,21.0,19.0,1,0.083087
binary,3,5,50,24,998,29.0,30.0,0,0.0
binary,3,5,50,24,999,12.0,12.0,0,0.0
counting,5,5,50,12,0,19.0,25.0,1,0.023201
counting,5,5,50,12,1,15.0,15.0,0,0.0
counting,5,5,50,12,2,23.0,0.0,1,0.481564
counting,5,5,50,12,3,7.0,0.0,1,0.585176
counting,5,5,50,12,4,12.0,19.0,1,0.14842
counting,5,5,50,12,5,9.0,14.0,1,0.02155
counting,5,5,50,12,6,24.0,27.0,1,0.381059
counting,5,5,50,12,7,26.0,14.0,1,0.135584
counting,5,5,50,12,8,24.0,25.0,1,0.11914
counting,5,5,50,12,9,23.0,19.0,1,0.212534
counting,5,5,50,12,10,14.0,28.0,1,0.15542
counting,5,5,50,12,11,18.0,26.0,1,0.377765
counting,5,5,50,12,12,14.0,19.0,1,0.015794
counting,5,5,50,12,13,17.0,15.0,1,0.285331
counting,5,5,50,12,14,20.0,18.0,1,0.073928
counting,5,5,50,12,15,19.0,12.0,1,0.362015
counting,5,5,50,12,16,27.0,13.0,1,0.237092
counting,5,5,50,12,17,8.0,9.0,1,0.219645
counting,5,5,50,12,18,29.0,26.0,1,0.09695
counting,5,5,50,12,19,39.0,37.0,0,0.0
counting,5,5,50,12,20,8.0,6.0,1,0.200432
counting,5,5,50,12,21,23.0,23.0,1,0.089974
counting,5,5,50,12,22,24.0,24.0,1,0.119963
counting,5,5,50,12,23,33.0,26.0,1,0.312392
counting,5,5,50,12,24,23.0,14.0,1,0.153899
counting,5,5,50,12,25,23.0,10.0,1,0.088735
counting,5,5,50,12,26,33.0,35.0,1,0.261394
counting,5,5,50,12,27,20.0,10.0,1,0.077629
counting,5,5,50,12,28,31.0,31.0,1,0.364177
counting,5,5,50,12,29,19.0,19.0,1,0.249115
counting,5,5,50,12,30,25.0,20.0,1,0.118925
counting,5,5,50,12,31,24.0,25.0,1,0.262384
counting,5,5,50,12,32,9.0,16.0,1,0.119999
counting,5,5,50,12,33,27.0,32.0,1,0.165391
counting,5,5,50,12,34,22.0,24.0,1,0.013322
counting,5,5,50,12,35,0.0,0.0,1,0.14094
counting,5,5,50,12,36,36.0,34.0,1,0.214659
counting,5,5,50,12,37,23.0,25.0,1,0.053781
counting,5,5,50,12,38,17.0,20.0,1,0.128113
counting,5,5,50,12,39,37.0,37.0,1,0.05479
counting,5,5,50,12,40,7.0,14.0,1,0.10576
counting,5,5,50,12,41,26.0,20.0,1,0.129708
counting,5,5,50,12,42,29.0,34.0,1,0.108851
counting,5,5,50,12,43,13.0,14.0,1,0.072928
counting,5,5,50,12,44,12.0,17.0,0,0.0
counting,5,5,50,12,45,17.0,11.0,1,0.157474
counting,5,5,50,12,46,18.0,13.0,1,0.502765
counting,5,5,50,12,47,31.0,31.0,1,0.196443
counting,5,5,50,12,48,22.0,25.0,1,0.119139
counting,5,5,50,12,49,13.0,12.0,1,0.151257
counting,5,5,50,12,50,36.0,37.0,1,0.191412
counting,5,5,50,12,51,30.0,35.0,1,0.288931
counting,5,5,50,12,52,29.0,20.0,1,0.449506
counting,5,5,50,12,53,20.0,12.0,1,0.177945
counting,5,5,50,12,54,30.0,25.0,1,0.111273
counting,5,5,50,12,55,15.0,25.0,0,0.0
counting,5,5,50,12,56,20.0,21.0,1,0.02131
counting,5,5,50,12,57,18.0,13.0,1,0.119874
counting,5,5,50,12,58,23.0,23.0,1,0.031206
counting,5,5,50,12,59,11.0,11.0,1,0.098172
counting,5,5,50,12,60,12.0,18.0,0,0.0
counting,5,5,50,12,61,25.0,25.0,1,0.179487
counting,5,5,50,12,62,12.0,20.0,1,0.075968
counting,5,5,50,12,63,8.0,24.0,1,0.166398
counting,5,5,50,12,64,34.0,34.0,1,0.299012
counting,5,5,50,12,65,12.0,13.0,1,0.064242
counting,5,5,50,12,66,40.0,44.0,1,0.137634
counting,5,5,50,12,67,16.0,0.0,1,0.005962
counting,5,5,50,12,68,16.0,18.0,1,0.456496
counting,5,5,50,12,69,31.0,33.0,1,0.089198
counting,5,5,50,12,70,17.0,22.0,1,0.020863
counting,5,5,50,12,71,22.0,29.0,1,0.109276
counting,5,5,50,12,72,22.0,20.0,1,0.199452
counting,5,5,50,12,73,30.0,33.0,1,0.479462
counting,5,5,50,12,74,24.0,23.0,0,0.0
counting,5,5,50,12,75,28.0,32.0,1,0.346477
counting,5,5,50,12,76,10.0,10.0,1,0.23432
counting,5,5,50,12,77,11.0,12.0,1,0.387845
counting,5,5,50,12,78,19.0,17.0,1,0.023854
counting,5,5,50,12,79,34.0,37.0,1,0.187119
counting,5,5,50,12,80,29.0,31.0,1,0.249443
counting,5,5,50,12,81,23.0,21.0,1,0.034795
counting,5,5,50,12,82,26.0,22.0,1,0.004795
counting,5,5,50,12,83,24.0,25.0,1,0.275941
counting,5,5,50,12,84,17.0,21.0,1,0.135428
counting,5,5,50,12,85,30.0,30.0,1,0.193207
counting,5,5,50,12,86,26.0,32.0,1,0.328403
counting,5,5,50,12,87,21.0,16.0,1,0.062719
counting,5,5,50,12,88,22.0,19.0,1,0.131513
counting,5,5,50,12,89,20.0,21.0,1,0.304905
counting,5,5,50,12,90,12.0,23.0,1,0.073299
counting,5,5,50,12,91,16.0,15.0,1,0.044437
counting,5,5,50,12,92,25.0,25.0,0,0.0
counting,5,5,50,12,93,37.0,37.0,1,0.132224
counting,5,5,50,12,94,13.0,14.0,1,0.124817
counting,5,5,50,12,95,9.0,9.0,1,0.144389
counting,5,5,50,12,96,23.0,17.0,1,0.029546
counting,5,5,50,12,97,26.0,20.0,1,0.08735
counting,5,5,50,12,98,10.0,11.0,1,0.17002
counting,5,5,50,12,99,35.0,31.0,1,0.215125
counting,5,5,50,12,100,34.0,42.0,1,0.169434
counting,5,5,50,12,101,34.0,38.0,1,0.311167
counting,5,5,50,12,102,37.0,34.0,1,0.081088
counting,5,5,50,12,103,17.0,10.0,1,0.05889
counting,5,5,50,12,104,18.0,20.0,1,0.363771
counting,5,5,50,12,105,22.0,18.0,1,0.073941
counting,5,5,50,12,106,0.0,6.0,0,0.0
counting,5,5,50,12,107,32.0,26.0,1,0.069276
counting,5,5,50,12,108,41.0,41.0,1,0.628987
counting,5,5,50,12,109,22.0,32.0,1,0.262094
counting,5,5,50,12,110,23.0,20.0,1,0.08073
counting,5,5,50,12,111,25.0,14.0,1,0.171722
counting,5,5,50,12,112,29.0,34.0,1,0.000242
counting,5,5,50,12,113,9.0,16.0,1,0.517791
counting,5,5,50,12,114,9.0,8.0,1,0.213536
counting,5,5,50,12,115,14.0,14.0,0,0.0
counting,5,5,50,12,116,22.0,24.0,1,0.315296
counting,5,5,50,12,117,26.0,20.0,1,0.038528
counting,5,5,50,12,118,24.0,26.0,1,0.168924
counting,5,5,50,12,119,32.0,33.0,0,0.0
counting,5,5,50,12,120,37.0,40.0,1,0.334392
counting,5,5,50,12,121,28.0,28.0,1,0.212382
counting,5,5,50,12,122,28.0,32.0,1,0.033505
counting,5,5,50,12,123,35.0,36.0,1,0.242222
counting,5,5,50,12,124,7.0,15.0,1,0.03151
counting,5,5,50,12,125,23.0,27.0,1,0.191444
counting,5,5,50,12,126,21.0,22.0,1,0.205471
counting,5,5,50,12,127,14.0,13.0,1,0.238756
counting,5,5,50,12,128,23.0,21.0,1,0.120641
counting,5,5,50,12,129,17.0,17.0,1,0.06498
counting,5,5,50,12,130,8.0,0.0,1,0.211324
counting,5,5,50,12,131,37.0,36.0,1,0.015937
counting,5,5,50,12,132,10.0,10.0,0,0.0
counting,5,5,50,12,133,20.0,25.0,1,0.345915
counting,5,5,50,12,134,17.0,18.0,1,0.161349
counting,5,5,50,12,135,26.0,28.0,1,0.055528
counting,5,5,50,12,136,17.0,15.0,1,0.200031
counting,5,5,50,12,137,8.0,8.0,0,0.0
counting,5,5,50,12,138,12.0,21.0,1,0.25331
counting,5,5,50,12,139,19.0,22.0,1,0.274689
counting,5,5,50,12,140,18.0,18.0,1,0.200397
counting,5,5,50,12,141,15.0,10.0,1,0.125694
counting,5,5,50,12,142,0.0,0.0,1,0.107729
counting,5,5,50,12,143,22.0,17.0,1,0.213554
counting,5,5,50,12,144,13.0,12.0,1,0.081837
counting,5,5,50,12,145,19.0,34.0,1,0.249776
counting,5,5,50,12,146,23.0,34.0,1,0.28567
counting,5,5,50,12,147,31.0,31.0,1,0.185731
counting,5,5,50,12,148,26.0,27.0,1,0.175021
counting,5,5,50,12,149,23.0,23.0,1,0.197518
counting,5,5,50,12,150,13.0,6.0,1,0.058775
counting,5,5,50,12,151,23.0,23.0,1,0.107808
counting,5,5,50,12,152,25.0,12.0,1,0.093121
counting,5,5,50,12,153,17.0,9.0,1,0.130358
counting,5,5,50,12,154,16.0,15.0,1,0.294998
counting,5,5,50,12,155,21.0,13.0,1,0.109557
counting,5,5,50,12,156,21.0,21.0,1,0.186885
counting,5,5,50,12,157,16.0,16.0,1,0.046647
counting,5,5,50,12,158,26.0,27.0,0,0.0
counting,5,5,50,12,159,30.0,30.0,1,0.020566
counting,5,5,50,12,160,24.0,20.0,1,0.036976
counting,5,5,50,12,161,39.0,39.0,1,0.373498
counting,5,5,50,12,162,31.0,30.0,0,0.0
counting,5,5,50,12,163,19.0,21.0,1,0.023564
counting,5,5,50,12,164,23.0,27.0,1,0.183212
counting,5,5,50,12,165,29.0,29.0,1,0.053271
counting,5,5,50,12,166,33.0,34.0,1,0.023382
counting,5,5,50,12,167,21.0,30.0,1,0.196824
counting,5,5,50,12,168,9.0,6.0,0,0.0
counting,5,5,50,12,169,31.0,35.0,1,0.028136
counting,5,5,50,12,170,12.0,21.0,1,0.14524
counting,5,5,50,12,171,35.0,35.0,0,0.0
counting,5,5,50,12,172,9.0,0.0,1,0.099284
counting,5,5,50,12,173,18.0,18.0,1,0.181288
counting,5,5,50,12,174,46.0,44.0,1,0.462713
counting,5,5,50,12,175,9.0,16.0,1,0.074975
counting,5,5,50,12,176,31.0,21.0,0,0.0
counting,5,5,50,12,177,22.0,21.0,1,0.04453
counting,5,5,50,12,178,21.0,24.0,1,0.356462
counting,5,5,50,12,179,22.0,22.0,1,0.056005
counting,5,5,50,12,180,7.0,0.0,1,0.181573
counting,5,5,50,12,181,0.0,0.0,1,0.44805
counting,5,5,50,12,182,10.0,15.0,1,0.047429
counting,5,5,50,12,183,28.0,30.0,1,0.059865
counting,5,5,50,12,184,19.0,27.0,1,0.257982
counting,5,5,50,12,185,12.0,19.0,1,0.017785
counting,5,5,50,12,186,21.0,25.0,1,0.416111
counting,5,5,50,12,187,43.0,43.0,1,0.002023
counting,5,5,50,12,188,6.0,13.0,1,0.247521
counting,5,5,50,12,189,12.0,12.0,1,0.231443
counting,5,5,50,12,190,8.0,6.0,1,0.07601
counting,5,5,50,12,191,23.0,31.0,1,0.030587
counting,5,5,50,12,192,10.0,16.0,1,0.089333
counting,5,5,50,12,193,26.0,20.0,0,0.0
counting,5,5,50,12,194,19.0,21.0,1,0.26571
counting,5,5,50,12,195,28.0,28.0,1,0.106924
counting,5,5,50,12,196,8.0,10.0,1,0.14024
counting,5,5,50,12,197,27.0,21.0,1,0.188553
counting,5,5,50,12,198,19.0,13.0,1,0.214029
counting,5,5,50,12,199,9.0,10.0,1,0.126548
counting,5,5,50,12,200,27.0,17.0,1,0.056534
counting,5,5,50,12,201,18.0,20.0,1,0.362648
counting,5,5,50,12,202,12.0,12.0,0,0.0
counting,5,5,50,12,203,13.0,14.0,1,0.050904
counting,5,5,50,12,204,31.0,31.0,0,0.0
counting,5,5,50,12,205,18.0,17.0,1,0.284775
counting,5,5,50,12,206,20.0,14.0,1,0.367141
counting,5,5,50,12,207,19.0,0.0,1,0.073449
counting,5,5,50,12,208,8.0,10.0,1,0.01481
counting,5,5,50,12,209,8.0,6.0,1,0.353467
counting,5,5,50,12,210,16.0,10.0,1,0.169362
counting,5,5,50,12,211,27.0,23.0,1,0.183984
counting,5,5,50,12,212,31.0,32.0,1,0.26145
counting,5,5,50,12,213,16.0,12.0,1,0.092668
counting,5,5,50,12,214,20.0,20.0,1,0.287443
counting,5,5,50,12,215,19.0,21.0,1,0.059402
counting,5,5,50,12,216,22.0,20.0,1,0.18065
counting,5,5,50,12,217,8.0,0.0,1,0.027231
counting,5,5,50,12,218,25.0,11.0,1,0.18126
counting,5,5,50,12,219,21.0,23.0,1,0.059432
counting,5,5,50,12,220,19.0,21.0,1,0.107274
counting,5,5,50,12,221,27.0,23.0,0,0.0
counting,5,5,50,12,222,14.0,14.0,0,0.0
counting,5,5,50,12,223,12.0,15.0,1,0.060586
counting,5,5,50,12,224,14.0,15.0,1,0.144711
counting,5,5,50,12,225,14.0,15.0,1,0.148002
counting,5,5,50,12,226,22.0,18.0,1,0.074365
counting,5,5,50,12,227,22.0,24.0,1,0.05464
counting,5,5,50,12,228,29.0,29.0,1,0.113692
counting,5,5,50,12,229,0.0,10.0,1,0.071441
counting,5,5,50,12,230,28.0,23.0,1,0.060341
counting,5,5,50,12,231,11.0,12.0,1,0.103555
counting,5,5,50,12,232,29.0,25.0,1,0.198344
counting,5,5,50,12,233,11.0,11.0,1,0.087301
counting,5,5,50,12,234,14.0,12.0,1,0.458541
counting,5,5,50,12,235,29.0,30.0,0,0.0
counting,5,5,50,12,236,25.0,25.0,1,0.133849
counting,5,5,50,12,237,18.0,10.0,1,0.088827
counting,5,5,50,12,238,15.0,14.0,1,0.080567
counting,5,5,50,12,239,13.0,22.0,1,0.268999
counting,5,5,50,12,240,15.0,15.0,0,0.0
counting,5,5,50,12,241,19.0,29.0,1,0.139402
counting,5,5,50,12,242,16.0,9.0,0,0.0
counting,5,5,50,12,243,30.0,23.0,1,0.115968
counting,5,5,50,12,244,26.0,36.0,1,0.013466
counting,5,5,50,12,245,27.0,30.0,0,0.0
counting,5,5,50,12,246,30.0,26.0,1,0.306505
counting,5,5,50,12,247,35.0,24.0,0,0.0
counting,5,5,50,12,248,9.0,11.0,1,0.319389
counting,5,5,50,12,249,23.0,13.0,1,0.352299
counting,5,5,50,12,250,28.0,25.0,1,0.051056
counting,5,5,50,12,251,22.0,12.0,1,0.094527
counting,5,5,50,12,252,17.0,27.0,1,0.273425
counting,5,5,50,12,253,28.0,26.0,1,0.248947
counting,5,5,50,12,254,19.0,19.0,1,0.078161
counting,5,5,50,12,255,20.0,15.0,1,0.077588
counting,5,5,50,12,256,20.0,12.0,1,0.123952
counting,5,5,50,12,257,10.0,15.0,0,0.0
counting,5,5,50,12,258,13.0,20.0,1,0.042885
counting,5,5,50,12,259,18.0,13.0,1,0.027499
counting,5,5,50,12,260,28.0,14.0,1,0.029138
counting,5,5,50,12,261,21.0,23.0,1,0.093639
counting,5,5,50,12,262,19.0,11.0,1,0.197608
counting,5,5,50,12,263,0.0,0.0,1,0.205151
counting,5,5,50,12,264,17.0,25.0,1,0.046273
counting,5,5,50,12,265,14.0,19.0,1,0.019977
counting,5,5,50,12,266,25.0,31.0,1,0.115647
counting,5,5,50,12,267,20.0,22.0,1,0.103644
counting,5,5,50,12,268,31.0,35.0,1,0.302353
counting,5,5,50,12,269,30.0,31.0,1,0.253201
counting,5,5,50,12,270,36.0,37.0,1,0.140799
counting,5,5,50,12,271,27.0,27.0,1,0.292044
counting,5,5,50,12,272,22.0,24.0,1,0.238408
counting,5,5,50,12,273,12.0,23.0,1,0.538183
counting,5,5,50,12,274,11.0,7.0,1,0.140772
counting,5,5,50,12,275,16.0,8.0,1,0.065507
counting,5,5,50,12,276,32.0,32.0,1,0.025002
counting,5,5,50,12,277,24.0,28.0,1,0.344086
counting,5,5,50,12,278,23.0,19.0,1,0.267248
counting,5,5,50,12,279,23.0,18.0,1,0.340921
counting,5,5,50,12,280,32.0,34.0,1,0.289546
counting,5,5,50,12,281,27.0,27.0,1,0.062402
counting,5,5,50,12,282,17.0,19.0,1,0.089989
counting,5,5,50,12,283,17.0,12.0,1,0.025684
counting,5,5,50,12,284,19.0,12.0,1,0.337461
counting,5,5,50,12,285,21.0,27.0,1,0.254434
counting,5,5,50,12,286,37.0,32.0,1,0.183348
counting,5,5,50,12,287,34.0,34.0,1,0.320307
counting,5,5,50,12,288,15.0,18.0,1,0.175787
counting,5,5,50,12,289,31.0,31.0,1,0.262178
counting,5,5,50,12,290,27.0,21.0,1,0.084619
counting,5,5,50,12,291,18.0,13.0,1,0.169344
counting,5,5,50,12,292,8.0,8.0,1,0.393729
counting,5,5,50,12,293,11.0,11.0,1,0.13173
counting,5,5,50,12,294,16.0,11.0,1,0.190786
counting,5,5,50,12,295,21.0,22.0,1,0.24815
counting,5,5,50,12,296,36.0,33.0,1,0.358341
counting,5,5,50,12,297,20.0,23.0,1,0.040633
counting,5,5,50,12,298,23.0,23.0,1,0.09104
counting,5,5,50,12,299,30.0,28.0,1,0.151242
counting,5,5,50,12,300,0.0,12.0,1,0.126132
counting,5,5,50,12,301,16.0,8.0,1,0.056799
counting,5,5,50,12,302,26.0,26.0,1,0.218403
counting,5,5,50,12,303,22.0,21.0,1,0.018229
counting,5,5,50,12,304,9.0,26.0,1,0.056123
counting,5,5,50,12,305,8.0,15.0,1,0.239728
counting,5,5,50,12,306,19.0,21.0,1,0.040825
counting,5,5,50,12,307,17.0,18.0,1,0.010073
counting,5,5,50,12,308,13.0,0.0,1,0.095956
counting,5,5,50,12,309,36.0,39.0,1,0.124611
counting,5,5,50,12,310,14.0,15.0,1,0.064354
counting,5,5,50,12,311,14.0,9.0,0,0.0
counting,5,5,50,12,312,23.0,26.0,1,0.007087
counting,5,5,50,12,313,30.0,15.0,1,0.081803
counting,5,5,50,12,314,20.0,21.0,1,0.118417
counting,5,5,50,12,315,31.0,29.0,1,0.024405
counting,5,5,50,12,316,32.0,30.0,1,0.082266
counting,5,5,50,12,317,21.0,25.0,1,0.147405
counting,5,5,50,12,318,20.0,21.0,1,0.115889
counting,5,5,50,12,319,24.0,25.0,1,0.138383
counting,5,5,50,12,320,0.0,12.0,1,0.110228
counting,5,5,50,12,321,15.0,0.0,1,0.167665
counting,5,5,50,12,322,20.0,22.0,1,0.347961
counting,5,5,50,12,323,17.0,19.0,1,0.464948
counting,5,5,50,12,324,11.0,10.0,0,0.0
counting,5,5,50,12,325,16.0,18.0,1,0.097124
counting,5,5,50,12,326,27.0,27.0,1,0.074951
counting,5,5,50,12,327,12.0,0.0,1,0.209978
counting,5,5,50,12,328,26.0,27.0,0,0.0
counting,5,5,50,12,329,21.0,23.0,1,0.272044
counting,5,5,50,12,330,31.0,31.0,1,0.179201
counting,5,5,50,12,331,16.0,11.0,1,0.154084
counting,5,5,50,12,332,17.0,23.0,1,0.165046
counting,5,5,50,12,333,28.0,28.0,1,0.095025
counting,5,5,50,12,334,26.0,23.0,1,0.111463
counting,5,5,50,12,335,33.0,33.0,1,0.210987
counting,5,5,50,12,336,22.0,24.0,1,0.212242
counting,5,5,50,12,337,17.0,18.0,1,0.040302
counting,5,5,50,12,338,20.0,23.0,1,0.60978
counting,5,5,50,12,339,14.0,10.0,1,0.172503
counting,5,5,50,12,340,19.0,19.0,1,0.364317
counting,5,5,50,12,341,32.0,25.0,1,0.252403
counting,5,5,50,12,342,29.0,33.0,1,0.088747
counting,5,5,50,12,343,30.0,34.0,1,0.025761
counting,5,5,50,12,344,40.0,39.0,1,0.128711
counting,5,5,50,12,345,30.0,32.0,1,0.023028
counting,5,5,50,12,346,0.0,13.0,1,0.201579
counting,5,5,50,12,347,16.0,0.0,1,0.081586
counting,5,5,50,12,348,26.0,29.0,1,0.150984
counting,5,5,50,12,349,11.0,13.0,1,0.066587
counting,5,5,50,12,350,25.0,18.0,1,0.242696
counting,5,5,50,12,351,19.0,24.0,1,0.323658
counting,5,5,50,12,352,11.0,19.0,1,0.267334
counting,5,5,50,12,353,10.0,7.0,1,0.140236
counting,5,5,50,12,354,19.0,26.0,1,0.005153
counting,5,5,50,12,355,30.0,27.0,1,0.226706
counting,5,5,50,12,356,25.0,29.0,1,0.344832
counting,5,5,50,12,357,35.0,38.0,0,0.0
counting,5,5,50,12,358,19.0,18.0,1,0.090184
counting,5,5,50,12,359,9.0,20.0,1,0.005187
counting,5,5,50,12,360,27.0,19.0,1,0.214888
counting,5,5,50,12,361,29.0,34.0,1,0.287604
counting,5,5,50,12,362,14.0,17.0,1,0.158295
counting,5,5,50,12,363,22.0,31.0,1,0.210388
counting,5,5,50,12,364,16.0,21.0,1,0.038815
counting,5,5,50,12,365,36.0,36.0,1,0.054051
counting,5,5,50,12,366,9.0,10.0,1,0.012918
counting,5,5,50,12,367,21.0,25.0,1,0.072802
counting,5,5,50,12,368,35.0,38.0,1,0.337748
counting,5,5,50,12,369,20.0,20.0,1,0.204538
counting,5,5,50,12,370,26.0,28.0,1,0.151671
counting,5,5,50,12,371,18.0,18.0,1,0.037971
counting,5,5,50,12,372,37.0,39.0,1,0.338547
counting,5,5,50,12,373,26.0,28.0,1,0.141969
counting,5,5,50,12,374,30.0,26.0,1,0.200908
counting,5,5,50,12,375,11.0,21.0,1,0.281328
counting,5,5,50,12,376,22.0,14.0,1,0.012358
counting,5,5,50,12,377,29.0,29.0,1,0.211093
counting,5,5,50,12,378,21.0,21.0,1,0.248455
counting,5,5,50,12,379,17.0,14.0,1,0.134091
counting,5,5,50,12,380,26.0,28.0,1,0.175684
counting,5,5,50,12,381,22.0,24.0,1,0.396318
counting,5,5,50,12,382,35.0,35.0,1,0.327915
counting,5,5,50,12,383,24.0,22.0,1,0.362873
counting,5,5,50,12,384,23.0,20.0,1,0.216845
counting,5,5,50,12,385,37.0,15.0,1,0.29189
counting,5,5,50,12,386,26.0,14.0,1,0.236507
counting,5,5,50,12,387,33.0,28.0,1,0.423979
counting,5,5,50,12,388,15.0,13.0,1,0.030604
counting,5,5,50,12,389,10.0,12.0,1,0.090028
counting,5,5,50,12,390,37.0,39.0,1,0.255203
counting,5,5,50,12,391,12.0,13.0,1,0.215304
counting,5,5,50,12,392,16.0,0.0,1,0.140248
counting,5,5,50,12,393,16.0,18.0,1,0.061739
counting,5,5,50,12,394,11.0,17.0,1,0.15458
counting,5,5,50,12,395,28.0,31.0,1,0.092706
counting,5,5,50,12,396,34.0,34.0,1,0.107385
counting,5,5,50,12,397,18.0,13.0,1,0.135428
counting,5,5,50,12,398,18.0,20.0,1,0.004355
counting,5,5,50,12,399,0.0,0.0,1,0.255706
counting,5,5,50,12,400,16.0,18.0,1,0.180436
counting,5,5,50,12,401,28.0,22.0,1,0.162121
counting,5,5,50,12,402,26.0,24.0,1,0.094788
counting,5,5,50,12,403,8.0,12.0,1,0.339335
counting,5,5,50,12,404,13.0,14.0,0,0.0
counting,5,5,50,12,405,25.0,27.0,1,0.192105
counting,5,5,50,12,406,29.0,25.0,1,0.036267
counting,5,5,50,12,407,31.0,33.0,1,0.104722
counting,5,5,50,12,408,24.0,21.0,1,0.171199
counting,5,5,50,12,409,28.0,22.0,1,0.113916
counting,5,5,50,12,410,27.0,28.0,1,0.349776
counting,5,5,50,12,411,20.0,14.0,1,0.164083
counting,5,5,50,12,412,19.0,26.0,1,0.071635
counting,5,5,50,12,413,18.0,0.0,1,0.03812
counting,5,5,50,12,414,18.0,21.0,0,0.0
counting,5,5,50,12,415,20.0,21.0,1,0.045703
counting,5,5,50,12,416,19.0,22.0,1,0.068607
counting,5,5,50,12,417,18.0,21.0,1,0.090705
counting,5,5,50,12,418,35.0,37.0,1,0.176974
counting,5,5,50,12,419,23.0,23.0,1,0.190604
counting,5,5,50,12,420,11.0,11.0,1,0.368287
counting,5,5,50,12,421,23.0,22.0,1,0.303962
counting,5,5,50,12,422,10.0,22.0,1,0.12344
counting,5,5,50,12,423,14.0,13.0,1,0.109283
counting,5,5,50,12,424,8.0,8.0,1,0.09756
counting,5,5,50,12,425,20.0,26.0,1,0.01983
counting,5,5,50,12,426,21.0,21.0,1,0.148181
counting,5,5,50,12,427,25.0,25.0,1,0.251204
counting,5,5,50,12,428,8.0,0.0,1,0.205857
counting,5,5,50,12,429,26.0,35.0,1,0.139816
counting,5,5,50,12,430,26.0,32.0,1,0.127649
counting,5,5,50,12,431,21.0,19.0,1,0.47874
counting,5,5,50,12,432,28.0,28.0,1,0.026409
counting,5,5,50,12,433,23.0,23.0,1,0.017829
counting,5,5,50,12,434,21.0,30.0,1,0.063388
counting,5,5,50,12,435,21.0,20.0,1,0.136459
counting,5,5,50,12,436,24.0,25.0,1,0.219106
counting,5,5,50,12,437,18.0,18.0,1,0.135129
counting,5,5,50,12,438,11.0,13.0,1,0.162398
counting,5,5,50,12,439,7.0,0.0,1,0.051162
counting,5,5,50,12,440,8.0,10.0,1,0.177572
counting,5,5,50,12,441,26.0,30.0,1,0.142978
counting,5,5,50,12,442,8.0,9.0,1,0.248653
counting,5,5,50,12,443,22.0,24.0,1,0.111464
counting,5,5,50,12,444,47.0,50.0,1,0.237589
counting,5,5,50,12,445,13.0,19.0,1,0.10614
counting,5,5,50,12,446,28.0,30.0,1,0.042223
counting,5,5,50,12,447,21.0,13.0,1,0.041693
counting,5,5,50,12,448,10.0,10.0,1,0.115976
counting,5,5,50,12,449,28.0,21.0,1,0.054221
counting,5,5,50,12,450,31.0,33.0,1,0.079166
counting,5,5,50,12,451,18.0,20.0,1,0.108739
counting,5,5,50,12,452,25.0,22.0,1,0.098029
counting,5,5,50,12,453,29.0,25.0,0,0.0
counting,5,5,50,12,454,29.0,24.0,1,0.167414
counting,5,5,50,12,455,33.0,33.0,1,0.100316
counting,5,5,50,12,456,15.0,23.0,1,0.041684
counting,5,5,50,12,457,26.0,9.0,1,0.264434
counting,5,5,50,12,458,11.0,20.0,1,0.06306
counting,5,5,50,12,459,24.0,25.0,1,0.443268
counting,5,5,50,12,460,37.0,40.0,1,0.307795
counting,5,5,50,12,461,33.0,34.0,1,0.121063
counting,5,5,50,12,462,32.0,22.0,1,0.014313
counting,5,5,50,12,463,30.0,31.0,1,0.054086
counting,5,5,50,12,464,16.0,15.0,1,0.020849
counting,5,5,50,12,465,17.0,16.0,1,0.037893
counting,5,5,50,12,466,26.0,27.0,1,0.044807
counting,5,5,50,12,467,12.0,22.0,1,0.061995
counting,5,5,50,12,468,18.0,18.0,1,0.482773
counting,5,5,50,12,469,24.0,13.0,1,0.163424
counting,5,5,50,12,470,32.0,23.0,1,0.194679
counting,5,5,50,12,471,36.0,37.0,1,0.020614
counting,5,5,50,12,472,27.0,29.0,1,0.301244
counting,5,5,50,12,473,0.0,18.0,1,0.304219
counting,5,5,50,12,474,18.0,17.0,1,0.256245
counting,5,5,50,12,475,27.0,33.0,1,0.086448
counting,5,5,50,12,476,21.0,21.0,1,0.065082
counting,5,5,50,12,477,22.0,13.0,1,0.011651
counting,5,5,50,12,478,14.0,23.0,1,0.116066
counting,5,5,50,12,479,12.0,13.0,1,0.064343
counting,5,5,50,12,480,21.0,24.0,1,0.074815
counting,5,5,50,12,481,17.0,13.0,1,0.214857
counting,5,5,50,12,482,25.0,19.0,1,0.225519
counting,5,5,50,12,483,28.0,31.0,1,0.001053
counting,5,5,50,12,484,17.0,21.0,1,0.254109
counting,5,5,50,12,485,20.0,21.0,1,0.094633
counting,5,5,50,12,486,22.0,15.0,1,0.030884
counting,5,5,50,12,487,23.0,19.0,0,0.0
counting,5,5,50,12,488,33.0,35.0,1,0.317299
counting,5,5,50,12,489,13.0,15.0,1,0.222713
counting,5,5,50,12,490,19.0,20.0,1,0.016507
counting,5,5,50,12,491,46.0,46.0,1,0.20005
counting,5,5,50,12,492,12.0,14.0,1,0.044103
counting,5,5,50,12,493,25.0,19.0,1,0.000122
counting,5,5,50,12,494,23.0,22.0,1,0.007805
counting,5,5,50,12,495,23.0,29.0,1,0.209146
counting,5,5,50,12,496,20.0,14.0,1,0.445324
counting,5,5,50,12,497,33.0,36.0,1,0.061424
counting,5,5,50,12,498,13.0,22.0,1,0.123897
counting,5,5,50,12,499,10.0,13.0,1,0.422386
counting,5,5,50,12,500,28.0,23.0,1,0.20611
counting,5,5,50,12,501,19.0,19.0,1,0.091669
counting,5,5,50,12,502,29.0,32.0,1,0.295746
counting,5,5,50,12,503,16.0,16.0,1,0.349313
counting,5,5,50,12,504,19.0,15.0,1,0.034939
counting,5,5,50,12,505,37.0,37.0,1,0.058413
counting,5,5,50,12,506,12.0,22.0,1,0.192201
counting,5,5,50,12,507,9.0,7.0,1,0.005388
counting,5,5,50,12,508,13.0,28.0,0,0.0
counting,5,5,50,12,509,20.0,13.0,1,0.684927
counting,5,5,50,12,510,9.0,11.0,1,0.149531
counting,5,5,50,12,511,20.0,22.0,1,0.056763
counting,5,5,50,12,512,30.0,19.0,1,0.389575
counting,5,5,50,12,513,36.0,43.0,1,0.13056
counting,5,5,50,12,514,27.0,29.0,1,0.227156
counting,5,5,50,12,515,17.0,18.0,1,0.071262
counting,5,5,50,12,516,21.0,17.0,1,0.203518
counting,5,5,50,12,517,17.0,23.0,1,0.11038
counting,5,5,50,12,518,26.0,23.0,1,0.000183
counting,5,5,50,12,519,23.0,20.0,1,0.217535
counting,5,5,50,12,520,26.0,34.0,1,0.291664
counting,5,5,50,12,521,24.0,23.0,1,0.096028
counting,5,5,50,12,522,15.0,22.0,1,0.297345
counting,5,5,50,12,523,22.0,25.0,1,0.178642
counting,5,5,50,12,524,30.0,34.0,1,0.148146
counting,5,5,50,12,525,19.0,19.0,0,0.0
counting,5,5,50,12,526,26.0,27.0,1,0.398187
counting,5,5,50,12,527,10.0,19.0,1,0.043993
counting,5,5,50,12,528,13.0,14.0,1,0.082554
counting,5,5,50,12,529,38.0,39.0,0,0.0
counting,5,5,50,12,530,31.0,38.0,1,0.02759
counting,5,5,50,12,531,32.0,36.0,0,0.0
counting,5,5,50,12,532,7.0,0.0,1,0.069586
counting,5,5,50,12,533,12.0,11.0,1,0.118056
counting,5,5,50,12,534,14.0,25.0,1,0.212622
counting,5,5,50,12,535,16.0,0.0,1,0.028832
counting,5,5,50,12,536,17.0,18.0,1,0.360067
counting,5,5,50,12,537,32.0,20.0,1,0.052454
counting,5,5,50,12,538,43.0,43.0,1,0.013336
counting,5,5,50,12,539,20.0,26.0,1,0.132524
counting,5,5,50,12,540,18.0,13.0,0,0.0
counting,5,5,50,12,541,20.0,13.0,1,0.186588
counting,5,5,50,12,542,15.0,19.0,1,0.464233
counting,5,5,50,12,543,14.0,14.0,0,0.0
counting,5,5,50,12,544,25.0,25.0,1,0.214032
counting,5,5,50,12,545,7.0,9.0,1,0.198045
counting,5,5,50,12,546,31.0,32.0,1,0.154562
counting,5,5,50,12,547,18.0,16.0,1,0.250564
counting,5,5,50,12,548,12.0,14.0,1,0.039574
counting,5,5,50,12,549,17.0,6.0,1,0.094609
counting,5,5,50,12,550,21.0,23.0,1,0.065356
counting,5,5,50,12,551,21.0,13.0,1,0.160625
counting,5,5,50,12,552,32.0,30.0,1,0.365877
counting,5,5,50,12,553,23.0,22.0,1,0.096025
counting,5,5,50,12,554,28.0,27.0,1,0.131668
counting,5,5,50,12,555,36.0,33.0,1,0.244841
counting,5,5,50,12,556,22.0,29.0,1,0.406949
counting,5,5,50,12,557,13.0,9.0,1,0.233629
counting,5,5,50,12,558,8.0,7.0,1,0.208603
counting,5,5,50,12,559,29.0,27.0,1,0.07073
counting,5,5,50,12,560,28.0,30.0,1,0.175786
counting,5,5,50,12,561,20.0,10.0,1,0.010507
counting,5,5,50,12,562,19.0,22.0,1,0.080933
counting,5,5,50,12,563,38.0,36.0,1,0.221437
counting,5,5,50,12,564,9.0,10.0,1,0.376978
counting,5,5,50,12,565,23.0,22.0,1,0.087876
counting,5,5,50,12,566,16.0,15.0,1,0.155595
counting,5,5,50,12,567,18.0,18.0,1,0.178748
counting,5,5,50,12,568,18.0,15.0,1,0.025532
counting,5,5,50,12,569,16.0,13.0,1,0.302821
counting,5,5,50,12,570,17.0,18.0,1,0.094172
counting,5,5,50,12,571,30.0,26.0,1,0.232166
counting,5,5,50,12,572,33.0,35.0,1,0.228185
counting,5,5,50,12,573,7.0,7.0,1,0.084295
counting,5,5,50,12,574,28.0,29.0,1,0.387864
counting,5,5,50,12,575,23.0,24.0,1,0.244791
counting,5,5,50,12,576,23.0,22.0,1,0.106417
counting,5,5,50,12,577,19.0,21.0,1,0.004969
counting,5,5,50,12,578,22.0,22.0,1,0.046374
counting,5,5,50,12,579,37.0,40.0,1,0.113184
counting,5,5,50,12,580,29.0,11.0,1,0.315803
counting,5,5,50,12,581,15.0,8.0,0,0.0
counting,5,5,50,12,582,33.0,36.0,1,0.402445
counting,5,5,50,12,583,5.0,0.0,1,0.299318
counting,5,5,50,12,584,22.0,22.0,1,0.219415
counting,5,5,50,12,585,22.0,28.0,1,0.023307
counting,5,5,50,12,586,26.0,22.0,1,0.02261
counting,5,5,50,12,587,12.0,12.0,1,0.374974
counting,5,5,50,12,588,11.0,19.0,1,0.229122
counting,5,5,50,12,589,34.0,34.0,1,1.2e-05
counting,5,5,50,12,590,22.0,23.0,1,0.034225
counting,5,5,50,12,591,25.0,28.0,1,0.0896
counting,5,5,50,12,592,22.0,23.0,1,0.330305
counting,5,5,50,12,593,27.0,35.0,1,0.316058
counting,5,5,50,12,594,33.0,35.0,1,0.14266
counting,5,5,50,12,595,29.0,23.0,1,0.073519
counting,5,5,50,12,596,26.0,30.0,1,0.177964
counting,5,5,50,12,597,15.0,15.0,1,0.050203
counting,5,5,50,12,598,16.0,0.0,1,0.134226
counting,5,5,50,12,599,26.0,26.0,1,0.012177
counting,5,5,50,12,600,18.0,20.0,1,0.244061
counting,5,5,50,12,601,26.0,28.0,1,0.130512
counting,5,5,50,12,602,8.0,8.0,1,0.018784
counting,5,5,50,12,603,24.0,27.0,1,0.163302
counting,5,5,50,12,604,20.0,10.0,1,0.100461
counting,5,5,50,12,605,21.0,21.0,1,0.13341
counting,5,5,50,12,606,9.0,10.0,0,0.0
counting,5,5,50,12,607,22.0,27.0,1,0.079354
counting,5,5,50,12,608,31.0,31.0,0,0.0
counting,5,5,50,12,609,7.0,10.0,1,0.179798
counting,5,5,50,12,610,20.0,18.0,1,0.021252
counting,5,5,50,12,611,19.0,19.0,1,0.154764
counting,5,5,50,12,612,21.0,22.0,1,0.226099
counting,5,5,50,12,613,24.0,27.0,1,0.001087
counting,5,5,50,12,614,27.0,22.0,1,0.390523
counting,5,5,50,12,615,24.0,21.0,1,0.002867
counting,5,5,50,12,616,19.0,10.0,1,0.165686
counting,5,5,50,12,617,25.0,19.0,1,0.181229
counting,5,5,50,12,618,20.0,28.0,1,0.129137
counting,5,5,50,12,619,28.0,31.0,1,0.391757
counting,5,5,50,12,620,34.0,41.0,1,0.028864
counting,5,5,50,12,621,37.0,31.0,0,0.0
counting,5,5,50,12,622,29.0,27.0,1,0.14482
counting,5,5,50,12,623,17.0,28.0,1,0.257434
counting,5,5,50,12,624,23.0,26.0,1,0.198102
counting,5,5,50,12,625,28.0,36.0,1,0.102234
counting,5,5,50,12,626,24.0,32.0,0,0.0
counting,5,5,50,12,627,27.0,22.0,0,0.0
counting,5,5,50,12,628,18.0,20.0,1,0.184874
counting,5,5,50,12,629,16.0,17.0,1,0.113966
counting,5,5,50,12,630,17.0,15.0,1,0.348416
counting,5,5,50,12,631,23.0,23.0,1,0.300427
counting,5,5,50,12,632,25.0,10.0,1,0.166867
counting,5,5,50,12,633,18.0,11.0,1,0.189431
counting,5,5,50,12,634,16.0,16.0,1,0.173342
counting,5,5,50,12,635,18.0,19.0,1,0.14179
counting,5,5,50,12,636,32.0,34.0,1,0.105647
counting,5,5,50,12,637,18.0,20.0,1,0.21419
counting,5,5,50,12,638,24.0,26.0,1,0.003087
counting,5,5,50,12,639,18.0,24.0,1,0.12412
counting,5,5,50,12,640,25.0,34.0,1,0.367597
counting,5,5,50,12,641,19.0,30.0,1,0.175898
counting,5,5,50,12,642,29.0,23.0,1,0.069715
counting,5,5,50,12,643,32.0,32.0,1,0.017435
counting,5,5,50,12,644,15.0,23.0,1,0.033012
counting,5,5,50,12,645,31.0,31.0,1,0.052862
counting,5,5,50,12,646,21.0,9.0,1,0.314855
counting,5,5,50,12,647,19.0,13.0,1,0.092815
counting,5,5,50,12,648,22.0,22.0,1,0.197369
counting,5,5,50,12,649,36.0,42.0,1,0.188121
counting,5,5,50,12,650,14.0,25.0,1,0.24846
counting,5,5,50,12,651,15.0,11.0,1,0.11708
counting,5,5,50,12,652,11.0,14.0,1,0.177899
counting,5,5,50,12,653,8.0,7.0,1,0.258837
counting,5,5,50,12,654,14.0,16.0,1,0.042485
counting,5,5,50,12,655,29.0,12.0,1,0.38015
counting,5,5,50,12,656,28.0,30.0,1,0.21617
counting,5,5,50,12,657,18.0,12.0,0,0.0
counting,5,5,50,12,658,9.0,11.0,1,0.186076
counting,5,5,50,12,659,15.0,22.0,1,0.078436
counting,5,5,50,12,660,18.0,13.0,1,0.126564
counting,5,5,50,12,661,22.0,27.0,1,0.330568
counting,5,5,50,12,662,7.0,25.0,1,0.234711
counting,5,5,50,12,663,37.0,36.0,1,0.099795
counting,5,5,50,12,664,14.0,17.0,1,0.377737
counting,5,5,50,12,665,32.0,29.0,1,0.14899
counting,5,5,50,12,666,17.0,0.0,1,0.070309
counting,5,5,50,12,667,30.0,34.0,1,0.221027
counting,5,5,50,12,668,7.0,8.0,0,0.0
counting,5,5,50,12,669,29.0,23.0,1,0.327154
counting,5,5,50,12,670,18.0,18.0,1,0.3315
counting,5,5,50,12,671,17.0,21.0,1,0.123018
counting,5,5,50,12,672,12.0,23.0,1,0.17278
counting,5,5,50,12,673,8.0,16.0,1,0.173156
counting,5,5,50,12,674,9.0,8.0,1,0.093466
counting,5,5,50,12,675,28.0,26.0,1,0.06505
counting,5,5,50,12,676,28.0,23.0,1,0.281169
counting,5,5,50,12,677,31.0,26.0,1,0.028104
counting,5,5,50,12,678,10.0,0.0,1,0.084232
counting,5,5,50,12,679,19.0,19.0,1,0.204103
counting,5,5,50,12,680,18.0,13.0,1,0.043544
counting,5,5,50,12,681,16.0,15.0,1,0.395858
counting,5,5,50,12,682,17.0,20.0,1,0.237983
counting,5,5,50,12,683,23.0,33.0,0,0.0
counting,5,5,50,12,684,0.0,5.0,1,0.042152
counting,5,5,50,12,685,20.0,22.0,1,0.116054
counting,5,5,50,12,686,24.0,25.0,1,0.280217
counting,5,5,50,12,687,38.0,36.0,1,0.308556
counting,5,5,50,12,688,21.0,28.0,1,0.122885
counting,5,5,50,12,689,15.0,9.0,1,0.052129
counting,5,5,50,12,690,11.0,26.0,1,0.421182
counting,5,5,50,12,691,22.0,21.0,1,0.365327
counting,5,5,50,12,692,40.0,41.0,1,0.104154
counting,5,5,50,12,693,11.0,11.0,1,0.212834
counting,5,5,50,12,694,31.0,33.0,1,0.130048
counting,5,5,50,12,695,19.0,19.0,1,0.059247
counting,5,5,50,12,696,23.0,21.0,1,0.11
counting,5,5,50,12,697,23.0,27.0,1,0.111546
counting,5,5,50,12,698,28.0,20.0,1,0.046052
counting,5,5,50,12,699,20.0,22.0,1,0.21266
counting,5,5,50,12,700,20.0,26.0,1,0.077577
counting,5,5,50,12,701,28.0,30.0,0,0.0
counting,5,5,50,12,702,12.0,11.0,1,0.193132
counting,5,5,50,12,703,22.0,22.0,1,0.112523
counting,5,5,50,12,704,25.0,19.0,1,0.107498
counting,5,5,50,12,705,25.0,23.0,1,0.096954
counting,5,5,50,12,706,29.0,20.0,1,0.1252
counting,5,5,50,12,707,10.0,15.0,1,0.061927
counting,5,5,50,12,708,21.0,22.0,1,0.241066
counting,5,5,50,12,709,31.0,32.0,1,0.126893
counting,5,5,50,12,710,35.0,33.0,1,0.168106
counting,5,5,50,12,711,19.0,27.0,1,0.100218
counting,5,5,50,12,712,22.0,23.0,1,0.248766
counting,5,5,50,12,713,30.0,33.0,1,0.350178
counting,5,5,50,12,714,21.0,26.0,1,0.183562
counting,5,5,50,12,715,16.0,8.0,1,0.091659
counting,5,5,50,12,716,30.0,31.0,1,0.161516
counting,5,5,50,12,717,28.0,31.0,1,0.152054
counting,5,5,50,12,718,9.0,12.0,1,0.340985
counting,5,5,50,12,719,20.0,20.0,1,0.198489
counting,5,5,50,12,720,25.0,12.0,1,0.564112
counting,5,5,50,12,721,18.0,18.0,0,0.0
counting,5,5,50,12,722,29.0,32.0,1,0.328428
counting,5,5,50,12,723,26.0,30.0,1,0.151423
counting,5,5,50,12,724,22.0,25.0,1,0.171045
counting,5,5,50,12,725,21.0,22.0,1,0.072851
counting,5,5,50,12,726,22.0,20.0,1,0.302108
counting,5,5,50,12,727,27.0,31.0,1,0.180585
counting,5,5,50,12,728,23.0,13.0,1,0.177774
counting,5,5,50,12,729,12.0,14.0,1,0.326637
counting,5,5,50,12,730,31.0,34.0,1,0.046313
counting,5,5,50,12,731,16.0,26.0,1,0.077449
counting,5,5,50,12,732,17.0,12.0,1,0.256181
counting,5,5,50,12,733,19.0,19.0,1,0.275846
counting,5,5,50,12,734,34.0,36.0,1,0.245827
counting,5,5,50,12,735,12.0,9.0,1,0.013288
counting,5,5,50,12,736,17.0,21.0,0,0.0
counting,5,5,50,12,737,7.0,6.0,1,0.019656
counting,5,5,50,12,738,33.0,33.0,1,0.210762
counting,5,5,50,12,739,9.0,11.0,1,0.211612
counting,5,5,50,12,740,12.0,0.0,1,0.324353
counting,5,5,50,12,741,35.0,40.0,1,0.295612
counting,5,5,50,12,742,11.0,18.0,1,0.292295
counting,5,5,50,12,743,6.0,0.0,1,0.0295
counting,5,5,50,12,744,12.0,23.0,1,0.06055
counting,5,5,50,12,745,27.0,29.0,1,0.551015
counting,5,5,50,12,746,11.0,11.0,1,0.009895
counting,5,5,50,12,747,10.0,19.0,1,0.20612
counting,5,5,50,12,748,27.0,30.0,1,0.028797
counting,5,5,50,12,749,39.0,39.0,1,0.134469
counting,5,5,50,12,750,22.0,26.0,1,0.034281
counting,5,5,50,12,751,28.0,29.0,1,0.033818
counting,5,5,50,12,752,34.0,30.0,1,0.241556
counting,5,5,50,12,753,9.0,10.0,1,0.353632
counting,5,5,50,12,754,25.0,26.0,1,0.022899
counting,5,5,50,12,755,30.0,30.0,1,0.109471
counting,5,5,50,12,756,30.0,25.0,1,0.083822
counting,5,5,50,12,757,18.0,24.0,1,0.066052
counting,5,5,50,12,758,12.0,18.0,1,0.26105
counting,5,5,50,12,759,28.0,28.0,1,0.039695
counting,5,5,50,12,760,30.0,30.0,1,0.130644
counting,5,5,50,12,761,10.0,23.0,1,0.163966
counting,5,5,50,12,762,30.0,28.0,1,0.077742
counting,5,5,50,12,763,14.0,19.0,1,0.142337
counting,5,5,50,12,764,21.0,21.0,1,0.39982
counting,5,5,50,12,765,18.0,24.0,1,0.355151
counting,5,5,50,12,766,18.0,20.0,0,0.0
counting,5,5,50,12,767,28.0,29.0,1,0.159952
counting,5,5,50,12,768,19.0,30.0,1,0.064022
counting,5,5,50,12,769,18.0,11.0,1,0.040098
counting,5,5,50,12,770,24.0,24.0,1,0.14076
counting,5,5,50,12,771,18.0,0.0,1,0.357803
counting,5,5,50,12,772,22.0,22.0,1,0.159215
counting,5,5,50,12,773,29.0,26.0,1,0.230102
counting,5,5,50,12,774,19.0,14.0,1,0.575364
counting,5,5,50,12,775,31.0,32.0,1,0.091648
counting,5,5,50,12,776,20.0,28.0,1,0.115645
counting,5,5,50,12,777,24.0,25.0,1,0.15524
counting,5,5,50,12,778,26.0,22.0,1,0.161052
counting,5,5,50,12,779,9.0,10.0,1,0.226539
counting,5,5,50,12,780,24.0,25.0,1,0.03954
counting,5,5,50,12,781,21.0,20.0,1,0.142231
counting,5,5,50,12,782,25.0,28.0,1,0.047007
counting,5,5,50,12,783,19.0,21.0,1,0.193383
counting,5,5,50,12,784,22.0,20.0,1,0.11106
counting,5,5,50,12,785,23.0,12.0,1,0.171177
counting,5,5,50,12,786,12.0,28.0,1,0.123737
counting,5,5,50,12,787,14.0,15.0,1,0.343654
counting,5,5,50,12,788,22.0,30.0,1,0.083613
counting,5,5,50,12,789,25.0,13.0,1,0.340603
counting,5,5,50,12,790,28.0,28.0,1,0.147845
counting,5,5,50,12,791,29.0,24.0,1,0.109557
counting,5,5,50,12,792,23.0,19.0,1,0.133934
counting,5,5,50,12,793,18.0,18.0,1,0.066322
counting,5,5,50,12,794,30.0,23.0,1,0.140245
counting,5,5,50,12,795,31.0,33.0,0,0.0
counting,5,5,50,12,796,19.0,20.0,1,0.001135
counting,5,5,50,12,797,16.0,17.0,1,0.288552
counting,5,5,50,12,798,22.0,19.0,1,0.101171
counting,5,5,50,12,799,19.0,12.0,1,0.105758
counting,5,5,50,12,800,10.0,11.0,1,0.177024
counting,5,5,50,12,801,22.0,22.0,1,0.19072
counting,5,5,50,12,802,23.0,16.0,1,0.048661
counting,5,5,50,12,803,16.0,20.0,1,0.092458
counting,5,5,50,12,804,9.0,9.0,0,0.0
counting,5,5,50,12,805,27.0,26.0,1,0.092432
counting,5,5,50,12,806,12.0,20.0,1,0.122299
counting,5,5,50,12,807,27.0,20.0,1,0.035819
counting,5,5,50,12,808,28.0,30.0,1,0.358955
counting,5,5,50,12,809,23.0,9.0,1,0.060223
counting,5,5,50,12,810,19.0,12.0,1,0.229093
counting,5,5,50,12,811,24.0,14.0,1,0.110598
counting,5,5,50,12,812,18.0,17.0,1,0.346622
counting,5,5,50,12,813,6.0,5.0,1,0.21206
counting,5,5,50,12,814,25.0,28.0,1,0.23352
counting,5,5,50,12,815,24.0,26.0,1,0.146276
counting,5,5,50,12,816,19.0,14.0,1,0.385363
counting,5,5,50,12,817,24.0,32.0,0,0.0
counting,5,5,50,12,818,8.0,11.0,1,0.114176
counting,5,5,50,12,819,19.0,17.0,1,0.032798
counting,5,5,50,12,820,24.0,24.0,1,0.168368
counting,5,5,50,12,821,24.0,25.0,1,0.051394
counting,5,5,50,12,822,36.0,37.0,1,0.024292
counting,5,5,50,12,823,20.0,21.0,1,0.067137
counting,5,5,50,12,824,19.0,18.0,1,0.550667
counting,5,5,50,12,825,14.0,23.0,1,0.364276
counting,5,5,50,12,826,17.0,17.0,1,0.060016
counting,5,5,50,12,827,28.0,27.0,1,0.350118
counting,5,5,50,12,828,29.0,30.0,1,0.170744
counting,5,5,50,12,829,17.0,19.0,0,0.0
counting,5,5,50,12,830,26.0,23.0,1,0.107123
counting,5,5,50,12,831,16.0,15.0,1,0.164147
counting,5,5,50,12,832,10.0,18.0,1,0.208833
counting,5,5,50,12,833,18.0,17.0,1,0.08099
counting,5,5,50,12,834,10.0,23.0,1,0.02745
counting,5,5,50,12,835,29.0,23.0,1,0.010705
counting,5,5,50,12,836,15.0,9.0,1,0.091947
counting,5,5,50,12,837,16.0,17.0,1,0.04467
counting,5,5,50,12,838,8.0,0.0,1,0.051516
counting,5,5,50,12,839,21.0,15.0,1,0.038808
counting,5,5,50,12,840,19.0,12.0,1,0.079807
counting,5,5,50,12,841,25.0,26.0,1,0.06987
counting,5,5,50,12,842,16.0,15.0,1,0.059057
counting,5,5,50,12,843,32.0,28.0,1,0.086144
counting,5,5,50,12,844,10.0,24.0,1,0.119808
counting,5,5,50,12,845,23.0,18.0,1,0.023225
counting,5,5,50,12,846,20.0,21.0,1,0.045281
counting,5,5,50,12,847,19.0,19.0,1,0.097342
counting,5,5,50,12,848,18.0,19.0,0,0.0
counting,5,5,50,12,849,32.0,32.0,1,0.268726
counting,5,5,50,12,850,36.0,38.0,1,0.161758
counting,5,5,50,12,851,13.0,15.0,1,0.16419
counting,5,5,50,12,852,7.0,0.0,1,0.075069
counting,5,5,50,12,853,17.0,19.0,1,0.082331
counting,5,5,50,12,854,31.0,39.0,1,0.09582
counting,5,5,50,12,855,20.0,23.0,1,0.034814
counting,5,5,50,12,856,18.0,14.0,1,0.100206
counting,5,5,50,12,857,12.0,26.0,1,0.182371
counting,5,5,50,12,858,19.0,21.0,1,0.007109
counting,5,5,50,12,859,26.0,26.0,0,0.0
counting,5,5,50,12,860,40.0,38.0,1,0.040796
counting,5,5,50,12,861,12.0,11.0,1,0.189631
counting,5,5,50,12,862,17.0,21.0,1,0.106998
counting,5,5,50,12,863,29.0,28.0,1,0.07791
counting,5,5,50,12,864,24.0,31.0,1,0.090265
counting,5,5,50,12,865,14.0,0.0,1,0.051165
counting,5,5,50,12,866,18.0,13.0,0,0.0
counting,5,5,50,12,867,25.0,28.0,1,0.235629
counting,5,5,50,12,868,21.0,22.0,1,0.014462
counting,5,5,50,12,869,17.0,0.0,1,0.357428
counting,5,5,50,12,870,37.0,33.0,1,0.317324
counting,5,5,50,12,871,25.0,25.0,1,0.045327
counting,5,5,50,12,872,26.0,26.0,1,0.266045
counting,5,5,50,12,873,41.0,38.0,1,0.117407
counting,5,5,50,12,874,10.0,12.0,1,0.292448
counting,5,5,50,12,875,23.0,19.0,1,0.052506
counting,5,5,50,12,876,17.0,20.0,1,0.072216
counting,5,5,50,12,877,22.0,13.0,1,0.085118
counting,5,5,50,12,878,18.0,8.0,1,0.073627
counting,5,5,50,12,879,27.0,28.0,1,0.117055
counting,5,5,50,12,880,11.0,13.0,1,0.243688
counting,5,5,50,12,881,28.0,31.0,1,0.202248
counting,5,5,50,12,882,27.0,22.0,1,0.196787
counting,5,5,50,12,883,20.0,19.0,1,0.262168
counting,5,5,50,12,884,23.0,28.0,1,0.126082
counting,5,5,50,12,885,22.0,24.0,1,0.020184
counting,5,5,50,12,886,8.0,0.0,1,0.11676
counting,5,5,50,12,887,37.0,40.0,1,0.108043
counting,5,5,50,12,888,26.0,10.0,1,0.017666
counting,5,5,50,12,889,22.0,19.0,1,0.273891
counting,5,5,50,12,890,19.0,19.0,1,0.0549
counting,5,5,50,12,891,30.0,27.0,1,0.307965
counting,5,5,50,12,892,26.0,23.0,1,0.106725
counting,5,5,50,12,893,26.0,31.0,0,0.0
counting,5,5,50,12,894,13.0,8.0,1,0.022169
counting,5,5,50,12,895,27.0,34.0,1,0.087046
counting,5,5,50,12,896,28.0,32.0,1,0.550032
counting,5,5,50,12,897,18.0,21.0,1,0.042463
counting,5,5,50,12,898,28.0,28.0,1,0.310531
counting,5,5,50,12,899,25.0,17.0,1,0.115793
counting,5,5,50,12,900,22.0,19.0,1,0.063959
counting,5,5,50,12,901,9.0,8.0,1,0.167039
counting,5,5,50,12,902,23.0,26.0,1,0.007522
counting,5,5,50,12,903,26.0,28.0,1,0.189771
counting,5,5,50,12,904,19.0,20.0,0,0.0
counting,5,5,50,12,905,6.0,0.0,1,0.041272
counting,5,5,50,12,906,23.0,23.0,1,0.175555
counting,5,5,50,12,907,18.0,21.0,1,0.341338
counting,5,5,50,12,908,30.0,33.0,1,0.063122
counting,5,5,50,12,909,16.0,17.0,1,0.23656
counting,5,5,50,12,910,31.0,34.0,1,0.276515
counting,5,5,50,12,911,19.0,30.0,1,0.076411
counting,5,5,50,12,912,9.0,9.0,1,0.189487
counting,5,5,50,12,913,8.0,0.0,1,0.070254
counting,5,5,50,12,914,24.0,24.0,1,0.282346
counting,5,5,50,12,915,18.0,21.0,1,0.234473
counting,5,5,50,12,916,11.0,10.0,1,0.420558
counting,5,5,50,12,917,6.0,21.0,1,0.158068
counting,5,5,50,12,918,20.0,23.0,1,0.066074
counting,5,5,50,12,919,19.0,19.0,1,0.023456
counting,5,5,50,12,920,29.0,30.0,1,0.274281
counting,5,5,50,12,921,30.0,31.0,1,0.290434
counting,5,5,50,12,922,12.0,11.0,1,0.101291
counting,5,5,50,12,923,25.0,22.0,1,0.077794
counting,5,5,50,12,924,22.0,13.0,1,0.079845
counting,5,5,50,12,925,27.0,25.0,1,0.059676
counting,5,5,50,12,926,34.0,39.0,1,0.009762
counting,5,5,50,12,927,19.0,14.0,1,0.194891
counting,5,5,50,12,928,32.0,32.0,1,0.005956
counting,5,5,50,12,929,18.0,18.0,1,0.132899
counting,5,5,50,12,930,24.0,12.0,1,0.297249
counting,5,5,50,12,931,26.0,23.0,1,0.036685
counting,5,5,50,12,932,27.0,27.0,1,0.005082
counting,5,5,50,12,933,31.0,24.0,1,0.101289
counting,5,5,50,12,934,34.0,32.0,1,0.03495
counting,5,5,50,12,935,17.0,20.0,1,0.258789
counting,5,5,50,12,936,20.0,20.0,1,0.091581
counting,5,5,50,12,937,37.0,34.0,1,0.410986
counting,5,5,50,12,938,27.0,25.0,1,0.164191
counting,5,5,50,12,939,28.0,22.0,1,0.050068
counting,5,5,50,12,940,33.0,24.0,1,0.23481
counting,5,5,50,12,941,19.0,11.0,1,0.245375
counting,5,5,50,12,942,7.0,0.0,1,0.040089
counting,5,5,50,12,943,23.0,23.0,1,0.121233
counting,5,5,50,12,944,6.0,6.0,1,0.060453
counting,5,5,50,12,945,26.0,21.0,1,0.162762
counting,5,5,50,12,946,20.0,20.0,0,0.0
counting,5,5,50,12,947,19.0,19.0,1,0.294443
counting,5,5,50,12,948,28.0,27.0,1,0.534118
counting,5,5,50,12,949,22.0,21.0,1,0.072268
counting,5,5,50,12,950,25.0,20.0,1,0.284503
counting,5,5,50,12,951,24.0,18.0,1,0.238963
counting,5,5,50,12,952,13.0,12.0,1,0.04023
counting,5,5,50,12,953,22.0,13.0,1,0.158552
counting,5,5,50,12,954,15.0,0.0,1,0.187065
counting,5,5,50,12,955,11.0,11.0,1,0.161473
counting,5,5,50,12,956,8.0,8.0,1,0.324919
counting,5,5,50,12,957,8.0,12.0,1,0.333713
counting,5,5,50,12,958,6.0,17.0,1,0.358525
counting,5,5,50,12,959,37.0,38.0,1,0.07147
counting,5,5,50,12,960,33.0,37.0,1,0.209206
counting,5,5,50,12,961,11.0,13.0,1,0.226712
counting,5,5,50,12,962,24.0,27.0,1,0.112752
counting,5,5,50,12,963,12.0,20.0,1,0.125872
counting,5,5,50,12,964,17.0,21.0,1,0.394468
counting,5,5,50,12,965,29.0,19.0,1,0.335371
counting,5,5,50,12,966,31.0,31.0,1,0.013334
counting,5,5,50,12,967,19.0,23.0,1,0.043509
counting,5,5,50,12,968,21.0,31.0,1,0.287188
counting,5,5,50,12,969,25.0,27.0,1,0.333398
counting,5,5,50,12,970,31.0,30.0,1,0.105679
counting,5,5,50,12,971,28.0,31.0,1,0.123612
counting,5,5,50,12,972,33.0,33.0,1,0.119425
counting,5,5,50,12,973,38.0,41.0,1,0.066184
counting,5,5,50,12,974,30.0,37.0,1,0.138947
counting,5,5,50,12,975,25.0,26.0,1,0.136865
counting,5,5,50,12,976,24.0,32.0,1,0.096625
counting,5,5,50,12,977,16.0,0.0,1,0.297725
counting,5,5,50,12,978,21.0,21.0,1,0.360415
counting,5,5,50,12,979,30.0,30.0,1,0.095057
counting,5,5,50,12,980,18.0,21.0,1,0.105468
counting,5,5,50,12,981,31.0,32.0,1,0.249677
counting,5,5,50,12,982,25.0,15.0,0,0.0
counting,5,5,50,12,983,29.0,22.0,1,0.120348
counting,5,5,50,12,984,21.0,19.0,1,0.077732
counting,5,5,50,12,985,17.0,20.0,1,0.247267
counting,5,5,50,12,986,15.0,16.0,1,0.075095
counting,5,5,50,12,987,7.0,10.0,1,0.366583
counting,5,5,50,12,988,31.0,32.0,1,0.116543
counting,5,5,50,12,989,24.0,20.0,1,0.189538
counting,5,5,50,12,990,11.0,12.0,1,0.181975
counting,5,5,50,12,991,18.0,18.0,1,0.010824
counting,5,5,50,12,992,24.0,18.0,1,0.329709
counting,5,5,50,12,993,12.0,13.0,1,0.30972
counting,5,5,50,12,994,24.0,26.0,1,0.111216
counting,5,5,50,12,995,5.0,16.0,1,0.09093
counting,5,5,50,12,996,28.0,31.0,1,0.265244
counting,5,5,50,12,997,20.0,23.0,1,0.016803
counting,5,5,50,12,998,8.0,17.0,1,0.189249
counting,5,5,50,12,999,9.0,14.0,1,0.153214
counting,3,5,50,12,0,26.0,19.0,1,0.053763
counting,3,5,50,12,1,23.0,24.0,0,0.0
counting,3,5,50,12,2,23.0,23.0,1,0.089019
counting,3,5,50,12,3,7.0,7.0,0,0.0
counting,3,5,50,12,4,17.0,15.0,1,0.005095
counting,3,5,50,12,5,14.0,21.0,1,0.348042
counting,3,5,50,12,6,9.0,15.0,0,0.0
counting,3,5,50,12,7,20.0,22.0,1,0.084673
counting,3,5,50,12,8,20.0,20.0,1,0.025827
counting,3,5,50,12,9,6.0,7.0,1,0.172651
counting,3,5,50,12,10,17.0,9.0,0,0.0
counting,3,5,50,12,11,8.0,14.0,1,0.131475
counting,3,5,50,12,12,28.0,23.0,1,0.137103
counting,3,5,50,12,13,29.0,29.0,1,0.202474
counting,3,5,50,12,14,30.0,31.0,1,0.009063
counting,3,5,50,12,15,7.0,9.0,1,0.096398
counting,3,5,50,12,16,23.0,22.0,1,0.230875
counting,3,5,50,12,17,16.0,22.0,1,0.08067
counting,3,5,50,12,18,21.0,23.0,0,0.0
counting,3,5,50,12,19,36.0,36.0,0,0.0
counting,3,5,50,12,20,30.0,30.0,0,0.0
counting,3,5,50,12,21,19.0,13.0,0,0.0
counting,3,5,50,12,22,14.0,20.0,0,0.0
counting,3,5,50,12,23,10.0,6.0,1,0.176069
counting,3,5,50,12,24,19.0,12.0,1,0.072174
counting,3,5,50,12,25,19.0,15.0,0,0.0
counting,3,5,50,12,26,22.0,22.0,1,0.020908
counting,3,5,50,12,27,29.0,30.0,0,0.0
counting,3,5,50,12,28,26.0,25.0,1,0.252743
counting,3,5,50,12,29,23.0,23.0,0,0.0
counting,3,5,50,12,30,21.0,21.0,0,0.0
counting,3,5,50,12,31,28.0,18.0,1,0.471102
counting,3,5,50,12,32,20.0,7.0,1,0.067935
counting,3,5,50,12,33,27.0,28.0,1,0.093018
counting,3,5,50,12,34,18.0,19.0,0,0.0
counting,3,5,50,12,35,28.0,28.0,0,0.0
counting,3,5,50,12,36,28.0,28.0,0,0.0
counting,3,5,50,12,37,29.0,29.0,1,0.138303
counting,3,5,50,12,38,27.0,27.0,1,0.373246
counting,3,5,50,12,39,25.0,23.0,1,0.034809
counting,3,5,50,12,40,16.0,16.0,0,0.0
counting,3,5,50,12,41,18.0,23.0,1,0.286546
counting,3,5,50,12,42,21.0,20.0,1,0.04828
counting,3,5,50,12,43,20.0,20.0,1,0.385391
counting,3,5,50,12,44,21.0,21.0,0,0.0
counting,3,5,50,12,45,7.0,14.0,1,0.350007
counting,3,5,50,12,46,30.0,30.0,1,0.172364
counting,3,5,50,12,47,14.0,21.0,1,0.321628
counting,3,5,50,12,48,15.0,20.0,0,0.0
counting,3,5,50,12,49,8.0,7.0,1,0.04032
counting,3,5,50,12,50,6.0,6.0,1,0.061963
counting,3,5,50,12,51,20.0,13.0,1,0.020598
counting,3,5,50,12,52,28.0,28.0,0,0.0
counting,3,5,50,12,53,24.0,24.0,0,0.0
counting,3,5,50,12,54,33.0,35.0,1,0.151077
counting,3,5,50,12,55,24.0,23.0,1,0.240589
counting,3,5,50,12,56,12.0,17.0,1,0.368169
counting,3,5,50,12,57,29.0,29.0,0,0.0
counting,3,5,50,12,58,21.0,16.0,0,0.0
counting,3,5,50,12,59,14.0,14.0,1,0.318511
counting,3,5,50,12,60,24.0,27.0,1,0.34578
counting,3,5,50,12,61,34.0,34.0,1,0.004702
counting,3,5,50,12,62,24.0,22.0,1,0.01499
counting,3,5,50,12,63,31.0,31.0,1,0.042873
counting,3,5,50,12,64,16.0,16.0,0,0.0
counting,3,5,50,12,65,8.0,5.0,1,0.23622
counting,3,5,50,12,66,26.0,22.0,1,0.035648
counting,3,5,50,12,67,20.0,21.0,1,0.052421
counting,3,5,50,12,68,32.0,33.0,1,0.061915
counting,3,5,50,12,69,13.0,13.0,1,0.042048
counting,3,5,50,12,70,24.0,25.0,1,0.027755
counting,3,5,50,12,71,28.0,28.0,1,0.000317
counting,3,5,50,12,72,29.0,29.0,0,0.0
counting,3,5,50,12,73,13.0,15.0,1,0.115991
counting,3,5,50,12,74,14.0,14.0,1,0.14668
counting,3,5,50,12,75,29.0,29.0,0,0.0
counting,3,5,50,12,76,20.0,21.0,1,0.08364
counting,3,5,50,12,77,30.0,30.0,1,0.16906
counting,3,5,50,12,78,12.0,15.0,1,0.268778
counting,3,5,50,12,79,20.0,21.0,1,0.143447
counting,3,5,50,12,80,31.0,23.0,0,0.0
counting,3,5,50,12,81,27.0,27.0,0,0.0
counting,3,5,50,12,82,21.0,21.0,1,0.336717
counting,3,5,50,12,83,12.0,7.0,1,0.204099
counting,3,5,50,12,84,27.0,27.0,0,0.0
counting,3,5,50,12,85,28.0,28.0,1,0.098515
counting,3,5,50,12,86,16.0,16.0,0,0.0
counting,3,5,50,12,87,8.0,15.0,1,0.500671
counting,3,5,50,12,88,14.0,14.0,1,0.217111
counting,3,5,50,12,89,21.0,14.0,1,0.010456
counting,3,5,50,12,90,27.0,29.0,1,0.036293
counting,3,5,50,12,91,31.0,31.0,0,0.0
counting,3,5,50,12,92,35.0,35.0,0,0.0
counting,3,5,50,12,93,17.0,17.0,1,0.401773
counting,3,5,50,12,94,29.0,29.0,1,0.366818
counting,3,5,50,12,95,16.0,19.0,1,0.290583
counting,3,5,50,12,96,23.0,22.0,0,0.0
counting,3,5,50,12,97,20.0,14.0,0,0.0
counting,3,5,50,12,98,20.0,21.0,1,0.21513
counting,3,5,50,12,99,27.0,22.0,0,0.0
counting,3,5,50,12,100,13.0,8.0,0,0.0
counting,3,5,50,12,101,18.0,13.0,1,0.098313
counting,3,5,50,12,102,25.0,26.0,1,0.048911
counting,3,5,50,12,103,35.0,37.0,0,0.0
counting,3,5,50,12,104,21.0,21.0,1,0.039298
counting,3,5,50,12,105,21.0,27.0,0,0.0
counting,3,5,50,12,106,8.0,6.0,1,0.104742
counting,3,5,50,12,107,19.0,25.0,1,0.468819
counting,3,5,50,12,108,24.0,28.0,1,0.014502
counting,3,5,50,12,109,21.0,27.0,1,0.34297
counting,3,5,50,12,110,22.0,15.0,1,0.07178
counting,3,5,50,12,111,14.0,25.0,1,0.349524
counting,3,5,50,12,112,13.0,14.0,1,0.31105
counting,3,5,50,12,113,31.0,30.0,0,0.0
counting,3,5,50,12,114,17.0,23.0,1,0.297481
counting,3,5,50,12,115,21.0,21.0,1,0.026141
counting,3,5,50,12,116,7.0,7.0,1,0.275756
counting,3,5,50,12,117,25.0,27.0,1,0.018338
counting,3,5,50,12,118,0.0,9.0,1,0.127024
counting,3,5,50,12,119,24.0,22.0,0,0.0
counting,3,5,50,12,120,38.0,39.0,1,0.004044
counting,3,5,50,12,121,25.0,25.0,1,0.125059
counting,3,5,50,12,122,16.0,10.0,1,0.2752
counting,3,5,50,12,123,26.0,21.0,1,0.398851
counting,3,5,50,12,124,20.0,20.0,0,0.0
counting,3,5,50,12,125,17.0,19.0,1,0.059793
counting,3,5,50,12,126,14.0,20.0,1,0.124784
counting,3,5,50,12,127,22.0,21.0,1,0.176178
counting,3,5,50,12,128,7.0,7.0,1,0.198997
counting,3,5,50,12,129,20.0,20.0,1,0.055562
counting,3,5,50,12,130,26.0,26.0,1,0.091653
counting,3,5,50,12,131,23.0,24.0,0,0.0
counting,3,5,50,12,132,7.0,8.0,0,0.0
counting,3,5,50,12,133,14.0,14.0,0,0.0
counting,3,5,50,12,134,9.0,15.0,1,0.08722
counting,3,5,50,12,135,24.0,29.0,0,0.0
counting,3,5,50,12,136,19.0,25.0,1,0.109589
counting,3,5,50,12,137,11.0,0.0,1,0.031913
counting,3,5,50,12,138,22.0,22.0,1,0.182835
counting,3,5,50,12,139,20.0,20.0,1,0.42119
counting,3,5,50,12,140,22.0,21.0,0,0.0
counting,3,5,50,12,141,9.0,9.0,1,0.013017
counting,3,5,50,12,142,17.0,25.0,1,0.145448
counting,3,5,50,12,143,22.0,15.0,1,0.003855
counting,3,5,50,12,144,29.0,26.0,1,0.29218
counting,3,5,50,12,145,15.0,23.0,1,0.009131
counting,3,5,50,12,146,20.0,14.0,1,0.153941
counting,3,5,50,12,147,21.0,21.0,0,0.0
counting,3,5,50,12,148,20.0,20.0,0,0.0
counting,3,5,50,12,149,17.0,17.0,1,0.413714
counting,3,5,50,12,150,11.0,12.0,1,0.186736
counting,3,5,50,12,151,18.0,23.0,1,0.071188
counting,3,5,50,12,152,31.0,31.0,1,0.063945
counting,3,5,50,12,153,8.0,14.0,1,0.030869
counting,3,5,50,12,154,8.0,8.0,1,0.023787
counting,3,5,50,12,155,27.0,27.0,1,0.189009
counting,3,5,50,12,156,28.0,28.0,0,0.0
counting,3,5,50,12,157,31.0,31.0,1,0.064326
counting,3,5,50,12,158,15.0,21.0,0,0.0
counting,3,5,50,12,159,19.0,15.0,1,0.047501
counting,3,5,50,12,160,28.0,28.0,0,0.0
counting,3,5,50,12,161,25.0,26.0,1,0.444258
counting,3,5,50,12,162,18.0,18.0,0,0.0
counting,3,5,50,12,163,15.0,9.0,1,0.004959
counting,3,5,50,12,164,28.0,28.0,0,0.0
counting,3,5,50,12,165,15.0,21.0,0,0.0
counting,3,5,50,12,166,6.0,0.0,1,0.319261
counting,3,5,50,12,167,28.0,22.0,0,0.0
counting,3,5,50,12,168,14.0,16.0,1,0.118942
counting,3,5,50,12,169,29.0,29.0,1,0.110875
counting,3,5,50,12,170,26.0,35.0,0,0.0
counting,3,5,50,12,171,23.0,30.0,1,0.083245
counting,3,5,50,12,172,36.0,36.0,0,0.0
counting,3,5,50,12,173,8.0,9.0,1,0.099619
counting,3,5,50,12,174,15.0,15.0,0,0.0
counting,3,5,50,12,175,27.0,29.0,1,0.325898
counting,3,5,50,12,176,9.0,17.0,0,0.0
counting,3,5,50,12,177,23.0,16.0,1,0.12267
counting,3,5,50,12,178,16.0,21.0,0,0.0
counting,3,5,50,12,179,16.0,21.0,0,0.0
counting,3,5,50,12,180,17.0,18.0,0,0.0
counting,3,5,50,12,181,13.0,13.0,1,0.014906
counting,3,5,50,12,182,19.0,20.0,1,0.00186
counting,3,5,50,12,183,17.0,18.0,1,0.088594
counting,3,5,50,12,184,23.0,23.0,0,0.0
counting,3,5,50,12,185,17.0,18.0,1,0.220586
counting,3,5,50,12,186,25.0,26.0,1,0.222456
counting,3,5,50,12,187,28.0,29.0,0,0.0
counting,3,5,50,12,188,33.0,33.0,0,0.0
counting,3,5,50,12,189,30.0,21.0,1,0.039707
counting,3,5,50,12,190,31.0,31.0,1,0.109788
counting,3,5,50,12,191,21.0,20.0,1,0.001933
counting,3,5,50,12,192,27.0,23.0,0,0.0
counting,3,5,50,12,193,22.0,25.0,1,0.095311
counting,3,5,50,12,194,21.0,21.0,0,0.0
counting,3,5,50,12,195,18.0,6.0,1,0.231402
counting,3,5,50,12,196,24.0,21.0,1,0.288356
counting,3,5,50,12,197,29.0,29.0,0,0.0
counting,3,5,50,12,198,13.0,13.0,1,0.251183
counting,3,5,50,12,199,12.0,14.0,1,0.356179
counting,3,5,50,12,200,22.0,22.0,1,0.416064
counting,3,5,50,12,201,13.0,13.0,1,0.160436
counting,3,5,50,12,202,22.0,13.0,1,0.054103
counting,3,5,50,12,203,20.0,21.0,1,0.183903
counting,3,5,50,12,204,21.0,16.0,1,0.477729
counting,3,5,50,12,205,19.0,25.0,1,0.235499
counting,3,5,50,12,206,14.0,7.0,0,0.0
counting,3,5,50,12,207,17.0,17.0,0,0.0
counting,3,5,50,12,208,9.0,14.0,1,0.499733
counting,3,5,50,12,209,21.0,26.0,0,0.0
counting,3,5,50,12,210,28.0,27.0,1,0.059151
counting,3,5,50,12,211,30.0,24.0,0,0.0
counting,3,5,50,12,212,20.0,20.0,0,0.0
counting,3,5,50,12,213,35.0,37.0,0,0.0
counting,3,5,50,12,214,37.0,37.0,0,0.0
counting,3,5,50,12,215,19.0,18.0,1,0.13183
counting,3,5,50,12,216,13.0,15.0,1,0.258397
counting,3,5,50,12,217,22.0,22.0,0,0.0
counting,3,5,50,12,218,27.0,23.0,1,0.09508
counting,3,5,50,12,219,28.0,30.0,1,0.162297
counting,3,5,50,12,220,0.0,0.0,1,0.006543
counting,3,5,50,12,221,32.0,23.0,0,0.0
counting,3,5,50,12,222,27.0,27.0,0,0.0
counting,3,5,50,12,223,20.0,15.0,0,0.0
counting,3,5,50,12,224,19.0,26.0,1,0.139451
counting,3,5,50,12,225,21.0,21.0,1,0.059362
counting,3,5,50,12,226,27.0,26.0,0,0.0
counting,3,5,50,12,227,31.0,31.0,0,0.0
counting,3,5,50,12,228,18.0,19.0,1,0.123444
counting,3,5,50,12,229,14.0,14.0,1,0.004792
counting,3,5,50,12,230,6.0,5.0,1,0.215814
counting,3,5,50,12,231,24.0,24.0,0,0.0
counting,3,5,50,12,232,30.0,30.0,0,0.0
counting,3,5,50,12,233,19.0,20.0,1,0.020624
counting,3,5,50,12,234,13.0,13.0,0,0.0
counting,3,5,50,12,235,21.0,28.0,1,0.043633
counting,3,5,50,12,236,15.0,20.0,0,0.0
counting,3,5,50,12,237,26.0,28.0,1,0.021565
counting,3,5,50,12,238,28.0,29.0,0,0.0
counting,3,5,50,12,239,28.0,26.0,0,0.0
counting,3,5,50,12,240,21.0,21.0,1,0.046168
counting,3,5,50,12,241,22.0,23.0,1,0.031153
counting,3,5,50,12,242,25.0,15.0,1,0.003064
counting,3,5,50,12,243,12.0,17.0,1,0.390624
counting,3,5,50,12,244,6.0,0.0,1,0.233638
counting,3,5,50,12,245,15.0,22.0,0,0.0
counting,3,5,50,12,246,20.0,19.0,1,0.005595
counting,3,5,50,12,247,18.0,15.0,1,0.022966
counting,3,5,50,12,248,13.0,15.0,1,0.073323
counting,3,5,50,12,249,19.0,19.0,1,0.007335
counting,3,5,50,12,250,35.0,30.0,1,0.026456
counting,3,5,50,12,251,20.0,18.0,1,0.090544
counting,3,5,50,12,252,19.0,19.0,1,0.106308
counting,3,5,50,12,253,21.0,20.0,0,0.0
counting,3,5,50,12,254,29.0,29.0,0,0.0
counting,3,5,50,12,255,23.0,23.0,0,0.0
counting,3,5,50,12,256,25.0,26.0,1,0.343619
counting,3,5,50,12,257,27.0,27.0,0,0.0
counting,3,5,50,12,258,21.0,21.0,0,0.0
counting,3,5,50,12,259,13.0,13.0,0,0.0
counting,3,5,50,12,260,21.0,21.0,1,0.011826
counting,3,5,50,12,261,17.0,17.0,1,0.136478
counting,3,5,50,12,262,20.0,20.0,0,0.0
counting,3,5,50,12,263,21.0,16.0,1,0.015784
counting,3,5,50,12,264,27.0,27.0,1,0.040453
counting,3,5,50,12,265,29.0,30.0,1,0.310487
counting,3,5,50,12,266,25.0,26.0,1,0.010691
counting,3,5,50,12,267,22.0,22.0,0,0.0
counting,3,5,50,12,268,21.0,15.0,0,0.0
counting,3,5,50,12,269,35.0,35.0,1,0.012701
counting,3,5,50,12,270,25.0,19.0,1,0.06487
counting,3,5,50,12,271,16.0,24.0,1,0.105082
counting,3,5,50,12,272,26.0,27.0,1,0.16301
counting,3,5,50,12,273,22.0,15.0,0,0.0
counting,3,5,50,12,274,14.0,14.0,0,0.0
counting,3,5,50,12,275,15.0,20.0,0,0.0
counting,3,5,50,12,276,15.0,14.0,0,0.0
counting,3,5,50,12,277,21.0,23.0,0,0.0
counting,3,5,50,12,278,26.0,26.0,1,0.11589
counting,3,5,50,12,279,22.0,22.0,1,0.07222
counting,3,5,50,12,280,12.0,13.0,1,0.201213
counting,3,5,50,12,281,16.0,21.0,1,0.000618
counting,3,5,50,12,282,12.0,14.0,1,0.124155
counting,3,5,50,12,283,23.0,24.0,0,0.0
counting,3,5,50,12,284,30.0,24.0,1,0.206433
counting,3,5,50,12,285,21.0,15.0,1,0.23992
counting,3,5,50,12,286,12.0,14.0,0,0.0
counting,3,5,50,12,287,15.0,15.0,0,0.0
counting,3,5,50,12,288,38.0,38.0,0,0.0
counting,3,5,50,12,289,21.0,21.0,0,0.0
counting,3,5,50,12,290,21.0,21.0,0,0.0
counting,3,5,50,12,291,25.0,24.0,0,0.0
counting,3,5,50,12,292,21.0,21.0,1,0.014267
counting,3,5,50,12,293,33.0,33.0,1,0.005694
counting,3,5,50,12,294,30.0,30.0,0,0.0
counting,3,5,50,12,295,22.0,21.0,1,0.072343
counting,3,5,50,12,296,32.0,32.0,1,0.024924
counting,3,5,50,12,297,8.0,8.0,0,0.0
counting,3,5,50,12,298,17.0,16.0,0,0.0
counting,3,5,50,12,299,18.0,18.0,0,0.0
counting,3,5,50,12,300,7.0,20.0,1,0.110852
counting,3,5,50,12,301,17.0,18.0,1,0.080009
counting,3,5,50,12,302,20.0,21.0,1,0.01502
counting,3,5,50,12,303,29.0,29.0,1,0.002179
counting,3,5,50,12,304,28.0,28.0,0,0.0
counting,3,5,50,12,305,13.0,20.0,1,0.119965
counting,3,5,50,12,306,6.0,19.0,0,0.0
counting,3,5,50,12,307,14.0,15.0,1,0.233019
counting,3,5,50,12,308,20.0,14.0,0,0.0
counting,3,5,50,12,309,27.0,26.0,1,0.091997
counting,3,5,50,12,310,23.0,26.0,1,0.006067
counting,3,5,50,12,311,23.0,22.0,0,0.0
counting,3,5,50,12,312,33.0,35.0,1,0.051845
counting,3,5,50,12,313,27.0,27.0,0,0.0
counting,3,5,50,12,314,22.0,30.0,1,0.231869
counting,3,5,50,12,315,31.0,31.0,1,0.0399
counting,3,5,50,12,316,13.0,18.0,1,0.016495
counting,3,5,50,12,317,30.0,30.0,1,0.028076
counting,3,5,50,12,318,29.0,29.0,1,0.097896
counting,3,5,50,12,319,14.0,14.0,0,0.0
counting,3,5,50,12,320,8.0,15.0,1,0.119125
counting,3,5,50,12,321,18.0,12.0,0,0.0
counting,3,5,50,12,322,20.0,20.0,1,0.469165
counting,3,5,50,12,323,20.0,15.0,0,0.0
counting,3,5,50,12,324,14.0,19.0,1,0.187236
counting,3,5,50,12,325,20.0,16.0,1,0.061012
counting,3,5,50,12,326,23.0,23.0,0,0.0
counting,3,5,50,12,327,21.0,22.0,1,0.185449
counting,3,5,50,12,328,12.0,13.0,1,0.136167
counting,3,5,50,12,329,27.0,25.0,1,0.151483
counting,3,5,50,12,330,31.0,23.0,0,0.0
counting,3,5,50,12,331,25.0,25.0,0,0.0
counting,3,5,50,12,332,25.0,25.0,0,0.0
counting,3,5,50,12,333,15.0,15.0,0,0.0
counting,3,5,50,12,334,24.0,25.0,0,0.0
counting,3,5,50,12,335,18.0,18.0,0,0.0
counting,3,5,50,12,336,13.0,18.0,1,0.007593
counting,3,5,50,12,337,25.0,25.0,1,0.028744
counting,3,5,50,12,338,30.0,26.0,1,0.025256
counting,3,5,50,12,339,15.0,15.0,1,0.2501
counting,3,5,50,12,340,18.0,9.0,1,0.502314
counting,3,5,50,12,341,10.0,5.0,0,0.0
counting,3,5,50,12,342,16.0,16.0,1,0.60397
counting,3,5,50,12,343,34.0,36.0,1,0.301423
counting,3,5,50,12,344,13.0,13.0,1,0.272512
counting,3,5,50,12,345,38.0,37.0,1,0.064727
counting,3,5,50,12,346,21.0,22.0,1,0.000589
counting,3,5,50,12,347,15.0,14.0,1,0.065032
counting,3,5,50,12,348,17.0,12.0,1,0.174271
counting,3,5,50,12,349,23.0,30.0,1,0.096094
counting,3,5,50,12,350,15.0,15.0,0,0.0
counting,3,5,50,12,351,28.0,28.0,0,0.0
counting,3,5,50,12,352,19.0,18.0,1,0.265565
counting,3,5,50,12,353,31.0,22.0,1,0.191367
counting,3,5,50,12,354,15.0,15.0,0,0.0
counting,3,5,50,12,355,8.0,8.0,1,0.099756
counting,3,5,50,12,356,15.0,8.0,0,0.0
counting,3,5,50,12,357,23.0,22.0,1,0.028869
counting,3,5,50,12,358,7.0,13.0,1,0.021667
counting,3,5,50,12,359,13.0,14.0,0,0.0
counting,3,5,50,12,360,14.0,15.0,1,0.032674
counting,3,5,50,12,361,15.0,15.0,0,0.0
counting,3,5,50,12,362,20.0,22.0,0,0.0
counting,3,5,50,12,363,29.0,29.0,0,0.0
counting,3,5,50,12,364,23.0,23.0,1,0.535651
counting,3,5,50,12,365,21.0,21.0,0,0.0
counting,3,5,50,12,366,7.0,19.0,1,0.062727
counting,3,5,50,12,367,22.0,22.0,1,0.034054
counting,3,5,50,12,368,24.0,24.0,0,0.0
counting,3,5,50,12,369,28.0,29.0,0,0.0
counting,3,5,50,12,370,26.0,33.0,1,0.026059
counting,3,5,50,12,371,20.0,24.0,1,0.376888
counting,3,5,50,12,372,20.0,20.0,1,0.005838
counting,3,5,50,12,373,10.0,7.0,1,0.04535
counting,3,5,50,12,374,6.0,6.0,1,0.340467
counting,3,5,50,12,375,21.0,23.0,0,0.0
counting,3,5,50,12,376,28.0,28.0,1,0.009903
counting,3,5,50,12,377,29.0,30.0,1,0.079654
counting,3,5,50,12,378,22.0,22.0,0,0.0
counting,3,5,50,12,379,13.0,14.0,1,0.071305
counting,3,5,50,12,380,27.0,28.0,0,0.0
counting,3,5,50,12,381,16.0,16.0,1,0.149392
counting,3,5,50,12,382,17.0,26.0,1,0.135747
counting,3,5,50,12,383,31.0,33.0,1,0.008051
counting,3,5,50,12,384,23.0,24.0,1,0.078399
counting,3,5,50,12,385,23.0,19.0,0,0.0
counting,3,5,50,12,386,24.0,17.0,0,0.0
counting,3,5,50,12,387,22.0,22.0,1,0.20636
counting,3,5,50,12,388,11.0,12.0,1,0.215265
counting,3,5,50,12,389,17.0,9.0,0,0.0
counting,3,5,50,12,390,34.0,34.0,0,0.0
counting,3,5,50,12,391,21.0,19.0,0,0.0
counting,3,5,50,12,392,31.0,31.0,0,0.0
counting,3,5,50,12,393,15.0,15.0,0,0.0
counting,3,5,50,12,394,20.0,21.0,0,0.0
counting,3,5,50,12,395,37.0,37.0,0,0.0
counting,3,5,50,12,396,40.0,40.0,0,0.0
counting,3,5,50,12,397,28.0,29.0,1,0.347007
counting,3,5,50,12,398,13.0,22.0,1,0.173903
counting,3,5,50,12,399,17.0,17.0,1,0.142647
counting,3,5,50,12,400,26.0,27.0,0,0.0
counting,3,5,50,12,401,21.0,21.0,1,0.493007
counting,3,5,50,12,402,22.0,23.0,1,0.090046
counting,3,5,50,12,403,23.0,20.0,1,0.344943
counting,3,5,50,12,404,21.0,21.0,0,0.0
counting,3,5,50,12,405,26.0,20.0,1,0.000613
counting,3,5,50,12,406,18.0,21.0,1,0.264768
counting,3,5,50,12,407,5.0,6.0,1,0.274201
counting,3,5,50,12,408,33.0,33.0,0,0.0
counting,3,5,50,12,409,14.0,15.0,1,0.159018
counting,3,5,50,12,410,8.0,15.0,1,0.068334
counting,3,5,50,12,411,23.0,18.0,1,0.234987
counting,3,5,50,12,412,5.0,9.0,1,0.128004
counting,3,5,50,12,413,9.0,15.0,1,0.07795
counting,3,5,50,12,414,7.0,11.0,0,0.0
counting,3,5,50,12,415,9.0,14.0,0,0.0
counting,3,5,50,12,416,15.0,16.0,1,0.055203
counting,3,5,50,12,417,16.0,15.0,0,0.0
counting,3,5,50,12,418,11.0,23.0,1,0.101397
counting,3,5,50,12,419,16.0,15.0,0,0.0
counting,3,5,50,12,420,18.0,23.0,0,0.0
counting,3,5,50,12,421,16.0,22.0,0,0.0
counting,3,5,50,12,422,10.0,11.0,0,0.0
counting,3,5,50,12,423,21.0,21.0,1,0.353929
counting,3,5,50,12,424,15.0,16.0,0,0.0
counting,3,5,50,12,425,13.0,15.0,1,0.345083
counting,3,5,50,12,426,28.0,29.0,1,0.141564
counting,3,5,50,12,427,35.0,35.0,1,0.151407
counting,3,5,50,12,428,15.0,15.0,1,0.508266
counting,3,5,50,12,429,13.0,13.0,1,0.02837
counting,3,5,50,12,430,19.0,13.0,0,0.0
counting,3,5,50,12,431,21.0,20.0,1,0.190069
counting,3,5,50,12,432,30.0,27.0,0,0.0
counting,3,5,50,12,433,26.0,27.0,1,0.026928
counting,3,5,50,12,434,29.0,29.0,1,0.083182
counting,3,5,50,12,435,26.0,26.0,0,0.0
counting,3,5,50,12,436,23.0,21.0,1,0.277514
counting,3,5,50,12,437,29.0,29.0,0,0.0
counting,3,5,50,12,438,12.0,12.0,1,0.030768
counting,3,5,50,12,439,34.0,34.0,0,0.0
counting,3,5,50,12,440,19.0,15.0,1,0.016241
counting,3,5,50,12,441,15.0,19.0,1,0.041641
counting,3,5,50,12,442,15.0,23.0,0,0.0
counting,3,5,50,12,443,21.0,23.0,0,0.0
counting,3,5,50,12,444,15.0,15.0,0,0.0
counting,3,5,50,12,445,23.0,21.0,0,0.0
counting,3,5,50,12,446,19.0,26.0,1,0.104737
counting,3,5,50,12,447,22.0,18.0,1,0.074729
counting,3,5,50,12,448,15.0,14.0,1,0.259882
counting,3,5,50,12,449,19.0,21.0,1,0.090799
counting,3,5,50,12,450,25.0,25.0,1,0.10208
counting,3,5,50,12,451,5.0,7.0,0,0.0
counting,3,5,50,12,452,17.0,18.0,1,0.023898
counting,3,5,50,12,453,28.0,28.0,1,0.610673
counting,3,5,50,12,454,15.0,15.0,1,0.24366
counting,3,5,50,12,455,9.0,16.0,1,0.013382
counting,3,5,50,12,456,14.0,16.0,0,0.0
counting,3,5,50,12,457,16.0,16.0,0,0.0
counting,3,5,50,12,458,12.0,12.0,1,0.052478
counting,3,5,50,12,459,19.0,19.0,0,0.0
counting,3,5,50,12,460,13.0,13.0,0,0.0
counting,3,5,50,12,461,11.0,7.0,0,0.0
counting,3,5,50,12,462,16.0,26.0,1,0.155388
counting,3,5,50,12,463,23.0,21.0,1,0.092592
counting,3,5,50,12,464,26.0,26.0,1,0.108868
counting,3,5,50,12,465,25.0,25.0,1,0.132546
counting,3,5,50,12,466,17.0,24.0,1,0.120996
counting,3,5,50,12,467,24.0,33.0,0,0.0
counting,3,5,50,12,468,14.0,13.0,1,0.134735
counting,3,5,50,12,469,21.0,19.0,1,0.212897
counting,3,5,50,12,470,21.0,22.0,1,0.401822
counting,3,5,50,12,471,13.0,14.0,1,0.213219
counting,3,5,50,12,472,23.0,24.0,1,0.172205
counting,3,5,50,12,473,16.0,16.0,0,0.0
counting,3,5,50,12,474,16.0,23.0,1,0.082305
counting,3,5,50,12,475,13.0,0.0,1,0.108638
counting,3,5,50,12,476,36.0,37.0,0,0.0
counting,3,5,50,12,477,18.0,15.0,1,0.293546
counting,3,5,50,12,478,23.0,22.0,1,0.063324
counting,3,5,50,12,479,19.0,14.0,1,0.003345
counting,3,5,50,12,480,36.0,36.0,0,0.0
counting,3,5,50,12,481,21.0,28.0,1,0.067288
counting,3,5,50,12,482,32.0,34.0,1,0.106598
counting,3,5,50,12,483,9.0,9.0,1,0.148417
counting,3,5,50,12,484,6.0,8.0,1,0.043633
counting,3,5,50,12,485,14.0,16.0,1,0.356825
counting,3,5,50,12,486,26.0,29.0,1,0.139685
counting,3,5,50,12,487,8.0,15.0,1,0.401086
counting,3,5,50,12,488,22.0,22.0,0,0.0
counting,3,5,50,12,489,30.0,30.0,0,0.0
counting,3,5,50,12,490,17.0,18.0,1,0.487771
counting,3,5,50,12,491,13.0,16.0,1,0.182394
counting,3,5,50,12,492,16.0,16.0,1,0.012485
counting,3,5,50,12,493,25.0,26.0,1,0.340189
counting,3,5,50,12,494,6.0,7.0,0,0.0
counting,3,5,50,12,495,15.0,16.0,1,0.451018
counting,3,5,50,12,496,30.0,29.0,1,0.031127
counting,3,5,50,12,497,9.0,17.0,1,0.065522
counting,3,5,50,12,498,30.0,30.0,1,0.160373
counting,3,5,50,12,499,12.0,13.0,1,0.229958
counting,3,5,50,12,500,25.0,26.0,1,0.382232
counting,3,5,50,12,501,20.0,22.0,1,0.214006
counting,3,5,50,12,502,30.0,30.0,0,0.0
counting,3,5,50,12,503,28.0,28.0,1,0.08193
counting,3,5,50,12,504,25.0,25.0,1,0.135594
counting,3,5,50,12,505,20.0,15.0,1,0.251949
counting,3,5,50,12,506,24.0,30.0,1,0.075544
counting,3,5,50,12,507,22.0,22.0,0,0.0
counting,3,5,50,12,508,13.0,14.0,1,0.088115
counting,3,5,50,12,509,22.0,23.0,1,0.43529
counting,3,5,50,12,510,17.0,24.0,1,0.154769
counting,3,5,50,12,511,20.0,21.0,1,0.25352
counting,3,5,50,12,512,7.0,6.0,1,0.24784
counting,3,5,50,12,513,27.0,29.0,0,0.0
counting,3,5,50,12,514,9.0,17.0,1,0.039584
counting,3,5,50,12,515,14.0,15.0,0,0.0
counting,3,5,50,12,516,23.0,24.0,1,0.011138
counting,3,5,50,12,517,14.0,14.0,1,0.037889
counting,3,5,50,12,518,20.0,22.0,1,0.099491
counting,3,5,50,12,519,12.0,18.0,1,0.163763
counting,3,5,50,12,520,18.0,16.0,1,0.330291
counting,3,5,50,12,521,14.0,22.0,1,0.648666
counting,3,5,50,12,522,29.0,29.0,1,0.066154
counting,3,5,50,12,523,19.0,19.0,1,0.150246
counting,3,5,50,12,524,23.0,28.0,1,0.110953
counting,3,5,50,12,525,8.0,15.0,1,0.035593
counting,3,5,50,12,526,17.0,18.0,1,0.106756
counting,3,5,50,12,527,30.0,30.0,1,0.006744
counting,3,5,50,12,528,26.0,21.0,1,0.113166
counting,3,5,50,12,529,15.0,16.0,0,0.0
counting,3,5,50,12,530,20.0,20.0,0,0.0
counting,3,5,50,12,531,21.0,19.0,1,0.016004
counting,3,5,50,12,532,7.0,6.0,1,0.128552
counting,3,5,50,12,533,28.0,26.0,0,0.0
counting,3,5,50,12,534,8.0,16.0,1,0.243875
counting,3,5,50,12,535,26.0,26.0,0,0.0
counting,3,5,50,12,536,21.0,20.0,0,0.0
counting,3,5,50,12,537,19.0,25.0,1,0.083753
counting,3,5,50,12,538,31.0,27.0,1,0.115167
counting,3,5,50,12,539,7.0,15.0,1,0.223753
counting,3,5,50,12,540,28.0,23.0,0,0.0
counting,3,5,50,12,541,20.0,7.0,1,0.091062
counting,3,5,50,12,542,18.0,24.0,0,0.0
counting,3,5,50,12,543,17.0,20.0,1,0.34315
counting,3,5,50,12,544,15.0,15.0,0,0.0
counting,3,5,50,12,545,22.0,27.0,0,0.0
counting,3,5,50,12,546,28.0,28.0,0,0.0
counting,3,5,50,12,547,27.0,27.0,0,0.0
counting,3,5,50,12,548,23.0,22.0,1,0.160113
counting,3,5,50,12,549,29.0,29.0,0,0.0
counting,3,5,50,12,550,27.0,27.0,1,0.133933
counting,3,5,50,12,551,33.0,33.0,1,0.117343
counting,3,5,50,12,552,28.0,27.0,1,0.010539
counting,3,5,50,12,553,31.0,28.0,1,0.047509
counting,3,5,50,12,554,31.0,31.0,1,0.037933
counting,3,5,50,12,555,17.0,14.0,1,0.05379
counting,3,5,50,12,556,11.0,11.0,0,0.0
counting,3,5,50,12,557,25.0,25.0,1,0.079204
counting,3,5,50,12,558,23.0,22.0,0,0.0
counting,3,5,50,12,559,30.0,30.0,1,0.010986
counting,3,5,50,12,560,20.0,20.0,0,0.0
counting,3,5,50,12,561,23.0,28.0,0,0.0
counting,3,5,50,12,562,29.0,22.0,0,0.0
counting,3,5,50,12,563,31.0,33.0,1,0.009214
counting,3,5,50,12,564,29.0,29.0,1,0.215877
counting,3,5,50,12,565,14.0,15.0,1,0.30495
counting,3,5,50,12,566,14.0,23.0,1,0.128687
counting,3,5,50,12,567,19.0,16.0,1,0.09622
counting,3,5,50,12,568,15.0,8.0,0,0.0
counting,3,5,50,12,569,8.0,14.0,1,0.214741
counting,3,5,50,12,570,17.0,17.0,0,0.0
counting,3,5,50,12,571,8.0,7.0,0,0.0
counting,3,5,50,12,572,19.0,20.0,1,0.026097
counting,3,5,50,12,573,14.0,20.0,1,0.250672
counting,3,5,50,12,574,26.0,26.0,1,0.077806
counting,3,5,50,12,575,27.0,28.0,0,0.0
counting,3,5,50,12,576,27.0,22.0,0,0.0
counting,3,5,50,12,577,25.0,24.0,1,0.108185
counting,3,5,50,12,578,14.0,12.0,1,0.063685
counting,3,5,50,12,579,19.0,16.0,0,0.0
counting,3,5,50,12,580,15.0,15.0,1,0.029561
counting,3,5,50,12,581,22.0,30.0,0,0.0
counting,3,5,50,12,582,25.0,27.0,1,0.038163
counting,3,5,50,12,583,28.0,28.0,0,0.0
counting,3,5,50,12,584,32.0,32.0,1,0.179364
counting,3,5,50,12,585,31.0,31.0,0,0.0
counting,3,5,50,12,586,27.0,29.0,1,0.193901
counting,3,5,50,12,587,17.0,21.0,1,0.001131
counting,3,5,50,12,588,15.0,15.0,1,0.000742
counting,3,5,50,12,589,24.0,31.0,1,0.003002
counting,3,5,50,12,590,16.0,22.0,0,0.0
counting,3,5,50,12,591,27.0,27.0,0,0.0
counting,3,5,50,12,592,38.0,38.0,0,0.0
counting,3,5,50,12,593,29.0,21.0,1,0.153796
counting,3,5,50,12,594,16.0,24.0,1,0.47372
counting,3,5,50,12,595,9.0,0.0,1,0.105194
counting,3,5,50,12,596,13.0,20.0,1,0.037886
counting,3,5,50,12,597,14.0,9.0,0,0.0
counting,3,5,50,12,598,24.0,24.0,1,0.090718
counting,3,5,50,12,599,21.0,21.0,1,0.011107
counting,3,5,50,12,600,25.0,22.0,1,0.032413
counting,3,5,50,12,601,26.0,26.0,1,0.100179
counting,3,5,50,12,602,14.0,14.0,1,0.095502
counting,3,5,50,12,603,14.0,14.0,1,0.152838
counting,3,5,50,12,604,14.0,20.0,1,0.078343
counting,3,5,50,12,605,35.0,32.0,1,0.121903
counting,3,5,50,12,606,22.0,23.0,0,0.0
counting,3,5,50,12,607,13.0,12.0,1,0.272062
counting,3,5,50,12,608,21.0,14.0,1,0.141569
counting,3,5,50,12,609,14.0,14.0,0,0.0
counting,3,5,50,12,610,30.0,31.0,1,0.018141
counting,3,5,50,12,611,21.0,22.0,1,0.270629
counting,3,5,50,12,612,23.0,25.0,1,0.156751
counting,3,5,50,12,613,16.0,9.0,1,0.200549
counting,3,5,50,12,614,20.0,25.0,1,0.131612
counting,3,5,50,12,615,22.0,16.0,1,0.00025
counting,3,5,50,12,616,21.0,22.0,0,0.0
counting,3,5,50,12,617,24.0,26.0,1,0.009373
counting,3,5,50,12,618,20.0,20.0,0,0.0
counting,3,5,50,12,619,19.0,8.0,1,0.526704
counting,3,5,50,12,620,26.0,28.0,1,0.038058
counting,3,5,50,12,621,16.0,23.0,1,0.086009
counting,3,5,50,12,622,13.0,15.0,1,0.467755
counting,3,5,50,12,623,11.0,13.0,1,0.033004
counting,3,5,50,12,624,28.0,28.0,0,0.0
counting,3,5,50,12,625,15.0,7.0,1,0.065362
counting,3,5,50,12,626,33.0,29.0,1,0.102195
counting,3,5,50,12,627,26.0,22.0,1,0.259296
counting,3,5,50,12,628,24.0,25.0,1,0.026402
counting,3,5,50,12,629,21.0,9.0,1,0.374851
counting,3,5,50,12,630,14.0,16.0,0,0.0
counting,3,5,50,12,631,16.0,22.0,0,0.0
counting,3,5,50,12,632,8.0,13.0,1,0.233126
counting,3,5,50,12,633,15.0,16.0,1,0.000682
counting,3,5,50,12,634,31.0,31.0,1,0.420634
counting,3,5,50,12,635,25.0,24.0,0,0.0
counting,3,5,50,12,636,17.0,15.0,1,0.218551
counting,3,5,50,12,637,21.0,21.0,1,0.17799
counting,3,5,50,12,638,25.0,25.0,0,0.0
counting,3,5,50,12,639,12.0,12.0,1,0.120479
counting,3,5,50,12,640,23.0,21.0,1,0.065907
counting,3,5,50,12,641,29.0,31.0,0,0.0
counting,3,5,50,12,642,14.0,15.0,1,0.099718
counting,3,5,50,12,643,27.0,27.0,1,0.024729
counting,3,5,50,12,644,22.0,22.0,1,0.236506
counting,3,5,50,12,645,21.0,21.0,0,0.0
counting,3,5,50,12,646,14.0,16.0,1,0.033576
counting,3,5,50,12,647,15.0,20.0,1,0.30397
counting,3,5,50,12,648,21.0,22.0,0,0.0
counting,3,5,50,12,649,20.0,16.0,0,0.0
counting,3,5,50,12,650,20.0,20.0,1,0.242222
counting,3,5,50,12,651,21.0,21.0,0,0.0
counting,3,5,50,12,652,11.0,11.0,0,0.0
counting,3,5,50,12,653,21.0,20.0,1,0.07727
counting,3,5,50,12,654,12.0,13.0,1,0.077176
counting,3,5,50,12,655,23.0,23.0,1,0.228704
counting,3,5,50,12,656,19.0,21.0,1,0.043417
counting,3,5,50,12,657,16.0,22.0,0,0.0
counting,3,5,50,12,658,15.0,15.0,1,0.0
counting,3,5,50,12,659,21.0,20.0,0,0.0
counting,3,5,50,12,660,38.0,38.0,0,0.0
counting,3,5,50,12,661,14.0,13.0,0,0.0
counting,3,5,50,12,662,23.0,18.0,0,0.0
counting,3,5,50,12,663,23.0,23.0,1,0.12242
counting,3,5,50,12,664,14.0,7.0,1,0.041083
counting,3,5,50,12,665,24.0,23.0,1,0.296473
counting,3,5,50,12,666,23.0,21.0,1,0.005272
counting,3,5,50,12,667,22.0,22.0,1,0.034191
counting,3,5,50,12,668,22.0,27.0,1,0.007809
counting,3,5,50,12,669,15.0,15.0,0,0.0
counting,3,5,50,12,670,15.0,21.0,1,0.051219
counting,3,5,50,12,671,18.0,17.0,1,0.119563
counting,3,5,50,12,672,15.0,14.0,1,0.076899
counting,3,5,50,12,673,35.0,35.0,0,0.0
counting,3,5,50,12,674,17.0,16.0,1,0.05295
counting,3,5,50,12,675,27.0,27.0,0,0.0
counting,3,5,50,12,676,23.0,25.0,0,0.0
counting,3,5,50,12,677,29.0,29.0,0,0.0
counting,3,5,50,12,678,21.0,22.0,1,0.135137
counting,3,5,50,12,679,22.0,14.0,1,0.212686
counting,3,5,50,12,680,29.0,32.0,1,0.018035
counting,3,5,50,12,681,28.0,28.0,0,0.0
counting,3,5,50,12,682,13.0,12.0,1,0.079208
counting,3,5,50,12,683,24.0,23.0,0,0.0
counting,3,5,50,12,684,22.0,30.0,0,0.0
counting,3,5,50,12,685,13.0,15.0,0,0.0
counting,3,5,50,12,686,19.0,19.0,1,0.157647
counting,3,5,50,12,687,27.0,27.0,0,0.0
counting,3,5,50,12,688,20.0,18.0,1,0.194677
counting,3,5,50,12,689,19.0,15.0,0,0.0
counting,3,5,50,12,690,31.0,31.0,1,0.141983
counting,3,5,50,12,691,7.0,7.0,1,0.107201
counting,3,5,50,12,692,19.0,21.0,1,0.173917
counting,3,5,50,12,693,30.0,31.0,0,0.0
counting,3,5,50,12,694,36.0,36.0,0,0.0
counting,3,5,50,12,695,33.0,33.0,1,0.029729
counting,3,5,50,12,696,36.0,34.0,0,0.0
counting,3,5,50,12,697,28.0,29.0,1,0.091438
counting,3,5,50,12,698,19.0,14.0,1,0.31437
counting,3,5,50,12,699,15.0,19.0,1,0.138097
counting,3,5,50,12,700,25.0,26.0,1,0.015112
counting,3,5,50,12,701,22.0,20.0,1,0.124458
counting,3,5,50,12,702,28.0,22.0,1,0.052539
counting,3,5,50,12,703,33.0,33.0,1,0.002225
counting,3,5,50,12,704,25.0,25.0,0,0.0
counting,3,5,50,12,705,18.0,14.0,0,0.0
counting,3,5,50,12,706,31.0,32.0,0,0.0
counting,3,5,50,12,707,11.0,13.0,1,0.212962
counting,3,5,50,12,708,17.0,10.0,1,0.235191
counting,3,5,50,12,709,21.0,21.0,1,0.342158
counting,3,5,50,12,710,24.0,24.0,0,0.0
counting,3,5,50,12,711,26.0,24.0,1,0.036352
counting,3,5,50,12,712,31.0,31.0,1,0.226756
counting,3,5,50,12,713,22.0,28.0,1,0.03799
counting,3,5,50,12,714,9.0,9.0,0,0.0
counting,3,5,50,12,715,20.0,22.0,0,0.0
counting,3,5,50,12,716,18.0,20.0,1,0.113411
counting,3,5,50,12,717,28.0,29.0,0,0.0
counting,3,5,50,12,718,13.0,7.0,1,0.178333
counting,3,5,50,12,719,32.0,25.0,0,0.0
counting,3,5,50,12,720,21.0,22.0,0,0.0
counting,3,5,50,12,721,22.0,18.0,1,0.153665
counting,3,5,50,12,722,35.0,35.0,1,0.037985
counting,3,5,50,12,723,14.0,14.0,0,0.0
counting,3,5,50,12,724,26.0,25.0,0,0.0
counting,3,5,50,12,725,15.0,16.0,0,0.0
counting,3,5,50,12,726,30.0,30.0,0,0.0
counting,3,5,50,12,727,9.0,15.0,1,0.020764
counting,3,5,50,12,728,22.0,26.0,0,0.0
counting,3,5,50,12,729,32.0,32.0,1,0.000297
counting,3,5,50,12,730,28.0,28.0,0,0.0
counting,3,5,50,12,731,21.0,16.0,0,0.0
counting,3,5,50,12,732,7.0,6.0,1,0.294731
counting,3,5,50,12,733,22.0,22.0,1,0.031218
counting,3,5,50,12,734,13.0,15.0,0,0.0
counting,3,5,50,12,735,22.0,21.0,1,0.31266
counting,3,5,50,12,736,26.0,20.0,1,0.480002
counting,3,5,50,12,737,33.0,29.0,1,0.143606
counting,3,5,50,12,738,14.0,22.0,1,0.166419
counting,3,5,50,12,739,19.0,19.0,1,0.168883
counting,3,5,50,12,740,20.0,21.0,0,0.0
counting,3,5,50,12,741,11.0,12.0,1,0.030875
counting,3,5,50,12,742,19.0,21.0,1,0.348152
counting,3,5,50,12,743,26.0,26.0,1,0.09434
counting,3,5,50,12,744,15.0,14.0,0,0.0
counting,3,5,50,12,745,20.0,22.0,0,0.0
counting,3,5,50,12,746,27.0,28.0,1,0.060521
counting,3,5,50,12,747,14.0,14.0,1,0.117238
counting,3,5,50,12,748,19.0,20.0,1,0.060886
counting,3,5,50,12,749,24.0,24.0,1,0.346998
counting,3,5,50,12,750,21.0,14.0,1,0.11763
counting,3,5,50,12,751,26.0,25.0,0,0.0
counting,3,5,50,12,752,20.0,17.0,1,0.01772
counting,3,5,50,12,753,16.0,17.0,1,0.076132
counting,3,5,50,12,754,22.0,29.0,1,0.533713
counting,3,5,50,12,755,24.0,24.0,0,0.0
counting,3,5,50,12,756,17.0,20.0,1,0.323507
counting,3,5,50,12,757,12.0,19.0,1,0.019071
counting,3,5,50,12,758,23.0,23.0,1,0.021324
counting,3,5,50,12,759,25.0,24.0,0,0.0
counting,3,5,50,12,760,29.0,29.0,1,0.125102
counting,3,5,50,12,761,23.0,22.0,0,0.0
counting,3,5,50,12,762,14.0,14.0,0,0.0
counting,3,5,50,12,763,19.0,15.0,0,0.0
counting,3,5,50,12,764,19.0,22.0,1,0.492782
counting,3,5,50,12,765,20.0,21.0,1,0.583862
counting,3,5,50,12,766,20.0,21.0,0,0.0
counting,3,5,50,12,767,21.0,23.0,1,0.073662
counting,3,5,50,12,768,16.0,15.0,0,0.0
counting,3,5,50,12,769,8.0,17.0,1,0.153851
counting,3,5,50,12,770,25.0,33.0,1,0.141253
counting,3,5,50,12,771,18.0,19.0,1,0.143239
counting,3,5,50,12,772,17.0,17.0,0,0.0
counting,3,5,50,12,773,9.0,16.0,1,0.023364
counting,3,5,50,12,774,12.0,12.0,1,0.094849
counting,3,5,50,12,775,16.0,18.0,1,0.176749
counting,3,5,50,12,776,26.0,26.0,0,0.0
counting,3,5,50,12,777,15.0,16.0,0,0.0
counting,3,5,50,12,778,16.0,24.0,1,0.002165
counting,3,5,50,12,779,20.0,19.0,1,0.047295
counting,3,5,50,12,780,22.0,28.0,1,0.036276
counting,3,5,50,12,781,30.0,33.0,1,0.441409
counting,3,5,50,12,782,20.0,26.0,1,0.224653
counting,3,5,50,12,783,23.0,23.0,0,0.0
counting,3,5,50,12,784,15.0,16.0,0,0.0
counting,3,5,50,12,785,17.0,16.0,0,0.0
counting,3,5,50,12,786,14.0,22.0,0,0.0
counting,3,5,50,12,787,18.0,20.0,1,0.262855
counting,3,5,50,12,788,29.0,29.0,1,0.137741
counting,3,5,50,12,789,24.0,25.0,0,0.0
counting,3,5,50,12,790,18.0,18.0,1,0.388535
counting,3,5,50,12,791,23.0,24.0,0,0.0
counting,3,5,50,12,792,27.0,28.0,1,0.10223
counting,3,5,50,12,793,25.0,27.0,1,0.130554
counting,3,5,50,12,794,14.0,16.0,1,0.051885
counting,3,5,50,12,795,25.0,26.0,1,0.242453
counting,3,5,50,12,796,17.0,18.0,1,0.086127
counting,3,5,50,12,797,22.0,23.0,1,0.006519
counting,3,5,50,12,798,12.0,18.0,1,0.117121
counting,3,5,50,12,799,7.0,13.0,0,0.0
counting,3,5,50,12,800,19.0,20.0,1,0.150024
counting,3,5,50,12,801,29.0,28.0,0,0.0
counting,3,5,50,12,802,18.0,19.0,1,0.254867
counting,3,5,50,12,803,19.0,14.0,1,0.431766
counting,3,5,50,12,804,17.0,22.0,1,0.218013
counting,3,5,50,12,805,11.0,10.0,1,0.248049
counting,3,5,50,12,806,22.0,22.0,1,0.019366
counting,3,5,50,12,807,14.0,15.0,1,0.25467
counting,3,5,50,12,808,16.0,11.0,1,0.014565
counting,3,5,50,12,809,20.0,14.0,1,0.149139
counting,3,5,50,12,810,23.0,22.0,1,0.057608
counting,3,5,50,12,811,21.0,25.0,1,0.046389
counting,3,5,50,12,812,22.0,14.0,1,0.107264
counting,3,5,50,12,813,23.0,23.0,0,0.0
counting,3,5,50,12,814,14.0,15.0,1,0.35009
counting,3,5,50,12,815,28.0,27.0,1,0.285796
counting,3,5,50,12,816,17.0,23.0,1,0.019403
counting,3,5,50,12,817,24.0,29.0,0,0.0
counting,3,5,50,12,818,22.0,22.0,1,0.639288
counting,3,5,50,12,819,29.0,34.0,0,0.0
counting,3,5,50,12,820,26.0,14.0,1,0.000535
counting,3,5,50,12,821,26.0,26.0,0,0.0
counting,3,5,50,12,822,36.0,36.0,1,0.00785
counting,3,5,50,12,823,23.0,16.0,0,0.0
counting,3,5,50,12,824,21.0,21.0,0,0.0
counting,3,5,50,12,825,14.0,16.0,1,0.23884
counting,3,5,50,12,826,22.0,17.0,0,0.0
counting,3,5,50,12,827,18.0,14.0,1,0.20449
counting,3,5,50,12,828,27.0,22.0,1,0.196388
counting,3,5,50,12,829,18.0,21.0,1,0.248968
counting,3,5,50,12,830,19.0,25.0,1,0.05622
counting,3,5,50,12,831,30.0,30.0,0,0.0
counting,3,5,50,12,832,18.0,20.0,1,0.20039
counting,3,5,50,12,833,24.0,26.0,1,0.388041
counting,3,5,50,12,834,26.0,26.0,1,0.086343
counting,3,5,50,12,835,18.0,18.0,1,0.047899
counting,3,5,50,12,836,27.0,22.0,1,0.161222
counting,3,5,50,12,837,29.0,28.0,1,0.091023
counting,3,5,50,12,838,25.0,25.0,0,0.0
counting,3,5,50,12,839,21.0,20.0,0,0.0
counting,3,5,50,12,840,14.0,12.0,1,0.320709
counting,3,5,50,12,841,18.0,18.0,1,0.226311
counting,3,5,50,12,842,29.0,28.0,1,0.045947
counting,3,5,50,12,843,22.0,21.0,1,0.024329
counting,3,5,50,12,844,12.0,6.0,0,0.0
counting,3,5,50,12,845,27.0,27.0,1,0.031742
counting,3,5,50,12,846,28.0,29.0,0,0.0
counting,3,5,50,12,847,24.0,24.0,0,0.0
counting,3,5,50,12,848,22.0,22.0,0,0.0
counting,3,5,50,12,849,21.0,22.0,0,0.0
counting,3,5,50,12,850,11.0,11.0,1,0.192131
counting,3,5,50,12,851,23.0,16.0,1,0.13097
counting,3,5,50,12,852,24.0,25.0,1,0.019288
counting,3,5,50,12,853,35.0,35.0,1,0.061173
counting,3,5,50,12,854,24.0,17.0,0,0.0
counting,3,5,50,12,855,25.0,25.0,1,0.236753
counting,3,5,50,12,856,29.0,30.0,1,0.396487
counting,3,5,50,12,857,23.0,14.0,1,0.016961
counting,3,5,50,12,858,19.0,18.0,1,0.081492
counting,3,5,50,12,859,20.0,20.0,0,0.0
counting,3,5,50,12,860,27.0,22.0,1,0.011933
counting,3,5,50,12,861,31.0,29.0,1,0.060605
counting,3,5,50,12,862,35.0,33.0,1,0.289218
counting,3,5,50,12,863,30.0,29.0,1,0.028849
counting,3,5,50,12,864,38.0,40.0,0,0.0
counting,3,5,50,12,865,15.0,23.0,1,0.168994
counting,3,5,50,12,866,17.0,19.0,1,0.278609
counting,3,5,50,12,867,16.0,27.0,1,0.325874
counting,3,5,50,12,868,22.0,16.0,0,0.0
counting,3,5,50,12,869,22.0,22.0,1,0.051981
counting,3,5,50,12,870,13.0,14.0,0,0.0
counting,3,5,50,12,871,22.0,24.0,0,0.0
counting,3,5,50,12,872,22.0,16.0,0,0.0
counting,3,5,50,12,873,15.0,14.0,1,0.027267
counting,3,5,50,12,874,7.0,6.0,1,0.067964
counting,3,5,50,12,875,20.0,22.0,1,0.477205
counting,3,5,50,12,876,37.0,37.0,0,0.0
counting,3,5,50,12,877,16.0,15.0,1,0.050066
counting,3,5,50,12,878,28.0,28.0,0,0.0
counting,3,5,50,12,879,16.0,17.0,0,0.0
counting,3,5,50,12,880,17.0,17.0,1,0.006517
counting,3,5,50,12,881,26.0,28.0,0,0.0
counting,3,5,50,12,882,22.0,15.0,0,0.0
counting,3,5,50,12,883,20.0,20.0,1,0.001918
counting,3,5,50,12,884,27.0,27.0,1,0.050444
counting,3,5,50,12,885,29.0,29.0,1,0.026025
counting,3,5,50,12,886,12.0,13.0,1,0.020759
counting,3,5,50,12,887,15.0,22.0,0,0.0
counting,3,5,50,12,888,23.0,9.0,0,0.0
counting,3,5,50,12,889,20.0,25.0,1,0.091228
counting,3,5,50,12,890,11.0,12.0,0,0.0
counting,3,5,50,12,891,22.0,30.0,1,0.120616
counting,3,5,50,12,892,24.0,27.0,1,0.007435
counting,3,5,50,12,893,30.0,29.0,1,0.580513
counting,3,5,50,12,894,23.0,23.0,1,0.038658
counting,3,5,50,12,895,28.0,28.0,1,0.023526
counting,3,5,50,12,896,34.0,34.0,0,0.0
counting,3,5,50,12,897,15.0,15.0,0,0.0
counting,3,5,50,12,898,23.0,23.0,0,0.0
counting,3,5,50,12,899,19.0,20.0,1,0.058773
counting,3,5,50,12,900,28.0,28.0,0,0.0
counting,3,5,50,12,901,28.0,28.0,0,0.0
counting,3,5,50,12,902,19.0,19.0,1,0.075607
counting,3,5,50,12,903,22.0,21.0,1,0.100325
counting,3,5,50,12,904,15.0,15.0,1,0.335669
counting,3,5,50,12,905,27.0,23.0,1,0.011233
counting,3,5,50,12,906,19.0,21.0,1,0.199789
counting,3,5,50,12,907,26.0,18.0,1,0.035723
counting,3,5,50,12,908,0.0,0.0,0,0.0
counting,3,5,50,12,909,24.0,24.0,1,0.068035
counting,3,5,50,12,910,7.0,6.0,1,0.028033
counting,3,5,50,12,911,16.0,16.0,1,0.009856
counting,3,5,50,12,912,20.0,21.0,0,0.0
counting,3,5,50,12,913,16.0,16.0,1,0.092887
counting,3,5,50,12,914,14.0,20.0,1,0.038623
counting,3,5,50,12,915,14.0,22.0,1,0.289598
counting,3,5,50,12,916,9.0,9.0,1,0.140955
counting,3,5,50,12,917,35.0,35.0,0,0.0
counting,3,5,50,12,918,31.0,31.0,1,0.178282
counting,3,5,50,12,919,31.0,30.0,1,0.078516
counting,3,5,50,12,920,30.0,30.0,1,0.059201
counting,3,5,50,12,921,35.0,37.0,1,0.106217
counting,3,5,50,12,922,15.0,16.0,1,0.103876
counting,3,5,50,12,923,29.0,27.0,1,0.149723
counting,3,5,50,12,924,14.0,18.0,1,0.167912
counting,3,5,50,12,925,15.0,15.0,0,0.0
counting,3,5,50,12,926,17.0,17.0,1,0.123399
counting,3,5,50,12,927,17.0,23.0,1,0.017433
counting,3,5,50,12,928,22.0,22.0,1,0.064598
counting,3,5,50,12,929,25.0,17.0,1,0.459073
counting,3,5,50,12,930,26.0,23.0,1,0.143193
counting,3,5,50,12,931,21.0,22.0,0,0.0
counting,3,5,50,12,932,22.0,13.0,1,0.04749
counting,3,5,50,12,933,7.0,7.0,1,0.050302
counting,3,5,50,12,934,29.0,29.0,0,0.0
counting,3,5,50,12,935,23.0,23.0,0,0.0
counting,3,5,50,12,936,29.0,29.0,0,0.0
counting,3,5,50,12,937,14.0,14.0,1,0.232824
counting,3,5,50,12,938,12.0,17.0,0,0.0
counting,3,5,50,12,939,31.0,30.0,0,0.0
counting,3,5,50,12,940,23.0,8.0,1,0.482271
counting,3,5,50,12,941,21.0,20.0,1,0.01976
counting,3,5,50,12,942,14.0,20.0,1,0.225011
counting,3,5,50,12,943,15.0,16.0,1,0.032619
counting,3,5,50,12,944,23.0,23.0,0,0.0
counting,3,5,50,12,945,15.0,16.0,1,0.084525
counting,3,5,50,12,946,9.0,8.0,1,0.093678
counting,3,5,50,12,947,39.0,39.0,0,0.0
counting,3,5,50,12,948,20.0,20.0,1,0.39613
counting,3,5,50,12,949,27.0,27.0,0,0.0
counting,3,5,50,12,950,32.0,32.0,0,0.0
counting,3,5,50,12,951,17.0,18.0,1,0.222281
counting,3,5,50,12,952,25.0,25.0,0,0.0
counting,3,5,50,12,953,39.0,40.0,1,0.12314
counting,3,5,50,12,954,23.0,24.0,1,0.341054
counting,3,5,50,12,955,24.0,24.0,0,0.0
counting,3,5,50,12,956,26.0,26.0,0,0.0
counting,3,5,50,12,957,8.0,6.0,1,0.200215
counting,3,5,50,12,958,29.0,31.0,1,0.105395
counting,3,5,50,12,959,27.0,28.0,0,0.0
counting,3,5,50,12,960,23.0,23.0,1,0.045356
counting,3,5,50,12,961,13.0,14.0,0,0.0
counting,3,5,50,12,962,13.0,19.0,0,0.0
counting,3,5,50,12,963,25.0,25.0,1,0.092881
counting,3,5,50,12,964,11.0,13.0,1,0.013964
counting,3,5,50,12,965,23.0,24.0,1,0.385475
counting,3,5,50,12,966,19.0,20.0,1,0.035943
counting,3,5,50,12,967,24.0,23.0,0,0.0
counting,3,5,50,12,968,26.0,26.0,0,0.0
counting,3,5,50,12,969,26.0,26.0,1,0.078571
counting,3,5,50,12,970,20.0,20.0,0,0.0
counting,3,5,50,12,971,11.0,13.0,1,0.012478
counting,3,5,50,12,972,36.0,36.0,0,0.0
counting,3,5,50,12,973,13.0,9.0,1,0.293287
counting,3,5,50,12,974,27.0,23.0,1,0.125254
counting,3,5,50,12,975,17.0,24.0,0,0.0
counting,3,5,50,12,976,25.0,22.0,0,0.0
counting,3,5,50,12,977,14.0,9.0,0,0.0
counting,3,5,50,12,978,30.0,30.0,0,0.0
counting,3,5,50,12,979,8.0,17.0,0,0.0
counting,3,5,50,12,980,23.0,23.0,1,0.034625
counting,3,5,50,12,981,22.0,22.0,1,0.005512
counting,3,5,50,12,982,25.0,20.0,0,0.0
counting,3,5,50,12,983,25.0,25.0,1,0.079406
counting,3,5,50,12,984,22.0,16.0,0,0.0
counting,3,5,50,12,985,30.0,31.0,0,0.0
counting,3,5,50,12,986,22.0,15.0,1,0.056013
counting,3,5,50,12,987,21.0,21.0,0,0.0
counting,3,5,50,12,988,13.0,13.0,0,0.0
counting,3,5,50,12,989,22.0,23.0,1,0.015828
counting,3,5,50,12,990,23.0,21.0,1,0.050245
counting,3,5,50,12,991,16.0,15.0,1,0.222641
counting,3,5,50,12,992,27.0,29.0,0,0.0
counting,3,5,50,12,993,15.0,23.0,1,0.082701
counting,3,5,50,12,994,22.0,17.0,1,0.079407
counting,3,5,50,12,995,34.0,37.0,1,0.099424
counting,3,5,50,12,996,22.0,21.0,1,0.168988
counting,3,5,50,12,997,14.0,14.0,1,0.122837
counting,3,5,50,12,998,27.0,27.0,0,0.0
counting,3,5,50,12,999,15.0,15.0,1,0.032684
