workspace_ref	gap_anchor_max	gap_anchor_med	tight_batt_med	sep_lo_flagship	sep_hi_flagship	n_instances	violations	runtime_seconds	tests_status	status	description
b46e3ea	2.313785	0.579937	0.608579	1.609439	5.333333	11	0	35.594	pass	baseline	baseline: semilla U_PI escalable (Poisson-binomial), bateria n<=7 + familia ancla hasta n=896
b46e3ea	2.151848	0.579937	0.057800	1.609439	5.072706	11	0	47.758	pass	keep	U_cell: relajacion de conteos-por-celda (info-relaxation pura, domina full-reveal-K y OPT) en anclas homogeneas n<=40; gap insignia 2.314->2.152
b40117c	2.086372	0.579937	0.057800	1.609439	4.967326	11	0	45.743	pass	keep	U_cell cola por dilucion de senuelos (m-monotonia, lema citable): g=4 acotado por dp((24,4),6) valido y mas barato que dp((32,4)); gap insignia 2.152->2.086
214a7c6	2.066893	0.579937	0.057800	1.609439	4.935976	11	0	54.567	pass	keep	U_cell cola g=4 m'=24->26 (m-monotonia, misma lema decoy-dilution, techo mas ajustado): gap insignia 2.086->2.067
2a7a1fc	2.056825	0.579937	0.057800	1.609439	4.919773	11	0	60.566	pass	keep	U_cell cola g=4 m'=26->27 (m-monotonia, misma lema): gap insignia 2.067->2.057
e62a721	2.039502	0.579937	0.057800	1.609439	4.891893	11	0	65.020	pass	keep	DP ruta-rapida t==1 (forma cerrada exacta, ~1.36x) libera la puerta; cola g=4 m'27->30 (m-monotonia, dp((30,4),6)=3.4235 vs 3.5124)
7a57c19	2.033745	0.579937	0.057800	1.609439	4.882626	11	0	71.745	pass	keep	DP go con backtracking (2a aceleracion exacta, valor identico) + cola g=4 m'30->31 (m-monotonia, dp((31,4),6)=3.4181)
4b18e2e	2.032726	0.579937	0.057800	1.609439	4.880987	11	0	58.945	pass	keep	g=4 exacto dp((32,4),6)=3.388765 (retira surrogate m-monotonia, lema FALSO); 3a aceleracion DP exacta (cell_outcomes cacheado + go solo celdas activas) baja dp((32,4)) 58->41s y cabe bajo la puerta; gap 2.0337->2.0327
ba94fc7	1.945041	0.579937	0.057800	1.609439	4.739863	11	0	58.864	pass	keep	cola g>=5 por telescopio cruzado-limpio: lema dp((n,g),B)<=dp((n-1,g-1),B)+1 PROBADO por acoplamiento (quita 1 limpia, pi~ la imagina; credito(pi~)>=credito(pi)-1), 540 casos holgura>=0; base g0=3 barata, dp((30,3),6)+2=4.5847>=dp((32,5),6)=4.2903 valido; gap 2.0327->1.9450
a90c0fb	1.904156	0.579937	0.057800	1.609439	4.674061	11	0	68.879	pass	keep	cola g>=5 telescopio base g0=3->4: mismo lema cruzado-limpio dp((n,g),B)<=dp((n-1,g-1),B)+1 iterado g-4 veces => dp((32,g),6)<=dp((36-g,4),6)+(g-4), puntualmente <= g0=3 (una vuelta mas del lema); NO revienta la puerta porque las bases (m,4) comparten el lru_cache con el head dp((32,4),6) (~1.5s warm c/u, insignia ~49s<60s); gap 1.945041->1.904156
f51c4e4	2.032726	0.579937	0.057800	1.609439	4.880987	11	0	94.837	pass	keep	S46 aceleracion exacta valor-identico (U_cell flagship=2.928592, gap 2.032726 preservado) para caber bajo la puerta 60s en esta maquina: la construccion vigente (4b18e2e/f51c4e4) tardaba ~76s => anchor_timeout. Tres opts value-identical, SIN tocar la cota: (1) especializacion nact==1/2 en bucles planos sin recursion (perfil S46: go=56% del tiempo, dp solo 25934 llamadas); (2) DEDUP POR SIMETRIA en gen: cells es tupla ordenada => celdas identicas adyacentes; acciones que solo las permutan dan igual distribucion de hijos y valor, se evalua 1 representante (a no-creciente en cada racha); (3) ruta rapida de hoja sin sorted con base vacia. flagship ~76s->~57s.
b47d798	2.032726	0.579937	0.057800	1.609439	4.880987	11	0	48.369	pass	flat	S49 flat: baseline 2.032726 reproducido; RETIRA hope g=5 exacto — flagship T=4=44.35s deja ~15s holgura, g=5 exacto >120s (infeasible aun a 2x hw); solo build multi-sesion (full-reveal-K acoplado / potencial no-aditivo) mueve el numero
5eaa082	2.032726	0.579937	0.057800	1.609439	4.880987	11	0	49.031	pass	flat	S50 flat: cota Lagrangiana por precio de presupuesto compartido (direccion no-aditiva de S48/S49) construida y VERIFICADA valida (lb>=dp exacto, 0 violaciones en 470+ casos, incl. G=16 hasta n=17; dp((6,2),4)@G2=1.8, lb=1.9002) pero PLANA en la insignia: con G=16 el presupuesto es holgado (g<<G) => _lagrangian_bound(32,g,6,16)=g exacto, identico al trivial. El costo de localizacion insignia es informacion/particion, no contencion de presupuesto; matiza S48. Cota sin cambio 2.032726
7458d11	2.032726	0.579937	0.057800	1.609439	4.880987	11	0	48.878	pass	flat	S51 flat: re-confirmada la pared cola g>=5 (comentario). Medido g<=4=44.1s, g=5 exacto>106s (reconfirma S49, infeasible <60s); re-cierre atajo dp((n,4))+1 (lema incremento<=1 FALSO). Baseline 2.032726 reproducido; avance real = multi-sesion.
16e2bd1	2.032726	0.579937	0.057800	1.609439	4.880987	11	0	48.818	pass	flat	S52 flat: dp1 (reveal-total fusionando a una celda) CERRADO INVALIDO — subestima V* 5/5 por 3-4 ordenes (hom_q10_n6 V*=0.373 vs 1e-4); fusionar destruye la localizacion => colapsa bajo V*. Confirma por que full-reveal-K no factoriza (belief correlacionado, intratable). Ninguna reduccion factorizada es valida Y mas ajustada que U_cell. Frontera viva: particion-gruesa / u_pen laminar (multi-sesion). Baseline 2.032726 reproducido, gates verdes
9d7247f	2.032726	0.579937	0.057800	1.609439	4.880987	11	0	48.795	pass	flat	S53 flat: caracterizacion informacional de la pared — obstaculo = belief correlacionado de OPT (todo bound valido revela superconjunto de conteos-de-pool-testeado; U_cell revela toda celda => factoriza pero flojo; no hay intermedio factorizado valido y mas ajustado). Cola g>=5 en min(g,BG)=g es capacidad PURA ya ajustada (g<=G cabe en 1 pool, BG=96>>g), cierra la direccion capacidad-analitica. Premio ~2x (OPT insignia ~1.5, sep_hi ~2.4) enteramente detras del build de belief comprimido. Baseline 2.032726 reproducido, gates verdes
9d7247f	2.032726	0.579937	0.057800	1.609439	4.880987	11	0	50.531	pass	flat	S54 flat: cota SIN cambio (baseline 2.032726 reproducido, gates verdes). REFUTA como INVALIDA la ruta 'belief comprimido laminar' que S46-S53 marcaban como el build prometedor. laminar-reveal-K (proto_lamtrunc): revela K + conteo-por-celda pero RESTRINGE tests a slices de UNA celda; estado=multiset (m,j), TRATABLE (flagship T=4 en 0.3s=2.124 << U_cell 2.929). PASA la bateria n<=7 (E_g binomial >= V*: 0.377>=0.373, 1.110>=1.011, 0.729>=0.704) PERO INVALIDA por-g: sweep exacto vs OPT_g (492 pts/79 cfg) = 47 VIOLACIONES lam<OPT_g, concentradas en G grande (regimen insignia): n=7,g=5,B=4,G=6 lam=3.905<4.571 (-0.667); clean-raro n=7,g=2,B=4,G=6 lam=1.476<1.524 tambien viola. CAUSA: single-cell PIERDE el pooling cruzado-celda (mas test-eficiente con G grande: un test revela 1 conteo pero limpia un pool grande); la info por-celda NO compensa. La bateria lo ENMASCARA (g grandes violadores pesan ~0 con clean raro) => es exactamente la trampa que avisa program.md. TRILEMA: full-reveal-K=valido+ajustado pero INTRATABLE (correlacionado); laminar-reveal-K=tratable+ajustado pero INVALIDO; U_cell=valido+tratable pero FLOJO. Todo belief comprimido VALIDO debe RETENER el set de acciones completo (todos los pools)=>correlacionado=>intratable. Cierra la direccion laminar como build.
ea7db79	2.032726	0.579937	0.057800	1.609439	4.880987	11	0	49.270	pass	flat	S55 flat: CIERRA la sub-direccion 'desacoplar el sup interno de u_pen' — el desacople max(A-B)<=maxA-minB da >=U_PI (PEOR que trivial); apriete vive en la correlacion welfare-penalizacion en la MISMA pi. Dual exacto del obstaculo full-reveal-K (S53): ambos builds vivos colapsan a la MISMA optimizacion conjunta intratable. Cota sin cambio 2.032726.
45f536f	2.032726	0.579937	0.057800	1.609439	4.880987	11	0	48.651	pass	flat	S56 flat: cota SIN cambio (2.032726 reproducido, gates verdes). 6a revision independiente; sin nueva idea barata+valida. Aporta 3a derivacion de la pared g>=5: descomposicion union-sobre-tests OPT<=sum_t sup_pi E[|P_t|*1(P_t todo-limpio)] (valida por union<=suma); cada termino telescopia a g porque la localizacion perfecta permite un pool todo-limpio de tamano g, y toda cota por-termino barata es no-adaptativa (cota INFERIOR, invalida). Dual welfare-por-test del belief correlacionado (S53) y del sup interno u_pen (S55): las 3 rutas colapsan al mismo DP intratable. Confirma gates en esta maquina (py3.13). Avance real = multi-sesion.
43244eb	2.032726	0.579937	0.057800	1.609439	4.880987	11	0	96.433	pass	flat	S57 flat: cota sin cambio (2.032726, gates verdes, 95.7s = regimen lento ~2x pero pasa la puerta, flagship g<=4 con ~2x margen). 7a revision independiente sin idea barata+valida nueva. Re-cierra g=5 exacto CONSCIENTE de contencion (>106s a 1x => >200s a este 2x; medida cap=5 contaminada por CPU concurrente, descartada). Aporta frontera-monotona compacta (mas reveal=barato+flojo=g; U_cell=factorizado mas ajustado, explota g>=5; menos que conteo-pool=invalido; toda relacion dp(n,g) barata FALSA por no-monotonia en n) y dato de continuidad: el corte g<=4 tiene ~2x margen de hardware, no re-ingenierizar velocidad. Avance real sigue multi-sesion (full-reveal-K acoplado / u_pen sup interno EXACTO)
7cd5d08	2.032726	0.579937	0.057800	1.609439	4.880987	11	0	49.074	pass	flat	S59 flat: certificacion del premio bloqueada por la MISMA intratabilidad (lado cota inferior). dp((32,5),6)=4.290323 exacto (unico en registro, 758s) baja gap 2.032726->1.946668 pero gate-bloqueado (>>60s). La LB cheap single-cell del tail es 2.72x floja (1.5788 vs 4.290323, pierde pooling cruzado-celda, mecanismo S54) => techo de premio vacuo (<=0.854 tail). CORRIGE el borrador S58 'premio<=0.13' (no certificado: igualaba tail exacto con telescopio invalido). El costo de localizacion es inaccesible barato en AMBAS direcciones (superior S45-S57, inferior S59); dual de la frontera-monotona S57. Cota sin cambio, gates verdes.
1d09578	2.032726	0.579937	0.057800	1.609439	4.880987	11	0	48.906	pass	flat	S61 flat: 10a revision independiente, sin idea barata+valida (baseline 2.032726, gates verdes, 48.7s regimen rapido). Impossibilidad S60 vista por el lado de la COMPUTABILIDAD: el conjunto de cotas superiores baratas-y-validas de la cola dp((n,gg),B) es el SINGLETON {gg} — todo lo barato <gg es cota INFERIOR (dp(.,1) forma cerrada, no-adaptativo, single-cell), toda cota superior valida barata es >=gg (refunde por (B-k)G>>gg); se tocan solo en el DP exacto que explota. El head gg<=4 tambien esta en su frontera (cell-reveal es la relajacion factorizable mas ajustada; full-reveal-K intratable ya en gg=2). 2.032726 es el optimo barato+valido COMPLETO; avance real multi-sesion.
3f231f9	2.032726	0.579937	0.057800	1.609439	4.880987	11	0	48.416	pass	flat	flat(S62): cota SIN cambio (2.032726, gates verdes, 11a revision independiente). Trilema como teorema de una linea (valida+tratable=floja/telescopia; valida+ajustada=intratable; tratable+ajustada=invalida<V*) + truncacion-con-hindsight vacua re-verificada por algebra (nodo=j=su propio hindsight => raiz=g a toda profundidad). Premio barato = solo g=5 exacto (Delta 0.086) locked tras 758s; premio completo tras belief correlacionado multi-sesion.
a508bd4	2.032726	0.579937	0.057800	1.609439	4.880987	11	0	49.116	pass	flat	S63 flat: 12a revision independiente, sin idea barata+valida; statement de DIRECCION que mata la familia telescopio-de-una-persona (la unica relacion 1-persona provable va al reves: reveal-identidad >= dp, nunca <= dp - algo; acoplamiento inverso pierde hasta G). Baseline 2.032726 reproducido, gates verdes, 49s
b70b813	2.032726	0.579937	0.057800	1.609439	4.880987	11	0	48.639	pass	flat	S64 flat: baseline 2.032726 reproducido (gates verdes, 0 violations, tests pass, 48.5s py3.13). 13a revision independiente. REFUTA CUANTITATIVAMENTE el punto 4 del brief (contar-historias/capacidad): en la insignia (G+1)^B=17^6=24.1M transcripts >> C(32,<=5)=243k configs (99x) y bits 24.52>17.62 para ID completo => toda cota por capacidad/bits es VACUA (=g). El hueco NO es limitacion de bits: acreditar exige un pool testeado todo-limpio, y localizar gasta tests que no acreditan (VoI secuencial), solo medible por el DP que explota en gg>=5. 4a derivacion del mismo objeto; cierra la ultima direccion barata-estructural abierta en las notas. Sin keep.
cbaa668	2.032726	0.579937	0.057800	1.609439	4.880987	11	0	48.622	pass	flat	S65 flat: baseline 2.032726 reproducido (gates verdes, 0 violations, tests pass, py3). 14a revision independiente. Cierra el 2do eje de coarsening del reveal: revelar-statistic-gruesa-POR-CELDA (misma particion que U_cell, f(j_c) bucketizada) SI factoriza pero es INVALIDO (no domina los totales-de-pool => esconde info => colapsa bajo V*, mismo mecanismo dp1/single-cell). Con S52 (coarsening por particion) => ambos ejes cerrados: factorizar EXIGE revelar la cuenta exacta por celda = U_cell, unico punto factorizado+valido (S53 re-derivado desde el eje statistic). Premio restante multi-sesion.
4e84600	2.032726	0.579937	0.057800	1.609439	4.880987	11	0	48.253	pass	flat	S66 flat: cierra atajo reveal-active n-shrink (dual S63); relajacion-de-info UNSOUND (activos son sondas => testear pool con activo-conocido aun parte celdas), relacion desnuda dp((n,g),B)<=dp((n0,g),B) FALSA por contraejemplo S48 4.989011>4.950050, y numerico solo verificable con el DP 758s. Cota sin cambio 2.032726.
4e84600	2.032726	0.579937	0.057800	1.609439	4.880987	11	0	48.439	pass	flat	S67 flat: 16a confirmacion independiente sin idea barata+valida (baseline 2.032726, gates verdes). Re-ataca desde cero los 2 frentes frescos: (a) dual/LP factible -> aditiva=g (S48), Lagrangiana tamano=plana B*G>>g (S50), dual de AGENDA=mismo estado que DP exacto (S50); (b) cota por DEFICIT g-dp por entropia/Fano=VACUA (S64: bits no atan). SENAL DE PARO: el carril (cota factorizada barata+valida) esta en su optimo demostrado {U_cell} con 16 confirmaciones; avance exige build multi-sesion full-reveal-K/u_pen FUERA del carril (autorizacion humana).
f9da176	2.032726	0.579937	0.057800	1.609439	4.880987	11	0	51.641	pass	flat	S68 flat: baseline 2.032726 reproducido (gates verdes, 50.5s, py3, 17a revision independiente). Adopta la senal de paro S67; aporte nuevo: HARDCODEAR dp((32,5),6)=4.290 pasaria puertas y es valido pero es lookup de una tupla (no generaliza, no es lema) => NO keep. dp crece en G/B => acotar por arriba telescopia a g. Carril en optimo demostrado {U_cell}; se detiene el loop de una-iteracion, avance real = build multi-sesion fuera del carril con autorizacion humana.
405658a	2.032726	0.579937	0.057800	1.609439	4.880987	11	0	95.697	pass	flat	S69 flat: baseline 2.032726 reproducido (gates verdes, violations 0, tests pass, 94.9s = regimen LENTO ~2x, py3); 18a revision independiente. Un investigador fresco leyo el log completo S45-S68 y re-probo el surface abierto (tail gg>=5 = singleton {gg} S61/all-or-nothing S60; head gg<=4 = unico factorizado+valido S53/S65; relaciones per-(n,g) FALSAS por no-monotonia-en-n S48/S63/S66; aditiva/Lagrangiana/capacidad/Fano => g S48/S50/S64) y NO hallo idea barata+valida no cubierta. Aporte de continuidad: a 94.9s (~2x lento, comparable a S47/S57) el corte g<=4 aun pasa TODOS los gates con violations 0 => confirma el ~2x de margen de hardware (S57 pt1); futuras sesiones NO necesitan re-ingenierizar velocidad. Unico lever real (dp((32,5),6) exacto, Dgap 0.086) locked por COMPUTO >106s (no validez); hardcodear prohibido (lookup, no lema, S68). ADOPTA la senal de paro S67/S68: el carril editable esta en su optimo demostrado barato+valido {U_cell}=2.032726; el loop de una-iteracion esta AGOTADO. El avance real exige el build multi-sesion (full-reveal-K acoplado / u_pen sup interno EXACTO) FUERA del carril, con autorizacion humana explicita.
405658a	2.032726	0.579937	0.057800	1.609439	4.880987	11	0	48.375	pass	flat	S70 flat: baseline 2.032726 reproducido (gates verdes, violations 0, tests pass, 48.7s, py3 regimen rapido). 19a revision independiente. Adopta la senal de paro S67/S68 sin re-derivar el muro. Due-diligence fresca sobre la unica holgura viva (cola gg>=5 en min(gg,B*G)=gg): (a) min-de-cotas-validas no tiene socio nuevo — para gg grande gg ya es ajustado, el overpay vive en gg=5,6 donde solo el DP exacto (758s>>60s, crecimiento de estados no-hardware) baja de gg; (b) head gg<=4 en su frontera factorizada (S61); (c) reveal parcial del brief = full-reveal-K intratable (S46). Ningun cheap+valid no-cerrado-con-prueba. El set de cotas superiores baratas+validas factorizadas es el SINGLETON {U_cell} (S61 PROBADO), no falta-de-idea. Loop de una-iteracion DETENIDO; el premio (gap ~0.5, sep_hi ~2.4) exige el build multi-sesion (full-reveal-K acoplado / u_pen sup interno EXACTO) FUERA del carril editable, con autorizacion humana.
405658a	2.032726	0.579937	0.057800	1.609439	4.880987	11	0	49.016	pass	flat	S71 flat: baseline 2.032726 reproducido (gates verdes, violations 0, tests pass, 48.7s py3 regimen rapido). 20a revision independiente, esta vez re-derivando el muro desde el CODIGO (no solo del log). Confirmado: en la insignia B*G=96>>n=32 => tail gg>=5 en min(gg,B*G)=gg es donde vive TODO el gap residual; head gg<=4 ya exacto (dp((32,4),6)=3.388765). Auditada de nuevo la palanca que el brief lista explicito (min de varias cotas validas): enumeracion fresca de candidatos a 2a cota barata para el tail (U_PI global=n*q=3.2=tail trivial, no aprieta; dp((n,gg),1) y single-cell=cotas INFERIORES; reveal-mas=telescopia a gg; capacidad/bits=vacua S64) => NINGUN candidato es simultaneamente barato+valido+<gg; todos colapsan a un vertice ya refutado del trilema (valido+tratable=floja=gg / valido+ajustado=intratable full-reveal-K / tratable+ajustado=invalido<V*). Unica palanca real sigue siendo dp((32,5),6) exacto (Delta gap 0.086) locked por computo ~758s>>60s (crecimiento de estados j=5, no hardware). Adopta la senal de paro S67-S70: el carril editable esta en su optimo barato+valido demostrado {U_cell}=2.032726; el loop de una-iteracion esta AGOTADO. Avance real = build multi-sesion (full-reveal-K acoplado / u_pen sup interno EXACTO) FUERA del carril, con autorizacion humana.
405658a	2.032726	0.579937	0.057800	1.609439	4.880987	11	0	49.287	pass	flat	S72 flat: baseline 2.032726 reproducido (gates verdes, violations 0, tests pass, 50.3s py3, regimen rapido). 21a revision independiente. A DIFERENCIA de las revisiones que solo re-leyeron el log, esta re-derivo el trilema DESDE EL CODIGO y desde cero: (a) valido+tratable=>flojo=g — re-verificada por algebra la truncacion-con-hindsight (nodo con j limpios vale j bajo hindsight del hijo: acredita a + (j-a)=j o no-acredita j; E=j para toda accion => raiz=g), y confirmado B*G=96>>g refunda todo prefijo (S56/S60); (b) valido+ajustado=>intratable — la creencia mas fina compatible con validez es la de OPT (conteos-de-pool correlacionados), dp((32,5),6) ~758s; (c) tratable+ajustado=>invalido — todo merge/coarsening cae bajo los totales-de-pool y colapsa bajo V* (dp1 S52/single-cell S54/statistic S65). Enumeracion fresca de candidatos a 2a cota barata para la cola gg>=5: relacionales entre dp a distinto (n,g) FALSOS por no-monotonia en n (S45/S48/S63/S66), reveal-factorizado telescopia a g, capacidad/bits vacua (S64), Lagrangiana plana (S50), u_pen desacoplado >=U_PI (S55) — NINGUN candidato simultaneamente barato+valido+<gg. Unica palanca real = gg=5 EXACTO (Delta gap 0.086, validez ironclad por misma relajacion de info que gg<=4, SIN lema nuevo) locked por COMPUTO ~758s>>60s (crecimiento de estados j=5, no hardware; medido infeasible S49/S51). El conjunto de cotas superiores factorizadas baratas+validas es el SINGLETON {U_cell} (S61 probado). ADOPTA la senal de paro S67-S71: el loop de una-iteracion sobre laminar_cert.py esta AGOTADO; ninguna idea distinta queda dentro del carril. Avance real = build multi-sesion (full-reveal-K con belief correlacionado comprimido / u_pen sup interno EXACTO) FUERA del carril editable, requiere autorizacion humana explicita para editar solver/certificados o anadir modulos.
405658a	2.032726	0.579937	0.057800	1.609439	4.880987	11	0	49.117	pass	flat	S73 flat: baseline 2.032726 reproducido (gates verdes, violations 0, tests pass, 48.6s, py3 regimen rapido). 22a revision independiente. Aporte NUEVO: MEDICION LIMPIA (cero contencion, proceso aislado) del unico lever de validez ironclad (subir _CELL_GG_CAP 4->5 = exact gg=5): cap=4 flagship=44.37s, cap=5 NO termina en 200s (>>60s gate). Cierra la duda residual de S57 (cuya medida cap=5 estaba CONTAMINADA por contencion de CPU con el run baseline concurrente): el lock es explosion de estados j=5, NO hardware, aun en maquina de regimen rapido (44.37s = mismo que S49/S51). Codigo completo re-leido (docstring+DP): carril en su optimo barato+valido demostrado {U_cell} (trilema S54/S62, singleton {gg} S61, no-monotonia-en-n S48/S63/S66, u_pen desacoplado>=U_PI S55 — ninguno reabierto). Adopta senal de paro S67-S72; el premio (gap ~0.5) exige el build multi-sesion de belief correlacionado comprimido, intratable dentro del carril (full-reveal-K >75s ya en gg=2, S46).
405658a	2.032726	0.579937	0.057800	1.609439	4.880987	11	0	48.672	pass	flat	S74 flat: baseline 2.032726 reproducido (gates verdes, violations 0, tests pass, 48.5s). Sin keep, sin edit. Nueva construccion evaluada y REFUTADA por telescopio: backup exacto de 1 nivel en la cola g=5 con rama-acreditada cayendo al DP tratable dp((32-a,5-a),5)<5-a+a. Falla porque el max exterior sobre pools a=1..G ESCAPA por un pool grande (a>=6): con solo 5 limpios ningun pool a>=6 es todo-limpio => todos sus hijos cargan 5 limpios y se acotan trivial en 5 => U5(a>=6)=5 => max=g. Sharper que S46pto2: la telescopia no es solo (B-k)G>>g, es que el max de accion se enruta por un pool grande trivial-acotado. Cerrar el escape exige acotar hijos-5-limpios por doquier = DP g=5 exacto (explota >106s). Trilema intacto. 18a confirmacion independiente.
405658a	2.032726	0.579937	0.057800	1.609439	4.880987	11	0	48.171	pass	flat	S75 flat: baseline 2.032726 reproducido (gates verdes, violations 0, tests pass, 48.3s, regimen rapido, 405658a sin cambio). 23a confirmacion independiente. Sesion fresca leyo laminar_cert.py COMPLETO (1180 lineas, notas S45-S74) + todo results.tsv; regenero candidatos y TODOS mapean a direcciones ya refutadas (add-info=>telescopia a g S46/S60; remove-info<pool-totals=>colapsa bajo V* dp1/single-cell S52/S54; relacional per-(n,g)=>FALSO por no-monotonia en n S48/S63/S66; g=5 exacto=>gate-blocked ~750s>>60s por crecimiento de estados no hardware S49/S51; hardcodear dp((32,5),6)=>lookup de 1-tupla no lema S68). Set de cotas superiores baratas+validas factorizadas = singleton {U_cell} (trilema/all-or-nothing/singleton S54/S60/S61) = RESULTADO, no busqueda incompleta. ADOPTA la senal de paro S67/S68: no queda idea distinta con argumento de validez dentro del carril; el premio (gap ~0.5, sep_hi ~2.4 vs 4.88 hoy) vive entero tras el build multi-sesion (full-reveal-K con belief correlacionado comprimido / u_pen con sup interno EXACTO), que exige editar fuera del carril seguro con autorizacion humana explicita.
405658a	2.032726	0.579937	0.057800	1.609439	4.880987	11	0	48.677	pass	flat	S76 flat: baseline 2.032726 reproducido (gates verdes, violations 0, tests pass, 48.3s, py3 regimen rapido). 24a revision independiente, re-derivada DESDE EL CODIGO vigente (no solo el log): upper_bound=min(U_PI,U_cell); U_cell=E_gg[f(gg)] con gg~Binom(n,0.1) (limpio-raro), head gg<=4 EXACTO (dp((32,4),6)=3.388765, mas ajustado factorizado, validez=relajacion de info pura), cola gg>=5 en el trivial min(gg,B*G)=gg. TODO el gap residual vive en la cola: el unico apriete valido es dp((32,5),6)=4.290323 (Dgap 0.086 a 1.946668) pero cuesta ~758s>>60s (explosion de estados j=5, no hardware; re-confirmado S73 medicion limpia). Confirmadas CERRADAS con contraejemplo a escala insignia las CUATRO shortcuts relacionales baratas entre dp a distinto (n,g): (1) telescopio quita-persona dp((n,g),B)<=dp((n-1,g-1),B)+1 FALSO (dp((16,5),6)=4.989011>dp((15,4),6)+1=4.969231, S45); (2) flip mismo-n dp((n,g),B)<=dp((n,g-1),B)+1 FALSO (dp((16,5),6)=4.989011>dp((16,4),6)+1=4.986807, lineas 167/215); (3) m-monotonia dp((m+1,j),B)<=dp((m,j),B) FALSA (dp((14,5),6)=4.98002<dp((16,5),6)=4.98901, docstring); (4) concavidad/secante en g FALSA (dp((12,5),6)=5.0>secante 4.9838). Causa unica comun: un cuerpo limpio extra sirve de SONDA informativa => no-monotonia => todo bound relacional barato falla. Aditiva=>g (S48/S56), Lagrangiana-tamano=>plana (S50), capacidad/bits=>vacua (S64), reveal-mas=>telescopia a g (S53/S66), reveal-menos<pool-totals=>colapsa bajo V* (dp1/single-cell/statistic S52/S54/S65). El set de cotas superiores factorizadas baratas+validas = SINGLETON {U_cell} (S61 probado) = RESULTADO. Hardcodear dp((32,5),6) prohibido (lookup 1-tupla, no lema, S68). ADOPTA la senal de paro S67-S75: el loop de una-iteracion sobre laminar_cert.py esta AGOTADO sin idea distinta+valida; el premio (gap ~0.5, sep_hi 4.88->~2.4) vive tras el build multi-sesion (full-reveal-K con belief correlacionado comprimido / u_pen con sup interno EXACTO) FUERA del carril, que exige autorizacion humana para editar solver/certificados o anadir modulos.
405658a	2.032726	0.579937	0.057800	1.609439	4.880987	11	0	56.442	pass	flat	S77 flat: baseline 2.032726 reproducido (gates verdes, violations 0, tests pass, 54.1s clean py3.13, sin contencion, 405658a sin cambio). 25a revision independiente. Aporte NUEVO (no en S45-S76): DOS ataques frescos distintos, ambos construidos desde cero y REFUTADOS. (A) COTA POR DESACOPLE-DE-PRESUPUESTO f(m,j,t): tabla de 3 indices donde tras cada test CADA subgrupo resultante recibe su PROPIO presupuesto completo t-1 (en vez de compartirlo). VALIDA por induccion en t: dp(C,t) <= sum_c f(m_c,j_c,t) porque (1) el reward del pool conjunto (acredita sum a_c solo si TODO el pool limpio) es <= sum de rewards por-celda punto-a-punto, y (2) dar a cada rama el presupuesto t-1 completo solo agrega valor. Es BARATA (tabla (m<=32,j<=5,t<=6) ~960 estados, milisegundos) — el sueno del carril. Pero COMPUTADA es VACUA: f(32,5,6)=5.000000 EXACTO (telescopia a g), y ademas floja en la cabeza f(32,4,6)=4.0 vs exacto dp((32,4),6)=3.388765. Mecanismo probado: presupuesto independiente por rama => aislamiento eventual de cada limpio => f=g. Nuevo miembro COMPUTADO de la familia reveal-mas/recurso-ilimitado->g (S53/S66); cierra el hueco de si 'desacoplar por celda' (dual del single-cell de S54) daba cota superior util: NO, colapsa a g. (B) TRUNCACION-POR-PROFUNDIDAD-DE-TEST + completion trivial (conteo-limpio-restante): re-derivada VACUA desde el codigo por la identidad de conservacion reward + limpios_restantes == limpios_totales en CADA nodo de test (el reward acredita exactamente los limpios que retira) => V_k = g a toda profundidad finita k (re-derivacion independiente del all-or-nothing S60/S62, ahora como identidad de conservacion de una linea). Muro re-medido limpio py3.13: cabeza cap=4=36.1s; el UNICO lever valido que baja el gap (exact dp((32,5),6), Dgap 0.086 a 1.9467) sigue >>60s por explosion de estados j=5 (no hardware), sin speedup exacto 12x de una-iteracion. El set de cotas superiores baratas+validas factorizadas sigue siendo el SINGLETON {U_cell}; trilema intacto (valido+tratable->g / valido+ajustado->intratable / tratable+ajustado-><V*). ADOPTA la senal de paro S67-S76: el loop de una-iteracion sobre laminar_cert.py esta AGOTADO; el premio (gap ~0.5, sep_hi 4.88->~2.4) vive tras el build multi-sesion (full-reveal-K con belief correlacionado comprimido / u_pen con sup interno EXACTO) FUERA del carril, con autorizacion humana explicita.
405658a	2.032726	0.579937	0.057800	1.609439	4.880987	11	0	56.747	pass	flat	S78 flat: baseline 2.032726 reproducido (gates verdes, 0 violations, tests pass, ~57s py3, 405658a sin cambio). 26a confirmacion independiente. APORTE NUEVO (no en S45-S77): RE-IMPLEMENTACION CLEAN-ROOM del DP de reveal U_cell (proto_tailbound.py, sin copiar las micro-optimizaciones del repo) que reproduce los valores exactos certificados dp((16,5),6)=4.989011, dp((12,5),6)=5.0 y CRUCIALMENTE dp((32,4),6)=3.388765 a las 6 decimales -> confirma que el head insignia es un computo CORRECTO, no un artefacto de los speedups del repo (dp((16,4),6) coincide a 6e-6, orden de acumulacion). LEY DE ESCALA del muro re-derivada desde cero: costo ~10x por unidad de g (g=3:7.6s, g=4:76s naive ~2x del repo), asi que exact dp((32,5),6)~600-760s >> gate 60s -> el UNICO lever ironclad (Dgap 0.086 a 1.9467) queda infeasible en el carril de una-iteracion, confirmado independiente del log. Patron de holgura head g-dp((32,g),6): g2=0.24,g3=0.45,g4=0.61,g5=0.71 monotono, sin forma cerrada barata que lo acote debajo de g. REFUTACION FRESCA no-logueada: cap por marginal de un-test B*max_a a*C(g,a)/C(n,a)=0.94 < dp=4.29 => INVALIDA (el reveal permite limpiar hasta min(g,G) en un test, el cap por-test es g no el credito hipergeometrico inmediato; ESA es la razon mecanica de por que toda relajacion mas barata telescopia a g). Trilema intacto, set barato+valido factorizado = singleton {U_cell}. ADOPTA la senal de paro S67-S77: loop de una-iteracion AGOTADO; el premio (gap ~0.5) vive tras el build multi-sesion FUERA del carril con autorizacion humana explicita.
405658a	2.032726	0.579937	0.057800	1.609439	4.880987	11	0	56.770	pass	flat	S79 flat: baseline 2.032726 reproducido (gates verdes, violations 0, tests pass, 56.65s py3.13, 405658a sin cambio). 27a revision independiente, re-derivada DESDE EL CODIGO (no solo del log). APORTE NUEVO no en S45-S78: evaluado y REFUTADO el unico angulo de INGENIERIA que las notas no cubren para el lever ironclad (subir _CELL_GG_CAP 4->5 = exact dp((32,5),6), validez ya aceptada por relajacion de info pura, NO es hardcode S68 porque se COMPUTA): BRANCH-AND-BOUND ADMISIBLE sobre el MAX de acciones del DP exacto, podando cada accion cuyo upper-bound (reward + sum trivial clean-count de los hijos) <= incumbente. No escapa por DOS razones: (a) la variante ANYTIME (expandir parcial, completar hijos no expandidos por su clean-count) ES EXACTAMENTE la truncacion-con-hindsight de S60/S62, PROBADA vacua=g por la identidad de conservacion (reward+limpios_restantes==limpios_totales en cada nodo) a TODA profundidad finita => cero valor valido; (b) la variante EXACTA necesita ~40x: el head dp((32,4),6)~41s ya consume el presupuesto de 60s dejando ~19s, y dp((32,5),6) aislado es >200s (medicion limpia S73), y el B&B recorta el BRANCHING de acciones, NO el crecimiento fundamental de ESTADOS j=5 (multiset de celdas) que domina el costo. Trilema intacto (valido+tratable->g / valido+ajustado->intratable / tratable+ajustado-><V*), singleton {U_cell} (S61), no-monotonia-en-n (S48/S63/S66), u_pen desacoplado>=U_PI (S55) — ninguno reabierto. ADOPTA la senal de paro S67-S78: el loop de una-iteracion sobre laminar_cert.py esta AGOTADO; ninguna idea distinta+valida (ni algebraica ni de ingenieria) queda dentro del carril. El premio (gap ~0.5, sep_hi 4.88->~2.4) vive entero tras el build multi-sesion (full-reveal-K con belief correlacionado comprimido / u_pen con sup interno EXACTO) FUERA del carril editable, que exige autorizacion humana para editar solver/certificados o anadir modulos.
405658a	2.032726	0.579937	0.057800	1.609439	4.880987	11	0	71.986	pass	flat	S80 flat: baseline 2.032726 reproducido (gates verdes, 0 violations, tests pass, 56.7s py3, 405658a SIN cambio, sin edit). 28a confirmacion independiente. APORTE NUEVO no en S45-S79: DESCOMPOSICION CUANTITATIVA POR TERMINO DE COLA del residuo flagship de U_cell. gg=#limpios~Binom(32,0.1), head gg<=4 EXACTO, cola gg>=5 trivial=min(gg,B*G)=gg. Pesos: wg(5)=0.1171 wg(6)=0.0586 wg(7)=0.0242 wg(>=8)=1.2e-2; peso total cola gg>=5 = 0.2115. El UNICO lever ironclad (dp((32,5),6)=4.290323 exacto, validez=relajacion de info pura) ahorra SOLO 0.083 welfare (termino gg=5: trivial 0.585 vs exacto 0.502), consistente con Dgap 0.086 logueado, y esta gate-blocked ~600s por explosion de estados j=5. CLAVE NUEVA: la cola gg>=6 encierra OTROS 0.618 de welfare en el bound trivial (peso 0.094), y cada dp((32,gg),6) exacto crece ~10x/unidad-g (dp((32,6),6)~6000s, dp((32,7),6)~60000s) => progresivamente MAS infeasible que gg=5, no menos. El lever ironclad captura solo ~40% del residuo de cola; el resto es una serie de DPs super-exponenciales en g, cada uno mas alla de la puerta de 60s. Refina la senal de paro: no falta UN computo caro, el residuo de cola es una SERIE de DPs con costo creciente. Trilema intacto, singleton {U_cell} (S61), no-monotonia-en-n (S48/S63/S66). Todas las direcciones baratas re-mapean a refutadas: telescopio FALSO (S45), reveal-mas->g (S53/S66), reveal-menos<pool-totals invalido (S52/S54), capacidad/bits vacua (S64), Lagrangian plana (S50), budget-decouple->g (S77), truncacion->g (S60/S62), B&B no corta estados (S79). ADOPTA senal de paro S67-S79: loop de una-iteracion AGOTADO sin idea distinta+valida; el premio (gap ~0.5, sep_hi 4.88->~2.4) vive tras el build multi-sesion FUERA del carril con autorizacion humana.
405658a	2.032726	0.579937	0.057800	1.609439	4.880987	11	0	57.911	pass	flat	S81 flat: baseline 2.032726 reproducido (gates verdes, violations 0, tests pass, 60.8s py3, 405658a sin cambio, sin edit). 29a revision independiente, re-derivada DESDE EL CODIGO (upper_bound L1164 + tail-loop L1150 + constantes), no solo del log. Confirmado a nivel de codigo: TODO el residuo vive en la linea 1150 (cola gg>=5 en min(gg,cap)=gg, cap=B*G=96>gg) del flagship n=32; head gg<=4 EXACTO dp((32,4),6)=3.388765. Re-generados desde cero los angulos frescos, TODOS mapean a refutaciones citadas: relacional per-(n,g) FALSO por no-monotonia en n (dp((16,5),6)=4.989>dp((15,5),6)=4.950, S48); reveal-mas telescopia a g porque (B-k)G>>gg (S46/S51); reveal-menos/coarsening<pool-totals colapsa bajo V* (dp1/single-cell/statistic S52/S54/S65); capacidad/bits vacua (S64); action-pruning no corta el crecimiento de ESTADOS (multisets de celdas, S79); unico apriete ironclad = dp((32,>=5),6) exacto gate-blocked ~600s crece ~10x/unidad-g (S49/S73/S80). PRECISION sobre la senal de paro: los dos builds del premio son gate-blocked DENTRO del carril, no solo 'fuera' de el — full-reveal-K acoplado es INTRATABLE en el flagship ya en gg=2 (>75s, S46pt1) y u_pen laminar exige resolver el sup interno = mismo problema duro (S47/S55: version desacoplada >=U_PI). Set de cotas superiores factorizadas baratas+validas = SINGLETON {U_cell} (trilema S48/S52 PROBADO). ADOPTA senal de paro S67-S80: el loop de una-iteracion sobre laminar_cert.py esta AGOTADO; ninguna idea distinta+valida queda dentro del carril. El premio (gap ~0.5, sep_hi 4.88->~2.4) exige un build de investigacion multi-sesion (belief correlacionado comprimido / poda con teorema / potencial no-aditivo) que hoy revienta la puerta de 60s aun implementado dentro del carril; requiere autorizacion humana para editar solver/certificados o anadir modulos.
405658a	2.032726	0.579937	0.057800	1.609439	4.880987	11	0	56.606	pass	flat	S82 flat: baseline 2.032726 reproducido (gates verdes, violations 0, tests pass, 56.4s py3.13, 405658a sin cambio, sin edit). 30a revision independiente, re-derivada DESDE EL CODIGO (upper_bound L1164 min(U_PI,U_cell); U_cell head gg<=4 dp exacto L1152, cola gg>=5 trivial min(gg,cap)=gg L1150; todo el residuo flagship en L1150). Auditoria fresca de 4 familias de cotas, TODAS mapean a direcciones cerradas: (info-relajacion) revelar-1-limpia es valido pero NO colapsa a n-1 (S63), sigue explotando; (relacional/telescopio) dp((n,g))<=dp(juego menor)+c FALSO por no-monotonia en n (S45/S48/S63); (LP/capacidad/union-sobre-tests) telescopia a g o vacua por bits (S56/S64); (SUBADITIVIDAD en gg, angulo mas nitido no explicito en notas) dp((n,a+b),B)<=dp((n,a),B)+dp((n,b),B) apretaria la cola GRATIS con solo valores del head (flagship 4.389>=dp((32,5),6)=4.290) PERO su caso b=1 ES el flip-lemma REFUTADO (dp((16,5))=4.989>dp((16,4))+1=4.987, S48): numerico-sin-teorema, checable solo con el DP de 758s => prohibido por regla de keep (patron S51). Carril en optimo demostrado barato+valido {U_cell}. ADOPTA senal de paro S67-S81: loop de una-iteracion AGOTADO; premio (gap~0.5, sep_hi 4.88->~2.4) vive tras build multi-sesion (full-reveal-K acoplado / u_pen sup interno EXACTO) FUERA del carril, requiere autorizacion humana explicita.
405658a	2.032726	0.579937	0.057800	1.609439	4.880987	11	0	58.059	pass	flat	S83 flat: baseline 2.032726 reproducido (gates verdes, violations 0, tests pass, 56.5s py3, 405658a sin cambio, sin edit). 31a revision independiente, re-derivada DESDE EL CODIGO (upper_bound L1164 min(U_PI,U_cell); U_cell head gg<=4 dp exacto L1152, cola gg>=5 trivial min(gg,B*G)=gg L1150 pues B*G=96>>gg; _CELL_GG_CAP=4, _CELL_EXACT_N=14). APORTE NUEVO no en S45-S82: construida y REFUTADA una construccion distinta, el REVELADO HIBRIDO TRUNCADO POR PROFUNDIDAD: jugar d tests con revelado de conteo-por-celda (valido, tratable a profundidad chica) y ceder los B-d restantes a un revelado OMNISCIENTE (domina => valido). Como el futuro omnisciente acredita GRATIS a todo limpio restante (capacidad (B-d)*G=80>>gg), la politica logra gg sin importar los primeros d tests => la construccion COLAPSA a gg a TODA profundidad finita. Es exactamente la hindsight-vacuity de S62 (TODO-O-NADA para cotas superiores), ahora RE-DERIVADA desde el codigo, no del log. Todo angulo fresco mapea a refutado: revelado mas grueso que por-celda=INVALIDO<V* (S52/S65); cap por capacidad/bits=VACUO=gg (S64); subir head a gg=5 exacto=timeout 758s (S62/S79); telescopio cruzado-limpio=lema FALSO (S45). Trilema airtight (valido+tratable=>flojo=gg; valido+ajustado=>intratable; tratable+ajustado=>invalido). Sin mejora valida+tratable en el carril de una-iteracion; se adopta la senal de paro S67: carril en optimo demostrado {U_cell}=2.032726, premio restante (gap ~0.5 hacia 1.61) exige build multi-sesion (full-reveal-K con belief comprimido) fuera del carril.
405658a	2.032726	0.579937	0.057800	1.609439	4.880987	11	0	56.682	pass	flat	S84 flat: baseline 2.032726 reproducido (gates verdes, 0 violations, tests pass, 56.6s py3, 405658a SIN cambio, sin edit). 32a confirmacion independiente, re-derivada DESDE EL CODIGO (upper_bound L1164 min(U_PI,U_cell); U_cell L1125-1153: head gg<=4 dp exacto L1152, cola gg>4 trivial min(gg,B*G)=gg L1150 con B*G=96>=n=32). APORTE NUEVO no en S45-S83 (IDENTIDAD, no bound): en la insignia B*G=96>=n=32>=gg SIEMPRE => min(cap,gg)==gg para todo gg, luego U_PI = w*E[min(cap,gg)] = w*E[gg] = 3.2 EXACTO (verificado: modulo _u_pi=3.200000). La COLA gg>4 de U_cell usa el MISMO min(gg,cap)=gg por-termino que U_PI (welfare cola=1.203743, P(gg>4)=0.2115). Consecuencia: (a) todo el LIFT de U_cell sobre U_PI (3.2->2.928592 welfare, Delta=0.2714) viene EXCLUSIVAMENTE del head gg<=4 donde dp<gg; (b) el residuo flagship ES la degeneracion B*G>=n de U_PI (brief punto 1) LOCALIZADA a gg>4 — no un defecto separado de U_cell. Esto UNIFICA la pared de la cola con el punto 1 del brief a nivel de codigo: 'apretar la cola' <=> 'des-degenerar U_PI en gg>4' <=> 'acotar dp((32,gg),6)<gg barato'. Ese objeto esta cerrado por el trilema re-derivado desde el codigo: valido+tratable (factorizado/collapse) telescopia a gg (=la cola actual); tractable+ajustado (union/no-adaptativo p.ej. B*max_a a*C(g,a)/C(n,a)=0.94<dp=4.29) cae BAJO dp => INVALIDO (S78/S83, el reveal hace la adaptatividad decisiva); valido+ajustado = dp exacto gate-blocked ~600s (S49/S73/S80). Trilema airtight, singleton {U_cell} (S61), no-monotonia en n (S48). ADOPTA senal de paro S67-S83: loop de una-iteracion AGOTADO; ninguna idea distinta+valida+tratable queda en el carril. El premio (gap~0.5, sep_hi 4.88->~2.4) exige build multi-sesion (full-reveal-K con belief comprimido / u_pen sup interno EXACTO) FUERA del carril editable, con autorizacion humana.
405658a	2.032726	0.579937	0.057800	1.609439	4.880987	11	0	56.449	pass	flat	S85 flat: baseline 2.032726 reproducido (gates verdes, 0 violations, tests pass, 61.7s py3, 405658a SIN cambio, sin edit a laminar_cert). APORTE NUEVO no en S45-S84: PROBADA empiricamente y REFUTADA la concavidad de g|->dp((n,g),B) a n fijo (extraida EXACTA del modulo real por inversion polinomial de _u_cell, no reimplementacion). NO concava: 2a diferencia salta POSITIVA en el borde superior (n=10:+0.128, n=12:+0.255, n=13:+0.324 en g=n-2->n-1) porque dp=g exacto cuando quedan <=1 sucios (clearing casi total). => cota de cola por SECANTE/TANGENTE desde el head (gg<=4) es INVALIDA (subestima dp en la cola: 'dominates tail dp? False'). Cierra otro angulo barato sub-g no cubierto por el telescopio (n,g)->(n-1,g-1) [S45 falso] ni m-monotonia [S64]. Sub-hallazgo: 1as diferencias interiores <1 (dp<g estricto en el interior, el trivial gg SI es flojo ahi ~0.93-0.99/persona); en la insignia gg~Binom(32,0.1) vive en ese interior (lejos de n=32, donde el kick es irrelevante), asi que el residuo es real pero exige dp((32,5),6) exacto (758s>>60s) o build multi-sesion de belief comprimido. Muro singleton-{g} reconfirmado 33a vez con dato fresco.
405658a	2.032726	0.579937	0.057800	1.609439	4.880987	11	0	56.518	pass	flat	S86 flat: baseline 2.032726 reproducido (gates verdes, 0 violations, tests pass, 56.6s py3, 405658a SIN cambio, sin edit). 34a confirmacion independiente, re-derivada DESDE EL CODIGO (upper_bound L1164 min(U_PI,U_cell); U_cell head gg<=4 dp exacto L1152, cola gg>4 trivial min(gg,B*G)=gg L1150; todo el residuo flagship en L1150). APORTE NUEVO no en S45-S85: REFUTADA la reframulacion 'el bound trivial de cola g = asintota n->inf de dp((n,gg),B)' (que lo haria inmejorable en el limite grande-n). FALSA por los valores exactos logueados: dp((12,5),6)=5.0=g, dp((16,5),6)=4.989, dp((32,5),6)=4.290 => g es el limite CHICO-n (clearing casi-total, pocos activos), y dp CAE por debajo de g al crecer n (no-monotono local, kick de clearing S85). El slack de cola en la insignia es VoI de n-finito genuino, sin asa estructural gratis: ni secante/tangente desde head (S85 invalida), ni asintota-en-n. Cierra un angulo fresco (asintotica-en-n) no cubierto por telescopio (n,g)->(n-1,g-1) [S45 FALSO], flip [S48], m-monotonia [S64], concavidad-en-g [S85], subaditividad=flip [S82]. Todo candidato re-generado mapea a refutado: reveal-mas->g (S53/S66), reveal-menos<pool-totals invalido (S52/S54), capacidad/bits vacua (S64), budget-decouple->g (S77), truncacion-hindsight->g (S60/S62), B&B no corta estados (S79), hybrid-reveal->g (S83), hardcode 1-tupla no lema (S68). Trilema airtight (valido+tratable->g / valido+ajustado->intratable ~600s / tratable+ajustado-><V*), singleton {U_cell} (S61). ADOPTA senal de paro S67-S85: loop de una-iteracion sobre laminar_cert.py AGOTADO; ninguna idea distinta+valida+tratable queda en el carril. El premio (gap ~0.5, sep_hi 4.88->~2.4) vive tras build multi-sesion (full-reveal-K con belief correlacionado comprimido / u_pen sup interno EXACTO) FUERA del carril editable, con autorizacion humana.
405658a	2.032726	0.579937	0.057800	1.609439	4.880987	11	0	56.641	pass	flat	S87 flat: baseline 2.032726 reproducido (gates verdes, 0 violations, tests pass, 405658a SIN cambio, sin edit a laminar_cert). APORTE NUEVO no en S45-S86 (PRUEBA por POTENCIAL CONSERVADO, no refutacion caso-por-caso): re-derivado desde el CODIGO que el residuo flagship vive por completo en la cola gg>4 de _u_cell L1150 (gg=#LIMPIOS, gg~Binom(32,0.1) via pg^gg*pa^(n-gg) con pa=p0=0.9; E[gg]=3.2, P(gg>4)=0.2115), termino wg*(gg-dp((32,gg),6)) con dp((32,5),6)=4.290<5 pero exacto ~600s>>60s. Construida y REFUTADA NUMERICAMENTE una cota distinta: LOOKAHEAD DE PROFUNDIDAD FINITA con HOJAS TRIVIALES (valido: max_a E[reward+UB_trivial(hijo)]>=dp cuando UB>=dp). Computado one-ply para gg=5..8 => da EXACTAMENTE gg (5.0,6.0,7.0,8.0), colapsa a g. RAZON algebraica (no numerica): la cantidad phi=creditados+min(limpios_restantes,cap) es un POTENCIAL CONSERVADO=gg en CADA nodo (acreditar a => hijo con gg-a limpios => a+(gg-a)=gg; acreditar 0 => 0+gg=gg), y como limpios_restantes<=(B-1)*G=80 la hoja trivial devuelve limpios_restantes intacto. => toda expansion de profundidad FINITA con hoja trivial telescopia a gg exacto. UNIFICA S60/S62/S77/S83 (todos '->g') como instancias de conservacion de phi; la mejora estricta dp<gg EXIGE que la hoja rompa la conservacion (min(restante,cap)<restante), lo que solo ocurre en la recursion COMPLETA hasta el fondo (dp exacto, gate-blocked ~600s). Es la pata 'valido+tratable->g' del trilema PROBADA por un invariante en vez de enumeracion. Singleton {U_cell} reconfirmado. ADOPTA senal de paro S67-S86: loop de una-iteracion sobre laminar_cert.py AGOTADO; el premio (gap~0.5, sep_hi 4.88->~2.4) exige build multi-sesion (belief correlacionado comprimido / dp exacto con poda-con-teorema) FUERA del carril editable, con autorizacion humana.
405658a	2.032726	0.579937	0.057800	1.609439	4.880987	11	0	56.563	pass	flat	S88 flat: baseline 2.032726 reproducido (gates verdes, violations 0, tests pass, 56.4s py3, 405658a SIN cambio a laminar_cert). 18a revision independiente con ojos frescos; adopta la senal de paro S67/S68. NUEVO (no re-derivacion): (a) subaditividad dp(n,5)<=dp(n,4)+dp(n,1)=dp(n,4)+1 es EXACTAMENTE el atajo +1 ya refutado (dp((16,5),6)-dp((16,4),6)=1.002>1 lo viola, S48/S51); (b) re-verificado el all-or-nothing por algebra en AMBAS direcciones de hindsight (prefijo->hindsight Y reveal->play): las dos dan g exacto, luego el conjunto de cotas superiores factorizadas baratas+validas de la cola es el singleton {g}. Carril en optimo demostrado {U_cell}. El premio (gap~0.5) vive entero tras el build multi-sesion fuera del carril (requiere autorizacion humana para editar solver/certificados o anadir modulos).
405658a	2.032726	0.579937	0.057800	1.609439	4.880987	11	0	56.724	pass	flat	S89 flat: baseline 2.032726 reproducido (gates verdes, 0 violations, tests pass, 56.5s py3, 405658a SIN cambio a laminar_cert). Revision independiente re-derivada DESDE EL CODIGO (upper_bound L1164 = min(U_PI, U_cell); _u_cell head gg<=4 dp exacto L1152, cola gg>4 trivial min(gg,B*G)=gg L1150; _CELL_GG_CAP=4, _CELL_EXACT_N=14, _CELL_MAX_N=40). CONFIRMACION FRESCA (no copiada del log): trazada la estructura min(U_PI,U_cell) y localizado que TODO el residuo flagship es el UNICO termino de cola L1150 wg*min(gg,B*G) con B*G=96>=n=32>=gg => es byte-identico al gg trivial que usa U_PI; el UNICO lift de U_cell sobre U_PI viene del head exacto gg<=4. Verificadas las DOS patas que permitirian apretar la cola, ambas cerradas: (a) toda completion barata+valida conserva el potencial phi=creditados+min(limpios_restantes,cap)=gg porque cap=96>>limpios_restantes, luego telescopia al gg trivial (invariante S87 re-derivado); (b) la relajacion mas AJUSTADA 'revelar solo el total gg, no por-celda' ES estrictamente mas apretada que U_cell PERO es el problema de belief correlacionado, intratable ya en gg=2 (S46). Dicotomia valido+tratable->gg / valido+ajustado->intratable re-derivada desde el codigo. El unico apriete ironclad (dp((32,>=5),6) subiendo _CELL_GG_CAP, valido por relajacion de info pura) es ~600-758s y CRASHEA el gate anchor_timeout 60s => NO ejecutado (cero valor registrable). Trilema airtight, singleton {U_cell}=2.032726. ADOPTA senal de paro S67-S88: loop de una-iteracion sobre laminar_cert.py AGOTADO; ninguna idea distinta+valida+tratable queda en el carril. El premio (gap~0.5, sep_hi 4.88->~2.4) exige build multi-sesion (full-reveal-K/belief correlacionado comprimido / u_pen sup interno EXACTO) FUERA del carril editable, con autorizacion humana.
405658a	2.032726	0.579937	0.057800	1.609439	4.880987	11	0	56.758	pass	flat	S90 flat: baseline 2.032726 reproducido (405658a SIN cambio, sin edit a laminar_cert). Revision independiente re-derivada DESDE EL CODIGO (upper_bound L1164 min(U_PI,U_cell); U_cell head gg<=4 dp exacto L1152, cola gg>4 trivial min(gg,B*G)=gg L1150 con B*G=96>=n=32>=gg). APORTE NUEVO no en S45-S89: cerrado el EJE-PRESUPUESTO (variar B) como lever de acotamiento de dp((32,gg),6), complementando budget-decouple S77 por el lado de la MONOTONIA: dp((n,g),B) es CRECIENTE en B (mas tests => mas clearing), luego (a) calcular dp via MENOS tests da una cota INFERIOR => INVALIDA como upper bound; (b) via MAS tests telescopia al hindsight g. El eje-B esta cerrado por AMBOS lados, misma forma que el eje-reveal (reveal-mas->g S53/S66, reveal-menos<pool-totals invalido S52/S54). Trilema airtight re-derivado (valido+tratable->g via potencial phi conservado S87 / valido+ajustado->intratable ~600-758s S49/S73/S80 / tratable+ajustado-><V* S54/S65), singleton {U_cell} S61. Hardcode dp((32,5),6)=4.290 pasa puertas+valido pero lookup 1-tupla no-lema NO keep (S68) y captura solo ~40% del residuo de cola (S80). ADOPTA senal de paro S67-S89: loop de una-iteracion sobre laminar_cert.py AGOTADO; premio (gap~0.5, sep_hi 4.88->~2.4) exige build multi-sesion (full-reveal-K/belief correlacionado comprimido / u_pen sup interno EXACTO) FUERA del carril editable, con autorizacion humana.
405658a	2.032726	0.579937	0.057800	1.609439	4.880987	11	0	56.845	pass	flat	S91 flat: baseline 2.032726 reproducido (405658a SIN edit a laminar_cert, gates verdes, 0 violations, tests pass, 56.4s py3). APORTE NUEVO no en S45-S90 (MEDICION en el carril, no re-derivacion): reimplemente FIELMENTE el dp de conteos-por-celda FUERA del modulo y lo VALIDE byte-igual a _u_cell (n=8,10,12 coinciden a 1e-9), luego medi DOS cosas nunca registradas. (1) Escalera de RUNTIME de dp((n,5),6) [el termino de cola gg=5 de la insignia]: n=14->1.3s, 16->3.4s, 18->9.4s, 20->>20s (timeout 30s), crecimiento ~2.7x por +2 en n => n=32 ~ cientos de s. Es la MEDICION directa del muro anchor_timeout 60s (sesiones previas solo citaban 758s de memoria); ya dp((20,5),6) sola se comeria el gate. (2) El slack 5-dp((n,5),6) es NO-MONOTONO en n: exactamente 0 para n<=12 (regimen hindsight, VoI nula), 0.019980 (n=14), BAJA a 0.010989 (n=16), salta a 0.224556 (n=18), ->0.710 (n=32, log). No-monotono => NINGUN surrogate monotono ni extrapolacion desde n chico tratable puede acotar (sandwich) el valor insignia n=32; refuta FRESCO los atajos n-monotonos en el g=5 propio de la insignia, complementando m-monotonia [S64] y limite-chico-n [S86] con la CURVA medida. Conclusion: el UNICO apriete valido (subir _CELL_GG_CAP 4->5) exige dp((32,5),6), medido-intratable Y sin atajo monotono; todo lo demas (reveal+-, budget+- S90, capacidad/bits S64, coarsening S52/S65, telescopio S45, concavidad S85, lookahead-hoja-trivial S87) telescopia a g / es intratable / cae bajo V*. Trilema airtight, singleton {U_cell}=2.032726. ADOPTA senal de paro S67-S90: loop de una-iteracion sobre laminar_cert.py AGOTADO; ninguna idea distinta+valida+tratable queda en el carril. Premio (gap~0.5, sep_hi 4.88->~2.4) exige build multi-sesion (belief correlacionado comprimido / u_pen sup interno EXACTO / dp exacto con poda-con-teorema) FUERA del carril editable, con autorizacion humana.
405658a	2.032726	0.579937	0.057800	1.609439	4.880987	11	0	57.752	pass	flat	S92 flat: baseline 2.032726 reproducido (405658a SIN edit a laminar_cert, gates verdes, 0 violations, tests pass). APORTE NUEVO (MEDIDO, no re-derivado de notas): (1) con pesos CORRECTOS (P(limpio)=q=0.1 => #limpios gg~Bin(32,0.1) media 3.2), la masa reducible sum_{gg>=5} w*(gg-dp) la DOMINA gg=5 (w=0.1171, 5-dp((32,5),6)=5-4.290323=0.0831 => -0.083 gap, 2.033->1.947) luego gg=6 (~-0.03); piso ALCANZABLE del carril si toda la cola fuera exacta ~1.90 (== telescopio S34 pero por VALOR exacto, no el lema falso). (2) gg=5 exacto medido py3.13: head gg<=4 = 35.57s deja ~24s de holgura bajo 60s, pero el termino gg=5 corre ~700s (30x sobre holgura) => GATE-bloqueado, no cabe por micro-aceleracion (crece ~20x por limpio: explosion de la dimension relleno-activo m). (3) REFUTADA idea de ojos-frescos VENTANA-SUPERIOR (subir cap exacto por ARRIBA, gg~n pocos-activos): peso ~1e-33 en gg~32 (masa toda en gg chico) Y tampoco barata (dp((32,31),6)>30s). (4) B&B exacto sobre max-accion: la UB de accion cerrada = taken*P + E[limpio restante] = total_limpio = gg (VACUA, pues tm1*G>=gg) => poda NADA; reconfirma all-or-nothing S60 a nivel ALGORITMICO (costo=enum-accion, perfil 121.8M go vs 25934 dp-states, pero sin cota de poda no-vacua). Todo camino barato->gg o intratable; carril en optimo 2.032726 bajo puerta 60s. Adopta senal de paro S67.
405658a	2.032726	0.579937	0.057800	1.609439	4.880987	11	0	56.565	pass	flat	S93 flat: baseline 2.032726 reproducido (405658a SIN edit a laminar_cert, gates verdes, violations 0, tests pass, 56.7s py3). 19a revision independiente; adopta senal de paro S67/S68. Re-derivado DESDE EL CODIGO: todo el residuo flagship en L1150 (cola gg>=5 en trivial min(gg,cap)=gg, cap=B*G=96>=n=32>=gg); head gg<=4 dp exacto. APORTE NUEVO no en S45-S92: construida y REFUTADA la LOOKAHEAD DE PROFUNDIDAD PARCIAL SOBRE EL SUBARBOL LIMPIO-5 (distinta del one-ply S87): expandir d tests exactos desde (32,5), enchufar dp EXACTO barato en los hijos cuya cuenta-limpia cae a <=4, y acotar los hijos que CONSERVAN los 5 limpios. FALLA: un test NO-acreditado mantiene los 5 limpios, asi que el subarbol limpio-5 persiste a profundidad completa; acotar esas hojas por cualquier valor barato <=5 pide el MISMO subproblema (circular), y con hojas triviales/hindsight telescopia a g=5 EXACTO por el algebra all-or-nothing (S62pt2/S88). Colapsa a muro registrado, no es idea distinta. Carril en optimo demostrado {U_cell}=2.032726 (singleton S61); premio (gap~0.5) vive entero tras build multi-sesion (full-reveal-K acoplado / u_pen sup interno EXACTO), fuera del carril seguro.
405658a	2.032726	0.579937	0.057800	1.609439	4.880987	11	0	56.870	pass	flat	S90 flat: baseline 2.032726 reproducido (gates verdes, violations 0, tests pass, 56.9s, ref 405658a SIN cambio, sin edit a laminar_cert). APORTE NUEVO (angulo fresco, no en S45-S89 como lema explicito): el LEMA DE B-RECURSION dp((n,gg),B) <= dp((n,gg),B-1)+min(G,gg) es VALIDO (quita el ultimo test; su pool acredita <=G y <=gg limpios, y los primeros B-1 tests de la politica B-optima son una (B-1)-politica factible => E[credito_{B-1}] <= dp(.,B-1); credito_B <= credito_{B-1}+min(G,gg) puntual) PERO VACUO en la insignia: gg<=G=16 => min(G,gg)=gg nunca muerde, y telescopiar B-1 veces da dp((n,gg),1)+(B-1)*gg >> gg, ESTRICTAMENTE PEOR que el trivial min(gg,B*G)=gg. Es la instanciacion concreta como lema-de-B del muro capacidad-nunca-muerde (S60): toda descomposicion por horizonte/tests con capacidad (B-k)*G>>gg refunda a gg. NO reabre nada; confirma el singleton {gg} (S61) desde el eje B. Trilema intacto, no-monotonia en n intacta. ADOPTA la senal de paro S67-S89: loop de una-iteracion sobre laminar_cert.py AGOTADO (18a confirmacion independiente); ninguna idea distinta+valida+tratable queda en el carril. Premio (gap ~0.5, sep_hi 4.88->~2.4) vive tras build multi-sesion (full-reveal-K acoplado con belief comprimido / u_pen sup interno EXACTO) FUERA del carril editable, con autorizacion humana explicita.
405658a	2.032726	0.579937	0.057800	1.609439	4.880987	11	0	56.250	pass	flat	S94 flat: baseline 2.032726 reproducido (405658a SIN edit a laminar_cert, gates verdes, 0 violations, tests pass, 56.4s py3). Revision independiente re-derivada DESDE EL CODIGO: upper_bound L1164 = min(U_PI,U_cell); TODO el residuo flagship vive en UNA linea, L1150 wg*min(gg,cap) para gg>=5, cap=B*G=96>>gg => degenera a gg trivial; head gg<=4 EXACTO dp((32,4),6)=3.388765. Enumeracion fresca de cotas cheap+validas sobre dp((32,5),6) y CADA una mapea a refutacion citada: exacta=gate-blocked >600s (S91); telescopio dp((n,g))<=dp(n-1,g-1)+1 FALSO (L1135); monotona-en-n FALSA por bump dp((16,5))=4.989>dp((15,5))=4.950 (S48), acoplamiento va al reves (S63); concavidad/secante FALSA (S85); B-recursion VALIDA pero vacua min(G,gg)=gg (S90/S56row); budget-decouple=>telescopia a g (S77); lookahead-hojas-triviales=>escapa por pool grande a>=6 (S74/S87/S93); reveal mas fino=>gg trivial (S46/S60); reveal mas grueso<V*=invalido (S52/S54). El trilema (S62/S72) cierra el espacio como TEOREMA: B*G=96>>gg => todo reveal mas rico que conteos-por-celda regala un pool todo-limpio de tamano gg (acredita gg=trivial), todo reveal mas pobre pierde pooling cruzado-celda (<V*); conteos-por-celda es el UNICO punto factorizado valido+no-trivial y su eval exacta ES el DP intratable. REFRAMING NUEVO: el premio interno del carril esta HARD-CAP en gap ~1.90 (== valor del telescopio revertido, verificado por VALOR exacto no por el lema falso S92) y es INTEGRAMENTE un problema de RUNTIME (computar dp((32,gg),6) <60s), no de validez; branch-and-bound admisible (S79) + dedup por simetria (ya en codigo) no lo rompen. Adopta senal de paro S67/S68: sin idea distinta con argumento de validez dentro del carril; el premio (gap 1.90->~0.5, sep_hi 4.88->~2.4) exige editar fuera de laminar_cert.py (full-reveal-K con belief correlacionado comprimido / u_pen con sup interno exacto) con autorizacion humana explicita.
405658a	2.032726	0.579937	0.057800	1.609439	4.880987	11	0	56.609	pass	flat	S95 flat: baseline 2.032726 reproducido (405658a SIN edit a laminar_cert, gates verdes 56.6s, violations 0, tests pass, 2026-07-22). 18a revision independiente: se re-ataca de cero el espacio (tail gg>=5 en min(gg,B*G); head gg<=4 exacto; telescopios per-(n,g); coarsening particion/statistic; capacidad/bits/entropia; Lagrangiana presupuesto; u_pen desacoplado; single-cell/dp1; reveal-active n-shrink; hardcode dp((32,5),6)) y NINGUNA idea barata+valida no cubierta. ADOPTA la senal de paro S67/S68: el conjunto de cotas superiores factorizadas baratas+validas es el singleton {U_cell} (trilema S54/S62, all-or-nothing S60, singleton-gg S61, no-monotonia-en-n S63/S66, bits vacuos S64). El premio (gap ~0.5) vive ENTERO tras el build multi-sesion (full-reveal-K acoplado / u_pen sup interno EXACTO), FUERA del carril editable. Se detiene el loop de una-iteracion.
405658a	2.032726	0.579937	0.057800	1.609439	4.880987	11	0	56.566	pass	flat	S96 flat: baseline 2.032726 reproducido (405658a SIN edit a laminar_cert, gates verdes, 0 violations, tests pass, 56.8s py3, 2026-07-22). APORTE NUEVO (medido, no re-derivado de S45-S95): (1) REFUTACION de B*dp((n,g),1) como cota superior de dp((n,g),B) -- es cota INFERIOR (dp SUPERADITIVO en B: la adaptatividad compone al retirar limpios-verificados), verificado en 3 regimenes (G4B3,G4B4,G3B3) x n=8..12: B*dp1<dp salvo g~=n. Mata la ruta subaditiva-en-tests. (2) MECANISMO de por que la cola g>4 de la insignia es casi-ajustada por el trivial g: el slack g-dp((n,g),B) DECRECE con B*G; en la insignia B*G=96>>g deja slack dp((32,5),6)=4.29 vs 5 = solo 0.71 (vs G4B3 n=12 g=5: dp=1.35 vs 5, slack 3.65). El costo de localizacion es VoI secuencial puro, inaccesible barato precisamente porque B*G abundante permite aislar. Reconfirma el trilema-stop (valido+tratable=>telescopia a g / valido+ajustado=>full-reveal-K intratable 758s / tratable+ajustado=>invalido<V*). Adopta senal de paro S67/S68: carril de una-iteracion en optimo demostrado barato+valido {U_cell}=2.032726; premio restante = build multi-sesion (full-reveal-K con belief comprimido), fuera del carril.
405658a	2.032726	0.579937	0.057800	1.609439	4.880987	11	0	56.650	pass	flat	S97 flat: baseline 2.032726 reproducido (405658a SIN edit a laminar_cert, gates verdes, 0 violations, tests pass, 56.4s py3, 2026-07-22). 19a revision independiente; adopta senal de paro S67/S68. Re-derivado DESDE EL CODIGO: todo el residuo flagship en el termino de cola gg=5 (L1150 wg*min(gg,B*G)=wg*gg, B*G=96>>gg; head gg<=4 exacto dp((32,4),6)=3.388765). Confirmada la unica puerta abierta = RUNTIME (S94): computar dp((32,5),6)=4.29 exacto <60s (medido ~600-758s). APORTE NUEVO (angulo de COMPRESION-DE-ESTADO, no de extrapolacion): el blow-up es la dimension relleno-activo m (S92); el atajo natural para caber en la puerta es COARSEN m por bucketing conservando un representante adversario-favorable (menos dilucion => mas poder de pool-limpio => cota superior si fuera monotona). REFUTADO: el representante favorable = m MINIMO, pero dp es NO-MONOTONO en m (bump S48 dp((16,5),6)=4.989 > dp((15,5),6)=4.950), asi que reducir m puede BAJAR el valor => el representante NO domina => compresion INVALIDA. Conecta explicitamente la no-monotonia (S48/S63/S66, antes citada solo contra extrapolacion/surrogates monotonos) con la IMPOSIBILIDAD de compresion-de-estado para tratabilidad: la misma patologia de acoplamiento cierra ambos. Trilema intacto, singleton {U_cell}=2.032726. Ninguna idea distinta+valida+tratable queda en el carril; el premio (gap ~0.5) exige build multi-sesion (full-reveal-K con belief comprimido / u_pen sup interno EXACTO) FUERA de laminar_cert.py, con autorizacion humana.
405658a	2.032726	0.579937	0.057800	1.609439	4.880987	11	0	56.800	pass	flat	S98 flat: baseline 2.032726 reproducido (405658a SIN edit a laminar_cert, gates verdes, violations 0, tests pass, 56.6s). 15a revision independiente sin idea barata+valida. Regenere 3 angulos frescos, TODOS colapsan a direcciones cerradas: (a) telescopio reveal-identidad dp(n,g,B)<=1+dp(n-1,g-1,B) = cruzado-limpio, FALSO por no-monotonia en n (S48/S63); (b) cota gratis sobre dp((32,5),6) desde el lru_cache del head = singleton {g} de S61 (todo <g barato es cota INFERIOR, todo valido barato es >=g); (c) incremento marginal dp((32,5),6)-dp((32,4),6)=0.901<1 valido SOLO numericamente en la insignia => usar el numero = hardcode de 1 tupla = overfit (NO keep, S68). Trilema intacto. Loop de una-iteracion en su optimo barato+valido documentado; premio restante detras del build multi-sesion (full-reveal-K acoplado / u_pen sup interno EXACTO), fuera del carril editable.
405658a	2.032726	0.579937	0.057800	1.609439	4.880987	11	0	56.846	pass	flat	S94 flat: baseline 2.032726 reproducido (405658a SIN edit a laminar_cert, gates verdes, 0 violations, tests pass, 56.7s py3). Barrera RE-DERIVADA desde el CODIGO FUENTE (no solo desde memoria): el residuo flagship = cola g>=5 pagando min(g,B*G)=g (B*G=96>>g). Palanca GG_CAP=5 (seria keep de validez ironclad, mismo arg de relajacion-de-info que g<=4, sin lema nuevo) sigue INFEASIBLE: _u_cell flagship a GG_CAP=4 medido >30s directo, corrobora ~44s de S49 y el muro >120s de dp((32,5),6) (estados j=5 crecen 1-2 ordenes sobre j=4, no factor de maquina). Cota sub-g barata refutada por 4 angulos independientes reconfirmados en la fuente: (1) full-info capacity limpia los g limpios completos; (2) teorema V-hat aditiva/desacoplada=g (S48pt2: una cota <g debe RETENER el acoplamiento de presupuesto G => su estado ES el dp exacto); (3) cotas relacionales de dp entre (n,g) muertas por no-monotonia en n (S48pt1); (4) capacity/bits vacua (S64). Singleton {U_cell}. ADOPTA senal de paro S67-S93: loop de una-iteracion sobre laminar_cert.py AGOTADO; premio (gap~0.5, sep_hi 4.88->~2.4) exige build multi-sesion FUERA del carril (full-reveal-K acoplado con belief comprimido / u_pen sup interno EXACTO), con autorizacion humana explicita.
405658a	2.032726	0.579937	0.057800	1.609439	4.880987	11	0	56.752	pass	flat	S99 flat: baseline 2.032726 reproducido (405658a SIN edit a laminar_cert, gates verdes, violations 0, tests pass, 56.3s py3, 2026-07-22). ~20a revision independiente re-derivada DESDE EL CODIGO. Confirmado: upper_bound L1164 = min(U_PI, U_cell); todo el residuo flagship en la cola gg>=5 (L1150 wg*min(gg,B*G)=wg*gg, B*G=96>>gg); head gg<=4 exacto dp((32,4),6)=3.388765 (T=_CELL_GG_CAP=4 pues n=32>_CELL_EXACT_N=14). APORTE NUEVO (angulo ESTRUCTURA-DE-ESTADO + PRESUPUESTO-DE-RELOJ, no re-derivacion de notas): (1) leido el dp (L925-928) verifico que el estado YA descarta las celdas todo-sucias (j>=1), luego el estado es un multiconjunto de <=g celdas (m,j) y NO queda ninguna palanca de poda-de-estado VALIDA por descubrir dentro del carril; el blow-up es integramente la DISTRIBUCION del relleno-sucio (composiciones de los 27 sucios entre <=g celdas) sobre 6 niveles, cuello de botella evaluate/go ~121.8M hojas para gg<=4 (L992), ~20x para gg=5 (S96) => ~600s. (2) SHARPENING del muro-runtime por el lado del PRESUPUESTO: la corrida completa ya consume 56.3s y el termino gg=5 solo corre ~600s; contra la puerta anchor_timeout 60s el lever GG_CAP 4->5 (validez ironclad ya aceptada = misma relajacion-de-info que gg<=4, sin lema nuevo) exige >=~15x de speedup (no ~10x), inalcanzable via micro-opt de una-edicion en Python sobre un DP recursivo ya acelerado (nact-specialization S/76->56s, dedup-simetria, forma-cerrada ultimo test). Doblemente bloqueado: explosion-de-estado (relleno-sucio, no comprimible por no-monotonia en m S48) Y headroom de reloj. Trilema airtight (valido+tratable->telescopia a g / valido+ajustado->cell-DP exacto intratable / tratable+ajustado-><V*), singleton {U_cell}=2.032726 confirmado desde la fuente. Ninguna idea distinta+valida+tratable queda en el carril; ADOPTA senal de paro S67/S68. El premio (gap 1.90->~0.5, sep_hi 4.88->~2.4) exige build multi-sesion FUERA de laminar_cert.py (full-reveal-K con belief correlacionado comprimido / u_pen sup interno EXACTO) con autorizacion humana explicita.
405658a	2.032726	0.579937	0.057800	1.609439	4.880987	11	0	49.212	pass	flat	S95 flat (Opus 4.8, fresh eyes): baseline 2.032726 reproducido, gates verdes, 0 violations, tests pass, 49.4s py3, 405658a SIN edit a laminar_cert. Pared RE-DERIVADA desde el CODIGO FUENTE (no solo memoria): unico lever del score = cola flagship gg>=5 en min(gg,B*G)=gg (L1150); gap_anchor_max es MAX (otros anclas ~0.58, no mandan); head gg<=4 ya es el valor exacto cell-reveal. Singleton {gg} confirmado: toda cota barata+valida de dp((32,gg),6) es gg (relacionales FALSAS por no-monotonia en n; info-relax telescopia a g o colapsa <V*; capacidad/bits/entropia vacuas; V-hat aditiva=g; u_pen desacoplado>=U_PI). DP exacto gate-blocked (dp((32,5),6)~758s>>60s, crecimiento de estados j=5 no es factor de maquina; solo podas valor-identicas validas, agotadas en gg<=4). ADOPTA senal de paro S67-S94: loop de una-iteracion sobre laminar_cert.py AGOTADO. Premio (gap~0.5, sep_hi 4.88->~2.4) exige build multi-sesion FUERA del carril (full-reveal-K acoplado con belief comprimido / u_pen sup interno EXACTO), requiere autorizacion humana para editar solver/certificados o anadir modulos.
405658a	2.032726	0.579937	0.057800	1.609439	4.880987	11	0	50.952	pass	flat	S100 flat (Opus 4.8, fresh eyes): baseline 2.032726 reproducido, gates verdes, violations 0, tests pass, 49.7s, 405658a SIN edit a laminar_cert. 18a+ confirmacion independiente, RE-DERIVADA LEYENDO EL CODIGO FUENTE COMPLETO (1180 lineas), no solo la memoria. Confirmado desde la fuente: upper_bound L1164 = min(U_PI, U_cell); todo el residuo flagship en la cola gg>=5 (L1150 wg*min(gg,B*G)=wg*gg, B*G=96>>gg); head gg<=4 exacto dp((32,4),6)=3.388765 (T=_CELL_GG_CAP=4). GENERE 3 angulos frescos, TODOS colapsan a paredes ya cerradas: (a) MEJORAR EL HEAD gg<=4 -> ya en su frontera factorizada (apretar pide full-reveal-K, intratable ya en gg=2, S46/S61); (b) SUBIR GG_CAP 4->5 con una poda VALOR-IDENTICA nueva -> el DP ya tiene forma-cerrada t==1, dedup-simetria, nact-especializacion 1/2, cell_outcomes cacheado, y hoja a_c<=j_c; falta ~15x no alcanzable por una-edicion (crecimiento de estados j=5 no es factor de maquina, dp((32,5),6)~758s>>60s, S49/S51/S94); podar acciones da cota INFERIOR (DP es MAX sobre acciones) salvo dominancia probada, inexistente; (c) COTA CONJUNTA de la cola sum_gg w_gg dp((n,gg),B) mas barata que por-termino -> el trivial min(gg,B*G)=gg ES YA la relajacion de hindsight-ilimitado, asi que bajar de gg EXIGE no-relajar = DP exacto que explota (all-or-nothing S60, singleton {gg} S61). Los tres reconfirman el TRILEMA (S54/S62): valido+tratable=>telescopia a g / valido+ajustado=>belief correlacionado intratable / tratable+ajustado=>invalido<V*. Ninguna idea distinta+valida+tratable queda en el carril; ADOPTA senal de paro S67/S68. Premio (gap 2.03->~0.5, sep_hi 4.88->~2.4, S53) enteramente detras del build multi-sesion FUERA de laminar_cert.py (full-reveal-K con belief correlacionado comprimido / u_pen sup interno EXACTO), requiere autorizacion humana para editar solver/certificados o anadir modulos.
405658a	2.032726	0.579937	0.057800	1.609439	4.880987	11	0	50.413	pass	flat	S101 flat (Opus 4.8): baseline 2.032726 reproducido, 405658a SIN edit a laminar_cert. APORTE NUEVO no en S45-S100: REFUTADA con rigor la conjetura de OPTIMALIDAD-SIN-MEZCLA (tests de una-sola-celda) para la relajacion reveal-count. Construi un dp clean-room que replica BYTE-EXACTO el dp del modulo (0 mismatches en estados single+multi-celda, incl. semantica ASIMETRICA orden-dependiente: un take todo-limpio (a,a) se DESCARTA si el prefijo allgood sigue vivo y luego falla, pero se CONSERVA como celda si un celda previa ya rompio allgood). Con esa replica fiel, restringir a tests de una celda BAJA el valor fuerte (dp((16,5),6): full=4.989 vs nomix=2.549; (12,5): 5.0 vs 3.126) => la mezcla cross-celda es ESENCIAL para el valor de la relajacion; ninguna descomposicion por-celda (single-cell-test) preserva la validez de la cota. Complementa el refute del desacople-presupuesto f(m,j,t) de S77. Pared confirmada desde replica ejecutable (no solo lectura): residuo flagship = dp((32,5),6)=4.290 (valido, info-relax g<=4) daria 1.947 pero exact=758s>>60s gate; trilema intacto.
405658a	2.032726	0.579937	0.057800	1.609439	4.880987	11	0	48.186	pass	flat	S102 flat (Opus 4.8, fresh eyes): baseline 2.032726 reproducido, 405658a SIN edit a laminar_cert, gates verdes, violations 0, tests pass, 48.4s py3, 2026-07-22. Re-derivado LEYENDO EL CODIGO (L807-1179), no solo memoria: upper_bound L1179 = min(U_PI, U_cell); flagship U_PI degenera a 3.2 (B*G=96>=n=32) => manda U_cell=2.9286; residuo INTEGRO en la cola gg>=5 (L1150 wg*min(gg,B*G)=wg*gg pues B*G=96>>gg); head gg<=4 EXACTO dp((32,4),6)=3.388765 (T=_CELL_GG_CAP=4, n=32>_CELL_EXACT_N=14). APORTE NUEVO (sharpening de S98): regenere 6 ideas distintas frescas y CADA UNA colapsa a refutacion documentada, DOS re-verificadas numericamente FALSAS desde los dp propios del modulo: (A) lema de incremento fixed-n dp((n,gg),B)<=dp((n,gg-1),B)+1 es PROVABLEMENTE FALSO (dp((16,5),6)-dp((16,4),6)=4.989011-3.986807=1.002204>1) -- S98 solo lo llamo 'overfit usar el 0.901'; aqui el LEMA GENERAL cae, y UNIFICA con el telescopio (n-1,g-1) retirado en S45 (dp((16,5),6)=4.989011>dp((15,4),6)+1=4.969231): AMBOS lemas de incremento-monotono (fixed-n y shrink-n) mueren por la MISMA patologia de acoplamiento y ambos refutados por el datapoint (16,*). (B) la cola gg=min(gg,B*G) ES el valor de INFORMACION-PERFECTA/hindsight de la celda (32,gg): revelar identidades da exactamente min(gg,B*G); apretar por debajo EXIGE no-revelar = el DP exacto => tightest cheap valid bound, singleton {gg} confirmado desde primera-principios (no solo memoria S60/S61). (C) tercer-bound min(U_PI,U_cell,U3): ningun U3 barato<gg existe para la cola por (B). (D) partial-reveal intermedio: trilema (add info->telescopia a gg / correla->intratable). (E) B*dp1 subaditivo REFUTADO S57 (es cota INFERIOR). (F) Lagrangiano-presupuesto PLANO S50 (B*G>>g, precio no muerde). Unica holgura viva = dp((32,5),6)=4.290 exacto (slack 0.710/termino, Delta gap ~0.086) pero gate-blocked ~758s>>60s (subir GG_CAP 4->5 pide ~15x speedup, inalcanzable one-edit). Trilema airtight, {U_cell}=2.032726 = optimo barato+valido COMPLETO. ADOPTA senal de paro S67-S101; premio (gap 2.03->~0.5, sep_hi 4.88->~2.4) exige build multi-sesion FUERA del carril (full-reveal-K con belief correlacionado comprimido / u_pen sup interno EXACTO) con autorizacion humana.
405658a	2.032726	0.579937	0.057800	1.609439	4.880987	11	0	48.896	pass	flat	S96 flat (Opus 4.8, fresh eyes): baseline 2.032726 reproducido, gates verdes, 0 violations, tests pass, 405658a SIN edit a laminar_cert. Muro RE-DERIVADO DESDE LA SEMANTICA DEL CODIGO (cell_outcomes L910): un limpio o se ACREDITA-y-RETIRA (pool all-clean, reward) o se CONSERVA como celda (taken/rem) => el potencial phi=creditados+min(limpios_restantes,budget) se CONSERVA =g en cada nodo mientras budget hold (G=16>=gg=5 siempre hasta t=0). Truncar a cualquier profundidad con cola trivial/U_PI telescopia EXACTO a g (confirma S87 desde el codigo, no memoria); solo full-depth t=0 muerde => ruta cara. Unica holgura viva: cola gg>=5 en min(gg,cap)=gg (L1150), dp((32,5),6)=4.290 exacto ~600s CRASHEA anchor_timeout 60s (S49/S89, cero valor registrable). Trilema airtight (valido+tratable->g / valido+ajustado->intratable / tratable+ajustado-><V*), singleton {U_cell}. ADOPTA senal de paro S67-S95: loop de una-iteracion AGOTADO; premio (gap~0.5) exige build multi-sesion FUERA del carril editable.
405658a	2.032726	0.579937	0.057800	1.609439	4.880987	11	0	48.252	pass	flat	S103 flat (Opus 4.8, fresh eyes): baseline 2.032726 reproducido, 405658a SIN edit a laminar_cert, gates verdes, violations 0, tests pass, 48.3s. APORTE NUEVO no en S45-S102: CERRADA la SUBADITIVIDAD-EN-g dp((n,g),B)<=dp((n,g1),B)+dp((n,g2),B) (generalizacion natural del flip dp((n,g-1))+1 que un investigador fresco intenta; las notas solo refutaban el flip). Con g2=1: dp((n,1),B)=1 SIEMPRE que B>=ceil(log2 n)+1 (binary-search por cell-reveal localiza 1 limpio en ceil(log2 n) tests + 1 para acreditar; verificado dp((16,1),6)=1.0 con DP-replica independiente que reproduce los valores del registro dp((16,4),6)=3.986813 y dp((16,5),6)=4.989011). => subaditividad-en-g COLAPSA al MISMO contraejemplo del flip (S48): dp((16,5),6)=4.989011 > dp((16,4),6)+dp((16,1),6)=4.986813 (viola +0.0022). Misma obstruccion estructural: no-monotonia en n (un cuerpo activo extra sirve de sonda). NO es keep (idea refutada, no baja gap). Confirma el singleton {gg} (S61) por un angulo nuevo: ni el flip ni su generalizacion subaditiva dan cota <gg valida. 18a+ confirmacion consecutiva de 2.032726 como optimo barato+valido del carril. ADOPTA senal de paro S67/S68: el loop de una-iteracion sobre laminar_cert.py esta AGOTADO; el premio (gap~0.5, sep_hi 4.88->~2.4) exige build multi-sesion (belief correlacionado comprimido / u_pen sup interno EXACTO) FUERA del carril editable, con autorizacion humana explicita.
405658a	2.032726	0.579937	0.057800	1.609439	4.880987	11	0	48.820	pass	flat	S101 flat (Opus 4.8, fresh eyes): baseline 2.032726 reproducido, gates verdes, 405658a SIN edit a laminar_cert. Revision independiente del ARBOL COMPLETO de ideas barata+valida (docstring S45-S68 + results S83-S100) desde primeros principios: todo eje cerrado (telescopio/m-monotonia/flip/concavidad/percap FALSOS por no-monotonia en n; V-hat aditiva=g; Lagrangiana-presupuesto plana G>>g; capacidad/bits vacua; coarsening particion/statistic invalido; dp1/single-cell invalido<V*; full-reveal-K/u_pen-sup intratable; hardcode dp((32,5),6) lookup-1-tupla no-lema). Singleton {gg} S61 = optimo demostrado del carril. ADOPTA senal de paro S67/S68: sin idea distinta que probar; avance real = build correlacionado multi-sesion fuera del carril, requiere autorizacion humana.
405658a	2.032726	0.579937	0.057800	1.609439	4.880987	11	0	48.350	pass	flat	S104 flat (Opus 4.8, fresh eyes): baseline 2.032726 reproducido, 405658a SIN edit a laminar_cert, gates verdes, violations 0, tests pass, 48.7s, 2026-07-22. Re-derivado LEYENDO EL CODIGO COMPLETO (1180 lineas) + pase propio de primeros principios; NINGUNA idea distinta+valida+barata no cubierta por S45-S103. APORTE: statement CAUSAL mas limpio del singleton {gg} (unifica S60 hindsight-vacuo + S64 bits-vacuos por el lado del MECANISMO, no solo enumerando refutaciones): el residuo flagship ENTERO = cola gg>=5 en min(gg,B*G)=gg (L1150, B*G=96>>gg; head gg<=4 EXACTO dp((32,4),6)=3.388765). El deficit dp((32,5),6)=4.290<5 NO es deficit de CAPACIDAD (B*G=96>>gg nunca muerde) NI de BITS (24.5 disp>>17.6 nec, S64) — es PROBABILIDAD-DE-FALLO-DE-LOCALIZACION pura: aun con capacidad y bits de sobra, P(aislar los 5 limpios en pools todo-limpios con 6 tests)<1. Ningun objeto BARATO computa una probabilidad-de-fallo; solo el arbol probabilistico B-profundo completo (~758s>>60s gate). ESA es la raiz del trilema (S54/S62) y del all-or-nothing (S60): todo atajo barato o asume localizacion perfecta (=>gg, telescopia) o restringe acciones (=>cota INFERIOR invalida<V*). Mi pase fresco probo 6 angulos, TODOS colapsan: (a) union/producto por-limpio sum_i P(i cred) = E[#cred] EXACTO por linealidad, cada P(i) pide el mismo DP; (b) Jensen/concavidad en gg REFUTADO S47; (c) n-grow/n-shrink FALSO por no-monotonia en n S48/S66; (d) merge de celdas coarser => belief correlacionado S52 o invalido S65; (e) tercer min-bound U3<gg no existe (singleton S61); (f) u_pen con sup interno=cell-reveal circular, desacople>=U_PI S55. ADOPTA senal de paro S67-S103: loop de una-iteracion sobre laminar_cert.py AGOTADO (optimo demostrado {U_cell}=2.032726). El premio (gap 2.03->~0.5, sep_hi 4.88->~2.4, S53) vive ENTERO tras el build multi-sesion FUERA del carril (full-reveal-K con belief correlacionado comprimido / u_pen sup interno EXACTO), que exige editar solver/certificados o anadir modulos => requiere AUTORIZACION HUMANA explicita.
405658a	2.032726	0.579937	0.057800	1.609439	4.880987	11	0	48.226	pass	flat	S105 flat (Opus 4.8, fresh eyes DESDE EL CODIGO): baseline 2.032726 reproducido, 405658a SIN edit a laminar_cert, gates verdes, 0 violations, tests pass, 49.1s, 2026-07-22. Confirmado desde fuente (L1121-1153): score = min(U_PI=3.2 degenerado, U_cell=2.928592); residuo flagship ENTERO = cola gg>=5 en min(gg,96)=gg (L1150), head gg<=4 EXACTO dp((32,4),6)=3.388765. REDUCCION A UN ESCALAR: todo el gap vive en una cota valida+barata de dp((32,5),6)<5 (=> 2.0327->1.947). Repase los 13 ejes de cota-barata: relacional/increment-+1/subaditividad-g/Jensen/n-mono FALSOS por acoplamiento no-monotono en n (dp((16,5),6)=4.989011 contraejemplo); full-info/hindsight=gg; capacidad B*G=96 y bits/entropia vacuas; V-hat aditiva=g; single-cell/restrict-actions <V* invalido; coarsening (particion|statistic) invalido o =U_cell; Lagrange-presupuesto plano (96>>g). TODOS cerrados; ninguno da <5 valido. Unica lane NO-refutada = aceleracion VALOR-IDENTICA para GG_CAP 4->5 (validez ironclad, misma info-relax, sin lema nuevo), bloqueada SOLO por reloj: dp((32,5),6) exacto ~758s vs puerta 60s, requiere ~15x en Python sobre un DP ya optimizado (nact-spec S46/dedup-simetria/t==1 forma-cerrada); un intento fallido GARANTIZA anchor_timeout crash (~758s desperdiciados). NO edito: no arriesgo el crash por una apuesta que 12 sesiones (S94-S104) predicen falla, ni fabrico keep sin teorema citable de cota sub-5. ADOPTA senal de paro S67/S68: loop de una-iteracion en su optimo DEMOSTRADO {U_cell}=2.032726. El premio (gap->~0.5, sep_hi 4.88->~2.4) EXIGE build multi-sesion FUERA del carril (full-reveal-K con belief correlacionado comprimido / u_pen sup interno EXACTO), requiere AUTORIZACION HUMANA para editar solver/certificados o anadir modulos.
cfd9fc6	2.032726	0.579937	0.057800	1.609439	4.880987	11	0	48.581	pass	flat	S80 flat: confirmacion independiente 2.032726; refuta B-subaditividad dp(.,B)<=B*dp(.,1) (VoI super-aditivo); hueco vive entero en cola gg>=5 (E[g;g>=5]=1.204); trilema re-derivado por primeros principios; loop una-iteracion AGOTADO
cfd9fc6	2.032726	0.579937	0.057800	1.609439	4.880987	11	0	49.099	pass	flat	S106 flat (Opus 4.8, fresh eyes DESDE EL CODIGO+arithmetica propia): baseline 2.032726 reproducido, cfd9fc6 SIN edit a laminar_cert, gates verdes, 0 violations, tests pass, 49.4s. Verifiqué de cero: flagship n=32 q_limpio=0.1 (activo=0.9), kG=(6-log2 16)*16=32, LB=1-0.9^32=0.96566, U_cell=2.928592 => gap 2.032726; residuo ENTERO = cola gg>=5 (E[g;g>=5]=1.2037) en trivial min(g,96)=g; head gg<=4 exacto dp((32,4),6)=3.388765. APORTE NUEVO no en S45-S105: refutado el 'DP de ancho acotado' (candidato natural a punto-medio tratable que un investigador fresco intenta): cap del multiconjunto de celdas a ancho K + hindsight (credito libre) a las celdas que desbordan. Es cota SUPERIOR VALIDA (hindsight solo suma valor) y tratable a K chico, pero el max-sobre-acciones del DP EXPLOTA el credito-libre de cualquier colapso => recupera g EXACTO => colapsa a min(g,96). Instancia concreta del teorema all-or-nothing S60: no existe DP de ancho intermedio entre {trivial g} y {exacto B-profundo intratable}. Carril en optimo demostrado barato+valido {U_cell}=2.032726; loop de una-iteracion AGOTADO, avance real multi-sesion.
cfd9fc6	2.032726	0.579937	0.057800	1.609439	4.880987	11	0	49.504	pass	flat	S107 flat (Opus 4.8, fresh eyes DESDE EL CODIGO): baseline 2.032726 reproducido, cfd9fc6 SIN edit a laminar_cert, gates verdes, 0 violations, tests pass, 48.4s, 2026-07-22. Confirmado desde fuente (L1146-1177): score=min(U_PI=3.2 degenerado, U_cell=2.928592); residuo flagship ENTERO = cola gg>=5 en min(gg,96)=gg (L1175), head gg<=4 EXACTO dp((32,4),6)=3.388765. APORTE NUEVO no en S45-S106: PINNED la refutacion de test-subaditividad al TUPLE FLAGSHIP EXACTO con aritmetica de primeros principios (S57/S80 usaban tuples generales): single-test dp((32,5),1)=max_a a*C(5,a)/C(32,a)=1*5/32=0.15625 (a=1 optimo; a=2 da 2*10/496=0.0403). => el 'bound' ingenuo B*dp1 = 6*0.15625 = 0.9375 < verdadero dp((32,5),6)=4.290 => esta POR DEBAJO del valor real = NO es cota superior (cota inferior invalida). VoI es SUPER-aditivo exactamente donde vive TODO el residuo; toda cota-superior 'suma-de-piezas' sobre la cola esta muerta. Unica lane NO-refutada = subir _CELL_GG_CAP 4->5 (validez ironclad, misma info-relax, SIN lema nuevo), bloqueada SOLO por reloj: dp((32,5),6)~758s vs puerta 60s Y debe co-caber con dp((32,4),6)~38s warm => ~40x speedup sobre un DP ya optimizado 3 veces (nact-spec/dedup-simetria/t=1 forma-cerrada); un GG_CAP=5 trial GARANTIZA anchor_timeout crash (0 valor, ~13min quemados), 13 sesiones lo declinaron. Atajos estructurales siguen refutados por la MISMA no-monotonia-en-n dp((16,5),6)=4.989011 (telescopio/incremento/subaditividad-g/Jensen/n-mono); hindsight/partial-reveal telescopia a g (all-or-nothing S60); capacidad B*G=96>>g y bits 24.5>>17.6 vacuas; Lagrange-presupuesto plano. Ninguna construccion distinta+valida+barata sobrevive. Carril en optimo DEMOSTRADO {U_cell}=2.032726. ADOPTA senal de paro S67-S106: loop de una-iteracion AGOTADO; el premio (gap 2.03->~0.5, sep_hi 4.88->~2.4) vive ENTERO tras build multi-sesion FUERA del carril (full-reveal-K con belief correlacionado comprimido / u_pen sup interno EXACTO), que exige editar solver/certificados o anadir modulos => requiere AUTORIZACION HUMANA explicita.
cfd9fc6	2.032726	0.579937	0.057800	1.609439	4.880987	11	0	49.217	pass	flat	S108 flat (Opus 4.8, fresh eyes desde el codigo+notas): baseline 2.032726 reproducido, gates verdes (violations 0, tests pass, 49.3s), cfd9fc6 SIN edit a laminar_cert.py. Enumeracion independiente del espacio barato+valido: ninguna idea distinta no cubierta. Trilema re-confirmado (valido+tratable->g por (B-k)G=96>>g; valido+ajustado->intratable belief 2^n; tratable+ajustado-><V*). Toda holgura viva = cola gg>=5 en min(gg,BG)=gg; g=5 exacto 758s>>60s. ADOPTA senal de paro S67-S80: loop de una-iteracion AGOTADO; premio (gap ~0.5) tras build multi-sesion FUERA del carril, con autorizacion humana.
cfd9fc6	2.032726	0.579937	0.057800	1.609439	4.880987	11	0	49.645	pass	flat	S109 flat (Opus 4.8, fresh eyes DESDE EL CODIGO LIVE): baseline 2.032726 reproducido, cfd9fc6 SIN edit a laminar_cert, gates verdes (0 violations, tests pass, 49.8s). Re-derivado leyendo el codigo live (upper_bound L1189 = min(U_PI degenerado 3.2, U_cell 2.928592); residuo flagship ENTERO en la cola gg>=5 L1175 = wg*min(gg,B*G)=wg*gg pues B*G=96>>gg; head gg<=4 EXACTO dp((32,4),6)=3.388765). El lever unico = cota valida+barata de dp((32,5),6)=4.290<5. RE-TESTEADO contra los datapoints reales (no solo memoria): (a) ratio/concavidad dp/g decreciente es FALSA -- dp((16,4),6)/4=0.99670 < dp((16,5),6)/5=0.99780 => dp/g CRECE en g, la cota dp*(g+1)/g no aplica (mismo mecanismo Jensen S47); (b) incremento +1 FALSO dp(16,5)-dp(16,4)=1.0022>1 (S102); (c) monotonia-en-g da solo cota INFERIOR del tail; (d) capacidad B*G=96 y bits 24.5>>17.6 vacuas; (e) V-hat aditiva telescopia a g; (f) B*dp1 es cota INFERIOR (VoI super-aditivo S57/S80/S107). Todas comparten la MISMA obstruccion de acoplamiento no-monotono-en-n (dp((16,5),6)=4.989011), verificable desde la semantica de cell_outcomes/dp (L936-991). Unica lane no-refutada = speedup VALOR-IDENTICO para GG_CAP 4->5 (dp((32,5),6)~758s vs puerta 60s, ~40x sobre DP ya optimizado 3x); un trial GARANTIZA anchor_timeout crash (0 valor), 13 sesiones lo declinaron, concurro. ADOPTA senal de paro S67/S68: loop de una-iteracion AGOTADO, {U_cell}=2.032726 = optimo demostrado barato+valido; premio (gap 2.03->~0.5, sep_hi 4.88->~2.4) EXIGE build multi-sesion FUERA del carril (full-reveal-K con belief correlacionado comprimido / u_pen sup interno EXACTO), con AUTORIZACION HUMANA para editar solver/certificados o anadir modulos.
cfd9fc6	2.032726	0.579937	0.057800	1.609439	4.880987	11	0	48.979	pass	flat	S110 flat (Opus 4.8, fresh eyes desde el codigo live): baseline 2.032726 reproducido, cfd9fc6 SIN edit a laminar_cert, gates verdes (violations 0, tests pass, 49.9s). 25a confirmacion independiente. Pase de primeros principios desde el codigo (upper_bound L1189 = min(U_PI degenerado 3.2, U_cell 2.928592); residuo flagship ENTERO en la cola gg>=5 L1175 = wg*min(gg,96)=wg*gg, E[gg;gg>=5]=1.204). APORTE (framing mas afilado, no re-derivado de S45-S109): la cota incremental-por-test dp(.,B)<=dp(.,B-1)+dp(.,1) esta REFUTADA como COROLARIO directo de la super-aditividad (S80): telescopia a B*dp(.,1), y dp((32,5),6)=4.290 >> 6*dp((32,5),1)=0.94. El VoI COMPONE; ninguna cota tipo union/submodular-en-B da techo valido barato. Trilema re-confirmado (valido+tratable->g por (B-k)G=96>>gg / valido+ajustado->intratable belief 2^n / tratable+ajustado-><V*). Singleton {U_cell} intacto. _CELL_GG_CAP=5 (valido ironclad, sin lema nuevo) sigue gate-blocked (dp((32,5),6)~758s>>60s; solo ~10s de holgura bajo la puerta a 49.9s; crecimiento de estados j=5, no hardware). ADOPTA senal de paro S67/S68/S80: loop de una-iteracion AGOTADO; premio (gap ~0.5, sep_hi 4.88->~2.4) vive tras el build multi-sesion FUERA del carril (full-reveal-K acoplado / u_pen sup interno EXACTO), con autorizacion humana explicita.
cfd9fc6	2.032726	0.579937	0.057800	1.609439	4.880987	11	0	49.718	pass	flat	S111 flat (Opus 4.8, fresh eyes desde el codigo live + verificacion propia): baseline 2.032726 reproducido, cfd9fc6 SIN edit a laminar_cert, gates verdes (0 violations, tests pass, 48.9s), 2026-07-22. upper_bound L1189 = min(U_PI degenerado 3.2, U_cell 2.928592); residuo flagship ENTERO en la cola gg>=5 (L1175 = wg*min(gg,96)=wg*gg pues B*G=96>>gg); head gg<=4 EXACTO dp((32,4),6)=3.388765. Unico lever = cota valida+barata de dp((32,gg),6)<gg. APORTE NUEVO (no en S45-S110): ataque el lever mas natural del investigador fresco -- n-monotonia (acotar dp((32,5),6) por un dp de n chico y barato) -- con VERIFICACION LIVE PROPIA en esta maquina, no memoria. Replica fiel del dp interno (proto_nmono_check) computo dp((n,5),6) para n=12..17: 5.000000, 4.972028, 4.980020, 4.950050, 4.989011, 4.863607 = OSCILACION down-up-down-up-down. Mis valores REPRODUCEN los exactos registrados a 6 digitos (dp((14,5),6)=4.980020, dp((15,5),6)=4.950050, dp((16,5),6)=4.989011), validando que la replica es fiel. Esto UPGRADE la refutacion de n-monotonia de 'un par contraejemplo puntual' (S48/S63/S66) a 'oscilacion persistente -- NO existe regimen monotono a NINGUNA escala de n', asi que NO hay direccion valida dp((32,5),6)<=dp(n_chico,5,6); verificarlo exige el propio dp de 758s. Trilema re-confirmado por primeros principios: k pasos exactos + creditar-el-resto telescopia a g EXACTO (all-or-nothing S60), asi que toda cota <g exige la continuacion recursiva = costo completo; toda relajacion que revela-mas tiende a g, toda que revela-menos es cota INFERIOR (invalida) -> reveal-por-conteo-de-celda es el UNICO factorizado valido (=U_cell). Singleton {U_cell}=2.032726 intacto. _CELL_GG_CAP 4->5 gate-blocked (dp((32,5),6)~758s>>60s; requiere ~40x speedup sobre DP ya optimizado 3x, no es idea de una iteracion). ADOPTA senal de paro S67-S110: loop de una-iteracion AGOTADO; premio (gap 2.03->~0.5, sep_hi 4.88->~2.4) vive tras build multi-sesion FUERA del carril (full-reveal-K con belief correlacionado comprimido / u_pen sup interno EXACTO), que exige editar solver/certificados o anadir modulos => AUTORIZACION HUMANA.
cfd9fc6	2.032726	0.579937	0.057800	1.609439	4.880987	11	0	49.046	pass	flat	S-opus48 flat (Opus 4.8, fresh eyes desde el codigo live): baseline 2.032726 reproducido, cfd9fc6 SIN edit a laminar_cert, gates verdes (violations 0, tests pass, 48.6s), 2026-07-22. Pase de primeros principios sobre la UNICA holgura viva (cola dp((n,gg>=5),B) en min(gg,B*G)=gg): enumere 6 candidatos de tightening y cada uno mapea a una refutacion ya cerrada -- (1) aggregate-tail/particion-gruesa => belief intra-super-celda sigue correlacionado, no factoriza a (m,j) (S46/S52/S53); (2) dp((n,g),1)=max_a a*C(g,a)/C(n,a) closed-form => fija B=1 => cota INFERIOR, invalida como techo (S61-1a); (3) B-subaditividad dp(.,B)<=B*dp(.,1) => FALSA, VoI super-aditivo (S80); (4) capacidad/bits => VACUA =gg (B*G=96>>gg, 24.5>17.6 bits, S64); (5) relacional cross-(n,g) => FALSA por no-monotonia en n (S48/S63); (6) g=5 exacto => >200s, doblemente cerrada bajo puerta 60s (crecimiento de estados, no hardware, S49/S51). Reproduce EXACTO el teorema de S61: el conjunto de cotas superiores baratas+validas de la cola es el singleton {gg}. Ningun 4to vertice del trilema (S54/S62). Loop de una-iteracion AGOTADO; el premio (gap ->~0.5) vive tras el build multi-sesion de belief correlacionado (full-reveal-K acoplado / u_pen sup interno EXACTO), fuera del carril seguro.
cfd9fc6	2.032726	0.579937	0.057800	1.609439	4.880987	11	0	48.810	pass	flat	S-opus48-live flat: baseline 2.032726 reproducido (gates verdes, 0 violations, tests pass, 49.5s, cfd9fc6 SIN edit a laminar_cert). Fresh-eyes DESDE EL CODIGO LIVE (no solo notas): re-derive el trilema sobre _u_cell/dp reales — head gg<=4 = dp exacto cell-reveal (tightest factorizado), cola gg>=5 = min(gg,B*G)=gg (B*G=96>>gg). Re-verifique cada palanca de una-iteracion contra el codigo y todas siguen cerradas: telescopio/m-monotonia/flip/n-shrink FALSOS por no-monotonia en n; reveal-mas-fino->g (hindsight refunda, (B-k)G>>gg); reveal-mas-grueso/dp1/single-cell < V*; capacidad/bits/subaditividad-B vacuas; u_pen desacoplado >= U_PI; g=5 exacto (unico keep ironclad, dgap 0.086->1.946) ~758s>>60s, crecimiento de estados j=5 no es factor de maquina; hardcode prohibido. Singleton {U_cell} confirmado. NINGUNA idea distinta barata+valida. Adopto senal de paro S67: loop de una-iteracion AGOTADO; premio (gap ~0.5) tras build multi-sesion (full-reveal-K acoplado / u_pen sup interno EXACTO) FUERA del carril, con autorizacion humana.
cfd9fc6	2.032726	0.579937	0.057800	1.609439	4.880987	11	0	50.659	pass	flat	S-verify-opus48 flat (Opus 4.8, first-principles LIVE desde el codigo, no memoria): baseline 2.032726 reproducido, cfd9fc6 SIN edit a laminar_cert, gates verdes (0 violations, tests pass, ~48.5s), 2026-07-22. APORTE NUEVO (cuantificacion exacta del lever, no re-derivacion): descompuse U_cell insignia=2.928592 en head gg<=4 (dp cell-reveal EXACTO=1.724849) + cola gg>=5 (trivial wg*min(gg,96)=wg*gg=1.203743). La cola es 41.1% de U y ES EL LEVER RESIDUAL COMPLETO; el head exacto ya recupero 0.271408 sobre su trivial 1.996257. P(gg>=5)=0.2115, E[gg;gg>=5]=1.2037. Re-derive LIVE la obstruccion 'todo-o-nada telescopia a g': k tests exactos + cota trivial de cola min(rem_clean, t*G) da EXACTAMENTE g porque credito a + rem (g-a) = g y la capacidad t*G=96>>g nunca muerde (verificado algebraicamente sobre la semantica de cell_outcomes/dp L936-1144). Toda cota <g en la cola exige o (i) el dp exacto de gg=5 (~758s>>60s, ~40x speedup, no una iteracion) o (ii) una cota valida que NO sea clean-count ni capacidad = penalizacion de martingala laminar (u_pen sup interno EXACTO) o full-reveal-K con belief correlacionado comprimido. Reveal-finer->g, reveal-coarser/merge-cells-><V* (invalido). Lagrangiano de presupuesto plano (G=16 holgado). n/g-monotonia, telescopio dp<=dp(n-1,g-1)+1, B-subaditividad: todos refutados. Singleton {U_cell} intacto. CONCURRO con senal de paro S67-S111: loop de una-iteracion AGOTADO; el premio (gap 2.03->~0.5) vive tras build multi-sesion FUERA del carril => AUTORIZACION HUMANA.
cfd9fc6	2.032726	0.579937	0.057800	1.609439	4.880987	11	0	48.517	pass	flat	S96 flat (Opus 4.8, fresh eyes): baseline 2.032726 reproducido, gates verdes, 0 violations, tests pass, 48.7s, ref cfd9fc6 SIN edit a laminar_cert. Bucle de una-iteracion corrido a su fin: RE-DERIVE el unico lever DESDE EL CODIGO (no solo notas) — _u_cell L1175, cola gg>=5 del ancla insignia (n=32) en min(gg,B*G)=gg porque B*G=96>>gg; head gg<=4 ya es el dp cell-reveal EXACTO. Busque una construccion distinta valida+tratable fuera del set ya refutado y NO existe: todo atajo relacional (telescopio/m-monotonia/flip/concavidad/percap) es FALSO por no-monotonia en n; toda relajacion factorizada valida telescopia a g (capacidad/bits/hindsight/V-hat aditiva, B*G>>gg); toda tratable+ajustada es INVALIDA <V* (dp1/single-cell); g=5 exacto ~758s>>60s; hardcode prohibido; subaditividad-en-B FALSA (VoI super-aditivo). Singleton {U_cell} confirmado (20a rev indep). ADOPTO la senal de paro S67-S95: el carril editable esta en su optimo demostrado; el premio (gap ~0.5, sep_hi 4.88->~2.4) exige el build multi-sesion FUERA de laminar_cert.py (full-reveal-K acoplado / u_pen sup interno EXACTO), con autorizacion humana.
cfd9fc6	2.032726	0.579937	0.057800	1.609439	4.880987	11	0	48.593	pass	flat	S96 flat (Opus 4.8, fresh independent review): baseline 2.032726 reproducido, gates verdes, violations 0, tests pass, 48.9s, workspace 405658a limpio (laminar_cert.py sin editar). Re-derive el carril desde el CODIGO (no solo memoria): unico lever del score = cola flagship gg>=5 en min(gg,B*G)=gg (B*G=96>>gg); head gg<=4 ya es el juego cell-reveal exacto (frontera factorizada mas ajustada, S61). Scan completo de ideas distintas cheap+valid contra dp((32,gg),6): TODAS cerradas -> relacionales/telescopio/flip/m-monotonia/concavidad/percap/n-shrink/subaditividad-en-B FALSAS por no-monotonia en n (direccion provable va al reves, S63); V-hat aditiva/laminar=g y Lagrangiana-presupuesto plana (B*G>>g, S48/50); capacidad/bits/entropia/Fano vacuas (24.5>>17.6 bits, S64/67); hindsight-tras-prefijo/anytime/B&B=g all-or-nothing (S60/62); single-cell/particion-gruesa/statistic-gruesa/dp1-fusion INVALIDAS <V* (S52/54/65); u_pen desacoplado>=U_PI (S55); g=5 exacto 758s>>60s, speedups valor-identico agotados (S49/51/59); hardcode prohibido sin teorema generalizable (S68). Trilema completo: valido+tratable->g / valido+ajustado->intratable / tratable+ajustado-><V*. Sin idea distinta ni construccion valida nueva => NO hay keep posible (regla exige numero Y argumento; tengo ninguno). ADOPTA senal de paro S67-S95 (25a+ confirmacion): loop de una-iteracion sobre laminar_cert.py AGOTADO. Premio (gap~0.5, sep_hi 4.88->~2.4) exige build multi-sesion FUERA del carril (full-reveal-K acoplado con belief comprimido / u_pen sup interno EXACTO) que requiere editar solver/certificados o anadir modulos -> AUTORIZACION HUMANA explicita, prohibido en este carril.
cfd9fc6	2.032726	0.579937	0.057800	1.609439	4.880987	11	0	48.696	pass	flat	S105 flat: revision independiente desde cero (no defiere al log); baseline 2.032726 reproducido, gates verdes 49.4s. Re-derive el trilema por primeros principios: singleton {U_cell} (factorizar EXIGE cuenta exacta por celda, S61/65), capacidad/bits vacua (B*G=96>>gg, S64), toda relacion dp entre (n,gg) FALSA por no-monotonia en n (S48/63/66), g=5 exacto gate-blocked 106-758s>>60s, hardcode=lookup-no-lema. Ninguna idea distinta barata+valida. Adopta senal de paro: premio (gap~0.5) tras build multi-sesion FUERA del carril, requiere autorizacion humana
cfd9fc6	2.032726	0.579937	0.057800	1.609439	4.880987	11	0	49.380	pass	flat	S-opus48-live2 flat (Opus 4.8, fresh eyes desde el codigo live + medicion propia en esta maquina): baseline 2.032726 reproducido, workspace cfd9fc6 SIN edit a laminar_cert (solo probe en proto_ del root), gates verdes, 2026-07-22. Pase de primeros principios sobre las 6 anclas reales del benchmark. APORTE NUEVO 1 (no en S45-S111): probe cuantitativamente que las 5 anclas de familia (fam_G8..fam_G128, n=24/64/160/384/896) estan en su PISO V*-tight, no solo 'menos flojas': q=1/kG=1/n => U_PI=E[#limpios]=n*q=1.0 exacto, y con B tests (6..14) >> E[#limpios]~1 se puede localizar+creditar todo limpio => U_PI=V* ahi. Por eso gap_anchor_med=0.579937 es el hueco IRREDUCIBLE LB-vs-V* (dilucion de clearing 1-(1-1/n)^n -> 1-1/e vs nq=1), sin holgura de cota que quitar; la insignia (n=32) es DEMOSTRABLEMENTE la UNICA ancla floja. U_cell no ayudaria en familia aunque se subiera _CELL_MAX_N: tests plentiful => U_cell=U_PI=V*. APORTE NUEVO 2 (medicion live, no memoria del ~758s): time dp((32,5),6) via _u_cell con _CELL_GG_CAP=5 y alarma de 65s en ESTA maquina => TIMEOUT (>65s) => sobre la puerta anchor_timeout de 60s. Confirma que el UNICO keep ironclad (cap 4->5, exact dp, gap 2.033->1.947, Delta 0.086) sigue gate-blocked aqui, no es idea de una iteracion (exige ~12x+ speedup sobre DP ya optimizado). Trilema re-confirmado: valido+tratable->g (=trivial min(gg,B*G)=gg pues 96>>gg; g = dp con presupuesto INFINITO, y limitar a B=6 es lo unico que da dp<g pero eso EXIGE el estado multiconjunto-de-celdas intratable); valido+ajustado->intratable (u_pen sup interno exacto / full-reveal-K belief 2^n); tratable+ajustado-><V* (coarsen/dp1/single-cell). Singleton {U_cell}=2.032726 intacto. CONCURRO con senal de paro S67-S111: loop de una-iteracion sobre laminar_cert.py AGOTADO; el premio (gap ~0.5, sep_hi 4.88->~2.4) vive tras build multi-sesion FUERA del carril (u_pen laminar sup interno EXACTO / full-reveal-K belief correlacionado comprimido) que exige editar certificados/solver o anadir modulos => AUTORIZACION HUMANA explicita.
cfd9fc6	2.032726	0.579937	0.057800	1.609439	4.880987	11	0	48.386	pass	flat	S-opus48-live re-derivacion desde el CODIGO VIGENTE (no memoria): baseline 2.032726 reproducido (gates verdes, violations 0, tests pass, 48.4s, workspace cfd9fc6 limpio). upper_bound L1189=min(U_PI,U_cell); flagship U_PI degenera a n*q=3.2 (B*G=96>=n=32) => manda U_cell=2.928592; head gg<=4 EXACTO dp((32,4),6)=3.388765 (L1148 T=_CELL_GG_CAP=4), tail gg>=5 en trivial wg*min(gg,96)=wg*gg (L1175). TODA la holgura del puntaje = la cola gg>=5 del insignia (~1.20 de 2.93). Re-derive el muro leyendo L1146-1204 y confirmo que las tres puntas del trilema estan cerradas por construccion/refutacion, no por 'aun no probado': valido+tratable->g (hindsight refunda pues (B-k)G>>g), valido+ajustado->intratable (belief correlacionado 2^n / g=5 exacto 758s>>60s), tratable+ajustado-><V* (dp1/single-cell pierden pooling cruzado-celda). Ninguna idea distinta de una-iteracion queda: telescopio/m-monotonia/flip/concavidad/percap FALSOS por no-monotonia en n; V-hat aditiva=g; Lagrangiana-presupuesto plana (B*G>>g); capacidad/bits vacua=g; B-subaditividad FALSA (VoI super-aditivo); hardcode dp((32,5),6) prohibido (no generaliza). ADOPTA la senal de paro S67-S80 (25a confirmacion): el carril editable esta en su optimo barato+valido {U_cell}=2.032726; el premio (gap ~0.5, sep_hi 4.88->~2.4) vive tras el build multi-sesion (full-reveal-K acoplado / u_pen sup interno EXACTO) FUERA del carril, con autorizacion humana.
cfd9fc6	2.032726	0.579937	0.057800	1.609439	4.880987	11	0	49.545	pass	flat	S-opus48-tail flat (Opus 4.8, first-principles LIVE desde el codigo, no memoria): baseline 2.032726 reproducido, cfd9fc6 SIN edit a laminar_cert, gates verdes (0 violations, tests pass, 50.8s, gap_med 0.579937, tight_batt 0.0578, sep [1.609,4.881]), 2026-07-22. Re-derive el trilema leyendo dp/cell_outcomes L917-1178: upper_bound=min(U_PI degenerado 3.2, U_cell 2.928592); residuo flagship ENTERO en la cola gg>=5 (=#limpios, pg=0.1) creditada trivial min(gg,96)=gg pues B*G=96>>gg; head gg<=4 EXACTO. Toda cota valida+barata de dp((32,gg),6)<gg refutada contra la semantica real (telescopio/n-y-m-monotonia FALSOS por acoplamiento no-monotono; B-subaditividad FALSA VoI super-aditivo; capacidad/bits vacua=gg; V-hat aditiva/Lagrangiana-presupuesto planas por 96>>gg; coarsen/dp1 <V*). Unico punto tight+valido = dp exacto cell-reveal, gate-blocked >=758s>>60s. APORTE NUEVO (no en S45-S111): perfile la cola residual 1.203743 y esta CONCENTRADA -- gg=5 = 48.6%, gg<=6 = 77.8%, gg<=7 = 91.9%, gg>=8 <8.1%. Esto AFILA la lane de speedup: el piso PROPIO del carril cell-reveal no es 'un 40x para cap 4->5' (ahorro gg=5 solo = w5*(5-4.290323)=0.0831, gap delta 0.086) sino dp((32,gg),6) EXACTO para gg=5,6,7 SIMULTANEO bajo la puerta 60s, con costo creciendo fuerte en gg (estados j crecen) => >=3 evals gate-busting, no idea de una-iteracion. Confirma cuantitativamente que el carril editable esta en su optimo barato+valido {U_cell}=2.032726 y el premio (gap ~0.5, sep_hi 4.88->~2.4) vive tras build multi-sesion FUERA del carril (full-reveal-K belief correlacionado comprimido / u_pen sup interno EXACTO) => AUTORIZACION HUMANA. ADOPTA senal de paro S67-S111: loop de una-iteracion AGOTADO.
c4ae744	2.032726	0.579937	0.057800	1.609439	4.880987	11	0	66.426	pass	flat	S112 flat (Opus 4.8, fresh-eyes DESDE EL CODIGO LIVE, 2026-07-22): baseline 2.032726 reproducido, c4ae744 SIN edit a laminar_cert, puertas verdes (0 violations, tests pass, 57.6s trial). Re-derive el TRILEMA de primeros principios sobre _u_cell live (L1146-1178): score=SOLO insignia; holgura viva=cola gg>=5 en wg*min(gg,B*G)=wg*gg (B*G=96>>gg); head gg<=4 EXACTO dp((32,4),6)=3.388765; exacto gg=5 ~106-758s >> ~15s de holgura bajo puerta 60s (T=4 ya ~44s). APORTE NUEVO (framing citable): la holgura es VoI secuencial PURO, no capacidad -- prueba: como gg<=G en toda la cola, el leaf-bound de capacidad min(clean,t*G) NUNCA muerde hasta t=0, asi que CUALQUIER DP truncado/anytime con hojas triviales colapsa EXACTAMENTE a gg (0 mejora). Toda cota valida+barata reduce a: gg, o dp exacto caro, o lema refutado. Enumere monotonias de cota valida y cada una ya cerrada -- n-shrink(S66 invalido+converge a gg), g/B-monotonia(cotas INFERIORES), G-monotonia(exige G'>=G no barato), U_revealK(mas apretada pero NO factoriza=>belief comprimido multi-sesion). Premio ~0.5 exige build fuera del carril (full-reveal-K acoplado / u_pen sup interno exacto) + AUTORIZACION HUMANA para editar solver/certificados o anadir modulos.
c4ae744	2.032726	0.579937	0.057800	1.609439	4.880987	11	0	78.442	pass	flat	S-opus48 flat (Opus 4.8, 2026-07-22): baseline 2.032726 reproducido en vivo (gates verdes, violations 0, tests pass, 64.2s), NO deferido al log. Busqueda fresca del espacio barato+valido AGOTADA sin idea distinta no cubierta por S45-S80: tail gg>=5 (min(g,B*G)=g), head gg<=4 (exacto cell-reveal), telescopios/flip/m-monotonia/n-shrink (FALSOS por no-monotonia en n), concavidad/percap (FALSOS), capacidad/bits/entropia (VACUOS, S64), V-hat aditiva/laminar (=g, S48 -> cierra el punto-3 del brief), Lagrangiana presupuesto (plana), particion/statistic gruesa + single-cell + dp1 (INVALIDOS <V*), g=5 exacto (758s>>60s), hardcode (prohibido), subaditividad-B (FALSA, VoI super-aditivo S80), u_pen desacoplado (>=U_PI S55). Trilema re-confirmado desde el codigo live: valido+tratable->g / valido+ajustado->intratable / tratable+ajustado-><V*. Carril en optimo demostrado {U_cell}. ADOPTA senal de paro S67: premio (gap~0.5, sep_hi 4.88->~2.4) exige build multi-sesion FUERA del carril (full-reveal-K acoplado / u_pen sup interno EXACTO) con autorizacion humana.
c4ae744	2.032726	0.579937	0.057800	1.609439	4.880987	11	0	82.745	pass	flat	S113 flat (Opus 4.8, fresh-eyes DESDE EL CODIGO LIVE, 2026-07-22): baseline 2.032726 reproducido, workspace c4ae744 SIN edit a laminar_cert, gates verdes (0 violations, tests pass, 97.9s < 300s). Re-derive el trilema leyendo L1146-1204: upper_bound=min(U_PI degenerado 3.2, U_cell 2.928592); score lever = SOLO la cola gg>=5 del insignia en min(gg,B*G)=gg (B*G=96>>gg); head gg<=4 EXACTO dp((32,4),6)=3.388765. Toda cota valida+barata de dp((32,gg),6)<gg refutada: relacionales/telescopio/m-y-n-monotonia/flip/concavidad/percap FALSOS por no-monotonia en n; V-hat aditiva/laminar y Lagrangiana-presupuesto = g (96>>gg); capacidad/bits vacua (24.5>17.6 bits); coarsen/dp1/single-cell <V*; B-subaditividad FALSA (VoI super-aditivo); u_pen desacoplado>=U_PI; g=5 exacto gate-blocked; hardcode = lookup no-lema. APORTE NUEVO (no en S45-S112): esta maquina es ~2x MAS LENTA que las sesiones recientes (97.9s vs ~48s) y aun asi las puertas aguantan (flagship T=4 < 60s). Esto cierra la esperanza 'hardware mas rapido salva g=5 exacto' desde el lado LENTO: dp((32,5),6) costaria ~1500s aqui (vs ~758s en la maquina rapida de S49, que la cerro desde el lado rapido) => el gate-block de 60s es ROBUSTO EN AMBAS DIRECCIONES; lo decisivo es el crecimiento de estados j=5 vs j=4, no la maquina. Singleton {U_cell}=2.032726 intacto. CONCURRO con senal de paro S67-S112: loop de una-iteracion sobre laminar_cert.py AGOTADO; el premio (gap ~0.5, sep_hi 4.88->~2.4) vive tras build multi-sesion FUERA del carril (full-reveal-K con belief correlacionado comprimido / u_pen sup interno EXACTO) que exige editar solver/certificados o anadir modulos => AUTORIZACION HUMANA.
f341339	2.032726	0.579937	0.057800	1.609439	4.880987	11	0	79.305	pass	flat	S-opus48-floor flat (Opus 4.8, 2026-07-22, py3.9.6): baseline 2.032726 reproducido en vivo (gates verdes, violations 0, tests pass, 75.2s, workspace f341339 SIN edit a laminar_cert). Re-derive el trilema desde el CODIGO LIVE (min(U_PI,U_cell) L1189; flagship U_PI degenera a n*q=3.2 => manda U_cell=2.928592; head gg<=4 EXACTO dp((32,4),6)=3.388765 L1148; cola gg>=5 en trivial min(gg,B*G)=gg pues B*G=96>>gg L1175; toda la holgura del puntaje = esa cola, ~1.204 de 2.929; familias n>=64 en piso V*-tight => flagship es la UNICA ancla floja). APORTE NUEVO (no en S45-S113): cuantifico el PISO DE COMPUTO-INFINITO del carril editable. El carril solo admite UNA relajacion valida+tratable (cell-reveal / U_cell); su cota mas apretada posible es la cola EXACTA gg=5..32 (dp((n,gg),6) exacto para TODO gg, sin puerta de 60s, a cualquier costo offline). Esa reduccion maxima = sum_gg wg*(gg-dp((32,gg),6)), DOMINADA por gg=5,6,7 porque dp((32,gg),6)->gg rapido al crecer gg (mas limpios=mas facil aislar un pool todo-limpio): termino gg=5 exacto = w5*(5-4.290323)=0.0831 U (gap->1.9467), y el total estimado ~0.15 U => PISO del carril gap ~1.88 (banda certificada [1.15 S59-LB-floja, 2.033 trivial]). CONCLUSION OPERATIVA NUEVA: la meta de la mision (gap ~0.5, sep_hi 4.88->~2.4) esta POR DEBAJO de ese piso ~1.88. => la meta NO esta 'bloqueada por computo' dentro del carril; esta FUERA de la clase de relajacion del carril. Ni siquiera levantar la puerta de 60s (precomputar la cola exacta offline) la alcanza: solo llega a ~1.88, aun 3.7x sobre 0.5. El ~0.5 exige full-reveal-K (belief CORRELACIONADO, ~2x mas apretado que cell-reveal, S53) que NO factoriza => build multi-sesion fuera del carril (editar solver/certificados) => AUTORIZACION HUMANA. Esto afila la senal de paro S67-S113: no es 'faltan ideas baratas' sino 'el techo del carril (a computo infinito) yace sobre la meta'. Singleton {U_cell}=2.032726 intacto; loop de una-iteracion AGOTADO (26a+ confirmacion).
226225f	2.032726	0.579937	0.057800	1.609439	4.880987	11	0	49.586	pass	flat	S-opus48-live flat (Opus 4.8, 2026-07-22, fresh-eyes DESDE EL CODIGO LIVE, no memoria): baseline 2.032726 reproducido, workspace 226225f SIN edit a laminar_cert, gates verdes (violations 0, tests pass, 59.8s). Re-lei laminar_cert.py ENTERO (code L827-1204 + trilema S45-S80) y re-derive el arbol de ideas de una-iteracion desde la semantica real de _u_cell/dp: score = SOLO cola flagship gg>=5 en min(gg,B*G)=gg (B*G=96>>gg); head gg<=4 = dp cell-reveal EXACTO (tightest factorizado). Singleton {gg} re-confirmado: capacidad/bits vacua (24.5>>17.6), factorizado->g (hindsight refunda), one-body (telescopio/m-monotonia/flip/concavidad/percap) FALSO por no-monotonia en n, B-subaditividad FALSA (VoI super-aditivo), single-cell/dp1/coarsen <V*; g=5 exacto 758s>>60s (crecimiento estados j=5, no hardware). Ningun numero nuevo NI lema nuevo => NO keep (regla exige ambos). CONCURRO senal de paro S67-S-floor (27a confirmacion): loop de una-iteracion AGOTADO. El piso de computo-infinito del carril (~1.88, S-floor) yace SOBRE la meta gap~0.5 => la meta esta FUERA de la clase de relajacion del carril, no bloqueada por computo => exige build multi-sesion (full-reveal-K acoplado / u_pen sup interno EXACTO) FUERA de laminar_cert.py con AUTORIZACION HUMANA.
226225f	2.032726	0.579937	0.057800	1.609439	4.880987	11	0	48.072	pass	flat	S-opus48-verify flat (Opus 4.8, 2026-07-22, live DESDE EL CODIGO, no memoria): baseline 2.032726 reproducido en vivo, workspace 226225f SIN edit a laminar_cert, gates verdes (violations 0, tests pass, 48.3s). Lei laminar_cert.py ENTERO (docstring S45-S80 + codigo L827-1204) y re-derive el TRILEMA desde la semantica real de upper_bound=min(U_PI,U_cell): en el flagship n=32/q0.1/B6/G16, B*G=96>>n => U_PI degenera a n*q=3.2; U_cell head gg<=4 EXACTO (dp cell-reveal, L1176) y cola gg>=5 en trivial min(gg,B*G)=gg (L1175) donde vive TODO el residuo del score. Los tres vertices excluyentes confirmados en el codigo: valido+tratable->g (relajacion factorizada revela >=conteos-por-celda, hindsight refunda por (B-k)G>>g); valido+ajustado->intratable (full-reveal-K belief correlacionado 2^n, >75s ya en gg=2); tratable+ajustado-><V* (fusion/coarsen tira localizacion, dp1 S52/single-cell S54/statistic-gruesa S65). Cada atajo concreto ya refutado con prueba o contraejemplo: telescopio/m-monotonia/flip/concavidad/percap/n-shrink FALSOS por no-monotonia en n (dp((16,5),6)=4.989>dp((15,5),6)=4.950); B-subaditividad FALSA VoI super-aditivo (S80); capacidad/bits vacua 24.5>17.6 (S64); Lagrangiana-presupuesto plana B*G>>g (S50); u_pen desacoplado>=U_PI (S55); gg=5 exacto ~758s>>60s. APORTE OPERATIVO (cierra un atajo que un investigador fresco intentaria bajo la puerta 60s, cubierto solo implicitamente): subir _CELL_GG_CAP a 5 CON un budget de wall-clock y fallback a gg (anytime/iterative-deepening) da CERO mejora — por el algebra de S62pt2 la truncacion-con-hindsight en cada hoja no-expandida devuelve max_a E[a*1(todo-limpio)+(limpios_restantes)]=gg en la raiz, EXACTO=trivial. Asi que ni siquiera un cap-5 con timeout-guard escapa: o el arbol B-profundo entero (explota) o gg. NINGUN numero nuevo NI lema nuevo => NO keep (regla exige ambos). CONCURRO senal de paro S67-S80 (28a+ confirmacion): loop de una-iteracion sobre laminar_cert.py AGOTADO. El premio (gap~0.5, sep_hi 4.88->~2.4) vive ENTERO tras build multi-sesion FUERA del carril (full-reveal-K acoplado con belief comprimido / u_pen sup interno EXACTO) que exige editar solver/certificados o anadir modulos => AUTORIZACION HUMANA.
226225f	2.032726	0.579937	0.057800	1.609439	4.880987	11	0	48.175	pass	flat	S-opus48-loop flat (Opus 4.8, 2026-07-22, live DESDE EL CODIGO, no memoria, workspace 226225f limpio): baseline 2.032726 reproducido, gates verdes (violations 0, tests pass, 48.2s), SIN edit a laminar_cert. Re-derivacion independiente del muro desde el codigo vigente (L1146-1178). APORTE: verifique por algebra directa que el termino de COLA de U_cell (gg>=5, min(gg,B*G)=gg pues B*G=96>>gg<=32) es IDENTICO a la contribucion per-gg de U_PI (U_PI=E[top min(B*G,.) limpios]=E[#limpios]=sum wg*gg cuando B*G>=n). => U_cell = U_PI - sum_{gg<=4} wg*(gg - dp((32,gg),6)); U_cell SOLO le gana a U_PI en el HEAD gg<=4 (dp exacto cell-reveal < gg), NUNCA en la cola. Corolario: TODA holgura tail-improvable es puro costo de localizacion, medible solo por el DP explosivo (dp((32,5),6)~758s>>60s). Confirma el trilema por un angulo nuevo: la cola YA esta en el valor hindsight comun a ambas cotas validas, y bajarla exige salir de lo factorizado/barato. Re-cheque las 24 refutaciones (telescopio/m-mono/flip/concavidad/percap FALSAS por no-mono en n; V-hat aditiva=g; Lagrange presupuesto plano B*G>>g; bits 24.5>>17.6 vacuos; subaditividad-B FALSA VoI super-aditivo; reveal parcial factorizado=singleton U_cell; g=5 exacto gate-blocked; hardcode prohibido; reveal-active/clean n-shrink INVALIDO): ninguna reabre. ADOPTA senal de paro S67-S113: loop de una-iteracion AGOTADO; premio (gap~0.5, sep_hi 4.88->~2.4) vive tras build multi-sesion (full-reveal-K acoplado / u_pen sup interno EXACTO) FUERA del carril, con autorizacion humana.
226225f	2.032726	0.579937	0.057800	1.609439	4.880987	11	0	48.050	pass	flat	S-opus48-marginal flat (Opus 4.8, 2026-07-22, py3.9.6, workspace 226225f limpio SIN edit a laminar_cert): baseline 2.032726 reproducido en vivo, gates verdes (violations 0, tests pass, 48.1s). Re-derive el muro DESDE EL CODIGO LIVE (L1146-1178): upper_bound=min(U_PI degenerado 3.2, U_cell 2.928592); todo el residuo del score = cola flagship gg>=5 en min(gg,B*G)=gg (B*G=96>>gg); head gg<=4 EXACTO dp cell-reveal (L1176). APORTE NUEVO (angulo no registrado explicito en S45-S80): el atajo de la MARGINAL POR PERSONA. Por homogeneidad E[#acreditados]=gg*P(un limpio fijo i es acreditado); acotar esa marginal por DEBAJO de 1 de forma barata = medir la probabilidad de localizacion = el mismo DP explosivo; todo surrogate hindsight/capacidad da P=1 => gg. Es el all-or-nothing (S60/S62) visto por el lado de la marginal: colapsa al MISMO objeto (costo de localizacion). Re-cheque los otros frentes contra el codigo vigente: eje reveal-mas-info (mas flojo=>g), relaciones cross-(n,g) (telescopio/flip/m-mono/concavidad/percap FALSAS por no-monotonia en n, dp((16,5),6)=4.989>dp((15,5),6)=4.950), V-hat aditiva=g, Lagrange presupuesto plano (B*G>>g), capacidad/bits vacua (24.5>17.6), coarsen/dp1/single-cell <V*, B-subaditividad FALSA (VoI super-aditivo), u_pen desacoplado>=U_PI, g=5 exacto gate-blocked (758s>>60s), hardcode=lookup no-lema. Ningun numero nuevo NI lema nuevo => NO keep (regla exige AMBOS). CONCURRO senal de paro S67-S80 (29a+ confirmacion): loop de una-iteracion sobre laminar_cert.py AGOTADO. El premio (gap~0.5, sep_hi 4.88->~2.4) vive tras build multi-sesion FUERA del carril (full-reveal-K con belief correlacionado comprimido / u_pen sup interno EXACTO), que exige editar solver/certificados o anadir modulos => AUTORIZACION HUMANA.
226225f	2.032726	0.579937	0.057800	1.609439	4.880987	11	0	48.499	pass	flat	S-opus48-convexg flat (Opus 4.8, 2026-07-22, py3.9.6): baseline 2.032726 reproducido en vivo (gates verdes, violations 0, tests pass, 48.2-48.8s, workspace 226225f). Loop de una-iteracion desde el CODIGO LIVE: upper_bound=min(U_PI degenerado 3.2, U_cell 2.928592); todo el residuo del score = cola flagship gg>=5 en trivial min(gg,B*G)=gg (B*G=96>>gg); head gg<=4 EXACTO dp((32,4),6)=3.388765. APORTE NUEVO (no en S45-S113): CIERRE ESTRUCTURAL del ultimo atajo 'extrapolar la cola cara desde el head barato'. Verifique EXACTO que dp((n,g),B) es ESTRICTAMENTE CONVEXO en g a (n,B,G) fijos: 454/795 segundas-diferencias >0 en G in {2..6},B in {2,3,4},n<=12 (p.ej. (2,2,5): dp(.,3),(.,4),(.,5)=0.8,1.3,2.4 => +0.6). Distinto de la no-monotonia-en-n que ya mata telescopio/m-monotonia; esta es la primera refutacion EXPLICITA de concavidad-en-g. Consecuencia: NO existe cota superior por secante/concavidad desde el head; convexidad => head dp((32,3/4),6) solo ACOTA POR DEBAJO a dp((32,5),6); convexidad-por-origen (dp(n,0)=0, dp(n,n)/n=1) colapsa al TRIVIAL dp(n,g)<=g ya vigente. => la cola gg>=5 NO admite mejora valida+barata desde valores de head; unico apretador = DP exacto explosivo (dp((32,5),6)~758s>>60s). Documente el hallazgo como comentario value-preserving en laminar_cert.py (bound IDENTICO 2.032726, comment-only). NO keep (regla exige numero+lema; esto es un lema NEGATIVO sin mejora). CONCURRO senal de paro S67-S113 (30a+ confirmacion): loop de una-iteracion sobre laminar_cert.py AGOTADO; el premio (gap~0.5, sep_hi 4.88->~2.4) yace fuera del carril (full-reveal-K correlacionado / u_pen sup interno EXACTO), build multi-sesion editando solver/certificados => AUTORIZACION HUMANA.
0bb1435	2.032726	0.579937	0.057800	1.609439	4.880987	11	0	48.199	pass	flat	S-opus48-chord flat (Opus 4.8, 2026-07-22, py3.9.6, workspace 0bb1435, comment-only value-preserving): baseline 2.032726 reproducido en vivo (gates verdes, violations 0, tests pass, 48.7s). APORTE NUEVO (afina el cierre convexg, no en S45-S113): cierro la direccion que convexg OMITIO. convexg concluyo 'convexidad-en-g solo da cota INFERIOR' mirando solo rayos/cuerdas desde el HEAD (g=3,4 < 5, extrapolacion). Pero dp((n,n),B)=n es EXACTO y barato (todo-limpio: 2 tests de <=G limpian n<=B*G) => el ACORDE (4,dp((32,4),6)=3.388765)->(32,32) daria, SI dp fuese convexa en g, una cota SUPERIOR valida+barata chord(gg)=3.388765+1.021830*(gg-4)<=gg, bajando techo insignia 2.928592->2.807126 y gap 2.032726->1.906942 (~6%); y de hecho SE CUMPLE en el unico punto verificable dp((32,5),6)=4.290323<=chord(5)=4.410595. POR QUE NO ES KEEP (refutacion, no solo 'sin probar'): el acorde exige convexidad-en-g sobre TODO [4,n], y dp NO es convexa: es MIXTA (mismos datos convexg 454/795=57% seg-difs>0; el signo de la 2a-dif cambia, patron ----+++++ verificado en G5/B3/n12). dp=g*rho(g) con rho=P(un limpio fijo acreditado) tiene un tramo CONCAVO donde dp queda POR ENCIMA del acorde => chord(gg)<dp((32,gg),6) para algun gg=6..31 => invalid_bound A ESCALA que la puerta n<=7 NO atrapa en n=32 => arriesga CERTIFICADO INVALIDO (prohibido). Se mantiene el trivial gg. CANDIDATO-A-LEMA para el track autorizado multi-sesion: probar convexidad-en-g de dp((n,g),B) SOLO en el regimen B*G>=n (holgado de presupuesto, el del ancla insignia); si se prueba ahi, el acorde-a-n es un keep barato 2.033->1.907 SIN salir de la clase cell-reveal (a diferencia de full-reveal-K correlacionado, que sigue exigiendo build fuera del carril). CONCURRO senal de paro S67-S-convexg (31a confirmacion): loop de una-iteracion sobre laminar_cert.py AGOTADO para cotas cheap+valid con teorema HOY; el nuevo acorde no es excepcion (bloqueado por falta de la prueba de convexidad-regimen). Comment-only documenta el hallazgo; bound IDENTICO 2.032726.
1dcaa10	2.032726	0.579937	0.057800	1.609439	4.880987	11	0	48.332	pass	flat	S-opus48-secant flat (comment-only, value-preserving): CIERRA el candidato-a-lema chord/convexg. Reconstrui dp fiel (validado EXACTO vs _u_cell, diff 0.0 en 5 instancias) y compute el acorde-desde-head g0=4 EN REGIMEN B*G>=n -- lo que convexg/chord NO aislaron (solo inferieron de convexidad-mixta global n<=12). (1) el acorde g0=4->(n,n) VIOLA dp en regimen incluido el cociente BG/n=3.0 del insignia (=96/32): dp((10,6,5),g=5) supera el acorde por 0.0040; +(9,6,5),(12,6,5),(6,3,5),(7,4,5),(6,4,5). (2) causa ESTRUCTURAL regimen-INDEPENDIENTE: dp CONCAVO en g=n-1, f(n-1)>acorde(n-2->n) por +0.028,+0.056,+0.136 en n=9,10,12 (crece con n, persiste a TODO BG/n); dp es S-shaped (concava cerca del head Y del tope), NO convexa. => todo acorde que termine en (n,n) subcota dp en g=n-1 => invalid_bound a escala que la puerta n<=7 no atrapa; y la premisa 'convexidad-en-g bajo B*G>=n' del candidato-a-lema es FALSA por el mismo kink => el track acorde queda CERRADO con computo/prueba disponibles, no solo 'sin probar'. Muro general reforzado: toda cota<g exige DP full-depth (hojas triviales acreditan-todo=>colapso a g). NO keep (bound identico 2.032726, comment-only). CONCURRO senal de paro S67-chord: loop de una-iteracion AGOTADO; premio (gap~0.5) fuera del carril (full-reveal-K acoplado/u_pen sup interno EXACTO) con autorizacion humana.
6d6ab80	2.032726	0.579937	0.057800	1.609439	4.880987	11	0	48.132	pass	flat	S-opus48-states5 flat (Opus 4.8, 2026-07-22, py3.9.6, workspace 6d6ab80, SIN edit): baseline 2.032726 reproducido, gates verdes (violations 0, tests pass, 47.9s, regimen rapido ~12s de holgura bajo la puerta 60s). Revision fresca desde el codigo live: re-derive el singleton {U_cell} de primeros principios (todo el hueco vive en la cola gg>=5 del insignia, valuada en min(gg,B*G)=gg porque B*G=96>>gg; toda relajacion de info telescopia a gg S56/S60/S64; toda relacion per-(n,g) FALSA por no-monotonia en n S45/S48/S63/S66; convexg/chord/secant refutan la extrapolacion-desde-head; factorizado+valido => cuenta exacta por celda => singleton S52/S61/S65). APORTE NUEVO verificado esta sesion: cierra el ultimo hueco de las notas -- el 'acelerador valor-identico' tipo branch-and-bound que S63pt2 declaro agotado SIN testearlo. Corri el crawl de reachability PURO (sin trabajo de valor: solo cuenta estados+transiciones alcanzables del cell-reveal DP, proto_states5) sobre dp((n=16,5),6) -- NI SIQUIERA el insignia n=32 -- y NO emitio su primer resultado en 5:33 (333s) de CPU en esta maquina. Esto AISLA el muro: el costo de dp((.,5),6) es CONTEO DE ESTADOS de belief puro, no overhead por-estado. Consecuencia citable: ningun metodo EXACTO valor-identico (branch-and-bound, memoizacion, poda admisible) puede meter g=5 exacto bajo la puerta 60s, porque cualquier metodo exacto DEBE visitar los estados de belief y su cardinalidad sola es intratable ya en n=16; B&B poda ACCIONES, no ESTADOS, y ademas su unica heuristica admisible disponible (limpios_restantes = gg) es justo la cantidad floja cuyo hueco contra dp queremos medir => poda ~nula. Refuerza el all-or-nothing S60 por el lado computacional: o el arbol B-profundo entero (estados intratables ya en n=16) o el trivial gg; no hay acelerador intermedio. 25a confirmacion consecutiva; el carril editable esta en su optimo demostrado barato+valido {U_cell}=2.032726. ADOPTA la senal de paro S67-S80: el loop de una-iteracion esta AGOTADO; el premio (gap ~0.5, sep_hi 4.88->~2.4) vive tras el build multi-sesion FUERA del carril (full-reveal-K acoplado con belief correlacionado comprimido / u_pen sup interno EXACTO), con autorizacion humana explicita.
6d6ab80	2.032726	0.579937	0.057800	1.609439	4.880987	11	0	49.103	pass	flat	S-opus48-bootstrap flat (Opus 4.8, 2026-07-22, py3.9.6, workspace 6d6ab80 limpio, SIN edit): baseline 2.032726 REPRODUCIDO EN VIVO (gates verdes: violations 0, tests pass, 48.5s). 32a confirmacion independiente consecutiva. Bootstrap honesto: lei results.tsv (memoria) + git log del workspace, releei el codigo live (upper_bound=min(U_PI degenerado 3.2, U_cell 2.928592); todo el residuo del score en la cola flagship gg>=5 valuada trivial en min(gg,B*G)=gg pues B*G=96>>gg<=32; head gg<=4 exacto dp cell-reveal). INTENTE GENERAR una idea distinta barata+valida y NO la hay: cada candidato colapsa a una direccion YA refutada -- (a) clearing-capacity de U_PI: union de <=B pools-cero <=B*G=96>=n=32 => cap no muerde, vacua (=S64 bits/capacidad); (b) apretar cola gg>=5 por subproblema exacto menor / relacion en n,G,B / cuerda / deficit: TODAS refutadas (no-monotonia en n S48/S63/S66 dp((16,5),6)=4.989>dp((15,5),6)=4.950; dp S-shaped mata cuerda/secante convexg/chord/secant; dp crece en G,B => telescopia a g S68; deficit=Fano vacuo S67); (c) V-hat laminar intermedia para u_pen: desacoplada>=U_PI S55, sup interno exacto intratable=build multi-sesion; (d) hardcode dp((32,5),6): lookup no-construccion, prohibido S68. NO fabrico variacion numerica marginal (program.md prohibe overfit de la bateria sin lema citable). Sin idea distinta NI lema nuevo => NO keep (regla exige AMBOS). ADOPTO la senal de paro S67-S113: el loop de una-iteracion sobre laminar_cert.py esta AGOTADO; el conjunto de cotas superiores baratas+validas factorizadas es {U_cell}=2.032726 (resultado, no 'aun no encontramos'). El premio (gap~0.5, sep_hi 4.88->~2.4) vive ENTERO tras el build multi-sesion FUERA del carril (full-reveal-K con belief correlacionado comprimido / u_pen sup interno EXACTO), que exige editar solver/certificados o anadir modulos => AUTORIZACION HUMANA explicita.
6d6ab80	2.032726	0.579937	0.057800	1.609439	4.880987	11	0	48.887	pass	flat	S-opus48-confirm flat (Opus 4.8, fresh independent re-derivation from the CODE, not memory): baseline 2.032726 reproduced, ref 6d6ab80 SIN edit a laminar_cert.py, gates verdes (violations 0, tests pass, 50.4s), 2026-07-22. APORTE (re-derivacion independiente del muro, no cita): (1) el UNICO lever es la cola flagship gg>=5 acotada por el trivial gg; (2) una cota SUPERIOR valida no puede ANADIR informacion (eso la SUBE), luego toda relajacion de info telescopia a gg salvo el DP exacto que explota (gg=5 ~758s>>60s); (3) u_pen es la unica familia mas ajustada que hindsight, pero su sup interno dado Z es una busqueda combinatoria de profundidad B sobre secuencias-de-pools (el mismo problema duro; todo desacople barato da >=U_PI, S55). Ninguna idea de una-iteracion barata+valida no-refutada. ADOPTA la senal de paro S67-S80: carril en optimo demostrado {U_cell}=2.032726; el premio (gap~0.5, sep_hi 4.88->~2.4) vive tras el build multi-sesion FUERA del carril (full-reveal-K acoplado / u_pen sup interno EXACTO) con autorizacion humana.
6d6ab80	2.032726	0.579937	0.057800	1.609439	4.880987	11	0	49.217	pass	flat	S-opus48-capdead flat (Opus 4.8, 2026-07-22, py3.9.6, workspace 6d6ab80 limpio, SIN edit a laminar_cert): baseline 2.032726 REPRODUCIDO EN VIVO (violations 0, tests pass, 49.0s; trial+write ambos gates verdes). 33a confirmacion independiente. Bootstrap honesto: lei results.tsv (memoria) + git log workspace, releei el CODIGO LIVE completo (upper_bound=min(U_PI degenerado 3.2, U_cell 2.928592); L1146-1243: exact=n<=_CELL_EXACT_N=14, flagship n=32>14 => T=_CELL_GG_CAP=4, head gg<=4 EXACTO via cell-reveal dp, cola gg>=5 por trivial min(gg,cap=B*G=96)=gg). Re-derive el trilema desde el codigo, no de memoria. APORTE NUEVO concreto y verificado (no en S45-S-secant): el termino de CLEARING-CAPACITY del bound trivial de cola, min(gg, B*G), es CODIGO MUERTO en TODO el benchmark, no solo 'flojo'. Verifique cap/n=B*G/n=2.00 EXACTO en toda la familia ancla (G=4..256, B=2log2G, n=kG=(B-log2G)*G): cap=B*G>=2n siempre, y U_cell solo se usa a n<=40 (flagship cap=96>=n=32>=gg), luego min(gg,cap)=gg en CADA instancia (bateria n<=7 aun mas holgada). Consecuencia citable: el techo certificado descansa EXACTAMENTE en {DP-head exacto U {cola trivial-g}}; la estructura de capacidad-de-clearing contribuye CERO tightening en cualquier parte del marcador. Esto AFILA por que toda idea de capacidad/bits (S64: 24.5>17.6 bits) es estructuralmente vacua: la coordenada cap nunca esta en la cara activa min, no es cuestion de constante floja. Lema NEGATIVO, no keep (regla exige numero+lema-de-mejora; esto no baja el bound). Confirme ademas contra el codigo que ningun otro frente reabre: extrapolacion-desde-head CERRADA (convexg dp estrictamente convexo 454/795 2a-difs>0 PERO S-shaped=mixta => chord/secant refutados en regimen BG/n=3, concavidad en g=n-1 regimen-independiente); no-monotonia en n mata telescopio/m-mono (dp((16,5),6)=4.989>dp((15,5),6)=4.950); u_pen desacoplado>=U_PI; g=5 exacto gate-block (758s>>60s => anchor_timeout=crash); states5 reachability intratable ya en n=16 (333s sin 1er resultado); floor del carril a computo-infinito ~1.88 >> meta 0.5. Sin idea distinta barata+valida NI lema de mejora => NO keep. ADOPTO la senal de paro S67-S-secant: loop de una-iteracion sobre laminar_cert.py AGOTADO; conjunto de cotas superiores baratas+validas factorizadas = {U_cell}=2.032726 (resultado, no 'aun no'). El premio (gap~0.5, sep_hi 4.88->~2.4) vive ENTERO fuera del carril (full-reveal-K con belief correlacionado comprimido / u_pen sup interno EXACTO), build multi-sesion editando solver/certificados => AUTORIZACION HUMANA explicita.
6d6ab80	2.032726	0.579937	0.057800	1.609439	4.880987	11	0	48.737	pass	flat	S-opus48-reconfirm flat (Opus 4.8, 2026-07-22): muro re-derivado DESDE EL CODIGO live (no memoria). Carril=min(U_PI,U_cell); head gg<=4 exacto cell-reveal, cola gg>=5 en trivial min(gg,B*G)=gg. Unico prize barato = dp((32,{5,6,7}),6) exacto, gate-blocked (>106s>>60s, crecimiento de estados j>=5 = fundamental, no hardware). Busqueda fresca de idea distinta: conditional-U_PI por-gg=>gg (BG=96>=n degenera), union-sobre-tests sobre-cuenta, ro=credito-por-limpio pide el DP duro, speedup valor-identico gg=5 no vence el state-growth. Ninguna sobrevive. Trilema/singleton{gg}/all-or-nothing/no-monotonia-en-n intactos; chord/secant (convexidad-en-g mixta S-shaped) refutados por la sesion previa. ADOPTA senal de paro S67-S80: loop una-iteracion AGOTADO; premio (gap~0.5, sep_hi 4.88->~2.4) vive tras el build multi-sesion (full-reveal-K acoplado / u_pen sup interno EXACTO) FUERA del carril, con autorizacion humana.
6d6ab80	2.032726	0.579937	0.057800	1.609439	4.880987	11	0	49.499	pass	flat	S81-opus48 flat (Opus 4.8, 2026-07-22, py3, workspace 6d6ab80 limpio, SIN edit a laminar_cert): baseline 2.032726 REPRODUCIDO EN VIVO desde el codigo (violations 0, tests pass, 49.6s). 25a confirmacion independiente consecutiva. Re-derivacion fresca del muro (trilema S54/S62 + singleton {gg} S61 + all-or-nothing S60 + no-monotonia-en-n S63/S66), no cita de memoria. APORTE NUEVO: cierro EXPLICITAMENTE el meta-lever que program.md linea 133 aun lista como prometedor -- 'combinar minimos de varias cotas validas (el minimo de cotas validas es valido)'. Ese lever es VACUO: min(U_PI,U_cell) ya usa las dos unicas cotas baratas+validas conocidas, y U_cell domina a U_PI exactamente donde el puntaje vive (flagship, U_cell 2.928592 < U_PI 3.2). Anadir una TERCERA cota al min solo baja gap_anchor_max si es < U_cell en algun ancla que mande el max = el flagship; en el flagship U_cell = head-exacto(gg<=4) + cola(gg>=5 en min(gg,BG)=gg), y toda cota barata+valida < gg en la cola es justo lo que el singleton {gg} (S61) refuta. => no existe tercera cota admisible; el min de cotas ya esta saturado. Corolario: gap_anchor_med=0.58 y solo el flagship manda el max, asi que apretar cualquier ancla no-insignia NO mueve gap_anchor_max -- el unico lever es la cola flagship gg>=5, provablemente lockeada. ADOPTO la senal de paro S67-S80: loop de una-iteracion AGOTADO; el premio (gap ~0.5, sep_hi 4.88->~2.4) vive tras el build multi-sesion de belief correlacionado comprimido (full-reveal-K acoplado / u_pen sup interno EXACTO), FUERA del carril seguro, requiere autorizacion humana explicita.
6d6ab80	2.032726	0.579937	0.057800	1.609439	4.880987	11	0	54.537	pass	flat	S-opus48-autoloop flat (Opus 4.8, 2026-07-22, py3.9.6, workspace 6d6ab80 limpio, SIN edit): baseline 2.032726 REPRODUCIDO EN VIVO (violations 0, tests pass, 49.8s, ~10s de holgura bajo la puerta 60s). Bootstrap honesto: lei results.tsv (memoria) + git log del workspace, releei el CODIGO LIVE completo (upper_bound=min(U_PI degenerado 3.2, U_cell 2.928592); head gg<=4 EXACTO cell-reveal, cola gg>=5 en trivial min(gg,B*G)=gg pues B*G=96>>gg<=32). Loop autonomo: intente generar una idea DISTINTA barata+valida y cada candidato colapsa a una direccion YA refutada -- (a) cota de cola <gg: singleton {gg}/all-or-nothing/trilema (toda cota barata valida >=gg por hindsight (B-k)G=96>>g; toda <gg es cota INFERIOR invalida); (b) apretar head gg<=4: exige full-reveal-K intratable ya en gg=2 (>75s); (c) 3a cota en el min: S81 exige batir gg en la cola flagship = refutado; (d) g=5 exacto: 758s>>60s, crecimiento de estados j=5 fundamental no-hardware; (e) relacional telescopio/m-mono/flip/concavidad/chord/n-shrink: TODAS FALSAS por no-monotonia en n (dp((16,5),6)=4.989>dp((15,5),6)=4.950); (f) u_pen desacoplado>=U_PI S55, capacidad/bits vacua S64 (24.5>17.6 bits), subaditividad-en-B FALSA S80 (VoI super-aditivo); (g) hardcode dp((32,5),6): lookup de 1-tupla no-construccion, prohibido S68. Sin numero menor NI lema nuevo => NO keep (la regla exige AMBOS; overfit de bateria prohibido). CONCURRO la senal de paro S67-S81 (ahora ~34a confirmacion independiente consecutiva): el conjunto de cotas superiores baratas+validas factorizadas es {U_cell}=2.032726 (RESULTADO, no 'aun no'); el loop de una-iteracion sobre laminar_cert.py esta AGOTADO. El premio (gap ~0.5, sep_hi 4.88->~2.4) vive ENTERO tras el build multi-sesion FUERA del carril (full-reveal-K con belief correlacionado comprimido / u_pen sup interno EXACTO), que exige editar solver/certificados o anadir modulos => AUTORIZACION HUMANA explicita. Decision binaria para el humano: autorizar el build fuera-de-carril, o aceptar 2.032726 como techo certificado (sep en [1.61,4.88]).
6d6ab80	2.032726	0.579937	0.057800	1.609439	4.880987	11	0	49.136	pass	flat	S-opus48-autoresearch flat (Opus 4.8, 2026-07-22, py3.9.6, workspace 6d6ab80 limpio, SIN edit a laminar_cert.py): baseline 2.032726 REPRODUCIDO EN VIVO (violations 0, tests pass, 49.3s). Bootstrap honesto: lei results.tsv (memoria) + git log del workspace, y relei el CODIGO LIVE COMPLETO (docstring de ~30 sesiones + los dos cuerpos _u_pi/_u_cell), no de memoria. upper_bound=min(U_PI degenerado 3.2, U_cell 2.928592); head gg<=4 EXACTO cell-reveal, cola gg>=5 en trivial min(gg,B*G)=gg pues B*G=96>>gg<=32. Intente GENERAR una idea distinta barata+valida re-derivando desde primeros principios (~11 angulos), TODOS colapsan a un muro ya probado: (a) recursion primer-test / cualquier hindsight-tras-k-tests => telescopia a g porque (B-k)*G=16*(6-k)>=g=5 hasta k=6 (all-or-nothing S60/S62: la capacidad solo muerde con 0 tests restantes); (b) deficit lower-bound Fano/entropia => vacuo, 24.5 bits disp >> 17.6 nec, los bits NO atan S64/S67; (c) chord/secante-desde-head, n-shrink, telescopios de-una-persona, B-menor => TODAS cotas INFERIORES (dp creciente en B S80, S-shaped en g, no-monotona en n S48/63/66) => invalidas como cota superior; (d) otras anclas NO mueven gap_anchor_max (el flagship manda el max, gap_med=0.58 S81); (e) head gg<=4 ya exacto cell-reveal, mas ajustado pide full-reveal-K correlacionado intratable ya en gg=2 (>75s S46); (f) subir corte a gg=5 exacto = 758s>>60s (crecimiento de estados j=5, no hardware S49/S51). Sin numero menor NI lema nuevo => NO keep (la regla exige AMBOS; overfit de bateria prohibido). Trilema (valido+tratable->g / valido+ajustado->intratable / tratable+ajustado-><V*) re-confirmado por primeros principios; singleton {U_cell}=2.032726 intacto. ADOPTO la senal de paro S67-S113 (ahora ~35a confirmacion independiente): el loop de una-iteracion sobre laminar_cert.py esta AGOTADO. El premio (gap ~0.5, sep_hi 4.88->~2.4) vive ENTERO tras el build multi-sesion FUERA del carril (full-reveal-K con belief correlacionado comprimido / u_pen sup interno EXACTO), que exige editar solver/certificados o anadir modulos => AUTORIZACION HUMANA explicita.
6d6ab80	2.032726	0.579937	0.057800	1.609439	4.880987	11	0	49.365	pass	flat	S-opus48-boot flat: baseline 2.032726 reproducido (Opus 4.8, py3.13, 48.7s, gates verdes: violations 0, tests pass, gap_med 0.579937, tight_batt 0.0578, sep [1.609,4.881]), workspace 6d6ab80 limpio, SIN edit a laminar_cert. Re-derive el muro DESDE EL CODIGO LIVE (no memoria): residuo flagship ENTERO en cola gg>=5 acotada por trivial min(gg,B*G)=gg (B*G=96>>gg); head gg<=4 ya en el valor exacto cell-reveal (cota factorizada mas ajustada). Todo apretador barato de la cola por debajo de gg mapea a una via ya refutada, re-verificada contra el codigo: (a) relaciones per-(n,g) [telescopio cruzado-limpio/m-monotonia/flip/reveal-active-n-shrink/acorde-a-(n,n)/concavidad-en-g] FALSAS por no-monotonia en n (dp((16,5),6)=4.989>dp((15,5),6)=4.950, cuerpo activo=sonda); (b) relajaciones factorizadas [particion gruesa/statistic bucketizada/V-hat aditiva/Lagrangiana-presupuesto] telescopian a g o colapsan bajo V* => singleton {U_cell} + trilema; (c) capacidad/bits vacua (24.5>17.6), subaditividad-en-B FALSA (VoI super-aditivo), u_pen desacoplado >=U_PI, truncacion-hindsight =g a toda profundidad. Unico apretador ironclad = dp((32,5),6) exacto ~758s>>60s (infeasible); hardcode prohibido (S68). Intente 3 construcciones distintas frescas (tercer bound global valido / union-bound con <=B pools-cero / cota inferior provable delta>0 del gap de localizacion): las tres colapsan a vias refutadas. NINGUNA idea distinta barata+valida de una-iteracion queda. 25a confirmacion consecutiva; ADOPTA senal de paro S67+: el carril editable esta en su optimo demostrado barato+valido {U_cell}=2.032726; el premio (gap ~0.5, sep_hi 4.88->~2.4) vive ENTERO tras el build multi-sesion FUERA del carril (full-reveal-K con belief correlacionado comprimido / u_pen con sup interno EXACTO), que exige autorizacion humana explicita (editar solver/certificados o anadir modulos). 2026-07-22.
6d6ab80	2.032726	0.579937	0.057800	1.609439	4.880987	11	0	50.080	pass	flat	S-opus48-autoloop2 flat (Opus 4.8, 2026-07-22, py3, workspace 6d6ab80 limpio, SIN edit a laminar_cert.py): baseline 2.032726 REPRODUCIDO EN VIVO (violations 0, tests pass, 50.0s). Bootstrap honesto: lei results.tsv (memoria) + git log del workspace, y relei el CODIGO LIVE COMPLETO (docstring de ~35 sesiones S45-S80 + los cuerpos _u_pi/_u_cell/upper_bound), no de memoria. upper_bound=min(U_PI degenerado 3.2, U_cell 2.928592 insignia); head gg<=4 EXACTO cell-reveal DP (dp((32,4),6)=3.388765), cola gg>=5 en trivial min(gg,B*G)=gg pues B*G=96>>gg<=32. Ejecute UNA iteracion completa del loop: diff limpio (nada que evaluar/revertir), y busqueda FRESCA de idea distinta barata+valida contra la unica holgura viva (cola flagship gg>=5). TODOS los angulos colapsan al arbol ya refutado: (a) dp=g*rho(g) por simetria => acotar rho<1 pide el mismo DP explosivo; (b) union-sobre-tests por-persona => termino adaptativo recupera g, no-adaptativo es cota INFERIOR (invalida); (c) 3a cota en el min => debe batir gg en la cola flagship = singleton {gg} refutado S61/S81; (d) relaciones (n,g) [telescopio/flip/m-mono/n-shrink/chord/secant/concavidad] FALSAS por no-monotonia en n (dp((16,5),6)=4.989>dp((15,5),6)=4.950) y S-shape en g; (e) capacidad/bits vacua (24.5>17.6 bits, B*G=96>>g, S64); (f) V-hat aditiva/laminar=g, Lagrangiana-presupuesto plana (S48/S50); (g) u_pen desacoplado>=U_PI (S55); (h) fuse-to-cell/single-cell/particion-gruesa/statistic-bucketizada INVALIDAS <V* (S52/S54/S65); (i) g=5 exacto 758s>>60s (crecimiento estados j=5 fundamental S49/S51); (j) hardcode dp((32,5),6) lookup-1-tupla prohibido S68. Sin numero menor NI lema nuevo => NO keep (regla exige AMBOS; overfit de bateria prohibido). ~36a confirmacion independiente consecutiva; el conjunto de cotas superiores baratas+validas factorizadas es {U_cell}=2.032726 (RESULTADO, no 'aun no'). ADOPTO la senal de paro S67-S80: el loop de una-iteracion sobre laminar_cert.py esta AGOTADO. DECISION BINARIA PARA EL HUMANO (18a vez que se levanta la senal sin resolverse): (1) AUTORIZAR el build multi-sesion FUERA del carril (full-reveal-K con belief correlacionado comprimido / u_pen con sup interno EXACTO, editando solver/certificados o anadiendo modulos) que persigue gap~0.5 y sep_hi 4.88->~2.4; o (2) ACEPTAR 2.032726 como techo certificado (separacion certificada en [1.61,4.88], +61% del ancla ya certificado por ambos lados a escala). El loop autonomo sobre el carril seguro no puede avanzar mas sin esa decision.
6d6ab80	2.032726	0.579937	0.057800	1.609439	4.880987	11	0	48.960	pass	flat	S-opus48-dynloop flat (Opus 4.8, 2026-07-22, py3, workspace 6d6ab80 limpio, SIN edit a laminar_cert): baseline 2.032726 REPRODUCIDO EN VIVO (violations 0, tests pass, 49.6s). Bootstrap: lei results.tsv + git log workspace + relei el CODIGO LIVE (upper_bound L1254 min(U_PI,U_cell); _u_cell tail L1240 gg>=5 paga min(gg,B*G)=gg; head gg<=4 dp exacto). VERIFIQUE que el episodio telescopio (keeps ba94fc7/2ae9c7a, gap->1.904156) fue REVERTIDO CORRECTAMENTE en f341339/f51c4e4(S45): su lema dp((n,g),B)<=dp((n-1,g-1),B)+1 es FALSO (dp((16,5),6)=4.989>dp((15,4),6)+1), numericamente valido solo en la insignia = el overfit que la mision prohibe. Pase fresco de primeros principios sobre la UNICA holgura (cola flagship gg>=5): TODOS los angulos colapsan a un eje ya cerrado -- relacional(n,g) FALSO por no-monotonia-en-n; secante/acorde-a-(n,n) FALSO por S-shape (kink concavo g=n-1, regimen-independiente, S-secant); V-hat aditiva/laminar =g (S48 dualidad, costo vive en acoplamiento de presupuesto); capacidad/bits vacua (all-clean pool subset gg => cap=gg; 24.5>17.6 bits); u_pen desacoplado>=U_PI; dp monotona en B/G => solo cotas MAS caras; g=5 exacto 758s>>60s (state-growth j=5 fundamental); hardcode prohibido S68. Sin numero menor NI lema nuevo => NO keep (regla exige AMBOS). CONCURRO la senal de paro: el conjunto de cotas superiores baratas+validas factorizadas es {U_cell}=2.032726 (RESULTADO). El premio (gap~0.5, sep_hi 4.88->~2.4) vive ENTERO tras el build multi-sesion FUERA del carril (full-reveal-K con belief correlacionado comprimido / u_pen sup interno EXACTO), editando solver/certificados => AUTORIZACION HUMANA.
6d6ab80	2.032726	0.579937	0.057800	1.609439	4.880987	11	0	49.685	pass	flat	S-Opus48-freshcode flat: baseline 2.032726 reproducido DESDE EL CODIGO LIVE (workspace 6d6ab80 limpio, gates verdes: 0 violations, tests pass, 49.1s este maquina, flagship <60s). Re-derive el trilema leyendo el codigo vigente (L1146-1243): upper_bound=min(U_PI degenerado 3.2, U_cell); score lever = SOLO la cola gg>=5 del insignia en min(gg,B*G)=gg (B*G=96>>gg); head gg<=4 EXACTO dp((32,4),6)=3.388765. NO edito la cota: sin idea distinta. APORTE (metodo, no otro teorema del muro): genere ~8 angulos frescos ANTES de leer las notas de sesion y TODOS colapsan a paredes ya registradas con razon citable: (a) Bonferroni/inclusion-exclusion sobre |union de pools-cero| -> solo el 1er Bonferroni (<=suma) es cota superior => telescopia a g (S56); los terminos pares son cota INFERIOR. (b) reveal-activos = hindsight completo = g. (c) reveal factorizado ruidoso/bucketizado -> INVALIDO, esconde totales-de-pool (S65); dicotomia S53 sin punto intermedio. (d) relajacion LP/dual -> aditiva=g (S48), Lagrangiana-presupuesto plana B*G=96>>g (S50/67), dualizar-agenda=mismo estado DP. (e) representacion-de-estado alterna para gg=5 exacto -> value-identical podas agotadas, crecimiento de estados j=5 ~50x j=4 no es factor de maquina (S49/51/57/63). (f) concentracion 2o-momento -> mismo Bonferroni. (g) min con nueva cota valida -> todas las conocidas (U_PI/capacidad/bits/u_pen-desacoplado) son >=. (h) B mas grueso exacto -> dp crece en B => telescopia; mas fino <V*. Trilema (valido+tratable->g / valido+ajustado->intratable / tratable+ajustado-><V*) reconfirmado por 1os principios. CONCURRO con la senal de paro S67-S113: loop de una-iteracion sobre laminar_cert.py AGOTADO (25a convergencia independiente). El premio (gap ~0.5, sep_hi 4.88->~2.4) vive tras build multi-sesion FUERA del carril (full-reveal-K con belief correlacionado comprimido / u_pen sup interno EXACTO) que exige editar solver/certificados o anadir modulos => AUTORIZACION HUMANA. Singleton {U_cell}=2.032726 intacto.
6d6ab80	2.032726	0.579937	0.057800	1.609439	4.880987	11	0	48.490	pass	flat	S-opus48-fresh flat (Opus 4.8, 2026-07-22, py3, ~49s, workspace 6d6ab80): baseline 2.032726 reproducido en vivo (violations 0, tests pass, gates verdes, SIN edit a laminar_cert). Sesion fresca: re-examine de cero el espacio de ideas de una-iteracion del carril y NO hallo ninguna distinta no ya refutada con PRUEBA o MEDIDA. Cierres re-verificados contra el codigo live: cola gg>=5 en trivial min(gg,B*G)=gg (B*G=96>>gg); head gg<=4 EXACTO dp((32,4),6)=3.388765; toda relacion barata entre dp a distinto (n,g) FALSA por no-monotonia en n (telescopio/m-monotonia/flip/n-shrink, S48/63/66); concavidad-en-g y acorde-a-(n,n) FALSOS por S-shape (kink concavo en g=n-1, convexg/chord/secant); full-reveal-K valido+ajustado pero INTRATABLE (belief correlacionado 2^n, >75s ya en g=2); single-cell/dp1/particion-gruesa/statistic-bucketizada INVALIDOS (<V*); V-hat aditiva=g, Lagrangiana-presupuesto plana (B*G>>g), u_pen desacoplado >=U_PI (S55); capacidad/bits/entropia VACUOS (24.5 bits>>17.6 nec, S64); g=5 exacto 758s>>60s, hardcode prohibido (S68). Trilema S54/S62 (valido+tratable->g / valido+ajustado->intratable / tratable+ajustado-><V*) y singleton {gg} S61 intactos. 25a confirmacion independiente. ADOPTO la senal de paro S67: el loop de una-iteracion sobre laminar_cert.py esta AGOTADO; ninguna cota factorizada barata+valida mueve 2.032726. El premio (gap ~0.5, sep_hi 4.88->~2.4) vive ENTERO tras el build multi-sesion de belief correlacionado comprimido (full-reveal-K acoplado / u_pen sup interno EXACTO), FUERA del carril seguro => autorizacion humana para editar solver/certificados o anadir modulos.
6d6ab80	2.032726	0.579937	0.057800	1.609439	4.880987	11	0	48.487	pass	flat	S-opus48-minstruct flat (Opus 4.8, 2026-07-22, py3, workspace 6d6ab80 limpio, SIN edit a laminar_cert): baseline 2.032726 REPRODUCIDO EN VIVO (violations 0, tests pass, 49.45s, ~10s de holgura bajo la puerta 60s). Bootstrap honesto: lei results.tsv + git log workspace + re-derive la construccion del CODIGO. APORTE NUEVO (identidad de la ESTRUCTURA min, no registrada; las notas atacan dp(g) directo, no el diseno min-de-dos-cotas): para instancia HOMOGENEA la cola de U_cell min(gg,cap) es ALGEBRAICAMENTE IDENTICA a la contribucion per-g de U_PI (ambas = w*sum_g wg*min(g,BG)); y dp(g)<=min(g,BG) puntual => U_cell<=U_PI en TODO g => el min(U_PI,U_cell) exterior no aporta NINGUNA holgura extra en la insignia (U_cell ya domina). Corolario: la UNICA palanca es bajar dp((n,g),B) en la cola gg>=5, que es exactamente el objeto walled por el trilema (valido+tratable->g por BG>>g; valido+ajustado->intratable belief correlacionado 2^n; tratable+ajustado-><V* pierde pooling cruzado-celda) + singleton {gg} (S61) + no-monotonia-en-n que mata todo atajo relacional (S45/48/63/66) + S-shape que mata toda secante (convexg/chord/secant). Re-verifique que g=5 exacto sigue gate-blocked (758s>>60s, crecimiento de estados j=5 no factor de maquina). 25a confirmacion independiente. ADOPTA la senal de paro S67: el loop de una-iteracion sobre laminar_cert.py esta AGOTADO; el premio (gap ~0.5, sep_hi 4.88->~2.4) vive ENTERO tras el build multi-sesion FUERA del carril (full-reveal-K acoplado con belief comprimido / u_pen sup interno EXACTO), que exige autorizacion humana explicita (editar solver/certificados o anadir modulos).
6d6ab80	2.032726	0.579937	0.057800	1.609439	4.880987	11	0	48.929	pass	flat	S-opus48-decouple flat (Opus 4.8, 2026-07-22, live DESDE EL CODIGO, workspace 6d6ab80 SIN edit): baseline 2.032726 reproducido en vivo, gates verdes (violations 0, tests pass, 48.7s). Lei laminar_cert.py entero y re-derive el muro por TRES ejes independientes desde el codigo vigente. NUEVO eje (no en el log): el bound por DESACOPLE-POR-PERSONA colapsa al trivial g. Por linealidad+max-por-persona, dp((n,g),B) <= sum_i max_{pi_i} P(i acreditado | i limpio); pero una politica dirigida a UN objetivo puede testear el SINGLETON {i}, que da conteo 0 con prob 1 dado i limpio => cada termino es 1 => bound = g*1 = g = trivial (min(gg,B*G) vigente). Esto explica POR QUE todo desacople (por-celda S52/61/65, por-persona, dual-de-presupuesto S50) colapsa a g: el acoplamiento que ata es la AGENDA de un-pool-por-paso, y precificarlo da plano (B*G=96>>g) o intratable (mismo estado multiconjunto que el dp exacto, S50). Los otros dos ejes tambien cierran: (a) la COLA gg>=5 de U_cell es IDENTICA a la contribucion per-gg de U_PI => min(U_PI,U_cell) no la aprieta; apretarla exige dp((32,gg),6) exacto (~758s>>60s). (b) Las rutas de MONOTONIA para computar dp en n' o G menores como cota superior barata van al reves: dp CRECE en G (G menor da cota INFERIOR, invalida) y m-monotonia en n es FALSA (log S45). Convexidad/chord/secant/telescopio ya cerrados. NINGUN numero nuevo NI construccion cheap+valid+citable => NO keep (regla exige numero+lema). CONCURRO senal de paro S67-secant (32a confirmacion independiente): loop de una-iteracion sobre laminar_cert.py AGOTADO. El premio (gap~0.5, sep_hi 4.88->~2.4) vive FUERA del carril (full-reveal-K con belief correlacionado comprimido / u_pen sup interno EXACTO), build multi-sesion que exige editar solver/certificados o anadir modulos => AUTORIZACION HUMANA.
6d6ab80	2.032726	0.579937	0.057800	1.609439	4.880987	11	0	48.821	pass	flat	S-opus48-boot flat: baseline 2.032726 reproducido LIVE (48.8s, gates verdes, workspace 6d6ab80). Revision independiente desde el codigo vigente: NINGUNA idea distinta barata+valida no cubierta. Framing afilado: el PISO computo-infinito del carril (cola exacta gg=5..32 offline, dominada por lever gg=5 gate-blocked ~0.086) es ~1.90, 3.7x SOBRE el premio ~0.5 => el premio esta FUERA de la clase de relajacion factorizada cell-reveal, no solo compute-blocked; toda cota factorizada valida telescopia a gg o colapsa <V* (trilema/all-or-nothing/singleton). Exige belief correlacionado comprimido multi-sesion FUERA del carril + autorizacion humana. 25a confirmacion; ADOPTA senal de paro S67-S80. Comment-only.
33b6f23	2.031806	0.579937	0.057800	1.609439	4.879505	11	0	48.415	pass	keep	keep: cota CONTEO-DE-TRANSCRIPTS en la cola. LEMA (airtight, sin DP): politica determinista => cada config da un transcript de B conteos en {0..G} => <=(G+1)^B transcripts; el set acreditado (union de pools conteo-0) es funcion del transcript y subset de limpios => full-credit sii =set limpio => a lo sumo (G+1)^B configs full-credit => E[acred|g]<=g-max(0,1-(G+1)^B/C(n,g)). Cota del canal REAL, domina OPT. Muerde cuando la info no alcanza (g>=9 en insignia, C(32,9)=28.05M>24.14M=(G+1)^B). Cierra el hueco de S64 (que midio bits SOLO en g=5, 17.6<24.5, y concluyo vacuo global de mas). gap 2.032726->2.031806 (Delta 9.2e-4), violations 0, tests pass, 49.4s. Primer avance valido+barato de la cola en 25+ sesiones; el grueso g=5..8 sigue info-suficiente=>exige el DP explosivo.
b1446a6	2.027465	0.579937	0.057800	1.609439	4.872519	11	0	48.580	pass	keep	keep: refina conteo-de-transcripts con umbral por CEROS. Para acreditar g limpios (pools <=G) la union de pools-cero necesita >=ceil(g/G) tests con conteo 0 => #transcripts full <= Z(B,G,ceil(g/G))=sum_{j>=k}C(B,j)G^(B-j), mucho menor que (G+1)^B. E[acred|g]<=g-max(0,1-Z/C(n,g)). Baja el umbral de mordida de g=9 a g=8 (C(32,8)=10.52M>Z(6,16,1)=7.36M=17^6-16^6); g=8 pesa ~3x mas que g>=9 juntos. gap 2.031806->2.027465 (Delta 4.3e-3), violations 0, tests pass, 48.3s. Mismo LEMA airtight (canal REAL, domina OPT), refinamiento del contador. g=5..7 sigue info-suficiente (C(32,7)=3.37M<Z).
9ebb5a9	2.027453	0.579937	0.057800	1.609439	4.872499	11	0	48.220	pass	keep	keep: REFINAMIENTO CAPA-A-CAPA del transcript-count. Los keeps previos (b1446a6/9ebb5a9) solo penalizaban la capa TOP (acreditar los g limpios), tratando toda config no-full como si acreditara g-1. LEMA (mismo transcript, tail-sum): E[#acred|g]=sum_{c=1}^g P(#acred>=c|g); y P(#acred>=c|g)<=min(1, Z(B,G,ceil(c/G))*C(g,c)/C(n,c)) porque acreditar >=c exige que la union de pools-cero cubra >=c personas (>=ceil(c/G) tests con conteo 0 => <=Z transcripts) y cada credited-set de tamano>=c lo comparten <=C(n-c,g-c) configs. Cota del canal REAL, DOMINA OPT. Domina el conteo full: la capa c=g es identica, cada capa c<g cambia el 1 implicito por min(1,.). Muerde las capas intermedias en g>=12 en la insignia (g=12,c=11: 0.685<1). gap 2.027465->2.027453 (Delta 1.2e-5), sep_hi 4.872519->4.872499, violations 0, tests pass, 48.4s. Forma cerrada, sin DP, valida a cualquier escala; nunca se invoca en la bateria n<=7 (T=n alli, solo DP exacto).
5df0113	2.027453	0.579937	0.057800	1.609439	4.872499	11	0	48.040	pass	flat	S-opus48-alphabet FLAT (Opus 4.8, 2026-07-23, workspace 5df0113, REVERTIDO). IDEA NUEVA valida: en el transcript_bound del estrato de a=n-g activos, el conteo de cualquier pool (<=G) esta en {0..min(G,a)} pues NUNCA excede el total de activos a => alfabeto no-cero baja de G a min(G,a), Z'=sum_j C(B,j)min(G,a)^(B-j) <= Z. VALIDADO vs politica adaptada OPTIMA real por fuerza bruta (arbol exacto, 30 instancias n=6..8 B=2,3 G=3,4 a=1..5): tb_new>=e_g(real) SIEMPRE, estricto en a=1,2 (p.ej. (6,3,4)a=1: e_g=4.5, 4.667 vs 5.0). PERO FLAT en el marcador: gap 2.027453 y sep_hi 4.872499 IDENTICOS. Razon estructural: TODAS las anclas del score son LOW-q (q=0.1 insignia, q=1/(lg G) fam) => #limpios gg~Bin(n,q) chico (insignia media 3.2), y la masa vive en gg=2..7 donde a=n-gg~25..30 >= G=16 => min(G,a)=G, cap INACTIVO. Solo muerde en gg>16 (a<G) que tiene peso ~0. El lever transcript-count queda AGOTADO para el regimen low-q: la cola reducible gg=5,6,7 (a>=G) sigue en trivial gg; unico apretador ahi es DP exacto (>gate) o u_pen (fuera de carril). El refinamiento alfabeto solo ayudaria anclas HIGH-q (pocos activos). NO keep (regla: numero+lema; el numero es plano). Registro el lema para el paper/futuras anclas.
5df0113	1.833202	0.579937	0.057800	1.609439	4.559865	11	0	48.337	pass	keep	keep: alfabeto de conteo min(G,g)+1 en el transcript-count. LEMA (airtight, corrige la vacuidad de S64): dada una config con EXACTAMENTE g limpios, el conteo de cualquier pool P (|P|<=G) es |P|-limpios(P) con limpios(P) in {0..min(|P|,g)} => a lo sumo min(G,g)+1 valores => transcripts con >=k ceros <= Z(B,min(G,g),k). S64 declaro vacuas las cotas de bits usando el alfabeto EQUIVOCADO G+1=17 (24.5 bits > 17.6 nec); el correcto es g+1=6 (15.5 bits < 17.6 nec) => NO alcanza para identificar el quinteto limpio => MUERDE por primera vez en gg=5,6,7 (la masa intacta de la cola). Dual correcto de S-opus48-alphabet (que capo por #ACTIVOS a=n-g, flat en low-q): el recurso escaso en la cola es #LIMPIOS. Cota del canal REAL, domina OPT. Validado vs OPT_g exacto por fuerza bruta (proto_valsweep): 648 casos n<=8/B<=4/G<=6, 0 violaciones; 43 casos g<G donde muerde, slack>0 siempre. gg=5 insignia 5.0->4.154. gap 2.027453->1.833202 (Delta 0.194, el mayor de la mision), sep_hi 4.872->4.560, violations 0, tests pass, 48.4s. Forma cerrada sin DP, valida a cualquier escala; rompe bajo el piso ~1.90 que las sesiones creian limite del carril.
6ac3879	1.819919	0.579937	0.057800	1.609439	4.538486	11	0	52.589	pass	keep	keep: min(dp_cell-reveal, transcript) TAMBIEN en la cabeza gg<=T. El transcript_bound es del canal REAL (relajacion mas ajustada que cell-reveal, que revela el desglose por celda), asi que para gg=4 insignia queda por DEBAJO del DP exacto (transcript 3.320 < dp 3.389) y aprieta sin perder validez (min de cotas validas es valido). Beneficio de validacion: ahora la bateria n<=7 (T=n => todos los gg entran por esta rama) SI ejercita el transcript_bound y pasa la puerta invalid_bound => validacion independiente en la bateria, ademas del sweep offline vs OPT_g exacto (648 casos, 0 viol). gap 1.833202->1.819919 (Delta 0.013, gg=4 head), sep_hi 4.560->4.538, violations 0, tests pass, 51.4s.
430435b	1.819919	0.579937	0.057800	1.609439	4.538486	11	0	69.616	pass	flat	S-opus48-galphabet CIERRE de sesion (flat post-keeps): 2 keeps grandes esta sesion via el ALFABETO DE CONTEO min(G,g)+1 (gap 2.027453->1.833202->1.819919, Delta total 0.208 = el mayor salto de la mision). El insight: el transcript-count usaba alfabeto G+1; el correcto es min(G,g)+1 porque con g limpios el conteo de un pool = |P|-limpios(P), limpios(P) in {0..min(|P|,g)}. Prueba airtight (etiquetado s0: todo conteo-0 lleva s0, pools grandes solo agregan s0 espurios => #transcripts>=k ceros <= sum C(B,j)A^(B-j), A=min(G,g)). Corrige la VACUIDAD de S64 (uso G+1=17=>24.5 bits>17.6; el correcto g+1=6=>15.5<17.6 => MUERDE gg=5,6,7, la masa intacta). Dual correcto de S-opus48-alphabet (que capo por #activos, flat low-q). Validado vs OPT_g exacto: 648+80 casos (incl. stress large-pool g<=2/G>=7) 0 viol; bateria n<=7 ahora ejercita el transcript (head-min) y pasa invalid_bound. FRONTERA NUEVA (para no re-minar): el tail gg=5,6,7 ya solo tiene la capa TOP c=g mordiendo (0.154/0.078/0.043); las capas intermedias c<g SATURAN en 1 porque con G>=g un pool todo-limpio acredita los g de golpe => 'credito parcial c<g' no es raro. Sharpening 'forzar >=2 ceros para c>=2' REFUTADO (15 viol vs OPT_g). Apretar intermedias/tail EXIGE el costo de localizacion = DP explosivo (gg=5 exacto ~758s) o un conteo con estructura. El carril editable NO estaba agotado (S67 era prematuro: el alfabeto no estaba en la lista cerrada); ahora si en su frontera barata post-alfabeto.
430435b	1.819919	0.579937	0.057800	1.609439	4.538486	11	0	48.266	pass	flat	S-opus48-tbfloor flat (Opus 4.8, 2026-07-23, comment-only, workspace 430435b): baseline 1.819919 reproducido LIVE, gates verdes 48s. Revision independiente del frente TRANSCRIPT (post-breakthrough, el vivo), no del muro cell-reveal. 4 hallazgos NUEVOS: (1) MAPA cruce dp_cellreveal-vs-tb insignia: gg2 dp1.758<tb2.0, gg3 dp2.548<tb2.679, gg4 dp3.389>tb3.321, cola solo-tb; min(cell_dp,tb) es blend OPTIMO, NINGUNA domina, DP exacto NO redundante (gana gg<=3). (2) tb hasta ~2x FLOJA vs OPT_g exacto real-channel (n7g5B2: 2.14 vs 4.52) pero 0 violaciones en 132 configs; slack=costo localizacion en capas intermedias saturadas en 1. (3) tb es LP-TIGHT en la familia conteo-transcripts (Abel + M(sigma)<=Z(B,A,ceil(sigma/A)) politica-indep-tight); ceil(c/A)==ceil(c/G) exacto (176 pts). (4) mezcla por-capa cell-reveal(+)transcript da CERO ganancia (capas bajas saturan en 1). NO keep. Carril en optimo real-channel 1.819919; slack residual=belief correlacionado, build multi-sesion FUERA del carril + autorizacion humana.
4ed01ab	1.819919	0.579937	0.057800	1.609439	4.538486	11	0	48.252	pass	flat	S-opus48-covindex flat (Opus 4.8, 2026-07-23, workspace 4ed01ab limpio, SIN edit): baseline 1.819919 reproducido LIVE (violations 0, tests pass, 48.3s, gates verdes). Bootstrap honesto: results.tsv (memoria) + git log workspace + relei el CODIGO LIVE (_transcript_bound L951-1056 con capa-a-capa+alfabeto min(G,g); _u_cell L1327-1437 min(dp_cellreveal,tb) en head, min(gg,BG,tb) en cola; upper_bound=min(U_PI,U_cell)). CIERRE NUEVO POR IDENTIDAD (no medicion, no en el log): el unico indice del transcript-count que aun usaba G crudo es k=ceil(c/G) (L1052). Candidato distinto: apretarlo a ceil(c/min(G,g)) con el lema 'cada pool-cero cubre <= min(G,g) limpios (subset del g-set, |.|<=G y <=g)'. VERIFICADO ALGEBRAICAMENTE NO-OP: ceil(c/min(G,g)) == ceil(c/G) para TODO c<=g (difieren solo si g>G, donde A=G => identico); probado sobre G in {3,4,6,8,16,32}, g<=40, 0 casos distintos. => el indice de cobertura ya esta en su forma mas apretada; direccion cerrada por PRUEBA, no por flat numerico. FRAMING ESTRUCTURAL AFILADO del muro flagship: como G=16>=g (limpios~Bin(32,0.1), media 3.2), UN solo test-cero sobre el <=16-pool correcto limpia los g limpios de golpe => la obstruccion NUNCA es 'faltan ceros' (lo que el transcript-count acota) sino PURA identificacion de cual <=16-subset es el g-set, capturada LP-tight por la capa top Z(B,min(G,g),1)/C(n,g) (gg=5: 31031/201376=0.154; capas c<=4 saturan en 1 porque 1 cero basta). Por eso TODO refinamiento multi-cero (ceil-index incluido) es vacuo en low-q. El slack residual (tb hasta ~2x sobre OPT_g exacto, S-tbfloor) = belief correlacionado del posterior, alcanzable SOLO por el DP exacto gg=5 gate-blocked (~758s>>60s, state-growth j=5 no-hardware) o construccion acoplada FUERA del carril (u_pen sup interno EXACTO / full-reveal-K comprimido) que exige editar solver/certificados => AUTORIZACION HUMANA. Sin numero menor NI lema-de-keep (regla exige AMBOS; overfit prohibido) => NO keep. Confirmacion independiente consecutiva del carril transcript-count agotado en su optimo barato+valido {1.819919}. DECISION BINARIA PARA EL HUMANO: (1) autorizar build multi-sesion fuera-de-carril (gap~0.5, sep_hi 4.54->~2.4); o (2) aceptar 1.819919 como techo certificado (separacion en [1.61,4.54], +61% del ancla certificado por ambos lados a escala).
4ed01ab	1.819919	0.579937	0.057800	1.609439	4.538486	11	0	48.447	pass	flat	S-opus48-perggdecomp flat (Opus 4.8, 2026-07-23, workspace 4ed01ab limpio, SIN edit): baseline 1.819919 reproducido LIVE (viol 0, tests pass, 48.3s). EVIDENCIA NUEVA (descomposicion por-gg + saturacion por-capa, no en el log): flagship U=2.7231 = suma_gg wg*bound. Head gg=1,2,3 usa cell-reveal exacto (<tb); pero DESDE gg=4 el transcript tb YA DOMINA (tb(4)=3.3206<cell 3.389). Todo el slack residual vive en gg=4,5,6,7 (contrib 0.625+0.486+0.297+0.146, P(gg>=4)~0.40). En cada estrato que muerde, tb es floja SOLO en las capas c<g que SATURAN en 1 (gg4: P(cred>=1)=P(>=2)=P(>=3)=1); esas capas son flojas porque la realidad no siempre acredita c de g, pero esa prob<1 ES la estructura de identificacion-adaptada/belief-correlacionado y el conteo transcript por-capa es LP-TIGHT (sesiones previas) => ningun conteo cerrado politica-indep la baja. CIERRE AFILADO NUEVO: el residual NO es solo compute-blocked DENTRO de cell-reveal — cell-reveal dp((32,5),6)=4.290 > tb=4.154 => ni computo infinito en la FAMILIA cell-reveal baja gg>=5; solo el canal REAL estrictamente-mas-ajustado (dp((32,5),6)~758s>>60s gate) o construccion belief-comprimida FUERA del carril (editar solver/certificates => AUTORIZACION HUMANA) puede. Enumeracion de ideas baratas: toda mejora tree-structured (first-pool split, single-zero identification) ES el DP; refinamientos multi-cero/ceil-index vacuos en low-q (1 cero basta, g<=G); Lagrangiano budget-dual plano (B*G=96>>g); telescopio/convexidad/acorde refutados. NINGUNA idea barata VALIDA distinta baja el unico ancla que manda (flagship 1.82 vs familia ~0.58). Confirmacion 26a del carril transcript-count en su optimo barato+valido {1.819919}. DECISION BINARIA PARA EL HUMANO sin cambio: (1) autorizar build multi-sesion fuera-de-carril (premio gap~0.5, sep_hi 4.54->~2.4) editando solver/certificates; o (2) aceptar 1.819919 como techo certificado (separacion [1.61,4.54], +61% del ancla certificado por ambos lados a escala).
4ed01ab	1.807557	0.579937	0.057800	1.609439	4.518590	11	0	48.361	pass	keep	keep: LP conjunto cross-capa del transcript-count (gap 1.819919->1.807557). E[#acred|g]=sum_s s*x_s con x_s=frac configs con |CS|=s; restricciones VALIDAS del canal REAL: budget sum x_s<=1 y trans-sigma sum_{s>=sigma} x_s*C(n,s)/C(g,s)<=Z(B,A,ceil(sigma/A)). El max del LP domina E[#acred|g] (N_s verdadera factible)=>domina OPT; y es <= la suma capa-a-capa (relajacion mas debil, capas independientes). Para g<=G todos los Z iguales=>2 restricciones=>forma cerrada por vertices (<=2 niveles), sin scipy; g>G cae a capa-a-capa. 0 violaciones vs OPT_g exacto (proto_valsweep 79 configs), tight en varios. Muerde gg>=4 insignia; sep_hi 4.538->4.519.
8ba8b8d	1.807557	0.579937	0.057800	1.609439	4.518590	11	0	48.072	pass	flat	S-opus48-optgheadmeasure flat (Opus 4.8, 2026-07-23, workspace 8ba8b8d limpio, SIN edit): baseline 1.807557 reproducido LIVE (viol 0, tests pass, 48.2s; un anchor_timeout espurio previo fue solo contencion de CPU por jobs en background). PRIMERA MEDICION DIRECTA del head cell_dp contra el OPTIMO EXACTO del canal REAL por-gg (opt_g), via brute-force all-pool DP (proto_revealk, confiable a n<=8) y un beam DP de creencia-explicita-de-pares validado BIT-EXACTO vs brute en n<=8 (proto_optg2). Las sesiones previas NUNCA midieron esto: asumian cell_dp ~ajustado o ~2x flojo confundiendolo con el transcript. HALLAZGO 1 (holgura real pero SCORE-IRRELEVANTE): cell_dp SOBREpasa opt_g 6-28% en B=3,4 (n8B4G4 gg2: cell 1.786 vs opt 1.393; n7B4G5: 1.857 vs 1.524; n6B4G6: 1.933 vs 1.733) => el head NO es ajustado en general. PERO todos los anclas del puntaje tienen B>=6 (insignia B6/n32/G16; fam_G8 B6/n24; G16..128 => n>=64 => U_PI); B=3,4 vive SOLO en la bateria (dominacion, no puntaje). A B=6 n-chico ambos SATURAN (=2.0, ajuste trivial); la insignia (n32,B6) esta JUSTO pasando saturacion (opt_g<2 exige n>=~23) => su ajuste real-vs-flojo es INDETERMINABLE con brute/beam (n>=23 fuera de alcance). HALLAZGO 2 (CAVEAT DE VALIDEZ, avisar): cell_dp NO es un valor cell-reveal FIEL — SUBcuenta opt_g en B=5 gg-denso (n7B5G5 gg3: 2.971<3.000; gg4: 3.943<4.0; gg5: 4.905<5.0), imposible para cell-reveal (mas info => debe dominar). Causa trazada: el DP DESCARTA las sub-partes todo-limpias de un pool FALLIDO (deberian sobrevivir para credito futuro; ver nact>=2 en go/nact==2). => el ARGUMENTO citado de validez (cell-reveal domina OPT por-gg) NO se sostiene para la IMPLEMENTACION. Ninguna puerta lo atrapa (bateria B<=4; U_cell solo insignia/fam_G8) y la mezcla siguio VALIDA en el unico punto con solver (n7B5G5 pa0.5: V*=3.375 <= U=3.461, margen +0.086). RIESGO ABIERTO: si la insignia (B6) subcuenta en gg=3,4, U_cell(32) podria caer bajo V*(32) => 1.807557 INVALIDO; NO verificable sin opt_g(32,.). HALLAZGO 3 (cierra la ruta barata con razon estructural): opt_g exacto a n=32 NO admite DP parametrico barato. La compresion natural de 2 tipos por intercambiabilidad (ambos-en-1-celda / uno-en-cada-de-2) SOBREcuenta: eventos que comparten el conteo OBSERVADO (limpio en tomado_P vs tomado_Q, ambos conteo=1) deben FUSIONARSE en 1 creencia antes de recursar; el estado fusionado correcto es un GRAFO sobre celdas (aristas=colocaciones), fuera de familia parametrica chica. Refutado: VA(4,3)=2.0 vs verdadero 1.667 (validacion atrapo el bug). => el 'belief DP exacto' diferido ES un POMDP grafo-de-celdas genuino, no un DP barato — afina el 'correctness-critical multi-sesion' con la razon ESTRUCTURAL. HERRAMIENTAS validadas dejadas (root): proto_optg.V1 (gg=1 exacto, bit-exacto vs brute), proto_optg2.solve_g2 (beam gg=2, cota INFERIOR valida, bit-exacto vs brute n<=8), proto_realcelldp (copia fiel del cell_dp shipped). NO KEEP: sin cota SUPERIOR valida mas ajustada que cell_dp computable a n=32 (el beam es cota INFERIOR, inusable como techo); reveal-K por-gg = opt_g (no ayuda). gap 1.807557 sin cambio. DECISION BINARIA HUMANO: (1) autorizar build del DP grafo-de-celdas gg=2,3,4 (riesgo de correctitud mitigado por validacion bit-exacta vs brute n<=8; PREMIO INCIERTO: la insignia B6 podria ya ser ajustada); o (2) atender el CAVEAT de validez (cell_dp fiel sin el drop SUBE la cota => corregir es peor puntaje pero cierra el hueco del argumento; decidir si el riesgo de subcuenta insignia amerita re-certificar 1.807557).
8ba8b8d	1.807557	0.579937	0.057800	1.609439	4.518590	11	0	48.046	pass	flat	S-opus48-revealg flat (Opus 4.8, 2026-07-23, py3.13, workspace 8ba8b8d limpio, SIN edit a laminar_cert): baseline 1.807557 reproducido (0 viol, tests pass, 48s). ATAQUE FRESCO al 'remaining win' que los docs nominan (reveal-g exacto / belief DP correlacionado gg=2,3), verificado DESDE LOS PROTOTIPOS LIVE del repo, no de memoria. (1) gg=1 exacto V1(proto_optg) = bit-exacto con brute-force Y con cell_dp=1.0 en n=8,16,32 => cero ganancia (un limpio se aisla en <=B tests). (2) gg=2 DP COMPRIMIDO (proto_optg2c, estado A(M)/B(P,Q)) BUGGY: 38 mismatches vs brute (n<=8), SOBREESTIMA (VA=2.0 vs brute 1.39), insignia 2.0 > cell_dp 1.758 => inutil Y peligroso; NO shippear (riesgo invalid_bound a n=32 no atrapado por bateria n<=7). Compresion 2-tipos es lossy: pool cross-atom correlaciona el belief (creencia sobre subconjunto de atomos), estado prolifera. (3) reveal-g EXACTO con belief conjunto (proto_revealg, CORRECTO: matchea reveal_k 2^n y >=V* en casos chicos) EXPONENTIAL en insignia G=16,B=6: no termina ni gg=1 en 150s (pools arbitrarios sobre celdas que proliferan ~2^B). cell_dp es la relajacion tratable (sobre-revela per-cell => estado=multiset celdas). CONCLUSION: slack residual = costo de localizacion real; su unico apretador (reveal-g/belief-DP) es exacto-pero-exponencial o comprimido-pero-incorrecto; ningun atajo barato+valido de una iteracion. Futuras sesiones: NO re-shippear proto_optg2c (buggy); gg=2 exacto correcto+escalable exige belief conjunto sobre pares-de-atomos con cross-atom pools, correctness-critical multi-sesion. Muro re-confirmado con evidencia de codigo fresca; carril en optimo barato+valido 1.807557.
8ba8b8d	1.807557	0.579937	0.057800	1.609439	4.518590	11	0	48.113	pass	flat	S-opus48-slackmap flat (Opus 4.8, 2026-07-23, py3.13, workspace 8ba8b8d limpio, SIN edit a laminar_cert): baseline 1.807557 reproducido LIVE (48.3s, gates verdes: violations 0, tests pass, gap_anchor_max 1.807557, sep_hi 4.518590). Re-derivacion independiente DESDE EL CODIGO del frente vivo (transcript+cell-revere), no memoria; ninguna idea distinta barata+valida mueve la insignia (26a confirmacion). APORTE NUEVO (mapa per-gg del constructo VIGENTE 1.807, no del cell-reveal 2.033 de S80): en la insignia (n=32) el techo 2.711154 se reparte gg0:0, gg1:0.122, gg2:0.370(cell_dp 1.758), gg3:0.595(cell_dp 2.548), gg4:0.620(tb 3.296), gg5:0.483(tb 4.123), cola gg>=6:0.522. (1) gg=4 es el MAYOR contribuyente unico y es el CRUCE: tb 3.2963 < cell_dp 3.3888 => el min toma tb. Consecuencia de ingenieria no registrada: el dp((32,4),6) (~41s, el cuello de botella del runtime) NO afecta la cota insignia en gg=4; cell_dp solo paga su costo en gg=2,3 (donde gana 1.758<2.0, 2.548<2.668). Bajar _CELL_GG_CAP a 3 seria value-preserving en el score (flagship intacto) pero es speedup, no keep (el score es gap, no runtime). (2) Solo FLAGSHIP(n=32) y fam_G8(n=24) usan U_cell; fam_G16/32/64/128 caen a U_PI (score=flagship-bound). (3) TODO el slack residual vive en gg>=4 = costo de localizacion del canal REAL; premio cuantificado: si gg>=4 igualara el ratio ~1.8x medido vs OPT_g, gap->~1.06. Infeasible barato: belief DP correlacionado correctness-critical (gg=5 cell-reveal solo ~758s>>60s; OPT_4 real sobre C(32,4)=35960 configs), reservado multi-sesion con autorizacion humana. Sin keep: ningun numero baja con validez.
8ba8b8d	1.807557	0.579937	0.057800	1.609439	4.518590	11	0	48.091	pass	flat	S-opus48-vacuitythreshold flat (Opus 4.8, 2026-07-23, workspace 8ba8b8d limpio, SIN edit): baseline 1.807557 reproducido LIVE (viol 0, tests pass, 48.4s, gates verdes). 27a confirmacion independiente del carril, DESDE EL CODIGO (no memoria): relei _transcript_bound (LP conjunto g<=G / layer-cake g>G) y _u_cell (min(cell_dp, tb) en head gg<=4, min(gg,BG,tb) en cola). APORTE NUEVO (umbral de vacuidad exacto del transcript-count en la insignia, no en el log): la cota de transcript es VACUA (=g) sii C(n,g)<=Z(B,g,1); en la insignia el cruce cae JUSTO entre gg=2 y gg=3: C(32,2)=496 < 665=Z(6,2,1) => tb(gg2)=2=g VACUA; C(32,3)=4960 > 3367=Z(6,3,1) => capa top 3367/4960=0.679<1 => tb(gg3)=2.679 MUERDE. Consecuencia estructural unificada (afinamiento de S-perggdecomp): cell_dp es la UNICA cota vinculante solo en gg=1(exacta=1),2(tb vacua),3(tb 2.679 > cell 2.548); DESDE gg=4 la vinculante YA es el transcript-count real-channel (gg4: tb 3.296 < cell 3.389). => TODO el slack movible de la insignia es opt_g-only por dos rutas cerradas: gg=2,3 = cell-reveal-vs-opt_g (apretar exige revelar MENOS que per-celda = canal real = belief DP correlacionado exponencial/correctness-critical), gg>=4 = transcript-vs-opt_g (familia transcript AGOTADA, jointLP=max de la familia). CIERRE DE IDEAS DISTINTAS esta sesion (cada una cerrada por prueba citable, no por flat numerico): (1) tighten-head < cell_dp => opt_g (out-of-rail); (2) partial-reveal intermedio (direccion del program.md) COLAPSA a {opt_g exponencial, cell_dp} — no hay intermedio tratable entre observar la SUMA del pool (canal real) y el desglose per-celda (cell_dp); (3) tail < tb => solo opt_g (transcript agotado); (4) subir _CELL_GG_CAP a 5 = crash conocido (dp((32,5),6)~758s>>60s Y cell 4.290>tb 4.123 => value-preserving, no keep); (5) caveat de validez (cell_dp subcuenta opt_g en B=5 gg-denso, S-optgheadmeasure) sigue NO-verificable en insignia (opt_g(32) exponencial; reveal-g no termina gg=1 en 150s a G=16/B6) => riesgo abierto pero no accionable barato. Sin numero menor NI lema-de-keep nuevo (regla exige AMBOS; overfit prohibido) => NO keep, NO edit. DECISION BINARIA PARA EL HUMANO sin cambio: (1) autorizar build multi-sesion fuera-de-carril (belief DP correlacionado / full-reveal-K comprimido editando solver+certificates; premio gap 1.807->~0.5-1.0, sep_hi 4.52->~2.4); o (2) aceptar 1.807557 como techo certificado (separacion [1.61,4.52], +61% del ancla certificado por ambos lados a escala). Carril barato+valido de una iteracion AGOTADO en su optimo {1.807557}.
8ba8b8d	1.807557	0.579937	0.057800	1.609439	4.518590	11	0	47.979	pass	flat	S-opus48-realchannelDP flat (Opus 4.8, 2026-07-23, workspace 8ba8b8d limpio, SIN edit): baseline 1.807557 reproducido LIVE (violations 0, tests pass, gates verdes). ATAQUE al 'remaining win' que los docs nominan (belief DP real-channel del head gg=2,3) desde los PROTOTIPOS LIVE, 3 hallazgos duros. (1) REFUTACION de proto_optg2c ('exact opt_g gg=2'): NO es exacto, sobre-revela la mezcla s=1 de pools que CRUZAN dos atomos (VB recursa en 2 estados como si supiera cual limpio fue tomado; el canal real solo ve count=tot-1) => da 2.000 trivial en la insignia y 38 mismatches vs 2^n brute. Su docstring 'validated bit-exact' es FALSO; NO confiar. (2) proto_revealg SI es el optimo real-channel correcto (rastrea belief conjunto por-X, valida vs 2^n brute, revealg<=cell_dp, revealg>=V*), la cota mas apretada disponible, PERO su enumeracion de acciones a G=16 es inejecutable bajo puerta: gg=1 0.01s pero 0 mejora (ya =cell_dp=1.0); gg=2 EXACTO >7min y hasta el beam-LB >35s => no shippeable (<60s anchor). (3) el slack del head es CHICO en el regimen budget-rich insignia (BG=96): en n=12 (BG/n=8) real gg=2 in [1.909,2.0], slack<=0.091 => tightear head da <~0.05 en U. BREAKDOWN insignia U=2.71115: gg=3(w0.234,cell 2.548,contrib0.595), gg=4(w0.188,tb 3.296,0.620), gg=5(w0.117,tb 4.123,0.483); el transcript-LP YA muerde bajo trivial g DESDE gg=4 (3.296<4). CONCLUSION: no hay mejora valida barata; el belief-DP del head es low-ROI (slack chico budget-rich) Y no-shippeable (intractable G=16). Proxima sesion: portar optimizaciones de _u_cell (dedup simetria celdas, nact<=2, t=1 cerrado) a revealg y medir el TAIL gg=4-6 (ahi vive la masa), no el head. Cota SIN cambio.
8ba8b8d	1.807557	0.579937	0.057800	1.609439	4.518590	11	0	48.287	pass	flat	S1503-cellcheck CRITICAL (Opus4.8 2026-07-23, workspace 8ba8b8d SIN edit, baseline 1.807557 reproducido, gates verdes): CONFIRMA con solver INDEPENDIENTE que el shipped cell_dp SUBCUENTA el optimo real-channel en gg=2,3 (las capas donde cell_dp MANDA en la insignia) => NO es cota superior valida donde el bug muerde => 1.807557 probablemente NO certifica. Upgradea el caveat S-optgheadmeasure de 'riesgo no verificado' a VIOLACION CONFIRMADA de la propiedad de cota superior. EVIDENCIA 3-vias en acuerdo: (a) opt_g (proto_valsweep/proto_revealk, sobre las primitivas ground-truth augmented.core, espeja solve_optimal_dapts) y (b) solver from-scratch independiente (proto_truth5, belief=clean-sets, representacion distinta, sanity-checked B=1->0.4) dan AMBOS 2.0 y 3.0 en n5B4G4 gg2 / n7B5G6 gg3; (c) el teorema cell-reveal>=opt_g EXIGE cell_dp>=eso. real_cell_dp (copia fiel del shipped, bit-exacta vs insignia 1.758065/2.548387/3.388765) da 1.9 y 2.9714 < opt_g => cell_dp buggy-LOW. Sweep proto_caveat_regime: 10/108 puntos cell_dp<opt_g, gg/n en [0.40,0.71], MIN gg=2 => el undercount NO es dense-only, alcanza gg=2,3; magnitud O(0.1), concentrada donde opt_g=gg (localizacion facil). El bug es sesgo a la BAJA; a n=32 la mordida es no-verificable (opt_g(32) exponencial) pero la direccion pone 1.807557 en riesgo de invalid_bound que la bateria (per-gg enmascarado por la mezcla) NO atrapa. NUMERO VALIDO-DEMOSTRABLE (dropear cell_dp, usar solo transcript+trivial, ambos probados): gap 1.889114 (U 2.711154->2.789911, sep_hi 4.519->4.650), coste +0.0788; el valido REAL esta en (1.807557,1.889114], recuperable arreglando el DP cell_dp (correctness-critical). NO edito: no regreso unilateral del checkpoint compartido ni arriesgo un fix over-count no atrapable por la bateria. DECISION HUMANA: (1) re-certificar a 1.889114 valido-demostrable; o (2) arreglar el bug de cell_dp (accion/sub-parte perdida en el juego cell-reveal) => valido en (1.807,1.889]. Herramientas dejadas (root): proto_truth5.py, proto_caveat_regime.py. Ninguna idea barata+valida BAJA el numero; el carril cell-reveal ademas esta potencialmente INVALIDO, no solo agotado.
8ba8b8d	1.807557	0.579937	0.057800	1.609439	4.518590	11	0	69.061	pass	flat	S-opus48-optg2exact FLAT (Opus 4.8, 2026-07-23, workspace 8ba8b8d limpio, SIN edit a laminar_cert). CONSTRUI+VALIDE bit-exact (84/84 casos n<=7, B<=4, worst 6.7e-16 vs brute opt_g) un DP de creencia EXACTO real-channel para gg=2 con acciones COMPLETAS (exchangeable, prune de atomos known-active + canon; proto_optg2exact.py). CORRIGE proto_optg2c(VA) que es BUGGY (sobrecuenta a 2.0); solve_g2/policy2 solo dan cota INFERIOR. Reveal-g => sum_g wg*opt_g domina OPT, y opt_g<=cell_dp, asi que integrarlo APRETARIA valido. HALLAZGO CLAVE (por que sigue flat): el head cell-reveal ya es CASI TIGHT para gg=2 en el regimen insignia B=6: opt_g2=cell_dp=2.0 (0% slack) a n=10,12; solo 1.1% slack a n=14 (opt_g2=1.978 vs 2.0). El slack 7-36% que vi antes es SOLO B=4 test-starved (pocos tests). Head insignia real: gg=2 cell_dp=1.758, gg=3 cell_dp=2.548, gg=4 transcript=3.296 (dominan la masa Bin(32,0.1)). BLOQUEO: opt_g2 INTRATABLE a n=32 bajo la puerta 60s (>60s solo gg=2; el cell DP shipped ya usa ~49s por dp((32,4),6)); explosion de estados por particiones de tamano de atomo. Es problema de PERFORMANCE multi-sesion (merge por multiplicidad/forma cerrada), NO de correctness. Proximo: optimizar opt_g2 (o opt_g3/4) a segundos y REEMPLAZAR el cell DP lento => mas tight Y mas rapido.
8ba8b8d	1.889114	0.579937	0.088055	1.609439	4.649851	11	0	19.812	pass	keep	fix(validez): cell_dp FIEL — las partes tomadas todo-limpias de un pool FALLIDO sobreviven (bug: se tiraban con el allgood parcial en nact==2/go => cell_dp SUBcontaba opt_g, verificado 10/108 sweep incl gg=2,3). El argumento citado (cell-reveal domina OPT por-gg) NO se sostenia para la impl y cell_dp MANDA en la insignia gg=2,3 => 1.807557 sin justificacion valida. FIEL: >=opt_g en 108 pts (0 viol), <=gg. Insignia: cell_dp satura a gg (1.758->2.0, 2.548->3.0) => subsumido por min(gg,transcript) => gap SUBE 1.807557->1.889114 = el valido-demostrable (== dropear cell_dp, S1503). No hay valido <1.889114 en esta clase (mejora exige opt_g correlacionado, multi-sesion). _CELL_GG_CAP 4->3 (gg=4 fiel satura+~76s). Reversible: 8ba8b8d preserva 1.807557.
24ea9c9	1.889114	0.579937	0.088055	1.609439	4.649851	11	0	40.208	pass	flat	S-opus48-optgmerged FLAT (Opus 4.8, 2026-07-23, laminar_cert SIN edit, gap 1.889114 reproducido, gates verdes). CONSTRUI+VALIDE el primer OPT_g EXACTO real-channel para g GENERAL (proto_optg_merged.py): POMDP support-set comprimido por exchangeability con outcomes MERGED (observa solo el conteo total, no per-celda) => es el optimo real, no la relajacion cell-reveal. Bit-exact vs brute dp_value en 420 casos n<=7 (worst 1.8e-15). CLAVE: (1) gap_anchor_max lo fija SOLO el insignia n=32 (familia n>=64 gap ~0.58<<1.889 por q chico, no mueve el max). (2) El bound insignia = _transcript_bound ENTERO: verifique sum_gg wg*min(cell_dp,tb)=2.789911 == suma tb-only, i.e. cell_dp>=tb para TODO gg del insignia (g<<n); reconfirmado T=_CELL_GG_CAP 3->4 da gap IDENTICO 1.889114 en 75.7s (>60s gate, puro costo). (3) tb NO es tight: en regimen flagship-flavored (g~n) tb~2x OPT_g exacto (p.ej n7g5B2G6 tb4.286 vs OPT 2.143); cell_dp==OPT en B=2, cell_dp>OPT en B>=3 (1.06-1.07x). El UNICO objeto <tb es OPT_g exacto. (4) PERO OPT_g merged es EXPONENCIAL en n con G=16,B=6: n8g3=1.4s, n10g3>30s, n32 g>=3 INFACTIBLE; y en la parte factible g=1,2 OPT_g==tb==g (0 loss, localizacion no muerde). => NINGUNA ganancia cheap+valida <tb; gap 1.889114 sin cambio. El premio (OPT_g g>=3 a n=32) sigue tras el muro de computo, confirmado ahora con codigo validado, no solo aserto. proto_optg_merged.py queda como la referencia exacta para el track autorizado.
24ea9c9	1.889114	0.579937	0.088055	1.609439	4.649851	11	0	20.090	pass	flat	S-opus48-exactdp flat: belief correlacionado EXACTO (support-set POMDP, proto_optg_merged) VALIDADO bit-exact 368 casos n<=7 (0 mismatch, peor 1.8e-15) = la 'representacion comprimida exacta' que S46-S69 nombraron. INTRATABLE en insignia MEDIDO: g=2 fijo n=12=1.5s->n=16=88s (~2.8x/+n, proliferacion de tamanos de atomo, superexp en n) => n=32 horas, fuera del gate. Mapa del premio: slack en gg=2..7 (cell manda gg<=3: 1.758/2.548; transcript manda gg>=4). Proximo paso concreto: comprimir la dimension de TAMANOS del DP exacto (ya correcto). Cota SIN cambio 1.889114, gates verdes, comment-only.
2409c90	1.889114	0.579937	0.088055	1.609439	4.649851	11	0	19.732	pass	flat	S-opus48-crossg flat (Opus 4.8, 2026-07-23, workspace 2409c90 limpio, SIN edit al carril): baseline 1.889114 reproducido LIVE (gates verdes, viol 0, tests pass, 19.7s). NUEVA closure no registrada: el ACOPLAMIENTO CROSS-G del transcript-count (una sola politica/familia de transcripts N_s COMPARTIDA entre todos los g, no per-g independiente). Motivacion real: sum configs g=2..8 = 15.0M > Z(6,16,1)=7.36M => el presupuesto de transcripts SI ata a traves de g (el jointlp vigente es cross-CAPA dentro de un g fijo; nunca acopla cross-g). Construido como LP valido (E[#acred]<=E[maxsub_T(C)]=sum_c P(exists S in T,|S|>=c,S subset C); N_s>=0, sum_s N_s<=Z(B,G,1), x_{g,s}<=N_s*C(g,s)/C(n,s)). VALIDO (LP maximiza sobre N feasible incl. la del optimo => domina OPT) pero ESTRICTAMENTE MAS FLOJO: da 3.189568 vs shipped 2.789911 en la insignia. CAUSA cuantificada: acoplar cross-g OBLIGA el alfabeto GLOBAL G+1=17 (Z(6,16,1)=7.36M) y PIERDE el refinamiento per-g A=min(G,g) (Z(6,5,1)=31,031, 237x menor) que fue el mayor lever del carril (galphabet keep, tb gg5 5.0->4.154). El acople cross-g solo recorta ~0.01 del trivial 3.2; perder el refinamiento cuesta ~0.40 => neto 40x peor. min(shipped,crossg)=shipped, cero cambio. El refinamiento de alfabeto es INTRINSECAMENTE per-g (condiciona en 'exactamente g limpios' => conteos en <=g+1 valores); cualquier acople cross-g lo rompe. Cierra la ultima variante no-probada de la familia transcript. El slack residual sigue siendo COSTO DE LOCALIZACION puro, solo capturable por opt_g exacto (belief correlacionado, intratable n=32, FUERA del carril). Adopta senal de paro.
e74d3a5	1.889114	0.579937	0.088055	1.609439	4.649851	11	0	19.641	pass	flat	S-opus48-doblecandado FLAT (comment-only, commit e74d3a5): head residuo insignia = SOLO g=2. C1 info-relax da trivial g para g<=G (clearing g<=G limpios cuesta 1 test tras identificar => todo el hueco es COSTO DE IDENTIFICACION, invisible a todo reveal; explica cell_dp>=tb). C2 conteo tb=g <=> (g+1)^B-g^B>=C(n,g) (insignia: vacuo g<=2, muerde g>=3). g=1 doble-vacuo pero OPT=1 tight; g=2 DOBLE-CANDADO + OPT<2 (n16=1.908, cae) peso 0.21 premio ~0.1 gap, unico apretador = DP exacto probabilistico intratable (multi-sesion). g>=3 LP=maximo de familia. Carril barato+valido AGOTADO 1.889114.
e74d3a5	1.889114	0.579937	0.088055	1.609439	4.649851	11	0	19.615	pass	flat	S-opus48-configlimited FLAT (Opus 4.8, 2026-07-23, workspace e74d3a5 limpio, SIN edit): baseline 1.889114 reproducido LIVE (violations 0, tests pass, 19.5s, gates verdes). Revision independiente que NO reabre direccion cerrada y APORTA una clausura mas afilada del residuo g=2 que S-doblecandado. (1) LEMA DE INYECCION POR HOJA (prueba mas limpia del transcript-count, citable para el paper): en el arbol de decision determinista optimo, cada HOJA l tiene conjunto acreditado A(l)=union de pools-cero de su rama, y A(l) es SUBCONJUNTO del conjunto limpio de toda config que la alcanza; una config kappa se acredita COMPLETA sii A(l)=kappa => A LO SUMO UNA config por hoja recibe full-credit (la unica = A(l), si |A(l)|=g). Luego #full-credit <= #{hojas con |A|=g} <= Z(B,min(G,g),ceil(g/G)); la inyeccion kappa->su-hoja es transparente (A(hoja) recupera kappa). (2) DICOTOMIA CONFIG-LIMITED vs TRANSCRIPT-LIMITED (crossover exacto medido en la insignia): tb=g (VACUO) sii Z(B,min(G,g),1) >= C(n,g). g=1: 63>=32; g=2: 665>=496 => AMBOS config-limited => el recurso de transcripts NO ata (sobran hojas para full-creditear las 496 configs) => NINGUN refinamiento de la familia transcript (alfabeto min(G,g), layer-cake, cross-g, LP conjunto cross-capa) puede JAMAS morder g=2, porque todos acotan #full-credit-configs y ese numero YA esta capado por C(n,g) < Z. g>=3: Z<C(n,g) (3367<4960) => transcript-limited => tb muerde (por eso el LP empezo a morder exactamente en gg>=4, nunca toco g=2). Esto convierte el 'doble-candado numerico' de S-doblecandado en un BLOQUEO PROBADO por una desigualdad de cardinalidad. (3) REFUTACION del ultimo grado de libertad estructural no probado: los pools-cero son SUBSET del conjunto limpio (conteo 0 <=> cero activos) => tamano <= min(G,g), NO <= G. Se probo si ese hecho aprieta el multiplicador de cobertura ceil(c/min(G,g)) < ceil(c/G): MEDIDO, ceil(g/G)=ceil(g/min(G,g))=1 para todo g<=9 en la insignia => CERO cambio (ambos dan k=1). El unico caso donde diferiria (min(G,g)<c<=G) no ocurre porque c<=g<=min(G,g) siempre. Cierra esa sub-idea. CONCLUSION: el residuo movible de la insignia es EXACTAMENTE g=2 (g=1 tight OPT=1; g>=3 tb muerde pero su slack vs OPT_g es localizacion pura), y g=2 esta bloqueado a TODA cota barata de conteo por 665>496; su unico apretador es el DP correlacionado EXACTO de g=2 (proto_optg2exact, ya construido+validado bit-exact en S-optg2exact) MEDIDO intratable a n=32 (n=16=88s, proliferacion de tamanos de atomo, NO factor de hardware). Ninguna idea barata+valida de una iteracion baja 1.889114; el premio (~0.05 en g=2, gap->~0.82 la cola completa exacta) vive entero tras el coarsening-de-tamanos que solo SUBA el valor, track multi-sesion. NO keep, NO edit (sin numero menor NI construccion valida barata; solo el mapa afilado del muro).
e74d3a5	1.889114	0.579937	0.088055	1.609439	4.649851	11	0	19.975	pass	flat	S-opus48-boot2 FLAT (Opus 4.8, 2026-07-23, workspace e74d3a5 limpio, SIN edit): baseline 1.889114 reproducido LIVE (viol 0, tests pass, 19.7s, gates verdes). Revision independiente DESDE EL CODIGO VIGENTE (no memoria): upper_bound=min(U_PI,U_cell); en la insignia U_cell=sum_gg wg*min(gg,transcript_bound), cell_dp SUBSUMIDO (satura a gg post-cellfix) => techo insignia = LP conteo-de-transcripts 2.789911. Busque UNA idea distinta barata+valida y la falsee: (1) gg=2 cardinalidad afilada (credit-both exige el par exacto como pool-cero size<=2; #pools-size-2 testeados <= #nodos-arbol 364 < C(32,2)=496 => morderia) es INVALIDA: ignora la ruta dos-singletons (Case B) => el total valido re-excede 496 => vuelve a tb=2; shippearla arriesga invalid_bound a n=32 que la bateria n<=7 NO atrapa. (2) gg=2 exacto (hidden-pair belief DP) ya construido+validado (S-optg2exact) e intratable (n=16=88s). (3) union-sobre-tests/transcripts-con-probabilidad telescopia a g (S56). (4) info-relax/capacidad/relacional cerradas por teorema/contraejemplo. Todo angulo colapsa al COSTO DE LOCALIZACION que el LP de transcripts ignora, solo capturable por el DP de belief correlacionado intratable a n=32. Ninguna construccion barata+valida de una iteracion baja 2.789911. Carril AGOTADO en su optimo 1.889114; el premio (gap->~0.5) exige el build multi-sesion FUERA del carril (editar solver/certificates), con autorizacion humana. ADOPTA la senal de paro.
e74d3a5	1.889114	0.579937	0.088055	1.609439	4.649851	11	0	19.718	pass	flat	S-opus48-cardleafmap FLAT (Opus 4.8, 2026-07-23, workspace e74d3a5 limpio, SIN edit a laminar_cert): baseline 1.889114 reproducido LIVE (viol 0, tests pass, 19.7s, gates verdes; _CELL_GG_CAP=3 => cell_dp NO se computa, cota insignia = min(gg,transcript_bound) puro). Re-derivacion independiente DESDE EL CODIGO (no memoria): lei upper_bound/_u_cell/_transcript_bound completos. Confirmo la estructura vigente: en la insignia (unico ancla que fija el max; n>=64 gap ~0.58<<1.889) U_cell = sum_gg Bin(32,0.1)[gg]*min(gg, tb(gg)); cell_dp FIEL satura >=tb en TODO gg (=> subir _CELL_GG_CAP a 4 es value-preserving PERO puro slowdown 19.7s->~60s, NO keep: el score es gap no runtime). APORTE NUEVO (mapa de cardinalidad per-gg, afina S-configlimited/S-boot2 con la cota de leaf-count EXACTA (A+1)^B, no solo Z): gg=1 config-limited 63>=32 pero OPT=1 tight (1 limpio aislable en 6 count-tests entre 32); gg=2 config-limited 665>=496 Y ADEMAS (A+1)^B=729>=496 => incluso el arbol de decision MAS FINO posible (729 hojas) PUEDE full-creditear las 496 parejas => OPT_g(2)<2 es 100% PROBABILISTICO (localizacion), CERO holgura de cardinalidad: NINGUNA cota de conteo (Z, leaf-count, o cualquier refinamiento de la familia transcript) puede dar <2 en gg=2, solo el DP prob exacto (n=16 ya 88s); gg>=3 transcript-limited (Z<C(n,gg): 3367<4960) => tb MUERDE, y el residuo tb-OPT_g es costo de localizacion puro. Conclusion: TODO el slack movible de la insignia (gg=2 prob puro + gg>=3 localizacion) vive detras del OPT_g exacto correlacionado (proto_optg_merged, validado bit-exact 368 casos, MEDIDO intratable: n=16 g=2 = 88s => n=32 horas, proliferacion de tamanos de atomo, no factor de hardware). Ninguna idea barata+valida de una iteracion baja 1.889114 (27a+ confirmacion, ahora con el mapa de cardinalidad cerrado por leaf-count exacto). DECISION HUMANA sin cambio: (1) aceptar 1.889114 como techo certificado (separacion [1.61,4.65], +61% del ancla certificado por ambos lados a escala); o (2) autorizar el build multi-sesion FUERA del carril (comprimir la dimension de tamanos del DP exacto EDITANDO solver/certificates; premio gap 1.889->~0.5, sep_hi 4.65->~2.4). Carril barato+valido de una iteracion AGOTADO en su optimo {1.889114}.
e74d3a5	1.889114	0.579937	0.088055	1.609439	4.649851	11	0	19.856	pass	flat	S-opus48-tractgap FLAT (Opus 4.8, 2026-07-23, workspace e74d3a5 limpio, SIN edit): baseline 1.889114 reproducido LIVE (viol 0, tests pass, 19.6s, gates verdes). Bootstrap honesto (results.tsv+git log+codigo live) y pase de primeros principios; NO hallo idea distinta barata+valida. APORTE: (1) descomposicion tb per-gg exacta del techo insignia 2.789911 = SOLO transcript_bound (cell_dp FIEL satura >=tb en TODO gg, confirmado): contrib gg=2->0.4205(tb=2 VACUO),3->0.6233(2.668),4->0.6204(3.296),5->0.4828(4.123),6->0.2953(5.043),7->0.1451(6.005); gg>=8 ~0.08. (2) FRAMING NITIDO DEL MURO (candidato-a-lema): el intervalo [opt_g, tb) NO contiene NINGUNA cota valida tratable. Toda cota tratable es o >=g (familia info-relajacion; =tb-vacua en la capa top para g<=G, C1) o =tb (familia conteo-de-transcripts, que es su PROPIO maximo, probado+cross-g flat); el UNICO objeto valido estrictamente dentro es el belief-DP correlacionado EXACTO, intratable (proliferacion de tamanos, g=2 n=16=88s medido). => el residuo (costo de localizacion gg=2..7) es inalcanzable en el carril de una iteracion. (3) CONFIRMADO proto_optg2 (beam) es cota INFERIOR de opt_g (acciones restringidas) => UNSAFE de shippear (sumar un lower-bound arriesga caer bajo V* = invalid_bound). Pozo de ideas baratas+validas SECO; sin numero menor NI construccion valida barata => NO keep.
e74d3a5	1.889114	0.579937	0.088055	1.609439	4.649851	11	0	19.502	pass	flat	S-opus48-currentmap FLAT (Opus 4.8, 2026-07-23, workspace e74d3a5 limpio, SIN edit a laminar_cert). Baseline 1.889114 reproducido LIVE (viol 0, tests pass, ~20s, _CELL_GG_CAP=3 => cell_dp no se computa en insignia, cota = min(U_PI, sum_gg wg*min(gg,BG,transcript))). Re-derivacion independiente DESDE EL CODIGO. APORTE: descomposicion del techo insignia en la construccion VIGENTE (supera el mapa stale era-2.032726 de la docstring). Techo=2.789911; ahorro transcript vs gg trivial=0.410; residuo repartido gg=2..7: gg=2 contrib 0.4205 a valor 2.0 (transcript VACUO Z(6,2,1)=665>=C(32,2)=496 Y cell-reveal satura a 2.0 => doble-candado, pero OPT_g2~1.908 medido n=16 y cayendo => ~0.1+ premio); gg=3..7 transcript MUERDE (3->2.668, 4->3.296, 5->4.123, 6->5.043, 7->6.005) pero sigue ~2x OPT_g (costo de localizacion). VERIFICADO: cada termino gg ya usa min(gg,cap,tb,[cell_dp head]) => NO hay slack computacional (ningun termino usa un valor mas flojo que una cota valida barata disponible). Trilema re-confirmado: toda idea distinta barata+valida mapea a direccion cerrada (info-relaxation->g; transcript family LP-tight AGOTADA; capacidad/bits vacuas; V-hat aditiva->g; u_pen desacoplado>=U_PI; Lagrangian budget flat G=16; telescopio/m-monotonia/flip/concavidad/chord/secant FALSOS por no-monotonia en n; g=5 exacto 758s, gg=2 exacto n=16=88s intratable). El premio (gap->~0.5) vive ENTERO tras el DP de belief correlacionado comprimido, multi-sesion FUERA del carril. NO keep (sin numero menor ni construccion valida barata).
e74d3a5	1.889114	0.579937	0.088055	1.609439	4.649851	11	0	19.670	pass	flat	S-opus48-bitmargin FLAT (Opus 4.8, 2026-07-23, workspace e74d3a5 limpio, SIN edit): baseline 1.889114 reproducido LIVE (viol 0, tests pass, ~20s, gates verdes). Bootstrap honesto (results.tsv+git log workspace+CODIGO live: upper_bound=min(U_PI,U_cell); insignia U_cell=sum_gg wg*min(gg,tb), cell_dp subsumido con _CELL_GG_CAP=3). Re-derive el muro por primeros principios e INDEPENDIENTEMENTE llego al mapa de S-configlimited/cardleafmap. APORTE (cuantificacion INFORMACIONAL del candado gg=2, corrobora la cardinalidad 665>=496 por el lado de bits, no registrada antes en cifras): con el alfabeto CORRECTO min(G,gg)+1=3 el transcript de gg=2 lleva B*log2(3)=9.51 bits > log2(C(32,2))=8.95 nec => sobran ~0.56 bits => identificar la pareja limpia es info-suficiente => TODA cota de conteo da gg=2 (vacua); es el margen MAS AJUSTADO del head y explica por que 665>=496 (config-limited). Contraste: gg=5 lleva 6*log2(6)=15.51 bits < 17.62 nec (deficit 2.1 bits) => tb MUERDE (Z(6,5,1)=31031, capa top 0.154, tb=4.154). Confirmo el mecanismo de saturacion: en gg=5 las capas c=1..4 dan P(acred>=c)=min(1,Z*C(5,c)/C(32,c))=1 exacto; son costo de LOCALIZACION puro (P real <1 pero incapturable por conteo, solo por el DP correlacionado). Considere y descarte por mi cuenta DOS ideas antes de leer su cierre: (a) cross-gg joint LP compartiendo el presupuesto de transcripts -> pierde el alfabeto per-gg min(G,gg) (usa G+1 global) => no mejora; (b) credit-both por par-exacto size<=2 -> la ruta dos-singletons re-excede 496 (ya refutada S-boot2). Ninguna idea distinta barata+valida baja 1.889114; pozo SECO. NO keep, NO edit. ADOPTA la senal de paro S67+: el premio (gap->~0.5, sep_hi 4.65->~2.4) exige el DP de belief correlacionado comprimido (coarsening de tamanos que solo SUBA el valor), multi-sesion FUERA del carril (editar solver/certificates), con autorizacion humana.
e74d3a5	1.889114	0.579937	0.088055	1.609439	4.649851	11	0	20.121	pass	flat	S-opus48-livecodeverify FLAT (Opus 4.8, 2026-07-23, workspace e74d3a5 limpio, SIN edit a laminar_cert). Baseline 1.889114 reproducido LIVE (viol 0, tests pass, 20.5s, gates verdes). Bootstrap honesto DESDE EL CODIGO (lei upper_bound/_u_cell/_transcript_bound/dp end-to-end, no memoria). Construccion vigente confirmada: min(U_PI, U_cell); flagship U_cell=sum_gg Bin(32,0.1)[gg]*min(gg,BG,tb(gg))=2.789911; cell_dp NO se computa (_CELL_GG_CAP=3, satura a gg => subsumido). Verifique el candado del residuo movible = SOLO gg=2: tb(gg=2)=2 VACUO por el LP conjunto (A=min(G,2)=2, Zc=Z(6,2,1)=665, w=[16,496]; single-var x_2=min(1,665/496)=1 => val=2; two-var xj=649/480>1 skip) => NINGUN refinamiento de conteo-de-transcripts baja gg=2 de 2 porque 665>=496 (config-limited, corrobora S-configlimited). gg>=3 tb muerde pero ~2x OPT_g (localizacion pura). Trilema cerrado re-verificado desde impl: valid+tratable=>flojo (factorizado telescopia a g o es familia-transcript ya agotada); valid+tight=>intratable (belief correlacionado, gg=2 n=16=88s); tratable+tight=>invalido (single-cell<OPT_g, dp1<V*). NINGUNA idea distinta barata+valida de una iteracion queda sin refutar en el arbol S45-S69+. Pozo SECO confirmado por lectura de codigo live. El premio (gap->~0.5, sep_hi 4.65->~2.4) exige el belief DP correlacionado comprimido, multi-sesion FUERA del carril (editar solver/certificates), con autorizacion humana. NO keep (sin numero menor NI construccion valida barata). ADOPTA la senal de paro.
e74d3a5	1.889114	0.579937	0.088055	1.609439	4.649851	11	0	19.578	pass	flat	S-opus48-boot3flat FLAT (Opus 4.8, 2026-07-23, workspace e74d3a5 limpio, SIN edit a laminar_cert). Baseline 1.889114 reproducido LIVE (viol 0, tests pass, 19.6s, gates verdes). Bootstrap honesto (results.tsv+git log workspace+CODIGO live end-to-end: upper_bound=min(U_PI,U_cell); insignia U_cell=sum_gg wg*min(cell_dp,transcript_bound), tb MANDA todo gg, cell_dp subsumido). Revision independiente del espacio barato+valido: TODO cerrado con argumento citable (info-reveal telescopia a g S46/48/53; familia conteo-transcripts AGOTADA por LP conjunto; convexg/telescopio/m-monotonia/flip FALSOS por no-monotonia en n; V-hat aditiva/laminar=g teorema S48; Lagrangiana-presupuesto plana BG>>g; DP correlacionado exacto correcto pero superexp n=16g2=88s). APORTE NUEVO: verifique INDEPENDIENTEMENTE que la insignia es el UNICO binder derivando la familia ancla — fam_* usan q=1/(lg*G) => E[#limpios]=kG*q=1 (gap chico), solo la insignia q=0.1 => E[#limpios]=3.2 carga el residuo; ningun ancla de n menor es target tratable mas barato. El residuo vive EXACTO en gg=2..7 de la insignia (n=32), doblemente candado, apretador unico = DP correlacionado comprimido (o un coarsening de tamanos PROVABLEMENTE value-raising), multi-sesion+correctness-critical. NO keep: sin numero menor ni construccion barata+valida; forzar edit seria overfit de la bateria o certificado invalido a n=32 (pecado capital). Carril barato+valido AGOTADO en 1.889114.
e74d3a5	1.889114	0.579937	0.088055	1.609439	4.649851	11	0	20.852	pass	flat	S-opus48-decompverify FLAT (Opus 4.8, 2026-07-23, workspace e74d3a5 limpio, SIN edit a laminar_cert). Baseline 1.889114 reproducido LIVE (viol 0, tests pass, 22.1s, gates verdes). Bootstrap honesto: results.tsv + git log workspace + LECTURA COMPLETA del codigo (1688 lineas: upper_bound=min(U_PI,U_cell); flagship U_cell=sum_gg Bin(32,0.1)[gg]*min(gg,BG,tb(gg)), cell_dp subsumido con _CELL_GG_CAP=3 porque el fiel satura >=tb). APORTE VERIFICADO POR MI (no memoria): reproduje EXACTO la descomposicion per-gg del techo insignia 2.789911 (LB 0.965663 => gap 1.889114) importando el modulo vivo: gg=2 tb=2.0 VACUO (slack_vs_trivial=0), contrib 0.4205; gg=3..7 tb MUERDE (slack_vs_trivial 0.078/0.132/0.103/0.056/0.024, i.e. tb<gg) pero sigue ~2x OPT_g. Confirma el candado gg=2 config-limited (Z(6,2,1)=665>=C(32,2)=496) por calculo propio, no cita. Re-derive el espacio barato+valido por primeros principios; TODO cerrado con argumento citable o pared medida: relacionales (telescopio/flip/m-mono/concavidad/chord/secant/n-shrink) FALSOS por no-monotonia en n; capacidad/bits vacuos (24.5>17.6); V-hat aditiva->g; u_pen desacoplado->>=U_PI; familia transcript LP-tight (joint LP=max de la familia); DP correlacionado exacto validado bit-exact (proto_optg_merged) pero INTRATABLE (n=16 g=2=88s, proliferacion de tamanos de atomo). NINGUNA idea de una-iteracion baja 1.889114. CORRECCION DE FRAMING (aporte no redundante): el DP de belief correlacionado comprimido PODRIA vivir DENTRO de laminar_cert.py (se puede importar del workspace y escribir lo que sea alli; NO exige editar solver/certificates protegidos). Lo que realmente falta NO es autorizacion de permisos sino el COARSENING de la dimension de TAMANOS de atomo provablemente value-raising (el problema abierto que la propia nota exactdp nombra) — build multi-sesion correctness-critical (un DP erroneo = certificado invalido a n=32 que la bateria n<=7 NO atrapa). NO keep, NO edit: sin numero menor NI construccion valida barata de una iteracion; forzar un DP correctness-critical bajo el gate 60s y shippearlo como certificado seria imprudente. Carril barato+valido de una iteracion AGOTADO en 1.889114.
e74d3a5	1.889114	0.579937	0.088055	1.609439	4.649851	11	0	20.281	pass	flat	S-opus48-idconfirm FLAT (Opus 4.8, 2026-07-23, workspace e74d3a5 limpio, SIN edit). Baseline 1.889114 reproducido LIVE (viol 0, tests pass, 20.3s, gates verdes). Bootstrap honesto: results.tsv + git log + LECTURA del codigo (upper_bound=min(U_PI,U_cell); _transcript_bound es por prueba in-code el MAXIMO de toda la familia conteo-de-transcripts, no una relajacion). APORTE NUEVO (reduccion + handle mas afilado, no re-dump del muro): (1) REDUCCION del canal: un conteo sobre pool P revela |P interseccion limpios| EXACTO (count=|P|-|P cap clean|, |P| publico) => el canal ENTERO es 'busca el conjunto limpio via queries de tamano-de-interseccion; credita i solo via un pool count-0 que lo contenga, lo que fuerza P subset clean => |P|<=2'. Confirma que el residuo es costo de LOCALIZACION y que el unico objeto en [OPT_g, tb) es el belief DP correlacionado exacto (estado = particion de tamanos de atomo, prolifera; intratable medido n=16 g=2=88s). (2) HANDLE mas limpio que (A+1)^B=729>=496: para gg=2 identificar cual de C(32,2)=496 parejas es limpia exige 6 queries ternarias (3^5=243<496<=729=3^6) => la IDENTIFICACION sola consume TODO el presupuesto, dejando 0 queries para CONFIRMAR un miembro en un pool count-0 => prueba nitida de OPT_g(2)<2, pero NO da cota barata valida <2 (reduce al mismo arbol exacto). Toda idea distinta mapea a direccion cerrada o al DP intratable/correctness-critical; una politica heuristica seria cota INFERIOR (unsafe, riesgo invalid_bound a n=32 que la bateria n<=7 NO atrapa). NINGUNA idea barata+valida de una iteracion baja 1.889114. NO keep, NO edit (forzarlo = overfit bateria o certificado invalido = pecado capital). Carril barato+valido AGOTADO; premio (gap->~0.5) exige el belief DP correlacionado comprimido, multi-sesion.
e74d3a5	1.889114	0.579937	0.088055	1.609439	4.649851	11	0	21.428	pass	flat	S-opus48-g2threshold FLAT (Opus 4.8, 2026-07-23, workspace e74d3a5 limpio, SIN edit al carril). Baseline 1.889114 reproducido LIVE (viol 0, tests pass, 22.6s, gates verdes). 14a revision independiente consecutiva sin idea barata+valida que mueva la insignia; NO reabre direccion cerrada. Bootstrap honesto (results.tsv + git log workspace + LECTURA del codigo vigente: upper_bound=min(U_PI, U_cell); U_cell=sum_gg wg*min(cell_dp[gg<=3], transcript_bound) head y min(gg,BG,transcript_bound) cola). Verifique de primeros principios el muro por CADA eje (info-relajacion=g trivial; relaciones dp(n,g) FALSAS por no-monotonia en n; transcript-family = joint LP es su MAXIMO; u_pen desacoplado>=U_PI; budget-price plano BG=96>>g) y coincide con S45-S69. APORTE NUEVO para el wall-map (no en el log): la vacuidad transcript del residuo gg=2 tiene UMBRAL EXACTO en n. tb(n,2) muerde gg=2 sii C(n,2) > Z(B,2,1)=3^B-2^B; en B=6 eso es Z=665, y C(n,2)>665 <=> n>=37 (C(37,2)=666). La insignia n=32 esta JUSTO por debajo del umbral (C(32,2)=496<665) => gg=2 es el termino de cabeza unicamente candado EN LA INSIGNIA por un margen de 5 personas; anclas mayores (n>=37) cruzan el umbral y tb aprieta gg=2 (ya se aplica en el codigo para todo gg), pero su gap es menor y no manejan el max. Explica ESTRUCTURALMENTE por que n=32 es el caso duro de gg=2. Sin keep: sin numero menor ni construccion valida barata; el residuo gg=2 (peso 0.21, OPT_g2<2 medido) solo lo aprieta el DP correlacionado exacto, intratable a n=32 (88s a n=16), track multi-sesion fuera del carril.
e74d3a5	1.889114	0.579937	0.088055	1.609439	4.649851	11	0	23.006	pass	flat	S-opus48-freshwall FLAT (Opus 4.8, 2026-07-23, workspace e74d3a5 limpio, SIN edit). Baseline 1.889114 reproducido LIVE (viol 0, tests pass, 23.1s, gates verdes). Diagnostico por-gg del techo insignia (2.789911 = sum wg*min(gg,cap,tb), TODO tb-dominado): slack en gg=2 (contrib 0.421, tb=2 VACUO=doble-candado), gg=3 (0.623, tb 2.668 muerde), gg=4 (0.620, tb 3.296), gg=5 (0.483); todo el residuo hacia el premio ~0.5 es costo de localizacion tras el opt_g EXACTO intratable. TRES cierres NUEVOS no registrados explicitos en el log (cada uno cierra una tentacion fresca, no re-deriva el muro): (1) COTA-MIXTURA-SIN-REVELAR-gg: la cota de conteo-de-transcripts aplicada a la MEZCLA (sin condicionar en gg) via layer-cake P(#acred>=c)<=min(1,Z(B,G,ceil(c/G))*pg^c) da 6.82 >> 2.79 per-gg. Revelar gg es CASI GRATIS aqui (gg concentrado y pequeno, pg=0.1) y habilita la normalizacion C(n,gg) que hace fuerte a tb; NO revelar gg lo empeora. Cierra 'no revelar gg para apretar'. (2) DP-INTERLEAVE-tb (clampear nodos INTERIORES del cell-reveal DP con transcript_bound(state)): INVALIDO — tb acota real-opt SOLO en la raiz, no en estados interiores post-reveal del juego cell-reveal (donde tb puede caer bajo el valor cell-reveal, ya que en la raiz tb<cell_dp a veces); interleaving rompe la cadena >=cell-reveal-opt y no garantiza >=real-opt. Cierra la hibridacion tentadora tb-dentro-del-DP. (3) g=2 REVELAR-UN-LIMPIO: relajacion valida pero VACUA (=2) porque quita la restriccion de presupuesto COMPARTIDO (deja gastar los B tests en el otro limpio: opt_g1(31,6,16)=1 => 1+1=2). La vacuidad de tb(2)=2 es porque C(32,2)=496 <= Z(6,2,1)=665 (hay transcripts de sobra para full-credit a todos); apretar exige el arbol/DP (un test 2-cero identifica el par UNICO => contar bien = estructura de arbol = DP). CONCLUSION: el carril barato+valido esta en su optimo demostrado (1.889114); ninguna idea de una-iteracion lo mueve. Adopta la senal de paro S67+: el premio (gap ~0.5, sep_hi 4.65->~2.4) vive ENTERO tras el build multi-sesion opt_g EXACTO (compresion de tamanos de atomo que solo SUBA el valor), correctness-critical, FUERA del carril, con autorizacion humana.
e74d3a5	1.889114	0.579937	0.088055	1.609439	4.649851	11	0	22.105	pass	flat	S-opus48-boot2 (2026-07-23, workspace e74d3a5 limpio, SIN edit): baseline 1.889114 reproducido LIVE (violations 0, tests pass, gates verdes, 22.5s). Revision independiente DESDE EL CODIGO (no memoria) + descomposicion por gg del techo insignia (n=32,B=6,G=16): tb=_transcript_bound MANDA en TODO gg; residuo = gg=1 (tb=gg pero OPT_g=1 EXACTO, sin holgura) y gg=2 (DOBLE-CANDADO: info-relajacion vacua p/g<=G, y Z(6,2,1)=665>=C(32,2)=496 => tb=2.0 sin mordida; OPT_g2<2 solo por costo de localizacion, intratable). tb YA muerde gg>=3 (2.668,3.296,4.123...) y es LP-tight en la familia conteo-de-transcripts (prueba S-tbfloor), ~2x flojo vs OPT_g intratable. Ninguna idea distinta barata+valida: todo frente one-iteration cerrado por contraejemplo o teorema (info-relajacion->g; Z no-bajable; cell_dp satura a gg con G=16; telescopio/m-monotonia/flip/concavidad/chord/secant FALSOS por no-monotonia en n; capacidad/bits=g por BG=96>>g; single-cell/dp1/particion-gruesa <V*; V-hat aditiva=g; u_pen desacoplado>=U_PI; subaditividad-en-B FALSA). Todo <tb exige el DP de belief correlacionado EXACTO (opt_g), intratable a n=32 (g=2 ya 88s a n=16). Carril barato+valido AGOTADO en 1.889114; premio (gap->~0.5) tras build multi-sesion FUERA del carril con autorizacion humana. Confirmacion independiente consecutiva; ADOPTA la senal de paro.
e74d3a5	1.889114	0.579937	0.088055	1.609439	4.649851	11	0	22.019	pass	flat	S-opus48-firstprinciples FLAT (Opus 4.8, 2026-07-23, workspace e74d3a5 limpio, SIN edit a laminar_cert). Baseline 1.889114 reproducido LIVE desde el CODIGO vigente (no memoria): viol 0, tests pass, 21.9s, gates verdes. Lei upper_bound/_u_cell/dp/_transcript_bound end-to-end: min(U_PI,U_cell); insignia U_cell=sum_gg Bin(32,0.1)[gg]*min(gg,BG,tb(gg)); _transcript_bound es POR PRUEBA IN-CODE el maximo de TODA la familia conteo-de-transcripts (LP conjunto cross-capa, forma cerrada por vertices g<=G). Busqueda independiente de primeros principios de UNA idea barata+valida distinta; TODO angulo colapsa a direccion cerrada o al DP intratable: (1) marginal rho(g) (dp=g*rho, rho=P(un limpio fijo acreditado)) -> apretar rho<tb/g ES el belief DP correlacionado; (2) union-sobre-queries (#cred=|union pools-cero|<=min(gg,BG)) -> telescopia a g (S56); (3) revelar-un-limpio gg=2 -> 1+opt_g1(31,6,16)=2 VACUO (quita presupuesto compartido); (4) info-teorico del par gg=2 -> 9.51 bits > 8.95 nec => config-limited => NINGUNA cota de conteo muerde (muro 665>=496); (5) DP exacto gg=2-especializado -> construido+bit-exact+MEDIDO intratable (n=16=88s, superexp en tamanos de atomo). APORTE FRESCO: el score es SINGLE-ANCHOR-BOUND (gap_anchor_med 0.58 << 1.889114) => ningun ancla no-insignia puede mover el max; el lever ENTERO es el residuo de localizacion gg=2..7 de la insignia, amurallado a toda cota barata+valida. NO keep (sin numero menor NI construccion valida barata; forzar edit = overfit bateria o certificado invalido a n=32 = pecado capital). Carril barato+valido de una iteracion AGOTADO en 1.889114; el premio (gap->~0.5, sep_hi 4.65->~2.4) exige el belief DP correlacionado con coarsening de tamanos provablemente value-raising, multi-sesion correctness-critical, con decision/autorizacion humana. ADOPTA la senal de paro.
e74d3a5	1.889114	0.579937	0.088055	1.609439	4.649851	11	0	19.938	pass	flat	S-opus48-crossgjoint FLAT (Opus 4.8, 2026-07-23, workspace e74d3a5 limpio, SIN edit a laminar_cert). Baseline 1.889114 reproducido LIVE (violations 0, tests pass, 19.7 s, flagship domina el max; anclas fam_G* tienen E[#clean]~1 => termino gg=1 tight, gap med 0.58). Lei el codigo vigente entero + registro S45-exactdp y re-derive el muro. APORTE NUEVO (cierre con numeros, no en el log): la cota CROSS-g SIN revelar g. E[#accred]=sum_c P(|CS|>=c); fijando politica determinista y contando transcripts bajo la medida Bernoulli VERDADERA (sin reveal-g) da P(|CS|>=c)<=min(1,P(#clean>=c),Z(B,G,ceil(c/G))*q^c) — cota VALIDA de OPT_true directa. Medido en la insignia = 3.199795 (~=U_PI=3.2), PEOR que el per-g reveal-g 2.789911. Razon: sin revelar g el alfabeto de conteo es A=G=16 (no min(G,g)), Z(6,16,.) es enorme y el cap q^c solo muerde en c>=10 (contrib ~1e-3); los caps P(#clean>=c) mandan y suman E[#clean]=3.2. => el SHARING cross-g de transcripts NO compensa perder el refinamiento de alfabeto A=min(G,g), que EXIGE revelar g. Cierra una direccion tentadora (compartir presupuesto de transcripts entre g) no registrada. gg=2 re-confirmado relajacion-locked por instancia de C1: revelar la identidad de UN limpio (info-relajacion, sube OPT) da 1+OPT_1(n-1)=1+1=2 (vacuo, un limpio siempre se aisla). Solo el opt_g EXACTO (ya construido+validado bit-exact en exactdp, intratable n=32: n=16=88s, explosion de tamanos de atomo) mueve gg=2..7; su unico apretador barato seria un coarsening de tamanos que PROVABLEMENTE suba el valor — correctness-critical, FUERA del carril, exige autorizacion humana. NO keep: sin numero menor ni construccion valida barata. 26a confirmacion consecutiva del muro.
e74d3a5	1.889114	0.579937	0.088055	1.609439	4.649851	11	0	20.121	pass	flat	S-opus48-baseverify FLAT (Opus 4.8, 2026-07-23, workspace e74d3a5 limpio, SIN edit a laminar_cert). Baseline 1.889114 reproducido LIVE (viol 0, tests pass, 20.0s, gates verdes). Bootstrap honesto: results.tsv + git log workspace + LECTURA COMPLETA del codigo (docstring 942 lineas S45-cellfix + _transcript_bound + _u_cell + upper_bound). VERIFICACION PROPIA (no memoria): reproduje la descomposicion per-gg del techo insignia importando el modulo vivo — gg=1 tb=1.0 TIGHT (OPT=1), gg=2 tb=2.0 DOBLE-CANDADO (Z(6,2,1)=665>=C(32,2)=496 => transcript vacuo; cell_dp SATURA a 2.0 tras el cellfix => cell_dp SUBSUMIDO en la insignia, todo tb-driven), gg=3 tb=2.668 muerde, gg>=4 tb muerde; residuo = costo de localizacion gg=2..7. Confirmado: upper_bound=min(U_PI, sum wg*min(cell_dp[gg<=3], tb, gg, BG)) con cell_dp irrelevante en la insignia (G=16 => cell-reveal perfecto). Ambas familias de cotas baratas AGOTADAS: cell-reveal = singleton {U_cell} valido factorizado (S65); conteo-de-transcripts = joint LP es el MAXIMO de la familia por identidad exacta (S-jointlp), ~2x flojo vs OPT_g pero sin refinamiento barato. Todo atajo relacional dp(n,g) FALSO por no-monotonia en n (telescopio/flip/m-mono/concavidad/chord/secant); capacidad/bits vacuos (24.5>17.6); V-hat aditiva=g; u_pen desacoplado>=U_PI; g=5 exacto ~758s>>60s; hardcode prohibido. NINGUNA idea barata+valida de una iteracion baja 1.889114 (verificado por mi + 30 sesiones). NO keep, NO edit (forzarlo=overfit bateria o certificado invalido a n=32=pecado capital). ADOPTO la senal de paro S67-boot: el premio (gap->~0.5, sep_hi 4.65->~2.4) vive ENTERO tras el belief DP correlacionado comprimido (opt_g exacto, intratable n=16=88s, correctness-critical), build multi-sesion FUERA del carril con autorizacion humana.
e74d3a5	1.889114	0.579937	0.088055	1.609439	4.649851	11	0	20.287	pass	flat	S-opus48-headcard FLAT (Opus 4.8, 2026-07-23, laminar_cert SIN edit, gap 1.889114 reproducido LIVE en 19.8s -- ~2.4x mas rapido que S49/S51 ~48s, ~40s de holgura bajo la puerta 60s). Revision independiente desde el codigo vigente + registro S45-cellfix. DESCOMPOSICION FLAGSHIP FRESCA verificada: techo=2.78985 ENTERO transcript-driven; cell_dp SATURA a gg y NUNCA muerde el min en la insignia (gg=3 cell_dp=3.0 > tb=2.668). Slack por gg: gg3=0.623, gg4=0.620, gg5=0.483, gg2=0.421 contrib -- todo COSTO DE LOCALIZACION que solo el OPT_g correlacionado (intratable) captura. HEADROOM DE COMPUTO NO desbloquea lever valido: (a) _CELL_GG_CAP 3->4 = gg=4 fiel satura a 4.0 > tb 3.296 => VALUE-PRESERVING (identico 1.889114), no gap; (b) opt_g2 exacto insignia = horas (n=16 ya 88s); (c) g=5 exacto 758s. IDEA NUEVA PROBADA A MUERTE (no en notas previas): sharpening por CARDINALIDAD-DE-POOLS-TESTEABLES para gg=2 (donde tb=2.0 vacuo, Z(6,2,1)=665>=C(32,2)=496). Un arbol ternario prof-6 testea <=364 pools distintos (nodos internos) < 496 => la ruta de credito por UN solo zero-pool {i,j} tamano-2 esta acotada por 364 y MORDERIA. PERO el credito full de gg=2 tambien ocurre via DOS zero-pools singleton {i},{j}, ruta que la cardinalidad-de-pools NO acota => sin cota airtight < 2.0, solo numero-sin-teorema (prohibido por regla de keep, misma clase que chord/telescopio refutados S45/secant). Confirmado: transcript-LP sigue siendo el max de la familia conteo-de-transcripts, cell-reveal es singleton, trilema intacto. 26a confirmacion; ADOPTA la senal de paro S67-S80: el carril de una-iteracion esta AGOTADO en 1.889114; el premio (gap ~0.5) vive tras el build multi-sesion de belief correlacionado comprimido (opt_g exacto real-channel, proto_optg_merged ya existe+validado) FUERA del carril, con autorizacion humana.
e74d3a5	1.889114	0.579937	0.088055	1.609439	4.649851	11	0	19.918	pass	flat	S-opus48-optg2c (2026-07-23, e74d3a5 limpio): baseline 1.889114 reproducido LIVE (gates verdes, viol 0, tests pass, 20s). Ataque DIRECTO al residuo gg=2 doble-candado con una idea DISTINTA no registrada: DP 2-TIPOS A(M)/B(P,Q) (proto_optg2c) para opt_g(n,2) que enumera pools CRUZA-ATOMO pero en el outcome ambiguo s=1 REVELA de que atomo salio cada limpio (separa (TP,~TQ) de (~TP,TQ)) => belief se mantiene 2-tipo y ESCALA a n=32 en 0.12s. Es RELAJACION DE INFO valida (revelar-cual-atomo solo SUBE el valor): verificado >= brute-force opt_g en los 38 casos donde difiere (n<=8, diff SIEMPRE >0, nunca por debajo). PERO VACUO en la insignia: opt_g2c(32,2,6,16)=2.000000 EXACTO => no muerde, gap SIN cambio. WITNESS CONCRETO DEL TRILEMA A gg=2 (primero tratable-a-n=32, cierra con NUMERO lo que C1/cell-reveal solo cerraba en teoria): computé AMBOS lados a B=6,G=16 -> reveal-relaxed(2-tipo)=2.0 en n=8/12/16; exacto mixture-keeping(support-set proto_optg2exact)=2.0 en n=8/12 y 1.908333 en n=16 (premio real aparece a n=16, coincide con S-exactdp). => tratable(2-tipo)<=>revelar-cual-atomo<=>telescopia a 2; tight(<2)<=>mantener la MEZCLA de los dos placements bajo s=1<=>proliferacion de tamanos de atomo<=>intratable (n=16=88s -> horas a n=32). NO hay punto medio: la reveal que hace el belief 2-tipo es EXACTAMENTE la que lo vuelve vacuo. El premio gg=2 (exacto ~1.908 a n=16 y cayendo) vive ENTERO tras el belief correlacionado-sin-revelar, intratable a n=32. NO keep (flagship=2, sin numero menor). 26a confirmacion del optimo barato+valido 1.889114; el avance real sigue multi-sesion fuera del carril.
e74d3a5	1.889114	0.579937	0.088055	1.609439	4.649851	11	0	20.042	pass	flat	S-opus48-identifyvscredit FLAT (Opus 4.8, 2026-07-23, workspace e74d3a5 limpio, SIN edit a laminar_cert). Baseline 1.889114 reproducido LIVE (viol 0, tests pass, 19.9s, gates verdes). Bootstrap honesto: results.tsv + git log workspace + LECTURA COMPLETA del codigo vigente (upper_bound=min(U_PI, sum_gg wg*min(gg,cap,tb,cell_dp)); tb=_transcript_bound LP-conjunto; cell_dp SUBSUMIDO en insignia post-cellfix). 15a+ revision independiente consecutiva sin idea barata+valida que mueva la insignia; NO reabre direccion cerrada. APORTE NUEVO (framing del residuo del head, no otro contraejemplo): el hueco gg=2 doble-candado es la BRECHA IDENTIFY-vs-CREDIT. Con gg<=G un solo pool = el conjunto limpio da conteo 0 y acredita los gg de golpe (C1) => toda cota de info/conteo satura en gg; en la insignia tb=2 porque Z(6,2,1)=665>=C(32,2)=496 (la INFO alcanza para IDENTIFICAR el par limpio). PERO ACREDITAR exige ademas gastar un test en un zero-pool del par YA localizado, y todo transcript/info-bound mapea IDENTIFICAR y ACREDITAR al MISMO conteo de simbolos-cero => ninguna cota barata los separa. Esa separacion es exactamente opt_g<gg (medido n=16 gg=2 -> 1.908, intratable a n=32, ~horas). Corrobora por un angulo nuevo el singleton {tb,U_cell} y el trilema: el residuo del carril es COSTO DE LOCALIZACION puro. ADOPTA la senal de paro S67-Opus48boot: loop de una-iteracion AGOTADO; el premio (gap ~0.5, sep_hi 4.65->~2.4) vive tras el build multi-sesion de belief correlacionado comprimido (opt_g exacto con coarsening de tamanos que solo SUBA el valor / u_pen sup interno EXACTO), FUERA del carril seguro y con autorizacion humana explicita.
e74d3a5	1.889114	0.579937	0.088055	1.609439	4.649851	11	0	23.693	pass	flat	S-opus48-prizemapverify FLAT (Opus 4.8, 2026-07-23, workspace e74d3a5 limpio, SIN edit a laminar_cert). Baseline 1.889114 reproducido LIVE (viol 0, tests pass, ~20s, gates verdes). Bootstrap completo: results.tsv + git log workspace + LECTURA end-to-end del codigo vigente (upper_bound=min(U_PI, sum_gg wg*min(gg,BG,tb,cell_dp)); tb=_transcript_bound LP-conjunto; cell_dp SUBSUMIDO en insignia post-cellfix). APORTE VERIFICADO (mapa de premio per-gg, numeros propios importando el modulo vivo): el techo insignia 2.78991 se descompone y el residuo de localizacion NO esta en la cola sino en el HEAD-medio: gg=2 tb=2.000 EXACTO (Z(6,2,1)=665>=C(32,2)=496 => contar-transcripts solo ve DISTINGUIBILIDAD, no acreditacion => vacuo; opt_g(32,2)~1.87 es puramente PROBABILISTICO, invisible a toda cota de conteo), gg=3 tb=2.668, gg=4 tb=3.296, gg=5 tb=4.123, gg=6 tb=5.043 (ya muerden por el refinamiento alfabeto A=min(G,g)+LP; corrige el texto stale 'gg=5,6,7 info-suficiente' del docstring pre-galphabet). Busque de primeros principios UNA idea barata+valida distinta; TODAS ya refutadas en las 6 sesiones previas: DP gg=2-especializado 2-tipo (optg2c) = 2.0 vacuo cuando tratable / 1.908 intratable a n=32; cardinalidad-de-pools (headcard) no acota la ruta dos-singletons; cross-g sin revelar g (crossgjoint) = 3.20 peor. El unico lever (opt_g exacto correlacionado) es correctness-critical e intratable a n=32 (n=16=88s), FUERA del carril. NO keep, NO edit (forzarlo=overfit bateria o certificado invalido=pecado capital). 27a confirmacion del optimo barato+valido 1.889114; ADOPTA la senal de paro S67: el premio (gap->~0.5, sep_hi 4.65->~2.4) exige el build multi-sesion con autorizacion humana.
e74d3a5	1.889114	0.579937	0.088055	1.609439	4.649851	11	0	39.048	pass	flat	S-opus48-headtrivial FLAT (Opus 4.8, 2026-07-23, workspace e74d3a5 limpio, SIN edit a laminar_cert). Baseline 1.889114 reproducido LIVE (viol 0, tests pass, gates verdes, 39.2s). Revision independiente DESDE EL CODIGO + DESCOMPOSICION POR-gg del techo insignia 2.789911: contribuciones wg*used = gg2:0.4205(tb=2 TRIVIAL), gg3:0.6232(tb=2.668), gg4:0.6204(tb=3.296), gg5:0.4828(tb=4.123), gg6:0.2953, gg7:0.1451. HALLAZGO NUEVO: gg=2 es el MAYOR termino NO-reducible del techo — tb(gg=2)=2 trivial porque Z(6,2,1)=665 > C(32,2)=496 (bits sobran para distinguir los 496 pares => la cota conteo-de-transcripts es EXACTA en g, no floja; NO es slack capturable). El unico objeto mas ajustado que tb en gg<=3 es OPT_g EXACTO real-channel; MEDIDA PROPIA n=32 esta sesion (proto_optg_merged, no extrapolada): opt_g(32,2,6,16) Y opt_g(32,3,..) ambos TIMEOUT >55s => infeasibles bajo puerta 60s (confirma directo la pared exactdp que S-exactdp solo midio a n=16=88s). SINTESIS: transcript-family exhausta (LP=max familia, S-jointlp), head gg<=3 exacto intratable, y gg=2 fijado en trivial por bits-suficientes => NO hay idea barata+valida de una iteracion. Cota SIN cambio; el premio restante (gg=2..7, costo de localizacion) vive entero tras el belief DP correlacionado comprimido (multi-sesion).
e74d3a5	1.889114	0.579937	0.088055	1.609439	4.649851	11	0	39.885	pass	flat	S-opus48-sesion2-identifyconfirm FLAT (Opus 4.8, 2026-07-23, workspace e74d3a5 limpio, SIN edit a laminar_cert). Baseline 1.889114 reproducido LIVE desde el CODIGO vigente (viol 0, tests pass, 39.5s, gates verdes). Bootstrap honesto: results.tsv + git log workspace + LECTURA end-to-end del codigo (upper_bound=min(U_PI, U_cell); U_cell=sum_gg wg*min(dp_cellreveal, tb); tb=_transcript_bound LP-conjunto alfabeto-A=min(G,g), maximo probado de la familia conteo-de-transcripts; en la insignia tb MANDA para todo gg -> techo 2.789911). Descomposicion per-gg verificada: gg2:0.42(tb=2 TRIVIAL/doble-candado), gg3:0.62, gg4:0.62, gg5:0.48, gg6:0.30, gg7:0.15 -- todo gg>=3 ya es el LP maximo de la familia; residuo = gg=2. ANGULO FRESCO trabajado esta sesion (no un contraejemplo mas): IDENTIFY-vs-CONFIRM como tightening barato de la capa sigma=2. Bajo gg=2 un query conteo-0 testea un pool subconj-limpio (tamano<=2); acreditar AMBOS exige (a) un cero sobre el par exacto {c1,c2} o (b) dos ceros singleton {c1},{c2}. La cota vigente cuenta TODO transcript con >=1 cero: Z(6,2,1)=3^6-2^6=665 >= C(32,2)=496 => sin mordida (trivial 2). HIPOTESIS: la capa sigma=2 SOBRECUENTA porque un transcript con UN solo cero-singleton solo acredita s=1 => #{|CS|>=2} podria ser probablemente < 496. COLAPSA (y por que es airtight): el cero sobre el par-pool {i,j} IDENTIFICA y CONFIRMA en el MISMO query => no hay split de presupuesto explotable combinatoriamente; la condicion necesaria '>=1 cero' es tight y NO se puede reforzar a '>=2 ceros' (existe el par-pool). El muro real opt_g(32,2)<2 (medido ~1.908 a n=16, cayendo) es ADAPTATIVO-PROBABILISTICO (costo de no saber que par testear), invisible al conteo-de-transcripts precisamente porque 665>=496 deja transcripts abstractos de sobra. => el unico apretador sigue siendo el belief DP correlacionado, intratable a n=32 (medido n=16=88s), FUERA del carril de una iteracion. Es una re-derivacion RESPALDADA-POR-MEDIDA del doble-candado C2, no una cota barata nueva. NINGUNA idea barata+valida de una iteracion baja 1.889114. NO keep, NO edit (forzarlo=overfit bateria n<=7 o certificado invalido a n=32=pecado capital). ~31a confirmacion del optimo barato+valido; ADOPTO la senal de paro: el premio (gap->~0.5, sep_hi 4.65->~2.4) vive tras el build multi-sesion de belief correlacionado comprimido (coarsening de tamanos value-raising / u_pen sup interno exacto) con autorizacion humana.
e74d3a5	1.889114	0.579937	0.088055	1.609439	4.649851	11	0	20.055	pass	flat	S-opus48-achievgap FLAT (Opus 4.8, 2026-07-23, workspace e74d3a5 limpio, SIN edit a laminar_cert). Baseline 1.889114 reproducido LIVE (viol 0, tests pass, 40.7s, gates verdes). Bootstrap honesto: results.tsv + git log workspace + LECTURA end-to-end del codigo vigente (upper_bound=min(U_PI,U_cell); U_cell=sum_gg wg*min(cell_dp[head]/gg,BG[tail], _transcript_bound); tb=LP-conjunto, maximo probado de la familia conteo-de-transcripts; en la insignia tb MANDA para TODO gg -> techo 2.789911). APORTE FRESCO (identidad combinatoria airtight, mas limpia que los argumentos previos S61/headcard): IDENTIDAD HOJA=TRANSCRIPT. Para toda politica determinista prof-B, dos configs que llegan a la MISMA hoja comparten transcript => comparten el conjunto acreditado CS (CS es funcion determinista del transcript); dos configs FULL-credit tienen CS=su set limpio => ocupan hojas DISTINTAS. Un nodo cuyo pool contiene <=A=min(G,g) limpios tiene <=A+1 resultados => <=(A+1)^B hojas. Luego #(configs full-credit) <= (A+1)^B = el conteo de transcripts EXACTO. Insignia gg=2: (2+1)^6=729 >= 496=C(32,2) => cada par cabe en su propia hoja => cota de conteo = 2.0 EXACTO, vacua (verificado en-codigo tb(32,2)=2.0). COROLARIO (dicotomia citable, framing nuevo): el residuo gg=2 es una BRECHA DE ACHIEVABILITY, no de conteo. TODA cota superior valida derivada de contar transcripts/hojas distinguibles es una cota de CONDICION NECESARIA ('hay hojas suficientes para colocar cada par por separado') y vale 2 siempre que (A+1)^B>=C(n,g) — lo que se cumple en la insignia. El verdadero opt_g(32,2)<2 (medido ~1.908 a n=16) es una propiedad de SUFICIENCIA: existe UNA politica prof-6 cuyas hojas de hecho cubran los limpios de cada par con zero-pools? El conteo es estructuralmente ciego a eso; solo el DP lo mide. SUBSUME headcard (pair-route 364 / singleton-route / leaf-count 729 fallan TODAS en romper 2 porque son TODAS cotas de colocacion/condicion-necesaria, y la colocacion es factible 729>=496); explica por que el doble-candado C1(info-relajacion trivial)+C2(transcript vacuo) NO es coincidencia: ambos son cotas de conteo/relajacion, incapaces de ver achievability. La restriccion que ata es la EXISTENCIA de politica = exactamente el DP correlacionado intratable (proto_optg2c tratable=2.0 vacuo <=> revela atomo; proto_optg2exact tight=1.908 <=> mantiene mezcla <=> n=16=88s => horas a n=32). NO keep: la identidad PRUEBA que ninguna cota barata de conteo baja de 2 en gg=2 (no hay numero menor ni construccion valida nueva; forzar edit=overfit o certificado invalido=pecado capital). ~19a confirmacion consecutiva del optimo barato+valido 1.889114; el premio (gap->~0.5, sep_hi 4.65->~2.4) vive ENTERO tras el belief DP correlacionado comprimido (compresion de tamanos de atomo value-raising), multi-sesion FUERA del carril con autorizacion humana.
e74d3a5	1.889114	0.579937	0.088055	1.609439	4.649851	11	0	19.737	pass	flat	S-opus48-upenwall FLAT (Opus 4.8, 2026-07-23, e74d3a5 limpio, SIN edit a laminar_cert). Baseline 1.889114 reproducido LIVE (viol 0, tests pass, 20.3s, gates verdes). Bootstrap honesto: results.tsv + git log workspace + LECTURA end-to-end del codigo vigente (upper_bound=min(U_PI,U_cell); U_cell=sum_gg wg*min(cell_dp,tb); tb=_transcript_bound=MAXIMO probado de la familia conteo-de-transcripts por identidad LP exacta; cell_dp SUBSUMIDO en insignia). APORTE FRESCO vs las ~30 flats previas: CIERRE ESTRUCTURAL de la ruta u_pen (la que program.md MAS eleva, hint#3/known#2) verificado DIRECTO contra certificates.py (no memoria). u_pen_exact NO es intratable por 'V-hat equivocada' (las flats previas solo cerraban dos V-hats concretas: 'desacoplado>=U_PI' y 'aditiva=g'); es intratable ESTRUCTURALMENTE: enumera los 2^n configs z Y por cada uno resuelve el sup interno por FUERZA BRUTA sobre todos los pools en un arbol de historias de prof B (certificates.py:203-235). La V-hat solo cambia los VALORES de penalizacion pi=scale*(V(h+r_obs)-E_r V(h+r)), NO la tratabilidad del sup. La primitiva posterior() SI escala (Gibbs>threshold), pero el sup exterior enumera historias => n<=~6. => Una V-hat de marginales laminares (marginales_k_de_m) haria las pi baratas pero NO descompone el sup; evaluar a n=896 exige DERIVAR Y PROBAR una cota superior DESCOMPONIBLE del sup interno (telescopio de martingala que factorice sobre el arbol laminar), construccion NUEVA correctness-critical (descomposicion erronea=certificado invalido a n=896 que la bateria n<=7 NO atrapa) => multi-sesion FUERA del carril con autorizacion humana, EXACTAMENTE como el belief DP correlacionado. Confirma el trilema por el tercer eje (los otros dos: info-relajacion->g vacuo C1; transcript-count=max-de-familia, gg=2 pinned 2.0 por 665>=496 C2). NINGUNA idea barata+valida de una iteracion baja 1.889114 (verificado por lectura propia de las 3 clases de cota + 30 sesiones). NO keep, NO edit (forzarlo=overfit bateria o certificado invalido=pecado capital). ADOPTO la senal de paro: el premio (gap->~0.5, sep_hi 4.65->~2.4) vive ENTERO tras el build multi-sesion (belief DP correlacionado comprimido / sup interno u_pen descomponible-y-probado) con autorizacion humana.
e74d3a5	1.889114	0.579937	0.088055	1.609439	4.649851	11	0	19.753	pass	flat	S-opus48-crossg FLAT (Opus 4.8, 2026-07-23, workspace e74d3a5 limpio, SIN edit a laminar_cert). Baseline 1.889114 reproducido LIVE (viol 0, tests pass, 20.2s, gates verdes). Bootstrap honesto: results.tsv + git log workspace + LECTURA end-to-end del codigo vigente (upper_bound=min(U_PI,U_cell); U_cell=sum_gg wg*min(cell_dp, _transcript_bound); tb=LP-conjunto capa-a-capa con alfabeto A=min(G,g), MAXIMO probado de la familia conteo-de-transcripts; en la insignia cell_dp FIEL satura a gg (post-cellfix 24ea9c9) => tb MANDA todo gg -> techo 2.789911). APORTE NUEVO no registrado en S45-S80 ni en las flats transcript: la COTA CROSS-g / ARBOL-COMPARTIDO. Toda la familia conteo-de-transcripts vigente FIJA g y acota per-g; ninguna sesion acoplo el MISMO arbol de decision a traves de g distintos. Una politica determinista es UN arbol compartido: los <=(A+1)^B transcripts sirven a los configs full-credit de TODAS las g a la vez (acoplamiento real que el per-g ignora). REFUTADO como apretador: el arbol compartido NO puede especializar su branching por tamano-de-config — un pool <=G exhibe conteos 0..G a traves de configs de g grande => el alfabeto COMPARTIDO se fuerza a G+1=17. El per-g ya usa el alfabeto ESTRICTAMENTE mas fino A=min(G,g) (gg=5: Z(6,6,1)~4e4 vs una fraccion de 17^6~2.4e7). => el budget cross-g esta DOMINADO por el accounting per-g-alfabeto ya shipped en _transcript_bound; o da una cota mas floja que la vigente, o exige rastrear QUE transcripts sirven a QUE configs = el belief correlacionado (intratable n=32, medido n=16=88s). Colapsa al mismo muro por un angulo nuevo: la especializacion per-g ya captura el accounting de conteo mas fino; acoplar a traves de g SOLO afloja el alfabeto. NINGUN numero valido < 1.889114 en esta clase. NO keep, NO edit (forzarlo = overfit bateria n<=7 o certificado invalido a n=32 = pecado capital). Confirma que la familia conteo-de-transcripts esta AGOTADA incluso bajo el acoplamiento cross-g. El premio (gap->~0.5, sep_hi 4.65->~2.4) vive entero tras el build multi-sesion de belief correlacionado comprimido (opt_g exacto real-channel / u_pen sup interno EXACTO), FUERA del carril seguro y con autorizacion humana explicita. ADOPTA la senal de paro S67-S80.
e74d3a5	1.889114	0.579937	0.088055	1.609439	4.649851	11	0	20.032	pass	flat	S-opus48-familysweep+lpvertex FLAT (Opus 4.8, 2026-07-23, workspace e74d3a5 limpio, SIN edit a laminar_cert). Baseline 1.889114 reproducido LIVE (viol 0, tests pass, 20.4s, gates verdes). Bootstrap: results.tsv + git log workspace + LECTURA end-to-end del CODIGO VIGENTE (no del docstring stale que dice 2.032726): upper_bound=min(U_PI, U_cell); U_cell=w*sum_gg wg*min(cell_dp[head gg<=3]/gg,cap[tail], _transcript_bound); tb=_transcript_bound = LP-conjunto capa-a-capa alfabeto A=min(G,g), MAXIMO PROBADO (identidad exacta) de la familia conteo-de-transcripts; en la insignia tb MANDA para TODO gg (cell_dp>=tb post-cellfix) -> techo 2.789911. Revision INDEPENDIENTE de TODAS las familias de cota, cada una re-confirmada cerrada: (1) transcript-count = LP-conjunto es el max exacto de la familia, cross-g solo afloja el alfabeto a G+1; (2) cell-reveal exacto gg<=3, subsumido por tb en insignia, explota gg>=5 (758s); (3) u_pen: todo upper-bound barato del sup interno DESACOPLA a >=U_PI (S55, invierte tightness); (4) relacional/telescopio/concavidad/chord-a-(n,n): FALSAS por no-monotonia en n + kink S-shape; (5) capacidad/bits/Lagrangiana: vacuas/planas (B*G=96>>g); (6) opt_g belief correlacionado: exacto+valido pero intratable (n=16=88s, proliferacion de tamanos de atomo). APORTE FRESCO (no re-cita el log; re-deriva del poliedro crudo): re-derive A MANO el LP de transcripts del residuo dominante gg=2 insignia -> vertice x2=1,x1=0 da obj=2.0 EXACTO (=tb shipped 2.0), con la restriccion trans-sigma=1 (w=[16,496], 496<=Z(6,2,1)=665) SLACK => vacuidad confirmada desde las restricciones, no asumida. Chequee un candidato a restriccion NUEVA que el LP shipped no incluye: 'con solo g=2 limpios TODO zero-pool tiene tamano<=2'; NO muerde -> colocar 1 zero-pool que cubra ambos limpios es factible con B=6>>1, asi que la colocacion sigue libre y el residuo gg=2 es ACHIEVABILITY (existe la politica?), no CONTEO. Es exactamente el opt_g exacto intratable (opt_g(32,2) cae bajo 2 ya en n=16=88s). NINGUNA idea barata+valida de una iteracion baja 1.889114. NO keep, NO edit (forzarlo=overfit bateria n<=7 o certificado invalido a n=32=pecado capital). 31a confirmacion consecutiva del optimo barato+valido; ADOPTO la senal de paro: el premio (gap->~0.5, sep_hi 4.65->~2.4) exige el build multi-sesion (opt_g exacto con compresion PROBABLE de la dimension de tamanos / u_pen sup interno EXACTO) con autorizacion humana.
e74d3a5	1.889114	0.579937	0.088055	1.609439	4.649851	11	0	19.798	pass	flat	S-opus48-g2zeropool FLAT (Opus 4.8, 2026-07-23, workspace e74d3a5 limpio, SIN edit a laminar_cert). Baseline 1.889114 reproducido LIVE (viol 0, tests pass, gates verdes, 20.4s). Bootstrap honesto: results.tsv + git log workspace + LECTURA end-to-end del codigo vigente (upper_bound=min(U_PI,U_cell); en la insignia U_cell=sum_gg w_gg*tb(gg) con tb=_transcript_bound MANDA para TODO gg, verificado por PROBE LIVE de la descomposicion: sum_gg w_gg*tb = 2.789911 EXACTO = techo insignia; head w*tb = gg2:0.4205(tb=2.0 pinned trivial), gg3:0.6233, gg4:0.6204, gg5:0.4828). APORTE FRESCO no registrado: re-derivacion del muro DESDE LA ESTRUCTURA g=2 (no re-cita el log). Hecho estructural: un pool con conteo 0 no tiene activos => es SUBCONJUNTO del conjunto limpio (tamano <=g); para g=2 todo zero-pool es subconjunto del par limpio verdadero, luego acreditar via zero-pool exige testear el par {a,b} exacto o ambos singletons {a},{b}. PROBE de una cota NUEVA: acotar #pares full-creditables por #pools DISTINTOS que un arbol de profundidad B puede testear (<=(A+1)^B: nodos internos ~364 < C(32,2)=496). VACUA: la ruta de singletons la colapsa (C(364,2)>>496) y por-camino solo g=2 singletons pueden dar 0 => se reduce EXACTO a la pregunta de ACHIEVABILITY que el transcript-count ya deja abierta (residuo = costo de localizacion). Confirma el muro por el 4to eje (g=2 zero-pool structure), consistente con S67-S80: (1) reveal-relaxations >=OPT pero en insignia caen ARRIBA de tb (cell_dp>tb) => no aprietan; (2) transcript-count tb = MAX PROBADO de la familia (identidad LP conjunta); lo unico entre OPT y tb es el valor EXACTO del canal = belief DP correlacionado intratable (n=16=88s), correctness-critical, multi-sesion FUERA del carril. NINGUNA idea barata+valida de una iteracion baja 1.889114 (32a confirmacion). NO keep, NO edit (forzarlo=overfit bateria n<=7 o certificado invalido a n=32=pecado capital). ADOPTO la senal de paro: el premio (gap->~0.5, sep_hi 4.65->~2.4) vive ENTERO tras el build multi-sesion con autorizacion humana.
e74d3a5	1.889114	0.579937	0.088055	1.609439	4.649851	11	0	20.401	pass	flat	S-opus48-crossgcoupling FLAT (Opus 4.8, 2026-07-23, workspace e74d3a5 limpio, SIN edit a laminar_cert). Baseline 1.889114 REPRODUCIDO LIVE (viol 0, tests pass, 20.3s, gates verdes). Bootstrap honesto DESDE EL CODIGO (results.tsv memoria + git log workspace + lectura end-to-end de upper_bound/_u_cell/_transcript_bound; reconcilie los baselines: transcript-count bajo 2.032726->1.807557 en varios keeps, luego el fix de validez 24ea9c9 (cell_dp FIEL) subio a 1.889114 = estado valido-demostrable; la rama externa '2.086' es stale/irrelevante). DOS DIRECCIONES NUEVAS testeadas de primeros principios (no en el registro; ambas VALIDAS y flat/peor, con evidencia numerica): (A) COTA POR CONTEO-DE-HOJAS SINGLE-POLICY INCONDICIONAL welfare<=sum_leaves|CS(l)|*P(reach l)<=sum_s s*q^s*N_s con N_s=#hojas con |CS|=s y sum_{s>=sig}N_s<=Z(B,G,ceil(sig/G)): VACUA en la insignia = 6.909 (>>2.79) porque al soltar el condicionamiento en gg el alfabeto es A=G=16 y Z(6,16,.) es enorme. (B) COTA CONJUNTA CROSS-gg (una SOLA politica/arbol compartido entre todos los gg, LP: max sum_gg wg*min(gg, sum_s s*C(n-s,gg-s)/C(n,gg)*N_s) s.t. sum_{s>=sig}N_s<=Z(B,G,ceil(sig/G))): da 3.2 = U_PI degenerado, PEOR que 2.789911. Ambas fallan por la MISMA razon estructural NUEVA-mente cuantificada: compartir la estructura de arbol {N_s} entre gg OBLIGA al alfabeto INCONDICIONAL A=G (el arbol ramifica hasta G+1 para servir gg grandes), forfeiting el alfabeto CONDICIONAL A=min(G,gg) que es JUSTO lo que hace tight el LP transcript por-gg (Z(6,2,1)=665 vs Z(6,16,1)=7.36M). => la cota transcript por-gg NO puede acoplarse cross-gg sin telescopiar a ~n*q; el over-count de 'politica distinta por gg' NO es recuperable barato. Re-confirma la pared S45-S1503: familia transcript LP-tight/AGOTADA (identidad exacta), cell-reveal SATURA a gg en la cabeza (G=16), q^s/capacidad VACUA, relacionales dp (telescopio/flip/m-mono/chord/secant) FALSOS por no-monotonia en n, Lagrangiano de presupuesto PLANO (G>>g). Unico lever vivo = opt_g EXACTO correlacionado en gg=2,3 (opt_g(32,2)~1.908<tb=2, peso 0.21) INTRATABLE (n=16 g=2=88s) y FUERA del carril. Sin numero menor NI construccion valida barata => NO keep (regla exige AMBOS; overfit de bateria prohibido). El premio (gap~0.5) vive tras el belief DP correlacionado comprimido, multi-sesion FUERA de laminar_cert, con autorizacion humana.
e74d3a5	1.889114	0.579937	0.088055	1.609439	4.649851	11	0	19.894	pass	flat	S-opus48-g2ternary FLAT (Opus 4.8, 2026-07-23, workspace e74d3a5 limpio, SIN edit a laminar_cert). Baseline 1.889114 reproducido LIVE (viol 0, tests pass, 21.2s, gates verdes). Bootstrap honesto: results.tsv + git log workspace + LECTURA end-to-end del CODIGO VIGENTE (no del docstring: upper_bound=min(U_PI,U_cell); U_cell=w*sum_gg wg*bound(gg); head gg<=3 min(cell_dp,tb); cola gg>3 min(gg,BG,tb); tb=_transcript_bound = LP-conjunto capa-a-capa, alfabeto A=min(G,g), MAXIMO exacto de la familia conteo-de-transcripts). APORTE FRESCO source-grounded (no re-cita el log): PROBE LIVE de la descomposicion por-gg del techo insignia (2.789911) importando las funciones shipped -> gg1:w0.122 tb1.000, gg2:w0.210 tb2.000, gg3:w0.234 tb2.668, gg4:w0.188 tb3.296, gg5:w0.117 tb4.123, gg6:w0.059 tb5.043, gg7:w0.024 tb6.005, gg>=8 tb<gg (conteo muerde). tb MANDA para TODO gg (cell_dp>=tb post-24ea9c9). MAPA EXACTO del residuo: (i) gg=1 TIGHT (tb=1 EXACTO, un limpio siempre se acredita); (ii) gg>=3 tb muerde pero es el MAX del LP de conteo (~2x flojo vs OPT_g, solo el DP exacto lo aprieta); (iii) gg=2 UNICO residuo cheap-reachable, tb=2 VACUO. REDUCCION LIMPIA de gg=2 (framing mas nitido que el log, candidato a lema): con EXACTAMENTE 2 limpios {a,b}, el conteo de cualquier pool P es |P|-|P∩{a,b}|, luego cada query REVELA |P∩{a,b}| in {0,1,2} => el canal gg=2 es LITERALMENTE 'busca 2 targets entre 32 con 6 queries ternarias'; se acredita a sii se testeo un pool ⊆{a,b} que contiene a (=singleton {a} o par {a,b}, ambos dan conteo 0). OPT_g2<2 es un hecho de BUSQUEDA/ACHIEVABILITY (ambos targets pueden colisionar en la misma mitad y agotar el presupuesto de separacion+confirmacion), ESTRUCTURALMENTE invisible a todo conteo de transcripts: Z(6,2,1)=665>=496=C(32,2) => el conteo cabe todos los pares => tb=2 pinned. Verifique ademas que el LP de conteo NO admite constraint valida nueva mas fina (revise las dos constraints airtight budget+trans-σ con Z(B,min(G,g),ceil(σ/A)) desde el codigo; el sub-lema >=k-ceros con alfabeto A es correcto; la ruta pair-pool/singleton para gg>=3 la colapsan los 32 singletons, achievability no conteo). NINGUNA idea barata+valida de una iteracion baja 1.889114 (re-derivado de source, no solo citado). NO keep (la regla exige numero MENOR Y construccion valida; no tengo ninguno; forzar edit=overfit bateria n<=7 o certificado invalido a n=32=pecado capital). El premio (gap->~0.5, sep_hi 4.65->~2.4) vive ENTERO tras el DP de belief correlacionado EXACTO (opt_g2 real-channel, medido n=16=88s, intratable a n=32 por proliferacion de tamanos de atomo) o el sup interno u_pen EXACTO — build multi-sesion FUERA del carril con autorizacion humana.
e74d3a5	1.889114	0.579937	0.088055	1.609439	4.649851	11	0	20.096	pass	flat	S-opus48-fresh2 FLAT (Opus 4.8, 2026-07-23, workspace e74d3a5 limpio, SIN edit). Baseline 1.889114 reproducido LIVE (viol 0, tests pass, 21.3s, gates verdes). Bootstrap honesto: results.tsv + git log + LECTURA del codigo vigente (upper_bound=min(U_PI, sum_gg wg*min(cell_dp[head], gg, BG, transcript_bound))). APORTE NUEVO (afinamiento, no re-dump): (1) LOCALIZACION DEL RESIDUO A UN SOLO TERMINO. Descompuse el techo insignia por gg: gg=1 tb=1 TIGHT (opt=1); gg=2 tb=2 VACUO; gg=3 tb=2.668<3 YA MUERDE; gg>=4 todos muerden por transcript (gg4=3.296, gg5=4.123...). => tras los refinamientos transcript (b1446a6..4ed01ab) el UNICO termino barato-vacuo que queda es gg=2 (contrib wg*2=0.42, wg=0.210). Las notas viejas (S45-S80) decian 'cola gg>=5'; eso es STALE (pre-transcript). El muro vivo es UN termino, no una cola. (2) DOBLE-CANDADO gg=2 UNIFICADO Y EXPLICADO (derivacion combinatoria fresca, mas limpia que C1+C2 separados del doblecandado). Para un par limpio {i,j} entre n=32, TODO pool con conteo 0 es subconjunto de {i,j} (cualquier pool con un 3o activo da conteo>=1). => full-credit exige testear {i,j} O ambos {i},{j}. Capacidad: arbol ternario (conteos in {0,1,2}) depth B=6 tiene 3^6=729>=496=C(32,2) hojas, y bits B*log2(3)=9.51 > 8.95=log2 C(32,2). => info-relajacion Y conteo-de-transcripts son AMBOS exactamente vacuos (=2) por la MISMA razon: sobra capacidad para IDENTIFICAR el par. El bloqueo real NO es info ni conteo: es la FACTIBILIDAD DE RUTEO ADAPTATIVO (puede UN arbol de decision fijo rutear los 496 pares a un pool testigo con los conteos previos?), que solo el DP correlacionado mide. (3) PREMIO CUANTIFICADO. opt_g2(32)<2 real (medido n=16=1.908 y cayendo, proto_optg_merged); el premio de una-iteracion es ENTERO ese termino, ~wg*(2-opt_g2)~0.03 de gap (1.889->~1.86 en el mejor caso). Locked tras el DP de belief correlacionado para gg=2 (proto_optg_merged EXACTO validado bit-exact 368 casos, pero n=16=88s, n=32=horas por proliferacion de tamanos de atomo). Un coarsening-que-solo-suba-el-valor seria un keep valido, pero es correctness-critical (bug=invalid_bound a n=32 que la bateria n<=7 NO atrapa=pecado capital) y multi-sesion, NO una iteracion barata. NINGUNA idea distinta barata+valida de una iteracion baja 1.889114 (confirmacion independiente #N; el residuo es un solo termino gg=2 bloqueado por ruteo adaptativo). NO keep, NO edit.
e74d3a5	1.889114	0.579937	0.088055	1.609439	4.649851	11	0	19.710	pass	flat	S-opus48-boot3 FLAT (Opus 4.8, 2026-07-23, workspace e74d3a5 limpio, SIN edit a laminar_cert). Baseline 1.889114 reproducido LIVE desde el CODIGO vigente (viol 0, tests pass, 19.8s, gates verdes), no de memoria. Bootstrap honesto: results.tsv (cola de ~30 flats consecutivas) + git log workspace + LECTURA end-to-end del docstring S45-S64 y de upper_bound/_u_cell/_transcript_bound. VERIFICACION PROPIA del score como single-anchor-lever: gap_anchor_med=0.58 << 1.889114 => ningun ancla no-insignia mueve el max; el lever ENTERO es el residuo de localizacion gg=2..7 de la insignia (n=32,B=6,G=16), tb=_transcript_bound-driven para todo gg. Re-confirmado el trilema por lectura directa (no re-cita ciega): gg=2 pinned 2.0 (Z(6,2,1)=665>=C(32,2)=496 => transcript vacuo; leaf-identity 3^6=729>=496 => placement factible => brecha de ACHIEVABILITY invisible a todo conteo/info; opt_g(32,2)~1.87 puramente adaptativo-probabilistico); gg>=3 tb=MAX PROBADO de la familia conteo-de-transcripts (cell_dp satura a gg por G=16, u_pen desacopla >=U_PI, relacionales telescopio/flip/m-mono/concavidad/chord/secant FALSOS por no-monotonia en n). El conjunto de cotas superiores baratas+validas de la cola dp((n,gg),B) es el SINGLETON {gg}; todo <gg es cota INFERIOR (invalida como techo). Unico apretador = DP de belief correlacionado EXACTO (opt_g), medido intratable a n=32 (n=16=88s; opt_g(32,2)/opt_g(32,3) timeout >55s bajo puerta 60s). NINGUNA idea distinta barata+valida de una iteracion baja 1.889114; forzar edit = overfit bateria n<=7 o certificado invalido a n=32 = pecado capital (la regla de keep exige numero MENOR Y argumento de validez; no tengo ninguno). Confirmacion independiente consecutiva desde codigo; ADOPTO la senal de paro. El premio (gap->~0.5, sep_hi 4.65->~2.4) vive ENTERO tras el build multi-sesion de belief correlacionado comprimido (opt_g exacto real-channel con coarsening de tamanos value-raising / u_pen sup interno EXACTO descomponible), FUERA del carril de una iteracion, con autorizacion humana.
e74d3a5	1.889114	0.579937	0.088055	1.609439	4.649851	11	0	20.124	pass	flat	S-opus48-creditdistinct FLAT (Opus 4.8, 2026-07-23, workspace e74d3a5 limpio, SIN edit a laminar_cert). Baseline 1.889114 reproducido LIVE (viol 0, tests pass, 20.0s, gates verdes). Techo insignia re-medido: ceiling 2.7883 = sum wg*min(gg,tb), TODO tb-dominado (cell_dp satura a gg con G=16); residuo recobrable = slack de tb, concentrado en gg=2 (contrib 0.4205, tb=2 SIN mordida) y gg=3 (0.6232, tb=2.668 muerde). APORTE NUEVO verificado (framing citable, NO re-deriva C1/C2 del doblecandado): la vacuidad de tb(g=2)=2 es CREDITABILITY-vs-DISTINGUISHABILITY. tb=2 porque Z(6,2,1)=665>=C(32,2)=496 => hay transcripts de sobra para DISTINGUIR los 496 pares (alfabeto de conteo A+1=3/test). PERO acreditar un par exige un test TODO-LIMPIO de un pool <= el par (size<=g=2, subconjunto del clean), que ocurre DESPUES de que la identificacion consume el presupuesto secuencial de B tests => opt_g2<2. El conteo-de-transcripts conflaciona 'distinguible' con 'acreditable'; la brecha ES el costo de localizacion, medible SOLO por el DP correlacionado intratable (registro: n=16 g=2=88s, ~2.8x/+n => n=32 horas). VERIFICADO por fuerza bruta independiente (opt_g exacto, canal real, semantica count=#activos): tb>=opt_g en 5/5 casos (0 viol) y floja por localizacion que CRECE con n (n=6,g=2,B=2,G=3: opt_g=0.667 vs tb=1.167). Confirma (a) tb cota superior VALIDA del canal real, (b) slack=costo de localizacion puro, (c) ningun refinamiento barato de conteo-de-transcripts lo captura (familia LP-tight, ya probado). SIN keep: ninguna construccion barata+valida baja de 1.889114 (transcript LP-tight; exact g=2 intratable; atajos relacionales FALSOS por no-monotonia en n; hardcode prohibido). ADOPTA senal de paro S67-S80: el loop de una-iteracion esta AGOTADO; el premio (gap ~0.5, sep_hi 4.65->~2.4) vive ENTERO tras el build multi-sesion de belief correlacionado comprimido (full-reveal-K acoplado / opt_g exacto por gg / u_pen sup interno EXACTO), FUERA del carril editable, con autorizacion humana.
e74d3a5	1.889114	0.579937	0.088055	1.609439	4.649851	11	0	19.951	pass	flat	S-opus48-boot-credpair FLAT (Opus 4.8, 2026-07-23, workspace e74d3a5 LIMPIO, SIN edit a laminar_cert). Baseline 1.889114 reproducido LIVE (viol 0, tests pass, 20.2s, gates verdes). Bootstrap honesto: results.tsv (cola ~30 flats consecutivas) + git log workspace + LECTURA end-to-end del codigo VIGENTE (no del docstring): upper_bound=min(U_PI,U_cell); U_cell=w*sum_gg wg*bound(gg); head gg<=T=min(cell_dp,transcript); cola gg>T=min(gg,BG,transcript); en la insignia _transcript_bound (LP-conjunto capa-a-capa, canal REAL, forma cerrada, alfabeto A=min(G,g)) MANDA para TODO gg => techo 2.789911. APORTE FRESCO (4a ruta independiente al mismo muro gg=2, no re-cita el log): CONTEO DE PARES-ACREDITADOS sobre el arbol ternario. Para gg=2 con limpios {a,b} uniformes, x se acredita sii el arbol determinista testea un pool P con x en P subset {a,b} y conteo 0. Conteos ternarios (|P cap {a,b}| in {0,1,2}) => arbol depth B=6 tiene <=(3^6-1)/2=364 nodos internos / <=364 zero-edges. Cota Sum_C #acred(C) <= Sum_{zero-edges t} |P_t|*#{configs que cruzan la 0-edge de t}; una 0-edge en t exige P_t subset C: |P_t|=2 => UN solo config C={P_t} (<=2 pares); |P_t|=1={y} => hasta 31 configs {y,.}. Las singleton-edges DOMINAN y explotan el conteo => cota VACUA (=2) = EXACTAMENTE el doblecandado, ahora por el eje de conteo-de-pares. El residuo real = #{configs REALMENTE ruteados a cada 0-edge} = la pregunta de ACHIEVABILITY/ruteo adaptativo que solo el DP de belief correlacionado resuelve. Reconfirma: ninguna cota de conteo/capacidad sobre el arbol ternario baja tb=2; el hueco gg=2 es COSTO DE LOCALIZACION SECUENCIAL puro, intratable a n=32 (opt_g2 n=16=88s, proliferacion de tamanos de atomo). TRILEMA intacto (S54): valido+tratable=flojo (telescopia a g); valido+ajustado=intratable (belief correlacionado 2^n); tratable+ajustado=invalido (colapsa bajo V*). NINGUNA idea barata+valida de una iteracion baja 1.889114 (re-derivado de source por 4o eje independiente, no solo citado). NO keep, NO edit (la regla exige numero MENOR Y argumento de validez citable; forzar edit=overfit bateria n<=7 o certificado invalido a n=32=pecado capital). ADOPTO la senal de paro: el premio (gap->~0.5, sep_hi 4.65->~2.4) vive ENTERO tras el build multi-sesion de belief correlacionado comprimido (opt_g exacto real-channel con coarsening value-raising / u_pen sup interno EXACTO), FUERA del carril editable, con autorizacion humana.
e74d3a5	1.889114	0.579937	0.088055	1.609439	4.649851	11	0	20.141	pass	flat	S-opus48-boot2 FLAT (Opus 4.8, 2026-07-23, workspace e74d3a5 limpio, SIN edit). Baseline 1.889114 reproducido LIVE (viol 0, tests pass, 19.98s, gates verdes). Bootstrap honesto: results.tsv + git log workspace + LECTURA COMPLETA e independiente del codigo VIVO (no de memoria): upper_bound=min(U_PI, sum_gg wg*min(gg,BG,_transcript_bound,cell_dp)); _transcript_bound=LP-conjunto cross-capa con alfabeto min(G,g)+1 (PROBADO LP-tight = max de TODA la familia conteo-de-transcripts, S-opus48-jointlp); cell_dp FIEL post-cellfix (24ea9c9) SATURA a gg en la insignia (G=16 => localizacion cell-reveal perfecta) => SUBSUMIDO por transcript. Confirmo el residuo: es ENTERO gg=2,3 donde transcript=gg y cell_dp=gg pero opt_g_real<gg (opt_g2 medido 1.908 a n=16, cayendo). Las DOS familias baratas+validas estan en su optimo PROBADO: transcript=LP-max de su familia; cell-reveal=satura a gg. => 1.889114 es el min sobre TODO el reticulo barato+valido, no una sola familia. NINGUNA idea distinta barata+valida no cubierta (revise de nuevo: capacidad/bits ya plegado en el alfabeto min(G,g)+1 del transcript; u_pen desacoplado>=U_PI, acoplado=mismo problema duro; subaditividad en B FALSA/super-aditiva; todo telescopio/flip/m-monotonia FALSO por no-monotonia en n; single-cell/dp1/particion-gruesa/statistic <V*; hardcode dp(32,5) prohibido). El UNICO lever del residuo = opt_g EXACTO real-channel para gg=2,3 a n=32: el DP support-set POMDP YA EXISTE y esta validado bit-exact (368 casos, proto_optg_merged) pero es INTRATABLE (n=16 gg=2=88s, proliferacion de tamanos de atomo, super-exp; n=32=horas) y vive FUERA del carril editable. ADOPTA la senal de paro S67: loop de una-iteracion AGOTADO; el premio (gap ~0.5, sep_hi 4.65->~2.4) exige el build multi-sesion de compresion de la dimension TAMANOS del opt_g DP (sufficient statistic o coarsening que solo SUBA el valor), fuera de laminar_cert.py, con autorizacion humana explicita.
e74d3a5	1.889114	0.579937	0.088055	1.609439	4.649851	11	0	19.939	pass	flat	S-opus48-gg2search FLAT (Opus 4.8, 2026-07-23, workspace e74d3a5 limpio, SIN edit a laminar_cert). Baseline 1.889114 reproducido LIVE (viol 0, tests pass, gates verdes, 20.4s). Bootstrap honesto DESDE EL CODIGO: results.tsv (cola ~40 flats consecutivas) + git log workspace + lectura end-to-end de upper_bound/_u_cell/_transcript_bound + docstring S45-S80/cellfix/tbfloor. upper_bound=min(U_PI,U_cell); en la insignia _transcript_bound MANDA para todo gg (gap_anchor_med 0.58<<1.889 => la insignia es el UNICO max-driver). APORTE FRESCO (construccion distinta, no re-cita el log): re-derivacion del residuo gg=2 como PROBLEMA DE BUSQUEDA. Con par limpio {a,b}, count(P)=|P|-|P cap {a,b}|; acreditar a exige un zero-pool P subset {a,b} con a en P => P in {{a},{a,b}}; acreditar AMBOS exige testear {a,b} O ambos singletons {a},{b}. El arbol de decision es fijo, adaptativo en counts in {0,1,2}, y el par es uniforme sobre C(32,2)=496. TODA cota superior barata sobre welfare=1(cred a)+1(cred b) se reduce a la pregunta de RUTEO/ACHIEVABILITY (puede UN arbol ternario depth-6 rutear los 496 pares a una config de zero-pool que cubra el par?) que SOLO el DP de belief correlacionado mide. Confirmado el doble-candado desde el codigo real: C1 info-relajacion vacua para g<=16, C2 transcript-count vacua para g<=2 (Z(6,2,1)=665>=496). OPT_g2<2 (medido 1.908 n=16, cayendo) es costo de localizacion adaptativa puro, invisible a todo conteo/info. Ninguna ruta barata da <2 valido; todas dan >=2 (vacuo) o <2-invalido. Mismo muro, angulo distinto (busqueda/ruteo). NINGUNA idea barata+valida de una iteracion baja 1.889114. NO keep (la regla exige numero MENOR Y construccion valida; no tengo ninguno). NO edit (forzarlo=overfit bateria n<=7 o certificado invalido a n=32=pecado capital). ADOPTO la senal de paro: el premio (gap->~0.5, sep_hi 4.65->~2.4) vive ENTERO tras el DP de belief correlacionado EXACTO (opt_g2 real-channel), build multi-sesion FUERA del carril editable, con autorizacion humana explicita.
e74d3a5	1.889114	0.579937	0.088055	1.609439	4.649851	11	0	20.358	pass	flat	S-opus48-bootstrap FLAT (Opus 4.8, 2026-07-23, workspace e74d3a5 limpio, SIN edit). Baseline 1.889114 reproducido LIVE (viol 0, tests pass, gates verdes, 20.2s). Revision independiente DESDE EL CODIGO: trace de min(U_PI,U_cell) con LP-conteo-transcripts por-gg; TODO angulo generado mapea a palanca ya cerrada. (1) relajar-mas telescopia a g (B-k)G>>g (S48/56/57/60); (2) relajar-menos/desacoplar colapsa bajo V* (dp1 S52, single-cell S54); (3) capacidad/bits/transcript vacua 17^6>>C(32,<=5), LP=max de familia ya incluido (S64); (4) u_pen desacoplado da >=U_PI (S55); (5) telescopios relacionales FALSOS por no-monotonia en n (S45/48/63); (6) g=5 exacto ~758s>>60s (S49/51). Unico apretador = belief-DP correlacionado, intratable n=32, fuera del carril editable. Forzar edit sin argumento de validez que BAJE valor = pecado capital (overfit bateria / cert n=32 invalido). Flat honesto, stop signal adoptado.
e74d3a5	1.889114	0.579937	0.088055	1.609439	4.649851	11	0	20.049	pass	flat	S-opus48-boot-live FLAT (Opus 4.8, 2026-07-23, workspace e74d3a5 limpio, SIN edit a laminar_cert). Baseline 1.889114 reproducido LIVE desde el CODIGO vigente (viol 0, tests pass, 20.1s, gates verdes), no de memoria. Bootstrap honesto: results.tsv (cola ~40 flats consecutivas) + git log workspace + lectura end-to-end de program.md, upper_bound/_u_cell/_transcript_bound y docstring S45-S64. VERIFICACION PROPIA del score como single-anchor-lever: gap_anchor_med=0.58 << 1.889 => ningun ancla no-insignia mueve el max; el lever ENTERO es el residuo de localizacion gg=2,3 de la insignia (n=32,B=6,G=16). Re-confirmo el doblecandado por lectura directa: gg=2 pinned 2.0 (C1 info-relajacion trivial g<=G; C2 transcript-count Z(6,2,1)=665>=C(32,2)=496) mientras opt_g2~1.87 = costo de localizacion adaptativa PURA, invisible a todo conteo/info/capacidad; gg>=3 tb=MAX PROBADO de la familia conteo-de-transcripts (LP-tight), cell_dp satura a gg por G=16. El conjunto de cotas superiores baratas+validas de la cola dp((n,gg),B) es el SINGLETON {gg}; todo <gg es cota INFERIOR invalida como techo. Unico apretador = DP de belief correlacionado EXACTO (opt_g), medido intratable a n=32 (n=16 g=2=88s, proliferacion superexp), multi-sesion FUERA del carril editable, con autorizacion humana. NINGUNA idea distinta barata+valida de una iteracion baja 1.889114; forzar edit = overfit bateria n<=7 o certificado invalido a n=32 = pecado capital (keep exige numero MENOR Y argumento de validez citable; no tengo ninguno). Confirmacion independiente consecutiva desde codigo; ADOPTO la senal de paro. El premio (gap->~0.5, sep_hi 4.65->~2.4) vive ENTERO tras el build multi-sesion de belief correlacionado comprimido, fuera de una iteracion.
e74d3a5	1.889114	0.579937	0.088055	1.609439	4.649851	11	0	39.668	pass	flat	S-opus48-transcriptmax FLAT (Opus 4.8, 2026-07-23, e74d3a5 limpio, SIN edit). Baseline 1.889114 reproducido LIVE (viol 0, tests pass, 19.8s). Survey: min(U_PI,U_cell), U_cell=sum_gg wg*min(cell_dp,tb); tb (LP-joint transcript-count) MANDA todo gg en insignia. Verificado que la familia transcript-count esta AGOTADA (LP-joint = su max exacto, identidad x_s); residuo ~2x vs OPT_g = localizacion pura, solo el belief-DP correlacionado (opt_g intratable n=32=horas, fuera del carril) lo captura. Sin idea barata+valida distinta.
e74d3a5	1.889114	0.579937	0.088055	1.609439	4.649851	11	0	43.521	pass	flat	S-opus48-tbmax-earned-flat FLAT (Opus 4.8, 2026-07-23, e74d3a5 limpio, SIN edit). Baseline 1.889114 REPRODUCIDO LIVE (viol 0, tests pass, 40.5s, gates verdes). Bootstrap honesto DESDE EL CODIGO (results.tsv + git log workspace + lectura end-to-end de upper_bound/_u_cell/_transcript_bound, NO del docstring stale 2.032726). APORTE FRESCO: breakdown per-gg de la insignia (n=32,B=6,G=16,pg=0.1) que localiza el residuo EXACTO. upper_bound=min(U_PI,U_cell); U_cell=sum_gg wg*min(cell_dp,tb); tb=_transcript_bound MANDA en TODO gg (cell_dp>=tb). Medido: tb por gg = [g1:1.0, g2:2.0, g3:2.668, g4:3.296, g5:4.123, g6:5.043, g7:6.005], techo 2.789849. DOS fuentes de slack, ambas SOLO-multisesion: (1) gg=2 (peso 0.21) tb=2.0 SIN morder (C(32,2)=496 < Z transcripts) => unico apretador = OPT_g2 correlacionado, intratable (n=16=88s, superexp en tamanos de atomo); (2) gg=3..7 tb muerde pero = MAXIMO EXACTO de la familia conteo-de-transcripts (identidad LP), residuo = costo de localizacion que NINGUN conteo-de-transcripts captura. VERIFIQUE independiente que no hay cut barato+valido: Z(B,g,1)=(g+1)^B-g^B EXACTO (sin ganancia por tamano de pool pues G>=g); las restricciones sigma>=2 del LP estan implicadas por budget+sigma=1 (re-derivado); alfabeto A=min(G,g) ya optimo. NINGUNA idea de una-iteracion barata+valida baja 1.889114 (36a confirmacion consecutiva). NO keep, NO edit (forzarlo=overfit bateria n<=7 o certificado invalido a n=32=pecado capital). ADOPTO la senal de paro: el premio (gap->~0.5, sep_hi 4.65->~2.4) vive ENTERO tras el build multisesion (belief correlacionado comprimido / u_pen sup interno EXACTO) con autorizacion humana.
e74d3a5	1.889114	0.579937	0.088055	1.609439	4.649851	11	0	40.087	pass	flat	S-opus48-boot-live2 FLAT (Opus 4.8, 2026-07-23, workspace e74d3a5 limpio, SIN edit a laminar_cert). Baseline 1.889114 reproducido LIVE (viol 0, tests pass, 39.4s, gates verdes) — no de memoria. Bootstrap honesto: results.tsv (cola ~40 flats consecutivas) + git log workspace + lectura del codigo vigente (upper_bound=min(U_PI,U_cell); U_cell=w*sum_gg wg*min(cell_dp,tb)) + docstring S45-S80. Score single-anchor (gap_anchor_med 0.58<<1.889): el lever entero es el residuo de localizacion de la insignia (n=32,B=6,G=16), concentrado en gg=2 (doble-candado tb=2/cell_dp=2, OPT_g2~1.9 cayendo) y gg>=3 (tb muerde pero ~2x floja). Genere candidatos frescos y TODOS mapean a palanca ya cerrada: (1) gg=2 como LP de cubrimiento sobre los 496 pares limpios -> conteo-de-pares-acreditados, singleton zero-edges dominan -> vacuo 2; (2) capacidad de clearing refinada por tamano de pool cero -> min(gg,B*G)=gg vacuo; (3) prob marginal todo-limpio por pool -> no-adaptativo = cota INFERIOR, invalida como superior; (4) min mas fino que el min por-familia -> el min de cotas validas YA es la combinacion valida puntualmente mas ajustada; (5) no-revelar-gg -> belief correlacionado intratable / degenera a U_PI. Cada angulo distinto es vacuo (>=gg), invalido (<gg pero cota inferior/colapsa bajo V*), o el DP de belief correlacionado EXACTO fuera del carril (opt_g2 a n=32 = horas, medido). NINGUNA idea barata+valida de una iteracion baja 1.889114 (keep exige numero MENOR Y argumento de validez citable; no tengo ninguno). Forzar edit = overfit bateria n<=7 o cert n=32 invalido = pecado capital. ADOPTO la senal de paro: el premio (gap->~0.5, sep_hi 4.65->~2.4) vive ENTERO tras el build multi-sesion de belief correlacionado comprimido, FUERA del carril editable, con autorizacion humana explicita.
e74d3a5	1.889114	0.579937	0.088055	1.609439	4.649851	11	0	39.658	pass	flat	S-opus48-s2boot: reproduce baseline live (gap 1.889114, 0 viol, tests pass); re-derived gg=2 residue from counting angle — full-credit needs zero-pool subset of clean set, k=ceil(2/A)=1 genuinely correct so Z(6,2,1)=665>=C(32,2)=496 tight-as-count; residue=adaptive-routing achievability only intractable belief-DP resolves. Cheap+valid lane exhausted, honest flat.
e74d3a5	1.889114	0.579937	0.088055	1.609439	4.649851	11	0	39.484	pass	flat	S-opus48-s3boot: baseline reproduced live (1.889114/0 viol/tests pass); independent LP re-derivation of gg=2 wall (Zc=665>=C(32,2)=496 => budget-bound LP=2 exactly; OPT_g2<2 = routing-achievability only belief-DP resolves, intractable n=32). Honest flat, cheap lane exhausted.
e74d3a5	1.889114	0.579937	0.088055	1.609439	4.649851	11	0	39.713	pass	flat	S-opus48-identifyVsRealize FLAT (Opus 4.8, 2026-07-23, e74d3a5 limpio, SIN edit a laminar_cert). Baseline 1.889114 reproducido LIVE (viol 0, tests pass, 39.3s, gates verdes). Bootstrap: results.tsv + git log workspace + LECTURA end-to-end del codigo vigente (upper_bound=min(U_PI, sum_gg wg*min(cell_dp,BG,transcript)); cell_dp FIEL post-24ea9c9 SATURA a gg en la insignia => residuo entero = head gg=2 pinned 2.0). APORTE FRESCO (por que AMBOS candados fallan por la MISMA razon, statement mas limpio que identify!=credit de S-achievgap): a gg=2 un pool-cero es necesariamente un SUBCONJUNTO de las 2 limpias (tam<=2), asi que acreditar ambas EXIGE que los pools testeados de la politica ATERRICEN todo-limpios = un evento de COLOCACION/achievability. C1 (info-relajacion: full-reveal + 1 pool<=G acredita ambas => g=2) y C2 (conteo-transcripts: Z(6,2,1)=665>=C(32,2)=496 => LP-vertex=2, LP-tight probado) certifican ambos IDENTIFICABILIDAD (que quinteto/par es limpio se distingue), NINGUNO certifica la REALIZACION de un pool-cero testeado = exactamente OPT_g2, que solo ve el DP de belief correlacionado (n=16=88s, superexp, correctness-critical a n=32). NO keep (ningun numero valido<1.889114 en la clase barata; forzar el DP correlacionado en una iteracion=certificado no probado que la bateria n<=7 no atrapa=pecado capital). 33a confirmacion consecutiva; ADOPTO la senal de paro: el premio (gap->~0.5, sep_hi 4.65->~2.4) vive ENTERO tras el build multi-sesion FUERA del carril con autorizacion humana.
e74d3a5	1.889114	0.579937	0.088055	1.609439	4.649851	11	0	39.690	pass	flat	S-opus48-boot2 (38th flat): reproduced baseline 1.889114 live/0viol/tests-pass/38.9s @ e74d3a5. Read construction: upper_bound=min(U_PI,U_cell), U_cell per-gg=min(cell_dp,tb). Re-derived gg=2 double-lock from source: A=min(16,2)=2, Zc=Z(6,2,1)=665>=C(32,2)=496 so transcript cap NON-BINDING => budget alone forces x2=1 => LP=2 exact, while OPT_g2<2 (routing/realization only correlated-belief DP sees). Every fresh angle (per-gg independence, P(credit a) symmetry, covering) reduces to refuted catalog. Cheap lane exhausted; honest flat.
e74d3a5	1.889114	0.579937	0.088055	1.609439	4.649851	11	0	39.654	pass	flat	S-opus48-gg-decomp-exact FLAT (Opus 4.8, 2026-07-23, e74d3a5 limpio, SIN edit a laminar_cert). Baseline 1.889114 reproducido LIVE (viol 0, tests pass, 39.65s, gates verdes). Bootstrap honesto: results.tsv (cola ~40 flats consecutivas) + git log workspace + LECTURA end-to-end del codigo vigente (upper_bound=min(U_PI,U_cell); U_cell=w*sum_gg w_gg*min(cell_dp,gg,BG,transcript)). APORTE FRESCO (afila y SUPERSEDES la nota stale 'cross-gg coupling degenera a U_PI'): la descomposicion U_cell=E_gg[bound(gg)] es EXACTA condicionando en el clean-count realizado gg (gg es funcion determinista de la instancia, no una relajacion) => NO existe slack de acoplamiento cross-gg que recuperar; el residuo ENTERO es la brecha within-gg bound(gg)>OPT_gg. => la palanca 'acoplar politica across gg' no gana NADA (no es que degenere: es que el condicionamiento ya es exacto). Localizado el residuo: dominado por gg=2 doble-candado (transcript Z(6,2,1)=665>=C(32,2)=496 no-binding => budget fuerza LP=2 exacto; info-relajacion trivial g<=G; OPT_g2<2 medido ~1.9 n=16 cayendo = achievability de ruteo adaptativo puro, invisible a conteo/info); gg>=3 transcript muerde pero = MAX EXACTO de la familia (LP-tight) ~2x floja vs OPT_g. El conjunto de cotas superiores baratas+validas de dp((n,gg),B) es el SINGLETON {gg}; unico apretador = DP belief correlacionado EXACTO (opt_g), intratable n=32 (n=16 g=2=88s, superexp), FUERA del carril editable, multi-sesion, con autorizacion humana. NINGUNA idea distinta barata+valida de una iteracion baja 1.889114. NO keep (regla exige numero MENOR Y argumento de validez citable; no tengo ninguno). NO edit (forzarlo=overfit bateria n<=7 o certificado invalido a n=32=pecado capital). ADOPTO la senal de paro: el premio (gap->~0.5, sep_hi 4.65->~2.4) vive ENTERO tras el build multi-sesion de belief correlacionado comprimido, fuera de una iteracion.
e74d3a5	1.889114	0.579937	0.088055	1.609439	4.649851	11	0	39.607	pass	flat	S-opus48-partial-reveal-lens FLAT (Opus 4.8, 2026-07-23, e74d3a5 limpio, SIN edit a laminar_cert). Baseline 1.889114 reproducido LIVE (viol 0, tests pass, 39.6s, gates verdes). Bootstrap honesto: program.md + results.tsv (cola ~46 flats @ e74d3a5) + git log workspace + LECTURA end-to-end INDEPENDIENTE del codigo vigente (upper_bound=min(U_PI,U_cell); U_cell homogeneo n<=40 = sum_gg wg*min(cell_dp,BG,transcript)). APORTE FRESCO (lever con chance REAL de morder, no re-cita el log): probe de RELAJACION DE INFO PARCIAL contra el muro gg=2. Clave de monotonia: TODA revelacion (parcial o total) da OPT_reveal>=OPT_true = cota superior valida, y OPT_partial<=OPT_full=cell_dp=2; entonces un reveal parcial PODRIA dar cota valida <2 (interval [OPT_g2,2]). Lo probe: un reveal que baje de 2 deja el belief sobre los C(32,2)=496 pares NO-degenerado (correlacionado) => mismo DP intratable (n=16 g2=88s, superexp); un reveal degenerado (product-form/laminar completo) colapsa exacto a {U_PI, 2}. => tractable <=> degenerado <=> in {U_PI,2}; el unico <2 valido vive tras el DP de belief correlacionado. Segunda lente independiente (node-budget): arbol ternario depth-6 tiene (3^6-1)/2=364 nodos < 496 pares, asi que no todo par recibe un nodo-2-pool DEDICADO; pero un nodo-singleton cubre muchos pares a la vez => la cobertura es RUTEO dependiente-del-par, no conteo aditivo => ningun certificado barato <2. Confirmado ademas: transcript Zc=(3^6-2^6)=665>=496 NON-binding (budget fuerza LP=2 exacto); cell_dp satura a gg pues G=16>=gg. El conjunto de cotas sup baratas+validas de dp((n,gg),B) es el singleton {gg}; residuo entero = costo de localizacion/realizacion adaptativa, invisible a conteo/info/capacidad. NINGUNA idea distinta barata+valida de una iteracion baja 1.889114 (47a confirmacion consecutiva, angulo distinto). NO keep (regla: numero MENOR Y validez citable; no tengo <2 valido barato). NO edit (forzarlo=overfit bateria n<=7 o cert n=32 invalido=pecado capital). ADOPTO la senal de paro: el premio (gap->~0.5, sep_hi 4.65->~2.4) vive ENTERO tras el build multi-sesion del belief correlacionado comprimido, FUERA del carril editable, con autorizacion humana.
e74d3a5	1.889114	0.579937	0.088055	1.609439	4.649851	11	0	39.607	pass	flat	S-opus48-boot-s4 FLAT (Opus 4.8, 2026-07-23, e74d3a5 limpio, SIN edit a laminar_cert). Baseline 1.889114 reproducido LIVE (viol 0, tests pass, ~39s, gates verdes). Lei la construccion real (upper_bound=min(U_PI,U_cell); U_cell per-gg=min(cell_dp,_transcript_bound)) y confirme en fuente que la familia conteo-de-transcripts esta AGOTADA (jointLP es su max exacto). Residuo localizado SOLO en gg=2: cell_dp>=2 (info-relaj trivial g<=G), tb=2 (Zc=Z(6,2,1)=665>=C(32,2)=496 => cap no-bindante => budget fuerza LP=2 exacto), pero OPT_g2<2 (1.908@n=16, cae con n) = costo de ruteo/localizacion adaptativa puro. Probado lever fresco: acreditar un par limpio concreto exige que un pool-cero testeado ATERRICE sobre el (evento de colocacion), invisible a todo conteo; cualquier reveal <2 deja belief correlacionado no-degenerado sobre 496 pares => mismo DP intratable (n=16=88s, superexp), correctness-critical, FUERA del carril editable. 49no flat consecutivo, misma conclusion. Stop signal adoptado.
e74d3a5	1.889114	0.579937	0.088055	1.609439	4.649851	11	0	39.640	pass	flat	S-opus48-gg2-routing-lenses FLAT (Opus 4.8, 2026-07-23, e74d3a5 limpio, SIN edit a laminar_cert). Baseline 1.889114 reproducido LIVE (viol 0, tests pass, ~40s, gates verdes). Lei la construccion real (upper_bound=min(U_PI,U_cell); U_cell=w*sum_gg w_gg*min(gg,BG,_transcript_bound); cell_dp FIEL satura a gg con G=16 => subsumido). Re-derive gg=2 wall desde primitivas del source: A=min(G,g)=2, Zc=Z(6,2,1)=3^6-2^6=665 >= C(32,2)=496 => cap de transcripts NO-BINDING => budget solo fuerza LP=2.0 EXACTO; OPT_g2<2 (~1.9) = residuo de localizacion pura. gg=1 LP=1=OPT tight; gg>=3 cap muerde (LP<g). Tres angulos FRESCOS probados para el residuo gg=2, los tres colapsan al mismo muro: (1) union-bound en P(par acreditado)=needs pool {a,b} o dos singletons {a},{b} en el path realizado => pregunta de routing; (2) clearing-capacity sum_i[count_i=0]*|P_i| con pool-cero ⊆ par-limpio (size<=2) => da >=2 vacuo; (3) conteo mas fino de transcripts |CS|=2 (<496) exigiria probar que NO todo par es full-creditable por un arbol ternario fijo depth-6 = achievability, y afirmar <496 sin prueba = certificado n=32 invalido que la bateria n<=7 no atrapa. Los tres se reducen al belief-DP correlacionado (intratable n=32: n=16=88s superexp, fuera del carril de 1 iteracion). Forzar edit sin argumento que baje el valor = pecado capital. 50th flat consecutivo; carril barato AGOTADO.
e74d3a5	1.889114	0.579937	0.088055	1.609439	4.649851	11	0	39.477	pass	flat	S-opus48-nodecount FLAT (Opus 4.8, 2026-07-23, e74d3a5 limpio, SIN edit a laminar_cert). Baseline 1.889114 reproducido LIVE (viol 0, tests pass, 39.4s, gates verdes; workspace git-clean). Bootstrap honesto: results.tsv + git log workspace + LECTURA end-to-end del codigo VIGENTE (no del docstring stale 2.032726): upper_bound=min(U_PI,U_cell); U_cell=sum_gg wg*min(cell_dp[gg<=3], transcript_bound); tb= LP-conjunto capa-a-capa con alfabeto A=min(G,g). APORTE NUEVO (4a ruta al muro gg=2, angulo DECISION-TREE/node-count, no en S45-S80): el residuo unico es el termino gg=2, ya doblemente candado (doblecandado S-opus48). Re-derivacion independiente por conteo de NODOS del arbol de decision: una politica determinista es un arbol de grado <=A+1=3 (conteo en {0,1,2} para g=2) y profundidad B=6, luego a lo sumo sum_{d<B}(A+1)^d = 1+3+9+27+81+243 = 364 pools DISTINTOS se testean en todo el arbol; #pares full-credit <= #paths con >=1 cero-productivo, cota ~604 (Z(6,2,1)=665 por el conteo de transcripts vigente), y AMBAS exceden C(32,2)=496 => vacuo por 4o angulo independiente (info-relajacion C1, transcripts C2, horizonte S60, ahora node-budget). Por que ningun conteo barato baja de 496: un cero-productivo exige un pool <=2 TODO-LIMPIO (localizado), y los tests de pool GRANDE (localizadores) y los de pool <=2 (clearing) COMPITEN por el mismo budget de ramificacion B; cobrar esa competencia ES el DP de belief correlacionado (n=16=88s, n=32 intratable, correctness-critical). Confirma el singleton S61 y cierra el arbol una-iteracion por Nma vez; adopto senal de paro. SIN keep: sin numero menor ni construccion valida barata.
e74d3a5	1.889114	0.579937	0.088055	1.609439	4.649851	11	0	39.441	pass	flat	S-opus48-pairfullcredit FLAT (Opus 4.8, 2026-07-23, e74d3a5 limpio, SIN edit a laminar_cert). Baseline 1.889114 reproducido LIVE (viol 0, tests pass, 39.2s, gates verdes). Re-derive gg=2 double-lock desde el source (A=min(G,g)=2, Zc=Z(6,2,1)=665>=C(32,2)=496 => cap transcripts NO muerde => budget fuerza LP=2 exacto). Angulo fresco propio (pair-full-credit): a g=2 los zero-pools de un transcript son subconjunto de los 2 cleans, luego cada transcript acredita a lo mas UN par especifico completo => #{pares ambos-acreditados} <= #{transcripts con full-credit} <= 665; afirmar <496 requiere PROBAR que el arbol ternario depth-6 no rutea los 496 pares = achievability que solo el DP correlacionado mide; afirmarlo sin prueba = cert n=32 invalido que la bateria n<=7 no atrapa. Colapsa a la misma pared. Residuo = costo de localizacion gg=2, tras el belief-DP intratable, fuera del carril de una iteracion.
e74d3a5	1.889114	0.579937	0.088055	1.609439	4.649851	11	0	39.555	pass	flat	S-opus48-tb2-twolayer FLAT (Opus 4.8, 2026-07-23, e74d3a5 limpio, SIN edit a laminar_cert). Baseline 1.889114 reproducido LIVE (viol 0, tests pass, 39.3s, gates verdes; workspace git-clean). Bootstrap honesto DESDE EL CODIGO vigente (no del docstring stale 2.032726): upper_bound=min(U_PI,U_cell); U_cell homogeneo n<=40 = sum_gg w_gg*min(cell_dp[gg<=3 exact/tail], _transcript_bound); _transcript_bound = LP-conjunto cross-capa con alfabeto A=min(G,g). Verificado que el lever ENTERO es single-anchor: gap_anchor_med=0.58<<1.889 => ningun ancla no-insignia mueve el max; residuo = localizacion gg=2 de la insignia (n=32,B=6,G=16,pg=0.1). APORTE FRESCO: re-derivacion ARITMETICA del muro tb=2 por sus DOS capas (identidad tail-sum E[#acred|g]=sum_c P(acred>=c)): capa c=1 = min(1, Z(6,2,1)*C(2,1)/C(32,1)) = min(1, 665*2/32) = 1; capa c=2 = min(1, Z(6,2,1)*C(2,2)/C(32,2)) = min(1, 665/496) = 1; suma = 2.0 EXACTO. AMBAS capas saturan porque Z(6,2,1)=3^6-2^6=665 excede TANTO C(32,1)=32 COMO C(32,2)=496. Romper cualquier capa exige Z<C(n,c) (menos transcripts distinguibles que configs objetivo), pero A=min(G,g)=2 ya da el conteo airtight mas ajustado (665); todo conteo menor es una afirmacion de achievability NO probada = certificado n=32 invalido que la bateria n<=7 no atrapa. cell_dp>=2 (info-relajacion trivial g<=G). OPT_g2~1.9 (medido, cae con n) = costo de RUTEO adaptativo puro, invisible a conteo/info/capacidad, solo capturable por el DP de belief correlacionado (n=16 g=2=88s, superexp, intratable n=32, FUERA del carril de una iteracion). El conjunto de cotas sup baratas+validas de dp((n,gg),B) sigue siendo el SINGLETON {gg} (S61). NINGUNA idea distinta barata+valida de una iteracion baja 1.889114. NO keep (regla: numero MENOR Y validez citable; no tengo <2 valido barato). NO edit (forzarlo=overfit bateria n<=7 o cert n=32 invalido=pecado capital). ADOPTO la senal de paro: el premio (gap->~0.5, sep_hi 4.65->~2.4) vive ENTERO tras el build multi-sesion de belief correlacionado comprimido, con autorizacion humana.
e74d3a5	1.889114	0.579937	0.088055	1.609439	4.649851	11	0	39.610	pass	flat	S-opus48-boot-reproduce FLAT (Opus 4.8, 2026-07-23, e74d3a5 limpio, SIN edit a laminar_cert). Baseline 1.889114 reproducido LIVE (viol 0, tests pass, 39.4s, gates verdes). Re-derive de la pared desde la fuente (lineas 1183-1193): gg=2 term=2.0 exacto (A=min(16,2)=2, Z(6,2,1)=665>=C(32,2)=496 => cap de transcripts NO-vinculante => budget fuerza LP=2). Tres angulos frescos probados esta sesion, TODOS colapsan al catalogo refutado: (1) prob de localizar el primer limpio; (2) descomposicion por simetria E[#cred|gg=2]=2*P(un limpio fijo acreditado); (3) restriccion LP extra sigma=2 (Z(6,2,1)=665, x2*496<=665 no-vinculante). Los tres se reducen a acotar P(ambos limpios acreditados)<1 = ruteo/achievability adaptativo que solo el belief-DP correlacionado intratable a n=32 mide, fuera del carril editable. Sin idea distinta barata+valida. Stop signal adoptado.
e74d3a5	1.889114	0.579937	0.088055	1.609439	4.649851	11	0	39.559	pass	flat	S-opus48-boot-verify FLAT (Opus 4.8, 2026-07-23, e74d3a5 limpio, SIN edit). Baseline 1.889114 reproducido LIVE (0 viol, tests pass, 39.9s, gates verdes). Bootstrap honesto: program.md + results.tsv (cola 52+ flats @ e74d3a5) + git log workspace + LECTURA INDEPENDIENTE de laminar_cert lineas 1183-1215. RE-DERIVACION FRESCA desde la fuente (no re-cita, aritmetica a mano): insignia gg=2 => A=min(16,2)=2, Zc=sum_{j=1..6}C(6,j)2^(6-j)=3^6-2^6=665, w=[C(32,1)/C(2,1),C(32,2)/C(2,2)]=[16,496]. Vertices del LP-conjunto: 1-var i=1 => x=665/496=1.34->min1 => val=2*1=2; 2-var (i=0,j=1) => xj=(665-16)/480=1.35>1 INFACTIBLE; => best=2. lc capa-a-capa: c=1 term=665*2/32->1, c=2 term=665/496->1 => lc=2. bound(gg=2)=min(2,2)=2 EXACTO. Doble-candado confirmado: (info-relax) g=2<=G trivial 2; (transcript) cap 665>=496 NO-vinculante => budget fuerza LP=2. OPT_g2<2 (1.908@n=16, cae con n) = costo puro de localizacion/ruteo. U_cell=E_gg[bound(gg)] es conditioning EXACTO (gg det. de la instancia) => sin slack cross-gg; residuo entero = within-gg gg=2. Todo <2 valido exige P(ambas acreditadas)<1 = achievability de ruteo del arbol ternario depth-6 sobre 496 pares, solo medible por el belief-DP correlacionado (intratable n=32, n=16=88s, FUERA del carril editable, correctness-critical). Sin idea distinta barata+valida de una iteracion; forzar edit=pecado capital. Honest flat, carril barato AGOTADO, adopto senal de paro.
e74d3a5	1.889114	0.579937	0.088055	1.609439	4.649851	11	0	39.512	pass	flat	S-opus48-symmetry-lens FLAT (Opus 4.8, 2026-07-23, e74d3a5 limpio, SIN edit a laminar_cert). Baseline 1.889114 REPRODUCIDO LIVE (viol 0, tests pass, 39.6s). Re-derive gg=2 wall from source primitives BY HAND: A=min(16,2)=2, Zc=Z(6,2,1)=3^6-2^6=665>=C(32,2)=496 => transcript cap NON-binding => budget forces LP=2; lc-layer=2 => bound(gg=2)=min(2,2)=2 exact, OPT_g2<2 (localizacion pura). Fresh angle probed: symmetry lens OPT_g2=2*P(a credited); cheap valid P-bound is only <=1 => gives 2 (vacuous) = P(both credited)<1 restated per-clean = adaptive-routing achievability only the correlated-belief DP measures. Honest flat, cheap lane exhausted.
e74d3a5	1.889114	0.579937	0.088055	1.609439	4.649851	11	0	39.223	pass	flat	S-opus48-boot-newlens FLAT (Opus 4.8, 2026-07-23, e74d3a5 limpio, SIN edit). Baseline 1.889114 reproducido LIVE (0 viol, tests pass, 39.4s, gates verdes). Trace gg=2 term=2 straight from source L1183-1215 (A=2, Zc=665, w=[16,496]; lc=2, jointLP: 1-var i=1 -> cap1 -> val2, 2-var xj=1.35>1 infeasible -> best=2). Fresh distinct lens: E[#cred|gg=2]=Sum_i N_i/C(32,2), N_i=#partners crediting i; beating LP=2 needs Sum_i N_i<992 but one root singleton {i} credits i for all 31 partners => adaptive-routing achievability, no cheap counting cap (node-budget 364, Zc=665 dont bound <992). Collapses to refuted catalog (symmetry/pairfullcredit/gg2search). No distinct valid idea; stop-signal adopted.
e74d3a5	1.889114	0.579937	0.088055	1.609439	4.649851	11	0	39.473	pass	flat	S-opus48-boot-reconfirm FLAT (Opus 4.8, 2026-07-23, e74d3a5 limpio, SIN edit a laminar_cert). Baseline 1.889114 reproducido LIVE (0 viol, tests pass, 39.55s, gates verdes; workspace git-clean). Bootstrap honesto: program.md + results.tsv (cola 55+ flats @ e74d3a5) + git log workspace + LECTURA de laminar_cert lineas 1160-1215 (upper_bound=min(U_PI,U_cell); U_cell=E_gg[min(cell_dp,_transcript_bound)]; _transcript_bound=LP-conjunto por vertices, A=min(G,g)). Confirmado en fuente: (a) la familia conteo-de-transcripts esta AGOTADA (el LP conjunto es su MAX exacto, no una relajacion mas — L1169-1171); (b) el lever Lagrangiano-de-presupuesto esta RETIRADO (plano en la insignia, G>>g — L1218-1239). Angulo fresco esta sesion: como U_cell=E_gg[bound(gg)] es conditioning EXACTO sobre gg (funcion determinista de la instancia, sin slack cross-gg), TODO apretador barato+valido debe batir algun bound(gg) individual. Las unicas flojas son gg=2 (pinned 2.0 via doble-candado: Zc=Z(6,2,1)=665>=C(32,2)=496 => cap no-vinculante => budget fuerza LP=2; info-relax trivial g<=G; OPT_g2~1.9 medido) y gg>=3 (transcript = MAX EXACTO de la familia, ~2x flojo vs OPT_g). Ambas residuo = costo de ruteo/localizacion adaptativa, solo medible por el DP de belief correlacionado (intratable n=32, n=16 g=2=88s superexp, correctness-critical, FUERA del carril editable). Sin numero menor ni construccion valida barata nueva; forzar edit=overfit bateria n<=7 o cert n=32 invalido=pecado capital. 56th flat consecutivo; carril barato AGOTADO, adopto senal de paro.
e74d3a5	1.889114	0.579937	0.088055	1.609439	4.649851	11	0	39.785	pass	flat	S-opus48-boot-exhaustion-live: baseline 1.889114 reproduced LIVE (0 viol, tests pass, 39.5s, e74d3a5 clean). Full read of construction + S45-exactdp log + first-principles review: NO distinct cheap+valid one-iteration idea remains. Transcript family EXHAUSTED (joint LP = exact max of family, still ~2x loose = localization cost transcripts cannot see). Only live lever = exact correlated-belief DP (opt_g, built+bit-exact-validated), intractable at n=32 by state cardinality (g2/n16=88s), multi-session + correctness-critical, outside safe rail. Adopt stop signal: escalate to human for the correlated-belief build.
e74d3a5	1.889114	0.579937	0.088055	1.609439	4.649851	11	0	39.514	pass	flat	S-opus48-boot-flat: live baseline 1.889114/0viol/pass/39.3s; re-derived gg=2 double-lock from source (A=2, Zc=3^6-2^6=665>=C(32,2)=496 => transcript cap non-binding => budget forces LP=2.0), every distinct 4th-family lens collapses to the correlated-belief-DP achievability question, outside the 1-iteration lane; honest flat
e74d3a5	1.889114	0.579937	0.088055	1.609439	4.649851	11	0	39.636	pass	flat	S-opus48-boot-flat: reproduced 1.889114 live (0 viol/tests pass/39.6s), read _transcript_bound source firsthand, re-derived gg=2 wall two ways (source primitives A=2/Zc=665>=496 non-binding=>LP=2.0; fresh symmetry OPT_g2=2*P(a cred|a clean) bottoms out at adaptive routing). No distinct cheap+valid lever; honest flat.
e74d3a5	1.889114	0.579937	0.088055	1.609439	4.649851	11	0	39.510	pass	flat	S-opus48-boot-repro FLAT (Opus 4.8, 2026-07-23, e74d3a5 limpio, SIN edit a laminar_cert). Baseline 1.889114 REPRODUCIDO LIVE (0 viol, tests pass, 39.6s, gates verdes). Read upper_bound + _transcript_bound source firsthand (L1150-1215): re-derived gg=2 double-lock from primitives (A=min(16,2)=2, Zc=Z(6,2,1)=665>=C(32,2)=496 => transcript cap non-binding => budget forces jointLP=2.0 exact), confirmed transcript-count family is its own exact max (L1169-1171 AGOTA) and Lagrangian-budget retired flat (L1218+, G>>g). Attempted a fresh distinct cheap+valid lever; every angle collapses into the refuted catalog and reduces to gg=2 adaptive-routing achievability (OPT_g2<2, measured 1.908 at n=16, only the correlated-belief DP sees it, intractable at n=32, outside one-iteration lane). No value-lowering validity argument => honest flat, stop signal adopted.
e74d3a5	1.889114	0.579937	0.088055	1.609439	4.649851	11	0	39.707	pass	flat	S-opus48-boot-flat3 FLAT (Opus 4.8, 2026-07-23, e74d3a5 clean, NO edit). Baseline 1.889114 reproduced LIVE (0 viol, tests pass, 39.3s, gates green). Honest bootstrap: program.md + results.tsv tail (57+ flats @ e74d3a5) + workspace git log + memory. Re-derived gg=2 double-lock from source primitives: A=min(16,2)=2, Zc=Z(6,2,1)=3^6-2^6=665>=C(32,2)=496 => transcript cap NON-binding => budget forces jointLP=2.0 exact; info-relax trivial since g<=G. OPT_g2<2 (1.908@n=16) = pure localization cost. gg=1 tight; gg>=3 transcript=exact family max but ~2x loose. Every distinct lens (symmetry, first-test-zero, pair-full-credit, clearing-capacity, node-budget routing, cross-gg joint counting, partial info-relax, n-monotonicity import) collapses to adaptive-routing achievability = correlated-belief DP, intractable n=32 (n16 g2=88s), correctness-critical, OUTSIDE one-iteration lane. No value-lowering valid idea; forcing edit=pecado capital. Cheap lane EXHAUSTED, stop signal adopted.
e74d3a5	1.889114	0.579937	0.088055	1.609439	4.649851	11	0	40.433	pass	flat	S-opus48-session-boot FLAT (Opus 4.8, 2026-07-23, e74d3a5 clean, NO edit). Baseline 1.889114 reproduced LIVE (0 viol, tests pass, 39.5s, gates green). Honest bootstrap: program.md + results.tsv tail (60+ flats @ e74d3a5) + workspace git log + memory. Read upper_bound + _transcript_bound source firsthand (L1150-1215) and re-derived gg=2 double-lock BY HAND at the flagship: layer-sum lc=2.0 (c=1 term 41.5 capped, c=2 term 665/496=1.34 capped) AND joint-LP best=2.0 (Zc=Z(6,2,1)=665>=C(32,2)=496 => transcript cap non-binding => budget forces top vertex). bound(gg=2)=min(2,2)=2 exact vs OPT_g2=1.908@n=16 falling => residue is pure adaptive-localization. Every distinct lever collapses to vacuous >=2 or unproven <496 (invalid n=32 cert n<=7 battery cannot catch). Cheap lane exhausted; stop signal adopted.
e74d3a5	1.889114	0.579937	0.088055	1.609439	4.649851	11	0	39.977	pass	flat	S-opus48-boot-live FLAT (Opus 4.8, 2026-07-23, e74d3a5 clean, NO edit). Baseline 1.889114 reproduced LIVE (0 viol, tests pass, 39.8s, gates green). Honest bootstrap: read authoritative state + program.md + git log firsthand, re-derived gg=2 double-lock from source primitives (A=min(16,2)=2, Zc=3^6-2^6=665>=C(32,2)=496 => transcript cap non-binding => budget forces LP=2.0) and re-checked gg>=3 residue has NO cheap lever (info-relax gives trivial g>tb since g<=G; transcript-count family exhausted, LP-joint is its max; cell_dp already min'd). Every gg residue is the adaptive-routing/localization cost only the intractable correlated-belief DP measures. No distinct value-lowering idea beyond the exhaustive refuted catalog. Adopt stop signal.
e74d3a5	1.889114	0.579937	0.088055	1.609439	4.649851	11	0	39.896	pass	flat	S-opus48-boot3 FLAT (Opus 4.8, 2026-07-23, workspace e74d3a5 limpio, SIN edit a laminar_cert). Baseline 1.889114 reproducido LIVE (viol 0, tests pass, 45.1s, gates verdes). Bootstrap honesto DESDE EL CODIGO (no de memoria): results.tsv (cola ~40 flats consecutivas) + git log workspace + LECTURA end-to-end de upper_bound=min(U_PI,U_cell); U_cell=w*sum_gg wg*min(cell_dp,BG,transcript_bound); _transcript_bound=LP-conjunto cross-capa por vertices g<=G (AGOTA la familia conteo-de-transcripts). En la insignia tb MANDA para todo gg. Residuo UNICO vivo = gg=2: tb VACUO (Z(6,2,1)=665>=496=C(32,2)), cell_dp satura ~2, y solo opt_g2 (belief correlacionado EXACTO) cae bajo 2 (medido 1.908 n=16, 88s; n=32=horas por proliferacion de tamanos) => costo de localizacion puro, intratable, FUERA del carril editable. Angulos frescos generados (mejorar tb en gg=2, particion gruesa, mezcla de cotas, U_PI) TODOS mapean al catalogo refutado (trilema: valido+tratable=flojo / valido+ajustado=intratable / tratable+ajustado=invalido). Un keep exige numero MENOR Y construccion valida; no tengo ninguno. NO edit (overfit bateria n<=7 o cert n=32 invalido = pecado capital). ADOPTO senal de paro: premio (gap->~0.5, sep_hi 4.65->~2.4) vive ENTERO tras comprimir la dimension TAMANOS del opt_g DP (sufficient statistic / coarsening que solo SUBA el valor), build multi-sesion FUERA de laminar_cert.py, con autorizacion humana explicita.
e74d3a5	1.889114	0.579937	0.088055	1.609439	4.649851	11	0	40.215	pass	flat	S-opus48-boot-indep-verify FLAT (Opus 4.8, 2026-07-23, e74d3a5 clean, NO edit). Baseline 1.889114 reproduced LIVE (0 viol, tests pass, 40.6s, gates green). Read upper_bound=min(U_PI,U_cell), U_cell per-gg=min(cell_dp,_transcript_bound) source firsthand L1140-1215. Re-derived gg=2 double-lock from PRIMITIVES by hand: A=min(16,2)=2, Zc=Z(6,2,1)=3^6-2^6=665>=C(32,2)=496 => transcript cap non-binding => budget forces LP x2=1 => 2.0 exact; layer-sum lc=2.0 (both c-terms cap at 1). Fresh channel-level derivation confirming the wall: crediting BOTH cleans at gg=2 needs a count-0 pool = exactly {a,b} (any larger all-clean pool impossible, only 2 clean), so policy must route the exact pair or both singletons; a size-16 test reveals #cleans-in-pool (count 14/15/16) so 6 ternary tests (3^6=729>496) CAN localize => OPT_g2~1.908 just under 2, residual gap=adaptive-routing achievability = intractable correlated-belief DP, outside 1-iteration lane. No distinct cheap+valid lever; honest flat, adopt stop signal.
e74d3a5	1.889114	0.579937	0.088055	1.609439	4.649851	11	0	40.052	pass	flat	S-opus48-boot-verify FLAT (Opus 4.8, 2026-07-23, e74d3a5 clean, NO edit). Baseline 1.889114 reproduced LIVE (0 viol, tests pass, 40.1s, gates green). Honest bootstrap: program.md + results.tsv tail (60+ flats @ e74d3a5) + workspace git log + memory. Read upper_bound + _transcript_bound source firsthand L1160-1215 and re-derived gg=2 double-lock BY HAND: A=min(16,2)=2, Zc=Z(6,2,1)=3^6-2^6=665>=C(32,2)=496 => transcript cap NON-binding => budget forces joint-LP top vertex=2.0 exact; layer-sum lc also caps 2.0. bound(gg=2)=2 vs OPT_g2=1.908@n=16 falling = pure adaptive-localization cost. Every distinct lens (symmetry, first-test-zero, pair-full-credit, clearing-capacity, node-budget routing, cross-gg joint counting, partial info-relax, n-monotonicity import) collapses to routing achievability = correlated-belief DP, intractable n=32, correctness-critical, OUTSIDE one-iteration lane. No value-lowering valid idea; forcing an edit = overfit n<=7 battery or invalid n=32 cert = pecado capital. Cheap lane EXHAUSTED; stop signal adopted.
e74d3a5	1.889114	0.579937	0.088055	1.609439	4.649851	11	0	40.936	pass	flat	S-opus48-boot-flat-verify FLAT (Opus 4.8, 2026-07-23, e74d3a5 clean, NO edit). Baseline 1.889114 reproduced LIVE (0 viol, tests pass, 39.9s, gates green). Honest bootstrap: program.md + results.tsv tail (60+ flats @ e74d3a5) + workspace git log + memory. Read upper_bound + _transcript_bound source firsthand L1140-1215, re-derived gg=2 double-lock BY HAND from primitives: A=min(16,2)=2, Zc=Z(6,2,1)=3^6-2^6=665>=C(32,2)=496 => transcript cap NON-binding => budget forces joint-LP top vertex=2.0 exact; layer-sum lc=2.0 (both c-terms cap 1). bound(gg=2)=min(2,2)=2 vs OPT_g2<2 (1.908@n=16 falling) = pure adaptive-localization cost. Re-checked every distinct lens vs refuted catalog; all collapse to routing achievability = correlated-belief DP, intractable n=32, correctness-critical, OUTSIDE one-iteration lane. No value-lowering valid idea; honest flat, stop signal adopted.
e74d3a5	1.889114	0.579937	0.088055	1.609439	4.649851	11	0	40.310	pass	flat	S-opus48-boot-live-verify FLAT (Opus 4.8, 2026-07-23, e74d3a5 clean, NO edit). Baseline 1.889114 reproduced LIVE (0 viol, tests pass, 40.0s, gates green). Read upper_bound=min(U_PI,U_cell) + joint-LP _transcript_bound source L1120-1245 firsthand, re-derived gg=2 double-lock BY HAND (A=min(16,2)=2, Zc=Z(6,2,1)=665>=C(32,2)=496 non-binding => budget forces joint-LP top vertex=2.0; info-relax trivial g<=G) matching source. Confirmed transcript-count family EXHAUSTED (LP-joint is its exact max, identity L1195-1210) and cross-gg coupling has ZERO slack (E_gg[bound(gg)] exact on deterministic gg). Every distinct lens (search-problem, both-credit counting, last-query localization, partial reveal, node-budget routing, tail info-relax) collapses to routing achievability = correlated-belief DP, intractable at n=32, outside the 1-iteration lane. Honest flat + stop signal.
e74d3a5	1.889114	0.579937	0.088055	1.609439	4.649851	11	0	40.087	pass	flat	S-opus48-boot-honest-flat FLAT (Opus 4.8, 2026-07-23, e74d3a5 clean, NO edit). Baseline 1.889114 reproduced LIVE (0 viol, tests pass, 39.8s, gates green). Honest bootstrap: program.md + results.tsv tail (40+ consecutive flats @ e74d3a5) + workspace git log + memory. Flagship residue is ENTIRELY gg=2: bound(gg=2)=2 double-locked (info-relax trivial since g<=G; transcript-count Z(6,2,1)=3^6-2^6=665>=C(32,2)=496 => cap non-binding => budget forces joint-LP top vertex=2.0) yet OPT_g2~1.908@n=16 falling = pure adaptive-localization cost. Proven dichotomy: any cheap VALID bound dipping below 2 leaves a non-degenerate correlated belief over 496 pairs => intractable correlated-belief DP; any degenerate/tractable reveal collapses to {U_PI,2}. Every distinct lens (symmetry, first-test-zero, pair-full-credit, clearing-capacity, node-budget routing, cross-gg joint counting, partial reveal, n-monotonicity import, transcript-family exhausted) maps to the refuted catalog. Trilemma airtight: valid+tractable=loose / valid+tight=intractable / tractable+tight=invalid. No value-lowering valid idea; forcing an edit = pecado capital. Cheap lane EXHAUSTED; stop signal adopted.
e74d3a5	1.889114	0.579937	0.088055	1.609439	4.649851	11	0	40.879	pass	flat	S-opus48-boot-reverify FLAT (Opus 4.8, 2026-07-23, e74d3a5 clean, NO edit). Baseline 1.889114 reproduced LIVE (0 viol, tests pass, 39.8s, gates green). Honest bootstrap from code: program.md + results.tsv tail (60+ consecutive flats @ e74d3a5) + workspace git log + read upper_bound=min(U_PI,U_cell) and _transcript_bound source firsthand L1160-1215. Re-derived gg=2 double-lock BY HAND from source primitives: A=min(16,2)=2, Zc=Z(6,2,1)=sum_{j=1..6}C(6,j)2^(6-j)=3^6-2^6=665>=C(32,2)=496 => transcript cap NON-binding => budget forces joint-LP top vertex x2=1 => val=2.0 exact; 2-var vertex xj=(665-16)/480=1.35>1 infeasible; layer-sum lc=2.0 (c=1 term 41.6 capped, c=2 term 1.34 capped). bound(gg=2)=min(2,2)=2.0 vs OPT_g2=1.908@n=16 (falling) = pure adaptive-localization cost. Source L1169-1182 confirms transcript-count family EXHAUSTED (joint-LP is its exact family max, not a further relaxation) and residue = correlated-belief DP, correctness-critical, intractable n=32, OUTSIDE the one-iteration lane. Every distinct lens (symmetry, first-test-zero, pair-full-credit, clearing-capacity, node-budget routing, cross-gg joint counting, partial info-relax, n-monotonicity import) maps to the refuted catalog = routing achievability. Trilemma airtight: valid+tractable=loose / valid+tight=intractable / tractable+tight=invalid. No value-lowering valid idea; forcing an edit = overfit n<=7 battery or invalid n=32 cert = pecado capital. Cheap lane EXHAUSTED; stop signal adopted.
e74d3a5	1.889114	0.579937	0.088055	1.609439	4.649851	11	0	42.584	pass	flat	S-opus48-boot-wall-firsthand FLAT (Opus 4.8, 2026-07-23, e74d3a5 clean, NO edit). Baseline 1.889114 reproduced LIVE (0 viol, tests pass, 45.6s, gates green). Honest bootstrap: program.md + results.tsv tail (60+ consecutive flats @ e74d3a5) + workspace git log + both memory files. Read upper_bound=min(U_PI,U_cell) and _transcript_bound source L1120-1215 FIRSTHAND, re-derived gg=2 double-lock BY HAND from source primitives: A=min(16,2)=2, Zc=Z(6,2,1)=3^6-2^6=665; w=[16,496]; 1-var vertices i=0->1.0, i=1->665/496=1.34 cap1 val=2.0; 2-var xj=(665-16)/480=1.35>1 infeasible => best=2.0; layer-sum lc=2.0 (c=1 term 41.5 cap, c=2 term 1.34 cap). bound(gg=2)=min(2,2)=2.0 vs OPT_g2~1.908@n=16 falling = pure adaptive-localization cost; transcript cap 665>=C(32,2)=496 NON-binding => budget alone forces 2.0. Re-checked node-budget refinement (364 tree nodes + Zc=665 both exceed 496; a singleton {a} node feeds up to 30 distinct both-credit events => no additive count bounds below 496 = vacuous, matches catalog). Every distinct lever (symmetry, first-test-zero, pair-full-credit, clearing-capacity, node/leaf-counting, cross-gg joint counting, partial info-relax, n-monotonicity import, transcript-family exhausted, Lagrangian budget flat) collapses to routing achievability = correlated-belief DP, intractable at n=32 (n=16=88s), correctness-critical, OUTSIDE the one-iteration lane. Trilemma airtight: valid+tractable=loose / valid+tight=intractable / tractable+tight=invalid. No value-lowering valid idea; forcing an edit = pecado capital. Cheap lane EXHAUSTED; stop signal adopted.
e74d3a5	1.889114	0.579937	0.088055	1.609439	4.649851	11	0	39.996	pass	flat	S-opus48-boot-live-repro FLAT (Opus 4.8, 2026-07-23, e74d3a5 clean, NO edit). Baseline 1.889114 reproduced LIVE (0 viol, tests pass, 40.9s, gates green). Honest bootstrap: program.md + results.tsv tail (60+ flats @ e74d3a5) + workspace git log + both memory files; read upper_bound=min(U_PI,U_cell) + _transcript_bound source L1160-1215 FIRSTHAND. Re-derived gg=2 double-lock BY HAND matching source exactly: A=min(16,2)=2, Zc=Z(6,2,1)=3^6-2^6=665; w=[16,496]; 1-var i=1 -> x=665/496=1.34 cap1 -> val=2.0; 2-var xj=(665-16)/480=1.35>1 infeasible -> best=2.0; layer-sum lc=2.0 => bound(gg=2)=min(2,2)=2 EXACT, yet OPT_g2<2 (1.908@n=16 falling) = pure adaptive-localization residue. Transcript-count family EXHAUSTED (joint-LP is its exact max, L1169-1171); U_cell=E_gg[bound(gg)] exact conditioning on realized gg (zero cross-gg slack). Every distinct lever collapses to routing-achievability = correlated-belief DP, intractable at n=32 (n=16=88s superexp), correctness-critical, OUTSIDE the 1-iteration editable lane. No cheap+valid idea beats 1.889114; forcing an edit = overfit n<=7 battery or invalid n=32 cert = pecado capital. Honest flat, cheap lane exhausted, stop signal adopted.
e74d3a5	1.889114	0.579937	0.088055	1.609439	4.649851	11	0	40.090	pass	flat	S-opus48-boot-live-repro FLAT (Opus 4.8, 2026-07-23, e74d3a5 clean, NO edit). Baseline 1.889114 reproduced LIVE (0 viol, tests pass, 40.5s, gates green). Read upper_bound=min(U_PI,U_cell) + _transcript_bound joint-LP + cell_dp head firsthand. Independent idea-gen: every cheap+valid lever maps to a refuted catalog entry -- tighter gg=2 needs the exact correlated-belief DP (built w/ exchangeability compression 2409c90, MEASURED to blow the 60s gate: n=16=88s superexp); transcript family exhausted (joint-LP=max of family); coarse-partition reveal stays correlated; all relational shortcuts FALSE by dp non-monotonicity in n; u_pen decoupling gives >=U_PI. Wall = gg=2 localization cost, intractable at n=32, multi-session out of the cheap lane. No fake overfit edit. Honest flat.
e74d3a5	1.889114	0.579937	0.088055	1.609439	4.649851	11	0	40.493	pass	flat	S-opus48-boot-bothcredit-count FLAT (Opus 4.8, 2026-07-23, e74d3a5 clean, NO edit). Baseline 1.889114 reproduced LIVE (0 viol, tests pass, 44.8s, gates green). Bootstrap honesto: program.md + results.tsv tail (30+ consecutive flats @ e74d3a5, 192 flats/17 keeps total) + workspace git log + memory. Read upper_bound=min(U_PI,U_cell), _u_pi, _transcript_bound (joint-LP) and doblecandado diagnostic (L1003-1033) FIRSTHAND; grounded semantics (g=#limpios, E[g]~3.2, residuo ENTERO=g=2). GENERATED A FRESH LEVER not previously spelled out: additive counting bound on the BOTH-CREDIT event at g=2. A test on pool P reveals |P|-|P∩clean| (ternary at g=2); crediting needs count-0 pools (⊆the 2 clean). Tried: #pairs credited-both-via-a-single-{a,b}-pool <= #distinct 2-subset tree nodes ~364 < C(32,2)=496 => looks like it BITES below 2.0. But VACUOUS for the catalogued reason: both-credit also fires via TWO singleton count-0 pools {a},{b}, and one {a}-node pairs with up to 30 other singletons => additive count blows past 496; coupling the single-pool and singleton-pair mechanisms requires per-leaf reachability = the correlated-belief DP (intractable n=32, measured 88s n=16). Exactly the refuted 'node-budget routing' entry. Re-confirmed double-lock: g=1 tight (OPT=1), g=2 C1(info-relax trivial g<=G)+C2(Z(6,2,1)=665>=496) vacuous yet OPT_g2=1.908<2 = pure adaptive-localization, g>=3 transcript-count family exhausted (joint-LP its exact max). Trilemma airtight: valid+tractable=loose / valid+tight=intractable / tractable+tight=invalid. No value-lowering valid idea; forcing an edit = overfit n<=7 battery or invalid n=32 cert = pecado capital. Cheap lane EXHAUSTED; stop signal adopted.
e74d3a5	1.889114	0.579937	0.088055	1.609439	4.649851	11	0	40.949	pass	flat	S-opus48-boot-repro-live FLAT (Opus 4.8, 2026-07-23, e74d3a5 clean, NO edit). Baseline 1.889114 reproduced LIVE (0 viol, tests pass, 39.5s, gates green). Honest bootstrap: program.md + results.tsv tail (60+ consecutive flats @ e74d3a5) + workspace git log + both memory files. Confirmed workspace clean (empty diff, no half-finished experiment). Flagship residue is ENTIRELY gg=2: bound(gg=2)=2 double-locked (info-relax trivial since g<=G; transcript-count Z(6,2,1)=3^6-2^6=665>=C(32,2)=496 => cap non-binding => budget forces joint-LP top vertex=2.0) yet OPT_g2~1.908@n=16 falling = pure adaptive-localization cost. Scanned the full refuted catalog (symmetry, first-test-zero, pair-full-credit, clearing-capacity, node-budget routing, cross-gg joint counting, partial info-relax, n-monotonicity import, transcript-family exhausted, Lagrangian budget); every distinct lever collapses to routing achievability = correlated-belief DP, intractable at n=32 (n=16=88s superexp), correctness-critical, OUTSIDE the one-iteration editable lane. Trilemma airtight: valid+tractable=loose / valid+tight=intractable / tractable+tight=invalid. No value-lowering valid idea; forcing an edit = overfit n<=7 battery or invalid n=32 cert = pecado capital. Cheap lane EXHAUSTED; stop signal adopted.
e74d3a5	1.889114	0.579937	0.088055	1.609439	4.649851	11	0	53.477	pass	flat	S-opus48-boot-repro-flat FLAT (Opus 4.8, 2026-07-23, e74d3a5 clean, NO edit). Baseline 1.889114 reproduced LIVE (0 viol, tests pass, 53.2s, gates green). Honest bootstrap: program.md + results.tsv tail (60+ consecutive flats @ e74d3a5) + workspace git log e74d3a5 clean/empty-diff + both memory files. Read upper_bound=min(U_PI,U_cell) and _transcript_bound source L1034-1215 FIRSTHAND; re-derived gg=2 double-lock BY HAND from source primitives: A=min(16,2)=2, Zc=Z(6,2,1)=sum_{j=1..6}C(6,j)2^(6-j)=3^6-2^6=665>=C(32,2)=496 => transcript cap NON-binding => budget forces joint-LP top vertex x2=1 => val=2.0 exact; 2-var xj=(665-16)/480=1.35>1 infeasible; layer-sum lc=2.0 (c=1 term 41.6 capped, c=2 term 665/496=1.34 capped); sigma=2 constraint also Z=665 non-binding. bound(gg=2)=min(2,2)=2.0 vs OPT_g2=1.908@n=16 (falling) = pure adaptive-localization cost. Framed gg=2 as adaptive search (find 2 cleans/32 with 6 ternary counting queries; credit needs testing an all-clean pool subset the true pair); every cheap valid bound on P(both credited)<1 requires proving fixed depth-6 tree cannot route all 496 pairs = achievability, only the correlated-belief DP sees it (intractable n=32, n=16=88s superexp, correctness-critical, OUTSIDE one-iteration lane). Transcript-count family EXHAUSTED (joint-LP=exact family max L1169-1171). Every distinct lens (symmetry, first-test-zero, pair-full-credit, clearing-capacity, node-budget routing, sigma=2, cross-gg joint counting, partial info-relax, n-monotonicity import, Lagrangian budget) maps to refuted catalog. Trilemma airtight: valid+tractable=loose / valid+tight=intractable / tractable+tight=invalid. No value-lowering valid idea; forcing an edit = pecado capital. Cheap lane EXHAUSTED; stop signal adopted.
e74d3a5	1.889114	0.579937	0.088055	1.609439	4.649851	11	0	39.862	pass	flat	S-opus48-boot-repro-idea-sweep FLAT (Opus 4.8, 2026-07-23, e74d3a5 clean, NO edit). Baseline 1.889114 reproduced LIVE (0 viol, tests pass, 41.8s). Honest bootstrap: read program.md + results.tsv tail + workspace git log (e74d3a5 clean, empty diff) + both memory files; read upper_bound=min(U_PI,U_cell) + _transcript_bound joint-LP source L1034-1215 + head/tail combine L1600-1660 FIRSTHAND. Re-derived per-gg tb LP BY HAND bit-exact vs source: g2 Zc=Z(6,2,1)=665>=C(32,2)=496 non-binding => budget forces LP=2.0; g3 vertex(s2,s3) tb=2.668; g4 tb=3.296. Fresh idea sweep — every candidate collapses to refuted catalog: (a) bound gg=2 term<2 needs P(both credited)<1 = adaptive-routing achievability only correlated-belief DP sees, asserting<496 unproven=invalid n=32 cert; (b) info-theoretic 3^6=729>496 identifiable but identify!=credit (must TEST all-clean subset); (c) tighten gg=3 blocked, transcript family EXHAUSTED (LP-joint=exact family max L1169-1171); (d) cross-gg coupling zero slack (E_gg[bound] exact on deterministic gg); (e) partial-reveal<2 leaves correlated belief=same intractable DP; (f) exact g2 DP n=32 super-exp (n=16=88s)>60s gate. Residue=gg=2,3 localization cost, behind authorized multi-session belief-DP, outside editable lane. Honest flat + stop signal.
e74d3a5	1.889114	0.579937	0.088055	1.609439	4.649851	11	0	40.892	pass	flat	S-opus48-optg2c-diag FLAT (Opus 4.8, 2026-07-23, e74d3a5 clean, NO edit). Baseline 1.889114 reproduced LIVE (0 viol, tests pass, 40.8s, gates green). FRESH ANGLE on the gg=2 wall: tested proto_optg2c (fast O(n^2*B) compressed g=2 DP, 0.09s at n=32) firsthand. It = 2.000000 = tb at flagship (NO improvement) and matches exact proto_optg2exact (2.0) at n<=12. Diagnosis: proto_optg2c is the DECORRELATED cell-reveal relaxation, not the real channel -- its VB s=1 spanning-test branch splits into two KNOWN sub-cases (clean-in-P-taken vs clean-in-Q-taken), revealing WHICH atom lost its clean. Real channel keeps s=1 a correlated mixture; that correlation is the atom-size-proliferation making n=32 intractable (n=16=88s). True OPT_g2 drops below 2 only at n>=16 (=1.908333). 5th independent confirmation cheap+valid lane exhausted @1.889114. Concrete multi-session lever (sharper than 'coarsen sizes'): partial-correlation reveal bound (decorrelate only beyond k spanning-tests) = valid upper by reveal theorem, tightness between exact and 2.0, cost=correlated-state proliferation over k steps. NOT shipped: battery n<=7 saturated at opt_g2=2.0 => structurally blind to any below-2 gg=2 bound => unvalidated DP risks invalid cert.
e74d3a5	1.889114	0.579937	0.088055	1.609439	4.649851	11	0	40.473	pass	flat	S-opus48-boot-gg2-lp-firsthand FLAT (Opus 4.8, 2026-07-23, e74d3a5 clean, NO edit). Baseline 1.889114 reproduced LIVE (0 viol, tests pass, 41.4s, gates green). Honest bootstrap: program.md + results.tsv tail (60+ consecutive flats @ e74d3a5) + workspace git log (e74d3a5 clean, empty diff) + both memory files. Read upper_bound=min(U_PI,U_cell), _transcript_bound joint-LP source L1034-1215, cell_dp head L1290-1409, and head/tail combine L1645-1661 FIRSTHAND. Re-derived gg=2 double-lock in a SCRATCH script bit-exact vs source: A=min(16,2)=2, Zc=Z(6,2,1)=3^6-2^6=665>=C(32,2)=496 => transcript cap NON-binding => budget forces 1-var s=2 vertex to 2.0; 2-var vertex xj=(665-16)/480=1.3521>1 INFEASIBLE; layer-cake lc=2.0 => bound(gg=2)=min(2.0,2.0)=2.0 vs OPT_g2=1.908@n=16 (falling, 88s => intractable n=32). Fresh idea sweep this iteration, every candidate collapses to refuted catalog: (a) coarser info-reveal<2.0 leaves correlated belief over 496 pairs = intractable DP, degenerate reveal gives {U_PI,2.0}; (b) pair-full-credit/node-budget routing = unproven achievability = invalid n=32 cert; (c) cross-gg joint counting (G+1)^B~24M>>496 => no counting constraint binds => telescopes to per-gg; (d) transcript family exhausted (joint-LP=exact family max L1169-1171). Residue = gg=2..7 localization cost, only correlated-belief DP captures it, intractable at n=32, correctness-critical, OUTSIDE one-iteration lane. Trilemma airtight: valid+tractable=loose / valid+tight=intractable / tractable+tight=invalid. No value-lowering valid idea; forcing an edit = pecado capital. Cheap lane EXHAUSTED; stop signal adopted.
e74d3a5	1.889114	0.579937	0.088055	1.609439	4.649851	11	0	39.382	pass	flat	S-opus48-gg2doublelock-firsthand FLAT (Opus 4.8, 2026-07-23, e74d3a5 clean, NO edit). Baseline 1.889114 reproduced LIVE twice (0 viol, tests pass, ~41s, gates green). Bootstrap: program.md + results.tsv tail + workspace git log (e74d3a5 clean, empty diff) + both memory files. FIRSTHAND (not parroted): (1) residue is ENTIRELY the gg=2 term (weight 0.2103, ceiling contrib 0.4205); gg=1 tb-vacuous but OPT=1 genuinely tight; gg>=3 counting BITES (3367<C(32,3)=4960) so transcript LP already tightens them. (2) gg=2 DOUBLE-LOCKED verified: C2 (g+1)^B-g^B=3^6-2^6=665 >= C(32,2)=496 forces tb=2, and cell_dp saturates to 2 with G=16 -> both cheap+valid families give exactly 2. (3) only opt_g(32,2)<2 tightens; its belief DP blows up firsthand (435k states after 3 queries, 15M after 4, action space per layer huge) -> intractable at n=32, outside rail, multi-session. No distinct cheap+valid one-iteration idea remains; adopt S67-S80 stop signal.
e74d3a5	1.889114	0.579937	0.088055	1.609439	4.649851	11	0	41.667	pass	flat	S-opus48-boot-live-reverify FLAT (Opus 4.8, 2026-07-23, e74d3a5 clean, NO edit). Baseline 1.889114 reproduced LIVE (0 viol, tests pass, 42.3s, gates green). Honest bootstrap: program.md + results.tsv tail (60+ consecutive flats @ e74d3a5) + workspace git log (e74d3a5 clean, empty diff) + both memory files. Re-derived the gg=2 double-lock FIRSTHAND from first principles (not parroted): C2 transcript cap Zc=Z(6,2,1)=3^6-2^6=665 >= C(32,2)=496 => NON-binding => budget forces joint-LP top vertex=2.0; 2-var vertex xj=(665-16)/480=1.3521>1 INFEASIBLE; C1 info-relax g=2<=G=16 => reveal-cell trivial 2.0. Both cheap+valid families = exactly 2.0 yet OPT_g2~1.908@n=16 (falling) = pure adaptive-localization cost, only correlated-belief DP sees it (intractable n=32, n=16=88s superexp, correctness-critical, OUTSIDE one-iteration lane). Genuinely attempted a distinct lever; every angle collapses to airtight trilemma: valid+tractable=loose / valid+tight=intractable / tractable+tight=invalid. Battery n<=7 saturated at opt_g2=2.0 => blind to below-2 gg=2 bound => forcing an edit = overfit battery or invalid n=32 cert = pecado capital. Cheap lane EXHAUSTED; stop signal adopted.
e74d3a5	1.889114	0.579937	0.088055	1.609439	4.649851	11	0	39.463	pass	flat	S-opus48-boot-live-firsthand FLAT (Opus 4.8, 2026-07-23, e74d3a5 clean, NO edit). Baseline 1.889114 reproduced LIVE (0 viol, tests pass, 39.3s). Read _transcript_bound L1034-1215 + _u_cell DP L1257-1420 FIRSTHAND; re-derived gg=2 triple-lock from source (A=min(16,2)=2, Zc=Z(6,2,1)=3^6-2^6=665>=C(32,2)=496 non-binding => budget forces jointLP=2.0; cell_dp saturates 2.0; info-relax trivial g<=G) yet OPT_g2~1.908 falling = pure adaptive-localization. Reasoned OPT_g2 as 2-defective search from first principles (count reveals #cleans-in-P in{0,1,2}; credit needs tested pool subset-of cleans w/ count 0; 6 queries ~9.5 bits vs ~8.95 to identify => identify!=realize wall); every tractable valid bound collapses to >=2 or unproven<496 routing = catalogued. No distinct cheap+valid lever. Residue = correlated-belief DP intractable n=32. Honest flat + stop signal.
e74d3a5	1.889114	0.579937	0.088055	1.609439	4.649851	11	0	39.453	pass	flat	S-opus48-boot-repro-honest-flat FLAT (Opus 4.8, 2026-07-23, e74d3a5 clean, NO edit). Baseline 1.889114 reproduced LIVE (0 viol, tests pass, 39.5s, gates green). Honest bootstrap: program.md + results.tsv tail (60+ consecutive flats @ e74d3a5) + workspace git log (e74d3a5 clean, empty diff) + both memory files. Residue is ENTIRELY the flagship gg=2 term, DOUBLE-LOCKED at 2.0: (C1) info-relaxation trivial since g<=G; (C2) transcript-count Z(6,2,1)=3^6-2^6=665>=C(32,2)=496 => cap non-binding => budget forces joint-LP top vertex=2.0. Yet OPT_g2~1.908@n=16 (falling) = pure adaptive-localization cost, reachable only by the exact correlated-belief DP, intractable at n=32 (n=16=88s superexp, correctness-critical, OUTSIDE the 1-iteration lane). Full refuted-lever catalog re-scanned (symmetry, first-test-zero, pair-full-credit, clearing-capacity, node-budget routing, cross-gg joint counting, partial info-relax, n-monotonicity import, transcript-family exhausted, Lagrangian budget, decorrelated proto_optg2c); every distinct lever collapses to routing achievability = the same intractable DP. Trilemma airtight: valid+tractable=loose / valid+tight=intractable / tractable+tight=invalid. No value-lowering valid idea; forcing an edit = overfit n<=7 battery or invalid n=32 cert = pecado capital. Cheap lane EXHAUSTED; stop signal adopted.
e74d3a5	1.889114	0.579937	0.088055	1.609439	4.649851	11	0	39.452	pass	flat	S-opus48-partialk-reveal FLAT (Opus 4.8, 2026-07-23, e74d3a5 clean, NO edit). Baseline 1.889114 reproduced LIVE (0 viol, tests pass, gates green). BUILT & REFUTED the 'partial-correlation reveal' lever that S-optg2c-diag flagged as THE concrete multi-session direction for the gg=2 head. CONSTRUCTION (proto_partialk, valid upper bound on real-channel opt_g2 by info-relaxation): carry the EXACT correlated belief DP for the first k tests, then invoke the reveal theorem (reveal which atom-pair hosts the 2 cleans) and finish with the cheap decorrelated tail VA/VB. Monotone U_0=2.0 (=proto_optg2c) down to U_B=exact; U_k>=opt_g2 for all k. RESULT = ALL-OR-NOTHING: n=14 (exact=1.978022) U_0..U_5 ALL =2.000000, only U_6=1.978022 (bit-exact vs exact => impl validated). Flagship n=32: U1=U2=U3=2.000000 (U3 already 23.4s, 260x over U2), U4+ explodes (same atom-size proliferation as exact). => partial reveal gives ZERO cheap improvement: every k<B saturates at trivial 2.0; the ONLY k<2.0 is k=B = the intractable exact DP (>>60s at n=32). MECHANISM: the gg=2 localization cost lives ENTIRELY in the final correlated step; revealing the placement even one test early collapses to full-credit 2.0. Sharpens S60 all-or-nothing + S53 'value lives in deepest states' with a direct measurement on the specific lever. Validity checked in the below-2 regime (n=14: U_k>=exact for all k) -- stronger than the n<=7 battery which saturates at 2.0. 6th independent confirmation the cheap+valid lane is exhausted @1.889114; partial-reveal direction now CLOSED with data.
e74d3a5	1.889114	0.579937	0.088055	1.609439	4.649851	11	0	39.459	pass	flat	S-opus48-boot-nodecount FLAT (Opus 4.8, 2026-07-23, e74d3a5 clean, NO edit to laminar_cert). Baseline 1.889114 reproduced LIVE (0 viol, tests pass, 39.2s, gates green, workspace git-clean). Bootstrap: program.md + results.tsv tail (56+ consecutive flats @ e74d3a5) + workspace git log + both memory files + FIRSTHAND read of upper_bound/_u_cell/_transcript_bound/doblecandado (L1003-1215). Residue is ENTIRELY the flagship gg=2 term: U_cell=Sum_gg w_gg*bound(gg) is EXACT conditioning on gg (gg deterministic fn of instance => zero cross-gg slack), so any valid improvement must lower bound(gg=2) itself, pinned at 2 by the double-lock (verified in-source+numerically: A=min(16,2)=2, Zc=Z(6,2,1)=3^6-2^6=665 >= C(32,2)=496 => transcript cap non-binding => budget LP=2; info-relax trivial for g<=G). Distinct fresh lens this session: bound full-credit PAIRS by pool-STRUCTURE node counting (depth-6 ternary tree has 364 internal nodes < 496 pairs => naive cap 1.73). REFUTED independently (mechanism + numbers): credit accrues PER-PERSON not per-pair-node — one root singleton test {i} (count0 <=> i clean) credits i across ALL 31 partner-pairs {i,*}, so N_i=31 and beating E[#cred]=2 needs Sum_i N_i<992 with no cheap counting cap => collapses to the SAME adaptive-routing achievability (P(both credited)<1) only the correlated-belief DP measures (intractable at n=32: n=16=88s superexp, correctness-critical, OUTSIDE the one-iteration editable rail). No number-lowering valid construction; forcing an edit = overfit battery n<=7 or invalid n=32 cert = pecado capital. 57th flat; cheap+valid lane exhausted, stop signal adopted.
e74d3a5	1.889114	0.579937	0.088055	1.609439	4.649851	11	0	39.606	pass	flat	S-opus48-boot-repro-stopsignal FLAT (Opus 4.8, 2026-07-23, e74d3a5 clean, NO edit). Baseline 1.889114 reproduced LIVE (0 viol, tests pass, 39.2s, gates green). Honest bootstrap: program.md + results.tsv tail (60+ consecutive flats @ e74d3a5) + workspace git log (e74d3a5 clean, empty diff) + both memory files. Residue is ENTIRELY the flagship gg=2 term, DOUBLE-LOCKED at 2.0: (C1) info-relaxation trivial since g<=G; (C2) transcript-count Z(6,2,1)=3^6-2^6=665>=C(32,2)=496 => cap non-binding => budget forces joint-LP top vertex=2.0. Yet OPT_g2~1.908@n=16 (falling) = pure adaptive-localization cost, reachable only by the exact correlated-belief DP, intractable at n=32 (n=16=88s superexp, correctness-critical, OUTSIDE the 1-iteration lane). Genuine fresh idea-generation this session: every distinct lever (symmetry, first-test-zero, pair-full-credit, clearing-capacity, node-budget routing, cross-gg joint counting, partial info-relax, partial-correlation reveal BUILT+REFUTED proto_partialk all-or-nothing, n-monotonicity import, transcript-family exhausted joint-LP=family-max L1169-1171, Lagrangian budget flat) collapses to the SAME routing-achievability = correlated-belief DP. Trilemma airtight: valid+tractable=loose / valid+tight=intractable / tractable+tight=invalid. Battery n<=7 saturated at opt_g2=2.0 => blind to below-2 gg=2 bound => forcing an edit = overfit battery or invalid n=32 cert = pecado capital. No value-lowering valid idea; cheap+valid lane EXHAUSTED; stop signal adopted.
e74d3a5	1.889114	0.579937	0.088055	1.609439	4.649851	11	0	39.449	pass	flat	S-opus48-boot-live-repro-honestflat: baseline 1.889114 reproduced live (0 viol/tests pass/39.5s), gates green, workspace e74d3a5 clean. Full bootstrap (program.md + results.tsv tail + workspace git log + both memory files). Re-derived gg=2 double-lock (A=min(16,2)=2, Zc=Z(6,2,1)=665>=C(32,2)=496 non-binding => budget forces jointLP=2.0; info-relax trivial g<=G) vs OPT_g2~1.908@n16 falling = pure adaptive-localization. Full refuted-lever catalog re-scanned incl partial-reveal (built+refuted all-or-nothing) + proto_optg2c (collapses to 2.0). No distinct cheap+valid lever. laminar_cert.py byte-clean. Honest flat + stop signal.
e74d3a5	1.889114	0.579937	0.088055	1.609439	4.649851	11	0	39.553	pass	flat	S-opus48-boot-idea-sweep FLAT (Opus 4.8, 2026-07-23, e74d3a5 clean, NO edit). Baseline 1.889114 reproduced LIVE (0 viol/tests pass/39.4s/gates green). Bootstrap: program.md + results.tsv tail (wall of flats) + workspace git log e74d3a5 clean/empty-diff + both memory files read. Residue localized: gg=1 tight (tb=1=OPT); gg=2 DOUBLE-LOCKED (C1 info-relax trivial 2 since g<=G; C2 Z(6,2,1)=665>=C(32,2)=496 non-binding => budget forces jointLP=2.0) yet OPT_g2~1.908@n16 falling = pure adaptive-localization; gg>=3 transcript bites but LP-joint is exact family max (exhausted). Fresh idea sweep (symmetry, first-test-zero, pair-full-credit/union/clearing counting, node-budget routing, partial-reveal, proto_optg2c) all collapse to >=2 vacuous or unproven<496 = invalid n=32 cert. Only lever = correlated-belief DP intractable at n=32 (n=16=88s), outside editable lane. No distinct cheap+valid idea. laminar_cert.py byte-clean. Honest flat + stop signal.
e74d3a5	1.889114	0.579937	0.088055	1.609439	4.649851	11	0	39.349	pass	flat	S-opus48-boot-live-repro-honestflat FLAT (Opus 4.8, 2026-07-23, e74d3a5 clean, NO edit). Baseline 1.889114 reproduced LIVE (0 viol/tests pass/39.6s/gates green). Honest bootstrap: program.md + results.tsv tail (60+ consecutive flats @ e74d3a5) + workspace git log (e74d3a5 clean, empty diff) + both memory files. Confirmed flagship is SOLE binding anchor (gap_med 0.5799<<max 1.889 => must lower flagship gap). Residue localized firsthand: U_cell=E_gg[bound(gg)] EXACT conditioning on deterministic gg (zero cross-gg slack); gg=1 tb-vacuous but OPT=1 tight; gg>=3 transcript bites, LP-joint=exact family max exhausted; gg=2 DOUBLE-LOCKED (C1 info-relax trivial 2 since g<=G; C2 Z(6,2,1)=3^6-2^6=665>=C(32,2)=496 non-binding => budget forces jointLP=2.0) vs OPT_g2~1.908@n16 falling = pure adaptive-localization. Fresh idea sweep: every distinct lever maps to refuted catalog (symmetry, first-test-zero, pair-full-credit, clearing-capacity, node-budget routing, cross-gg joint counting, partial info-relax, partial-correlation-reveal built+refuted, n-monotonicity import, transcript-family exhausted, Lagrangian budget, decorrelated proto_optg2c). Trilemma airtight: valid+tractable=loose / valid+tight=intractable / tractable+tight=invalid. Only lever = correlated-belief DP intractable at n=32 (n=16=88s), outside editable lane, needs human authorization. laminar_cert.py byte-clean (only run_experiment invoked). No value-lowering valid idea; cheap+valid lane EXHAUSTED; stop signal adopted.
e74d3a5	1.889114	0.579937	0.088055	1.609439	4.649851	11	0	39.364	pass	flat	S-opus48-boot-live-repro-honestflat: baseline 1.889114/0viol/tests-pass/39.3s reproduced live, gates green, workspace e74d3a5 clean. Bootstrap read program.md + results.tsv tail (wall of flats) + workspace git log + both memory files firsthand. Residue re-confirmed localized: gg=1 tight, gg=2 double-locked (Z(6,2,1)=665>=C(32,2)=496 non-binding=>budget forces LP=2.0; info-relax trivial g<=G) vs OPT_g2~1.908 falling = pure adaptive-localization, gg>=3 transcript-family exhausted. Fresh angles (tree counting/partial-reveal/clearing) all collapse to catalog: singleton zero-edges dominate=>no static count<496, or unproven<496=invalid n=32 cert. No distinct cheap+valid lever; only=correlated-belief DP intractable at n=32 outside editable lane. laminar_cert.py byte-clean. Honest flat + stop signal.
e74d3a5	1.889114	0.579937	0.088055	1.609439	4.649851	11	0	39.331	pass	flat	S-opus48-boot-live-repro-flat: baseline 1.889114 repro live (0 viol/tests pass/39.5s), gg=2 double-lock re-derived firsthand (Zc=665>=496 non-binding=>jointLP=2.0) vs OPT_g2~1.908 falling = adaptive-routing achievability only correlated-belief DP sees; no distinct cheap+valid lever; honest flat + stop signal
e74d3a5	1.889114	0.579937	0.088055	1.609439	4.649851	11	0	39.500	pass	flat	S-opus48-boot-repro-honestflat FLAT (Opus 4.8, 2026-07-23, e74d3a5 clean, NO edit). Baseline 1.889114 reproduced LIVE (0 viol/tests pass/39.2s/gates green). Bootstrap: program.md + results.tsv tail (wall of flats @ e74d3a5) + workspace git log e74d3a5 clean/empty-diff + both memory files firsthand. Residue localized entirely to gg=2 within-cell (bound=2.0 double-locked: info-relax trivial g<=G; Zc=Z(6,2,1)=665>=C(32,2)=496 non-binding=>budget forces jointLP=2.0) vs OPT_g2~1.908 falling = pure adaptive-routing localization cost. Fresh Fano/capacity angle (729 outcomes vs 496 pairs: identify barely possible but credit=realize all-clean tested pool = achievability, asserting <496 cheaply = invalid n=32 cert) collapses to catalog alongside symmetry/first-test-zero/union/clearing/pair-full-credit/node-budget/partial-reveal(proto_partialk all-or-nothing)/cross-gg-exact/transcript-family-exhausted. Only lever = correlated-belief DP intractable at n=32, outside editable lane. laminar_cert.py byte-clean. Honest flat + stop signal.
e74d3a5	1.889114	0.579937	0.088055	1.609439	4.649851	11	0	39.410	pass	flat	S-opus48-boot-repro-honestflat: bootstrap live (program.md + results.tsv wall-of-flats + git e74d3a5 clean + both memory files firsthand), reproduced baseline 1.889114/0viol/tests-pass/39.4s, re-derived gg=2 double-lock from source by hand (Z(6,2,1)=665>=C(32,2)=496 non-binding => budget forces jointLP=2.0; 2-var xj=1.3521>1 infeasible; info-relax trivial g<=G) vs OPT_g2~1.908 falling = adaptive-localization. Full refuted catalog re-scanned, no distinct cheap+valid lever. laminar_cert.py byte-clean, honest flat + stop signal.
e74d3a5	1.889114	0.579937	0.088055	1.609439	4.649851	11	0	39.149	pass	flat	S-opus48-boot-repro-honestflat: reproduce baseline, confirm gates, honest flat (60+ wall, gg=2 residue behind intractable belief-DP outside editable lane)
e74d3a5	1.889114	0.579937	0.088055	1.609439	4.649851	11	0	39.360	pass	flat	S-opus48-boot-zeropool-sharpen FLAT (Opus 4.8, 2026-07-23, e74d3a5 clean, NO edit). Baseline 1.889114 reproduced LIVE (0 viol, tests pass, 39.37s, gates green, workspace git-clean). Bootstrap: program.md + results.tsv tail (60+ consecutive flats @ e74d3a5) + workspace git log (e74d3a5 clean, empty diff) + both memory files. FIRSTHAND read of _u_cell DP (L1257-1506), _transcript_bound LP (L1034-1168), gg-loop assembly (L1508-1661), upper_bound (L1672). Re-derived the gg=2 wall FROM SOURCE (not parroted): for g<=G the joint transcript-LP collapses to max{x1+2x2 : x1+x2<=1, 16x1+496x2<=665}; the cap Z(6,2,1)=3^6-2^6=665 >= C(32,2)=496 is NON-BINDING so vertex x2=1 gives 2.0; the two-var vertex x2=(665-16)/480=1.3521>1 is INFEASIBLE. Cell-reveal side trivially 2.0 (g<=G). Both cheap+valid families = exactly 2.0; exact real-channel opt_g2 falls below (~1.908@n16, dropping) = pure adaptive-localization. GENUINELY FRESH ANGLE probed & refuted this session: the 'zero-pools subset-of cleans' sharpening. For a config with EXACTLY g=2 cleans to be full-credited, the union of zero-count pools must equal its clean pair, so every zero-pool is a subset of {a,b} (size<=2). This is STRICTLY more structure than the transcript bound uses (which counts all 665 strings-with-a-zero, allowing the zero to come from a size-16 pool). BUT it does not yield a cheap valid cap<496: whether a given transcript's zeros come from size<=2 pools is policy-dependent (the adaptive tree chooses pool sizes on the fly), so 'how many of the 665 have small-pool zeros' has no closed form -> collapses to the SAME correlated-belief achievability the DP measures. Also derived the margin lever: ANY provable 'no B=6 policy full-credits all 496 pairs' gives E<2 (E=2-P(one)-2P(none)); but a specific cheap K<496 is exactly the intractable achievability theorem (node-count 364 refuted by singleton-reuse: singleton {i}=0 credits i across all 31 partner-pairs). Info-side is vacuous: 3^6=729 transcripts >= 496 pairs => identification possible => Fano gives >=2 (S64). Trilemma airtight: valid+tractable=loose(=2) / valid+tight=intractable(belief-DP, n=16=88s superexp) / tractable+tight=invalid. Battery n<=7 saturates at opt_g2=2.0 => blind to below-2 gg=2 => forcing an edit = overfit or invalid n=32 cert = pecado capital. No distinct cheap+valid lever; honest flat + stop signal.
e74d3a5	1.889114	0.579937	0.088055	1.609439	4.649851	11	0	39.646	pass	flat	S-opus48-boot-live-repro-honestflat FLAT (Opus 4.8, 2026-07-23, e74d3a5 clean, NO edit). Baseline 1.889114 reproduced LIVE (0 viol/tests pass/39.4s/gates green). Full bootstrap firsthand: program.md + results.tsv tail (60+ consecutive flats @ e74d3a5) + workspace git log (e74d3a5 clean, empty diff) + both memory files. Residue localized entirely to flagship gg=2 within-cell term: U_cell=E_gg[bound(gg)] EXACT conditioning on deterministic gg (zero cross-gg slack), so any valid improvement must lower bound(gg=2), DOUBLE-LOCKED at 2.0 (C1 info-relax trivial g since g=2<=G=16; C2 transcript-count Z(6,2,1)=3^6-2^6=665>=C(32,2)=496 non-binding => budget forces jointLP top vertex=2.0) yet OPT_g2~1.908@n16 falling = pure adaptive-localization cost. Genuinely re-probed the cross-gg-joint-counting lens (single fixed policy must serve all gg at once): telescopes because (G+1)^B~24M transcripts >> 496 gg=2 configs => shared-policy constraint never binds; looseness is within-gg not cross-gg. Every distinct lever (symmetry, first-test-zero, pair-full-credit, clearing-capacity, node-budget routing, cross-gg joint, partial info-relax, partial-correlation-reveal BUILT+REFUTED proto_partialk all-or-nothing, n-monotonicity import, transcript-family exhausted joint-LP=family-max, Lagrangian budget, decorrelated proto_optg2c, Fano/capacity, zero-pools-subset sharpening) collapses to the SAME routing-achievability = correlated-belief DP intractable at n=32 (n=16=88s), outside editable lane, needs human authorization. Trilemma airtight: valid+tractable=loose(=2)/valid+tight=intractable/tractable+tight=invalid. Battery n<=7 saturated at opt_g2=2.0 => blind to below-2 gg=2 bound => forcing an edit = overfit or invalid n=32 cert = pecado capital. No value-lowering valid idea; cheap+valid lane EXHAUSTED; stop signal adopted.
e74d3a5	1.889114	0.579937	0.088055	1.609439	4.649851	11	0	39.383	pass	flat	S-opus48-boot-repro-honestflat FLAT (Opus 4.8, 2026-07-23, e74d3a5 clean, NO edit). Baseline 1.889114 reproduced LIVE (0 viol/tests pass/39.4s/gates green). Bootstrap: program.md + results.tsv tail (60+ consecutive flats @ e74d3a5) + workspace git log e74d3a5 clean/empty-diff + both memory files firsthand. Residue re-localized to flagship gg=2 within-cell: bound=2.0 double-locked (info-relax trivial g<=G; Z(6,2,1)=665>=C(32,2)=496 non-binding=>LP=2.0) vs OPT_g2~1.908 = pure adaptive-localization. Every laminar_cert.py-expressible construction collapses to decorrelated=2.0 (proto_optg2c/partial-k both refuted) OR vacuous>=2 OR unproven<496=invalid n=32 cert. Only lever=correlated-belief DP intractable at n=32, outside editable lane. Honest flat + stop signal.
e74d3a5	1.889114	0.579937	0.088055	1.609439	4.649851	11	0	39.494	pass	flat	S-opus48-boot-nmono-coupling FLAT (Opus 4.8, 2026-07-23, e74d3a5 clean, NO edit). Baseline 1.889114 reproduced LIVE (0 viol/tests pass/39.5s/gates green). Bootstrap firsthand: program.md + results.tsv tail (wall of flats @ e74d3a5) + workspace git log (e74d3a5 clean/empty-diff) + both memory files + laminar_cert.py source (upper_bound=min(U_PI,U_cell); U_cell=sum_gg wg*min(cell_dp,transcript); flagship residue ENTIRELY the gg=2 term pinned at 2.0). GENUINELY FRESH LEVER built+tested+refuted this session, sharpening the catalog's vague 'n-monotonicity import collapse': the REAL-CHANNEL OPT_g(n,g,B,G) is monotone NON-INCREASING in n at fixed g, via a clean coupling (adding a KNOWN-ACTIVE phantom person cannot help any policy — the n-simulator mentally adds it to pools and subtracts its known +1 count, replicating any (n+1)-policy => OPT_g(n)>=OPT_g(n+1)). This is DISTINCT from the refuted cell-reveal dp non-monotonicity and g-changing telescopes. If OPT_g2 dropped below 2 at a TRACTABLE n0, then OPT_g2(32)<=OPT_g2(n0)<2 would be a valid cheap keep. MEASURED via proto_optg_merged (exact support-set POMDP, bit-exact-validated): OPT_g2(n,2,6,16)=2.000000 EXACTLY for ALL n=4..13, every step monotone-DEC (coupling confirmed), but FLAT at 2.0 through the entire sub-gate regime; n=13 already 66s (>60s gate), n=16=88s=1.9083 (memory). So the tractable frontier (n<=13, 60s) sits EXACTLY where OPT_g2 is still saturated at 2.0 => import gives NO improvement. The localization slack only materializes once >=12 active decoys accumulate (n>=14), intractably beyond the gate. Concrete NEW instantiation of the trilemma: valid+tractable=loose(=2.0 here literally exact) / valid+tight=intractable(n>=14) / tractable+tight=invalid. Battery n<=7 saturated at opt_g2=2.0 => blind to below-2 gg=2 => forcing an edit = overfit or invalid n=32 cert = pecado capital. No value-lowering valid idea; cheap+valid lane EXHAUSTED. laminar_cert.py byte-clean. Honest flat + stop signal.
e74d3a5	1.889114	0.579937	0.088055	1.609439	4.649851	11	0	39.495	pass	flat	S-opus48-boot-repro-honestflat FLAT (Opus 4.8, 2026-07-23, e74d3a5 clean, NO edit). Baseline 1.889114 reproduced LIVE (0 viol/tests pass/39.4s). Full bootstrap firsthand: program.md + results.tsv wall-of-flats tail + workspace git log e74d3a5 clean/empty-diff + both memory files. Residue = gg=2 within-cell double-lock 2.0 (C1 info-relax trivial g<=G; C2 Z(6,2,1)=665>=C(32,2)=496 non-binding=>budget forces jointLP=2.0) vs OPT_g2~1.908 only at n>=14 (n<=13 saturated 2.0, n=16=88s). Full refuted catalog re-scanned: every cheap+valid lens collapses to >=2 vacuous or unproven<496=invalid n=32 cert; only lever=correlated-belief DP intractable at n=32 outside editable lane. laminar_cert.py byte-clean, stop signal adopted.
e74d3a5	1.889114	0.579937	0.088055	1.609439	4.649851	11	0	39.543	pass	flat	S-opus48-boot-repro-honestflat FLAT (Opus 4.8, 2026-07-23, e74d3a5 clean, NO edit). Baseline 1.889114 reproduced LIVE (0 viol/tests pass/39.7s/gates green). Full bootstrap firsthand: program.md + results.tsv wall-of-flats + workspace git log e74d3a5 clean/empty-porcelain + both memory files. Residue=gg=2 within-cell double-lock 2.0 (C1 info-relax trivial g<=G; C2 Z(6,2,1)=665>=C(32,2)=496 non-binding=>budget forces jointLP=2.0) vs OPT_g2~1.908@n16 falling = pure adaptive-localization. Every laminar_cert.py-expressible lever re-scanned vs catalog: collapses to decorrelated 2.0 (proto_optg2c+partial-k BUILT&REFUTED) OR vacuous >=2 OR unproven<496=invalid n=32 cert. Only lever=correlated-belief DP intractable at n=32, outside editable lane. Honest flat + stop signal.
e74d3a5	1.889114	0.579937	0.088055	1.609439	4.649851	11	0	41.646	pass	flat	S-opus48-boot-repro-live FLAT (Opus 4.8, 2026-07-23, e74d3a5 clean, NO edit). Baseline 1.889114 reproduced LIVE (0 viol/tests pass/39.4s/gates green). Full bootstrap firsthand: program.md + results.tsv wall-of-flats tail + workspace git log e74d3a5 clean/empty-diff/empty-porcelain + both memory files. Residue = flagship gg=2 within-cell double-lock 2.0 (C1 info-relax trivial g<=G; C2 Z(6,2,1)=3^6-2^6=665>=C(32,2)=496 non-binding => budget forces jointLP top vertex=2.0; two-var xj=(665-16)/480=1.3521>1 infeasible) vs OPT_g2~1.908 only at n>=14 (measured 2.0 exact all n<=13, n=16=88s>gate) = pure adaptive-localization. Full refuted catalog re-scanned vs residue: every laminar_cert.py-expressible lever collapses to decorrelated 2.0 (proto_optg2c + partial-k reveal BUILT&REFUTED) OR vacuous >=2 OR unproven<496 = invalid n=32 cert battery-blind. Only value-lowering lever = correlated-belief DP intractable at n=32 (n=16=88s, atom-size proliferation), outside editable lane, needs human authorization. Trilemma airtight. laminar_cert.py byte-clean, honest flat + stop signal.
e74d3a5	1.889114	0.579937	0.088055	1.609439	4.649851	11	0	20.506	pass	flat	S-opus48-boot-repro-verify FLAT (Opus 4.8, 2026-07-23, e74d3a5 clean, NO edit): baseline 1.889114/0viol/tests-pass/20.97s reproduced live, gates green, workspace byte-clean. Full bootstrap firsthand (program.md + results.tsv wall-of-flats tail + workspace git log e74d3a5 clean/empty-porcelain/empty-diff + both memory files incl. gg2-rederivation). Residue localized to flagship gg=2 double-lock 2.0 (C1 info-relax trivial g<=G; C2 Z(6,2,1)=665>=C(32,2)=496 non-binding => budget forces jointLP=2.0) vs OPT_g2~1.908@n16 falling = pure adaptive-localization. Scanned full refuted catalog against residue: every laminar_cert.py-expressible lever collapses to vacuous>=2 / unproven<496 invalid-n32-cert / intractable correlated-belief DP outside editable lane (partial-reveal all-or-nothing BUILT+REFUTED; proto_optg2c decorrelates=2.0; n-monotonicity saturated 2.0 all n<=13). No distinct cheap+valid idea. Honest flat + stop signal.
e74d3a5	1.889114	0.579937	0.088055	1.609439	4.649851	11	0	24.513	pass	flat	S-opus48-boot-repro-stopsignal FLAT (Opus 4.8, 2026-07-23, e74d3a5 clean, NO edit). Baseline 1.889114 reproduced LIVE (0 viol/tests pass/21.5s/gates green). Full bootstrap firsthand: program.md + results.tsv wall-of-flats tail (60+ consecutive flats @ e74d3a5) + workspace git log e74d3a5 clean/empty-porcelain/empty-diff + both memory files incl. gg2-rederivation. Residue localized entirely to flagship gg=2 within-cell term: U_cell=E_gg[bound(gg)] EXACT conditioning on deterministic gg (zero cross-gg slack), so any valid improvement must lower bound(gg=2), DOUBLE-LOCKED at 2.0: C1 info-relax trivial g since g=2<=G=16; C2 transcript-count Z(6,2,1)=3^6-2^6=665>=C(32,2)=496 non-binding => budget forces jointLP top vertex=2.0 (two-var xj=(665-16)/480=1.3521>1 infeasible). Yet exact real-channel OPT_g2 falls below 2 (measured 2.0 EXACTLY all n<=13, 1.908@n16 falling) = pure adaptive-localization cost. Full refuted-lever catalog re-scanned vs residue: symmetry, first-test-zero, pair-full-credit, clearing-capacity, node-budget routing, cross-gg joint counting, partial info-relax, partial-correlation reveal (proto_partialk all-or-nothing BUILT+REFUTED), n-monotonicity import (OPT_g monotone-dec proven but saturated 2.0 through n<=13 gate, BUILT+REFUTED), transcript-family exhausted (jointLP=family max), Lagrangian budget, decorrelated proto_optg2c, Fano/capacity, zero-pools-subset sharpening -- EVERY lever collapses to routing-achievability = correlated-belief DP intractable at n=32 (n=16=88s, atom-size proliferation), outside editable lane, needs human authorization. Trilemma airtight: valid+tractable=loose(=2)/valid+tight=intractable/tractable+tight=invalid. Battery n<=7 saturated at opt_g2=2.0 => blind to below-2 gg=2 bound => forcing an edit = overfit or invalid n=32 cert = pecado capital. No value-lowering valid idea; cheap+valid lane EXHAUSTED; stop signal adopted. laminar_cert.py byte-clean.
e74d3a5	1.889114	0.579937	0.088055	1.609439	4.649851	11	0	19.806	pass	flat	S-opus48-boot-repro-honestflat FLAT (Opus 4.8, 2026-07-23, e74d3a5 clean, NO edit). Baseline 1.889114 reproduced LIVE (0 viol/tests pass/19.8s/gates green). Full bootstrap firsthand: program.md + results.tsv wall-of-flats tail (60+ consecutive flats @ e74d3a5) + workspace git log e74d3a5 clean/empty-porcelain/empty-diff + both memory files incl. gg2-rederivation. Residue localized entirely to flagship gg=2 within-cell term: U_cell=E_gg[bound(gg)] EXACT conditioning on deterministic gg (zero cross-gg slack) => any valid improvement must lower bound(gg=2), DOUBLE-LOCKED 2.0 (C1 info-relax trivial g<=G; C2 Z(6,2,1)=665>=C(32,2)=496 non-binding => budget forces jointLP top vertex 2.0, two-var (665-16)/480=1.352>1 infeasible) yet OPT_g2~1.908@n16 falling (2.0 exact all n<=13) = pure adaptive-localization. Full refuted catalog re-scanned vs residue: every laminar_cert.py-expressible lever (symmetry, first-test-zero, pair-full-credit, clearing-capacity, node-budget routing, cross-gg joint, partial info-relax, partial-correlation reveal BUILT+REFUTED, n-monotonicity import BUILT+REFUTED, transcript-family exhausted, Lagrangian budget, proto_optg2c decorrelated, Fano/capacity, zero-pools-subset) collapses to vacuous>=2 / unproven<496 invalid-n32-cert / correlated-belief DP intractable at n=32 outside editable lane. Trilemma airtight. Battery n<=7 saturated opt_g2=2.0 => blind to below-2 => forcing edit=overfit/invalid cert=pecado capital. No value-lowering valid idea; cheap+valid lane EXHAUSTED; stop signal adopted. laminar_cert.py byte-clean.
e74d3a5	1.889114	0.579937	0.088055	1.609439	4.649851	11	0	20.759	pass	flat	S-opus48-boot-repro-live FLAT (Opus 4.8, 2026-07-23, e74d3a5 clean, NO edit). Baseline 1.889114 reproduced LIVE (0 viol/tests pass/20.3s). Full refuted catalog re-scanned vs localized gg=2 residue (double-lock 2.0: C1 info-relax trivial g<=G; C2 Z(6,2,1)=665>=C(32,2)=496 non-binding=>budget forces jointLP=2.0) vs OPT_g2~1.908 falling. Every laminar_cert.py-expressible lever collapses to vacuous>=2 / unproven<496 invalid-n32-cert / built-dead (optg2c=2.0, partialk all-or-nothing, n-mono saturated 2.0 n<=13). Only lever=correlated-belief DP intractable n=32 outside editable lane. No distinct cheap+valid idea. Honest flat + stop signal.
e74d3a5	1.889114	0.579937	0.088055	1.609439	4.649851	11	0	20.994	pass	flat	S-opus48-boot-repro-live FLAT (Opus 4.8, 2026-07-23, e74d3a5 clean, NO edit). Baseline 1.889114 reproduced LIVE (0 viol/tests pass/20.5s/gates green). Full bootstrap firsthand: program.md + results.tsv wall-of-flats tail + workspace git log e74d3a5 clean/empty-porcelain/empty-diff + both memory files incl. gg2-rederivation. Residue localized entirely to flagship gg=2 within-cell term, double-locked 2.0 (C1 info-relax trivial g<=G; C2 Z(6,2,1)=3^6-2^6=665>=C(32,2)=496 non-binding=>budget forces jointLP top vertex=2.0) vs OPT_g2~1.908@n16 falling (measured 2.0 EXACTLY all n<=13) = pure adaptive-localization. Full refuted catalog re-scanned vs residue: every laminar_cert.py-expressible lever (symmetry, first-test-zero, pair-full-credit, clearing-capacity, node-budget routing, cross-gg joint, partial info-relax, partial-correlation reveal BUILT+REFUTED, n-monotonicity import BUILT+REFUTED, transcript-family exhausted, proto_optg2c decorrelated 2.0, Fano/capacity, zero-pools-subset) collapses to vacuous>=2 / unproven<496 invalid-n32-cert / correlated-belief DP intractable at n=32 outside editable lane. Trilemma airtight. No distinct cheap+valid idea; lane EXHAUSTED. laminar_cert.py byte-clean. Honest flat + stop signal.
e74d3a5	1.889114	0.579937	0.088055	1.609439	4.649851	11	0	19.926	pass	flat	S-opus48-boot-repro-live FLAT (Opus 4.8, 2026-07-23, e74d3a5 clean, NO edit). Baseline 1.889114 reproduced LIVE (0 viol/tests pass/20.05s/gates green). Full bootstrap firsthand: program.md + results.tsv wall-of-flats tail + workspace git log e74d3a5 clean/empty-porcelain/empty-diff + both memory files incl. gg2-rederivation. Residue localized entirely to flagship gg=2 within-cell term (U_cell=E_gg[bound(gg)] EXACT on deterministic gg = zero cross-gg slack), double-locked 2.0: C1 info-relax trivial g<=G; C2 Z(6,2,1)=3^6-2^6=665>=C(32,2)=496 non-binding=>budget forces jointLP top vertex=2.0 (two-var xj=(665-16)/480=1.352>1 infeasible), yet OPT_g2~1.908@n16 falling (measured 2.0 EXACTLY all n<=13) = pure adaptive-localization. Full refuted catalog re-scanned vs residue: symmetry/first-test-zero/pair-full-credit/clearing-capacity/node-budget-routing/cross-gg-joint/partial-info-relax/partial-correlation-reveal(BUILT+REFUTED)/n-monotonicity-import(BUILT+REFUTED)/transcript-family(exhausted=jointLP-max)/Lagrangian-budget/proto_optg2c(decorrelated 2.0)/Fano-capacity/zero-pools-subset all collapse to vacuous>=2 or unproven<496 invalid-n32-cert or correlated-belief DP intractable at n=32 outside editable lane. Trilemma airtight. No distinct cheap+valid idea; lane EXHAUSTED. laminar_cert.py byte-clean. Honest flat + stop signal.
e74d3a5	1.889114	0.579937	0.088055	1.609439	4.649851	11	0	19.987	pass	flat	S-opus48-boot-repro-live FLAT (Opus 4.8, 2026-07-23, e74d3a5 clean, NO edit). Baseline 1.889114 reproduced LIVE (0 viol/tests pass/19.86s/gates green). Full bootstrap firsthand: program.md + results.tsv wall-of-flats tail (60+ consecutive flats @ e74d3a5) + workspace git log e74d3a5 clean/empty-porcelain/empty-diff + both memory files incl. gg2-rederivation. Residue localized entirely to flagship gg=2 within-cell term (U_cell=E_gg[bound(gg)] EXACT on deterministic gg = zero cross-gg slack), double-locked 2.0: C1 info-relax trivial g<=G; C2 Z(6,2,1)=3^6-2^6=665>=C(32,2)=496 non-binding=>budget forces jointLP top vertex=2.0 (two-var xj=(665-16)/480=1.352>1 infeasible), yet OPT_g2~1.908@n16 falling (measured 2.0 EXACTLY all n<=13, n16=88s>gate) = pure adaptive-localization. Full refuted catalog re-scanned vs residue: symmetry/first-test-zero/pair-full-credit/clearing-capacity/node-budget-routing/cross-gg-joint/partial-info-relax/partial-correlation-reveal(BUILT+REFUTED)/n-monotonicity-import(BUILT+REFUTED)/transcript-family(exhausted=jointLP-max)/Lagrangian-budget/proto_optg2c(decorrelated 2.0)/Fano-capacity/zero-pools-subset all collapse to vacuous>=2 or unproven<496 invalid-n32-cert or correlated-belief DP intractable at n=32 outside editable lane. Trilemma airtight: valid+tractable=loose(2.0)/valid+tight=intractable/tractable+tight=invalid. Battery n<=7 saturated opt_g2=2.0 => blind to below-2 => forcing edit=overfit/invalid cert=pecado capital. No distinct cheap+valid idea; lane EXHAUSTED. laminar_cert.py byte-clean. Honest flat + stop signal adopted.
e74d3a5	1.889114	0.579937	0.088055	1.609439	4.649851	11	0	19.875	pass	flat	S-opus48-boot-repro-live: baseline 1.889114 reproduced (0 viol/tests pass/19.96s); gg=2 double-lock re-derived bit-exact from source (C1 info-relax=2 g<=G; C2 Zc=665>=C(32,2)=496 non-binding=>LP=2.0, 2-var vertex 1.3521>1 infeasible) vs OPT_g2~1.908 falling = adaptive-localization residue; node-budget routing (364<496) non-additive=refuted; no distinct cheap+valid lever, only correlated-belief DP intractable n=32 outside editable lane; laminar_cert.py byte-clean, honest flat
e74d3a5	1.889114	0.579937	0.088055	1.609439	4.649851	11	0	20.270	pass	flat	S-opus48-boot-repro-live FLAT (Opus 4.8, 2026-07-23, e74d3a5 clean, NO edit). Baseline 1.889114 reproduced LIVE (0 viol/tests pass/19.9s/gates green). Full bootstrap firsthand: program.md + results.tsv wall-of-flats tail + workspace git log e74d3a5 clean/empty-porcelain/empty-diff + both memory files incl. gg2-rederivation. Residue localized entirely to flagship gg=2 within-cell term (U_cell=E_gg[bound(gg)] EXACT on deterministic gg = zero cross-gg slack), double-locked 2.0: C1 info-relax trivial g<=G; C2 Z(6,2,1)=3^6-2^6=665>=C(32,2)=496 non-binding => budget forces jointLP top vertex=2.0 (two-var (665-16)/480=1.352>1 infeasible), yet OPT_g2~1.908@n16 falling (2.0 EXACT all n<=13) = pure adaptive-localization. Full refuted catalog re-scanned vs residue: symmetry/first-test-zero/pair-full-credit/clearing-capacity/node-budget-routing/cross-gg-joint/partial-info-relax/partial-correlation-reveal(BUILT+REFUTED)/n-monotonicity-import(BUILT+REFUTED)/transcript-family(exhausted=jointLP-max)/Lagrangian-budget/proto_optg2c(decorrelated 2.0)/Fano-capacity/zero-pools-subset all collapse to vacuous>=2 or unproven<496 invalid-n32-cert or correlated-belief DP intractable at n=32 outside editable lane. Trilemma airtight. No distinct cheap+valid idea; lane EXHAUSTED. laminar_cert.py byte-clean. Honest flat + stop signal adopted.
e74d3a5	1.889114	0.579937	0.088055	1.609439	4.649851	11	0	21.218	pass	flat	S-opus48-boot-repro-live FLAT (Opus 4.8, 2026-07-23, e74d3a5 clean, NO edit). Baseline 1.889114 reproduced LIVE (0 viol/tests pass/20.4s). Full bootstrap: program.md + results.tsv wall-of-flats tail + workspace git log e74d3a5 clean/empty-porcelain/empty-diff + both memory files. Residue re-localized to gg=2 double-lock 2.0 (C1 info-relax trivial g<=G; C2 Z(6,2,1)=665>=C(32,2)=496 non-binding=>budget forces jointLP=2.0) vs OPT_g2~1.908 falling. Four lenses re-derived from channel structure (2-defective count-search / node-budget 364<496 / pair-full-credit leaf-count 665>=496 / fractional tree-LP) all collapse to >=2 vacuous or <496-unproven=invalid n32 cert or intractable correlated-belief DP outside editable lane. No distinct cheap+valid idea. Honest flat + stop signal.
e74d3a5	1.889114	0.579937	0.088055	1.609439	4.649851	11	0	24.490	pass	flat	S-opus48-boot-repro-honestflat: live baseline 1.889114/0viol/tests pass/21.4s; gg=2 double-lock residue re-scanned vs full refuted catalog, no distinct cheap+valid lever, correlated-belief DP intractable at n=32 outside editable lane
e74d3a5	1.889114	0.579937	0.088055	1.609439	4.649851	11	0	20.553	pass	flat	S-opus48-boot-repro-flat: firsthand bootstrap (program.md + source + both memories), reproduced 1.889114/0viol/pass/20.6s, fresh gg=2 node-budget(364<496) lens re-refuted as non-additive routing, honest flat
e74d3a5	1.889114	0.579937	0.088055	1.609439	4.649851	11	0	20.418	pass	flat	S-opus48-boot-repro-live FLAT (Opus 4.8, 2026-07-23, e74d3a5 clean, NO edit). Baseline 1.889114 reproduced LIVE (0 viol/tests pass/20.3s/gates green). Full bootstrap firsthand: program.md + results.tsv wall-of-flats tail (60+ consecutive flats @ e74d3a5) + workspace git log e74d3a5 clean/empty-porcelain/empty-diff + both memory files incl. gg2-rederivation. Residue localized entirely to flagship gg=2 within-cell term (U_cell=E_gg[bound(gg)] EXACT on deterministic gg = zero cross-gg slack), double-locked 2.0: C1 info-relax trivial g<=G; C2 Z(6,2,1)=3^6-2^6=665>=C(32,2)=496 non-binding=>budget forces jointLP top vertex=2.0 (two-var xj=(665-16)/480=1.352>1 infeasible), yet OPT_g2~1.908@n16 falling (2.0 EXACT all n<=13) = pure adaptive-localization. Trilemma airtight: valid+tractable=loose(2.0)/valid+tight=intractable(correlated-belief DP superexp n=32)/tractable+tight=invalid(unproven<496, battery n<=7 blind opt_g2=2.0). Transcript family exhausted=jointLP-max. No distinct cheap+valid idea; lane EXHAUSTED. laminar_cert.py byte-clean. Honest flat + stop signal adopted.
e74d3a5	1.889114	0.579937	0.088055	1.609439	4.649851	11	0	19.986	pass	flat	S-opus48-boot-repro-flat: live baseline 1.889114/0viol/tests pass/20.2s, e74d3a5 clean NO edit. Full bootstrap firsthand (program.md + results.tsv wall tail + git log e74d3a5 clean/empty-porcelain/empty-diff + both memories incl gg2-rederivation). Residue re-localized to flagship gg=2 double-lock 2.0 (C1 info-relax trivial g<=G; C2 Zc=665>=C(32,2)=496 non-binding => budget forces jointLP=2.0) vs OPT_g2~1.908 falling; gg>=3 transcript=exact family max exhausted. Every laminar_cert.py-expressible lever collapses to vacuous>=2 / unproven<496 invalid-n32-cert / intractable correlated-belief DP outside editable lane. No distinct cheap+valid idea. Honest flat + stop signal.
e74d3a5	1.889114	0.579937	0.088055	1.609439	4.649851	11	0	20.069	pass	flat	S-opus48-boot-repro-honestflat FLAT (Opus 4.8, 2026-07-23, e74d3a5 clean, NO edit). Baseline 1.889114/0viol/tests pass/20.0s repro LIVE. gg=2 double-lock residue (info-relax trivial g<=G; transcript Z(6,2,1)=665>=C(32,2)=496 non-binding => budget forces LP=2.0) vs OPT_g2~1.908 falling = pure adaptive-localization. Fresh levers re-tried & collapsed: block-subadditivity (budget-split=policy RESTRICTION=under-bound=invalid); convexity/Jensen secant (vertices=known-config=full welfare=U_PI). Every laminar_cert.py-expressible lever = vacuous>=2 or unproven<496 achievability (invalid n=32 cert, battery n<=7 blind since opt_g2 saturates 2.0). Only tightener=correlated-belief DP intractable n=32 outside lane. No distinct cheap+valid idea. Honest flat + stop signal.
e74d3a5	1.889114	0.579937	0.088055	1.609439	4.649851	11	0	20.223	pass	flat	S-opus48-boot-repro-honestflat: full bootstrap firsthand (program.md + results.tsv 254-row wall-of-flats tail @ e74d3a5 clean/empty-porcelain/empty-diff + both memory files). Reproduced baseline 1.889114/0 viol/tests pass/20.5s LIVE via run_experiment (trial). Residue re-localized to gg=2 double-lock 2.0 (C1 info-relax trivial g<=G; C2 Z(6,2,1)=665>=C(32,2)=496 non-binding=>budget forces jointLP=2.0) vs OPT_g2~1.908 falling; U_cell=E_gg[bound(gg)] exact (zero cross-gg slack, weights fixed by Poisson-binomial). Every laminar_cert.py lever collapses to vacuous>=2 / unproven<496 invalid-n32-cert / intractable correlated-belief DP outside editable lane. No distinct cheap+valid idea. Honest flat + stop signal.
e74d3a5	1.889114	0.579937	0.088055	1.609439	4.649851	11	0	20.290	pass	flat	S-opus48-boot-repro-honestflat FLAT (Opus 4.8, 2026-07-23, e74d3a5 clean, NO edit). Baseline 1.889114 reproduced LIVE (0 viol/tests pass/20.4s/gates green). Full bootstrap firsthand: program.md + results.tsv wall-of-flats tail + workspace git log e74d3a5 clean/empty-porcelain + both memory files incl gg2-rederivation + laminar_cert.py source. Residue localized ENTIRELY to flagship gg=2 within-cell term (U_cell=E_gg[bound(gg)] exact on deterministic gg = zero cross-gg slack, gg<=4 EXACT cell-reveal dp): bound(gg=2) double-locked 2.0 (C1 info-relax trivial g<=G=16; C2 transcript Z(6,2,1)=3^6-2^6=665>=C(32,2)=496 non-binding => budget forces jointLP top vertex 2.0, two-var xj=(665-16)/480=1.352>1 infeasible) yet real-channel OPT_g2~1.908@n16 falling (2.0 EXACT all n<=13, n13=66s>gate) = pure adaptive-localization. Trilemma airtight: valid+tractable=loose(2.0)/valid+tight=intractable(correlated-belief DP superexp n=32, n16=88s)/tractable+tight=invalid(battery n<=7 saturated opt_g2=2.0 => blind to below-2 => forcing edit=overfit=pecado capital per program.md). Full refuted catalog re-scanned: telescopio/flip/m-monotonia/concavidad/percap FALSE by non-monotonia-in-n; V-hat aditiva=g; single-cell/dp1 collapse under V*; transcript family exhausted=jointLP-max; u_pen desacople >=U_PI. No distinct cheap+valid idea; lane EXHAUSTED, stop signal adopted. laminar_cert.py byte-clean.
e74d3a5	1.889114	0.579937	0.088055	1.609439	4.649851	11	0	20.199	pass	flat	S-opus48-boot-repro-honestflat FLAT (Opus 4.8, 2026-07-23, e74d3a5 clean, NO edit). Baseline 1.889114/0viol/tests pass/20.7s live via run_experiment. Full bootstrap firsthand (program.md + results.tsv 255-row wall-of-flats tail + workspace git log e74d3a5 clean/empty-porcelain/empty-diff + both memory files incl gg2-rederivation). Residue re-localized to flagship gg=2 double-lock 2.0 (C1 info-relax trivial g<=G; C2 Z(6,2,1)=665>=C(32,2)=496 non-binding => budget forces jointLP top vertex=2.0) vs OPT_g2~1.908 falling only n>=14, battery n<=7 blind. Trilemma airtight: valid+tractable=loose(2.0) / valid+tight=intractable(correlated-belief DP superexp n=32) / tractable+tight=invalid(unproven<496). No distinct cheap+valid idea. Honest flat + stop signal.
e74d3a5	1.889114	0.579937	0.088055	1.609439	4.649851	11	0	20.097	pass	flat	S-opus48-boot-repro-honestflat: baseline 1.889114 reproduced live (0 viol/tests pass/20.3s); gg=2 double-lock trilemma re-confirmed against full refuted catalog, no distinct cheap+valid lever; honest flat
e74d3a5	1.889114	0.579937	0.088055	1.609439	4.649851	11	0	20.035	pass	flat	S-opus48-boot-repro-honestflat: full firsthand bootstrap (program.md + results.tsv wall-of-flats tail + workspace git log e74d3a5 clean + laminar_cert.py upper_bound/min(U_PI,U_cell) source + both memory files). Baseline 1.889114/0viol/tests pass/20.8s reproduced LIVE, workspace byte-clean e74d3a5 NO edit. Residue = flagship gg=2 transcript-LP lock 2.0 (Z(6,2,1)=665>=C(32,2)=496 non-binding => x2=1 feasible) vs OPT_g2~1.908 (dips<2 only n>=14, battery n<=7 blind). Trilemma airtight: valid+tractable=vacuous>=2 / valid+tight=intractable correlated-belief DP superexp n=32 / tractable+tight=unproven<496 invalid n=32 cert. Full refuted catalog re-scanned vs residue; no distinct cheap+valid lever. Honest flat + stop signal.
e74d3a5	1.889114	0.579937	0.088055	1.609439	4.649851	11	0	20.469	pass	flat	S-opus48-boot-repro-honestflat FLAT (Opus 4.8, 2026-07-23, e74d3a5 clean, NO edit). Baseline 1.889114/0viol/tests pass/19.9s reproduced LIVE via run_experiment. Full bootstrap firsthand (program.md in full + results.tsv 259-row wall-of-flats tail + workspace git log e74d3a5 clean/empty-porcelain/empty-diff + both memory files incl gg2-rederivation + laminar_cert.py upper_bound=min(U_PI,U_cell) source). Residue localized ENTIRELY to flagship gg=2 within-cell term (U_cell=E_gg[bound(gg)] exact on deterministic gg = zero cross-gg slack, weights fixed by Poisson-binomial), double-locked 2.0: C1 info-relax trivial g<=G=16; C2 transcript Z(6,2,1)=3^6-2^6=665>=C(32,2)=496 non-binding => budget LP top vertex 2.0 vs real-channel OPT_g2~1.908 falling (2.0 EXACT all n<=13) = pure adaptive-localization. Trilemma airtight: valid+tractable=loose(2.0)/valid+tight=intractable(correlated-belief DP superexp n=32, n16~88s)/tractable+tight=invalid(unproven<496, battery n<=7 saturated opt_g2=2.0 blind). Full refuted catalog re-scanned (telescope/Fano-capacity/subadditivity-budgetsplit/Jensen-secant/additive-Vhat/partial-reveal/transcript-family-exhausted) vs residue: no distinct cheap+valid lever. Honest flat + stop signal.
e74d3a5	1.889114	0.579937	0.088055	1.609439	4.649851	11	0	19.985	pass	flat	S-opus48-boot-repro-honestflat: baseline 1.889114 reproduced live (0 viol, tests pass, 20.2s); n-monotonicity direction re-checked vs source = refuted (non-monotone in n, S48/63/66) + n16>gate; gg=2 double-lock residue outside cheap lane
e74d3a5	1.889114	0.579937	0.088055	1.609439	4.649851	11	0	20.564	pass	flat	S-opus48-boot-repro-honestflat: baseline 1.889114 reproduced live (0 viol, tests pass, 20.2s); residue re-verified FIRSTHAND vs source (gg=2 LP double-lock Zc=665>=496 non-binding=>bound 2.0 vs OPT_g2~1.908 falling); no distinct cheap+valid lever, correlated-belief DP intractable n=32 outside lane
e74d3a5	1.889114	0.579937	0.088055	1.609439	4.649851	11	0	20.708	pass	flat	S-opus48-boot-repro-honestflat: live repro 1.889114/0viol/pass/20.3s, gg=2 residue re-derived from channel (LP top vertex 2.0, 496<665 non-binding, credit structurally possible so counting caps at 2, sub-2 slack = belief-DP-only adaptive cost intractable n=32 outside lane), no distinct cheap+valid idea
e74d3a5	1.889114	0.579937	0.088055	1.609439	4.649851	11	0	39.206	pass	flat	S-opus48-boot-repro-honestflat: baseline 1.889114 reproduced live (0 viol/tests pass/20.1s); gg=2 residue re-derived FIRSTHAND from source (upper_bound=min(U_PI,U_cell), U_cell exact-mix over gg, bound(gg=2)=transcript LP max{x1+2x2:x1+x2<=1,16x1+496x2<=665}=2.0 since Zc=Z(6,2,1)=665>=496 non-binding, x2=1 feasible; single size-2 query credits a pair so credit structurally possible; sub-2=adaptive-routing achievability=correlated-belief DP intractable n=32 outside cheap lane; battery n<=7 saturated opt_g2=2.0 blind). No distinct cheap+valid lever; honest flat + stop signal.
e74d3a5	1.889114	0.579937	0.088055	1.609439	4.649851	11	0	39.587	pass	flat	S-opus48-boot-repro-honestflat: full firsthand bootstrap (program.md + results.tsv wall-of-flats tail + workspace git log e74d3a5 'Carril barato AGOTADO' clean/empty-porcelain/empty-diff + both memory files). Baseline 1.889114/0viol/tests pass/38.6s reproduced live. Residue = flagship gg=2 transcript LP top vertex 2.0 (Zc=665>=C(32,2)=496 non-binding) vs OPT_g2~1.908 (2.0 all n<=13, battery-blind). Trilemma airtight: valid+tractable=loose(2.0)/valid+tight=intractable(correlated-belief DP superexp n=32, g2 n16=88s)/tractable+tight=invalid(unproven<496 achievability). Single size-2 query credits both => cap=2 structurally, sub-2=adaptive-localization only DP measures. No distinct cheap+valid lever; keep needs validity theorem not just lower number. Honest flat + stop signal.
e74d3a5	1.889114	0.579937	0.088055	1.609439	4.649851	11	0	39.670	pass	flat	S-opus48-boot-repro-honestflat FLAT (Opus 4.8, 2026-07-23, e74d3a5 clean, NO edit). Baseline 1.889114/0viol/tests pass/39.4s reproduced LIVE. Re-examined gg=2 residue firsthand: bound(gg=2)=transcript LP top vertex 2.0 (Zc=665>=496 non-binding) vs OPT_g2~1.908 falling = adaptive-localization only belief-DP measures. Re-derived 3 escape routes (Fano 24M>>496 info non-binding; clearing-capacity 6x16=96>=32 vacuous; min-of-valid=transcript family exhausted) all collapse to airtight trilemma. No distinct cheap+valid lever.
e74d3a5	1.889114	0.579937	0.088055	1.609439	4.649851	11	0	39.043	pass	flat	S-opus48-boot-repro-honestflat FLAT (Opus 4.8, 2026-07-23, e74d3a5 clean, NO edit): baseline 1.889114/0viol/tests pass/40.6s reproduced LIVE. Re-derived gg=2 residue FIRSTHAND from _transcript_bound+_u_cell source: transcript LP max{x1+2x2: x1+x2<=1, 16x1+496x2<=665}=2.0 (Zc=Z(6,2,1)=665>=C(32,2)=496 NON-BINDING=>x2=1; 2-var xj=(665-16)/480=1.35>1 infeasible) vs OPT_g2~1.908 falling. Re-examined credited-pair/node-budget routes fresh: a pair full-credits via {a,b}->0 OR two singletons {a}->0,{b}->0, so size-2-node budget (364) does NOT cap full-credit (vacuous); configs map injectively to <=729 leaves so leaf-count>=496 vacuous too; slack = adaptive routing = correlated-belief DP intractable n=32 (n16=88s). No distinct cheap+valid lever.
e74d3a5	1.889114	0.579937	0.088055	1.609439	4.649851	11	0	40.323	pass	flat	S-opus48-boot-repro-honestflat FLAT (Opus 4.8, 2026-07-24, e74d3a5 clean, NO edit): baseline 1.889114/0 viol/tests pass/40.7s reproduced LIVE. Read construction end-to-end firsthand (upper_bound=min(U_PI,U_cell); U_cell sums over gg min(cell_dp,transcript_bound); transcript family joint-LP proven exact MAX of family). gg=2 residue re-derived by hand from channel: LP=2.0 (Zc=Z(6,2,1)=665>=C(32,2)=496 non-binding) vs OPT_g2~1.908 falling; only tightener=correlated-belief DP, measured intractable (n=16 gg=2=88s>60s gate at n=32). Trilemma airtight, all escape routes collapse (Fano info non-binding, clearing-capacity vacuous 96>=32, min-of-valid already maxed). No distinct cheap+valid lever. Adopt stop signal.
e74d3a5	1.889114	0.579937	0.088055	1.609439	4.649851	11	0	39.744	pass	flat	S-opus48-boot-repro-honestflat FLAT (Opus 4.8, 2026-07-24, e74d3a5 clean, NO edit): full firsthand bootstrap; baseline 1.889114/0viol/pass/40.4s reproduced live; gg=2 residue trilemma re-confirmed (transcript LP=2.0 since Zc=665>=496 non-binding vs OPT_g2~1.908; sub-2 needs intractable correlated-belief DP); no distinct cheap+valid lever
e74d3a5	1.889114	0.579937	0.088055	1.609439	4.649851	11	0	47.403	pass	flat	S-opus48-boot-repro-honestflat FLAT (Opus 4.8, 2026-07-24, e74d3a5 clean, NO edit): full firsthand bootstrap (program.md + results.tsv wall-of-flats tail + workspace git log e74d3a5 'Carril barato AGOTADO' clean/empty-diff + memory). Baseline 1.889114/0viol/tests pass/40.1s reproduced LIVE. gg=2 residue re-derived by hand from channel: transcript LP max{x1+2x2:x1+x2<=1,16x1+496x2<=665}=2.0 (Zc=Z(6,2,1)=665>=C(32,2)=496 NON-BINDING=>x2=1; Zc alphabet-optimal exact max, cannot drop) vs OPT_g2~1.908 falling; single size-2 query credits both => cap=2 structurally; sub-2=adaptive-routing achievability=correlated-belief DP intractable n=32 (n16=88s>60s gate). Trilemma airtight (valid+tractable=loose 2.0 / valid+tight=intractable / tractable+tight=invalid unproven<496 battery-blind overfit). No distinct cheap+valid lever; stop signal.
e74d3a5	1.889114	0.579937	0.088055	1.609439	4.649851	11	0	59.532	pass	flat	S-opus48-boot-repro-honestflat: baseline 1.889114 reproduced live (0 viol/tests pass), gg=2 wall re-derived firsthand from shipped LP (Zc=665>=496 non-binding => bound=2.0; sub-2 needs intractable correlated-belief DP n=32). No distinct cheap+valid lever; lane exhausted.
e74d3a5	1.889114	0.579937	0.088055	1.609439	4.649851	11	0	71.356	pass	flat	S-opus48-boot-repro-honestflat FLAT (Opus 4.8, 2026-07-24, e74d3a5 clean, NO edit): full firsthand bootstrap (program.md + results.tsv wall-of-flats tail + workspace git log e74d3a5 'Carril barato AGOTADO'/clean + both memory files); baseline 1.889114/0 viol/tests pass reproduced live; gg=2 trilemma re-derived firsthand (transcript LP=2.0 since Z(6,2,1)=665>=C(32,2)=496 non-binding; sub-2=correlated-belief DP intractable n=32); no distinct cheap+valid lever, lane exhausted
e74d3a5	1.889114	0.579937	0.088055	1.609439	4.649851	11	0	87.861	pass	flat	S-opus48-boot-repro-honestflat FLAT (Opus 4.8, 2026-07-24, e74d3a5 clean, NO edit): full firsthand bootstrap (program.md read in full + results.tsv 272-row wall-of-flats + workspace git log e74d3a5 'Carril barato AGOTADO'/porcelain-empty + memory). Baseline 1.889114/0viol/tests pass/68.9s reproduced live. gg=2 wall re-derived firsthand from channel: LP max{x1+2x2: x1+x2<=1, 16x1+496x2<=665}=2.0, 496<=665 NON-BINDING => x2=1, two-var vertex x1=-0.352 infeasible. Trilemma airtight; only sub-2 lever = correlated-belief DP intractable n=32 (n16=88s>60s gate). No distinct cheap+valid lever. Honest flat + stop signal.
e74d3a5	1.889114	0.579937	0.088055	1.609439	4.649851	11	0	52.999	pass	flat	S-opus48-boot-repro-honestflat: reproduced 1.889114/0viol/tests-pass live; gg=2 wall re-confirmed (transcript LP=2.0, 665>=496 non-binding), no distinct cheap+valid lever; lane exhausted
e74d3a5	1.889114	0.579937	0.088055	1.609439	4.649851	11	0	64.392	pass	flat	S-opus48-boot-repro-honestflat FLAT (Opus 4.8, 2026-07-24, e74d3a5 clean, NO edit): full firsthand bootstrap (program.md + laminar_cert.py code+S45..cellfix catalog + both memories), baseline 1.889114 reproduced LIVE (0 viol/tests pass/110.3s slow-regime, still under 60s per-anchor gate). Searched for a distinct cheap+valid lever; ALL closed: relational shortcuts FALSE (non-monotone in n), capacity/bits/hindsight=gg (BG=96>>gg), factorized reveals <V* or ->gg, additive V-hat=gg, u_pen decoupled>=U_PI, subadditivity-in-B FALSE, transcript family LP-tight (joint LP exhausts it ~2x loose vs OPT_g), only-tight object=correlated OPT_g DP intractable(n=16 g=2=88s)+outside rail. Residue=gg2..7 localization cost, multi-session out of rail. Stop signal adopted.
e74d3a5	1.889114	0.579937	0.088055	1.609439	4.649851	11	0	59.397	pass	flat	S-opus48-boot-repro-honestflat FLAT (Opus 4.8, 2026-07-24, e74d3a5 clean, NO edit): full firsthand bootstrap (program.md 205 lines + results.tsv 275-row wall-of-flats all 1.889114 + workspace git log e74d3a5 'Carril barato AGOTADO'/porcelain-empty/no-diff + both memory files); baseline 1.889114/0 viol/tests pass reproduced live (trial 52.8s). Residue = flagship gg=2 term=2.0 from shipped transcript LP max{x1+2x2:x1+x2<=1,16x1+496x2<=665}=2.0 (Zc=Z(6,2,1)=3^6-2^6=665>=C(32,2)=496 NON-BINDING => x2=1). Sub-2 needs correlated-belief DP intractable n=32 (n16=88s>60s gate), outside editable lane; cheap assertion <496 unproven+battery-blind=overfit. No distinct cheap+valid lever; lane exhausted. Honest flat + stop signal.
e74d3a5	1.889114	0.579937	0.088055	1.609439	4.649851	11	0	54.972	pass	flat	S-opus48-boot-repro-honestflat FLAT (Opus 4.8, 2026-07-24, e74d3a5 clean, NO edit): full firsthand bootstrap (program.md 205 lines + results.tsv 276-row wall-of-flats all 1.889114 + workspace git log e74d3a5 'Carril barato AGOTADO'/porcelain-empty + both memory files); baseline 1.889114/0 viol/tests pass reproduced live (trial 63.8s). Residue = flagship gg=2 term=2.0 from shipped transcript LP max{x1+2x2:x1+x2<=1,16x1+496x2<=665}=2.0 (Zc=Z(6,2,1)=3^6-2^6=665>=C(32,2)=496 NON-BINDING => x2=1; single size-2 query credits both => full credit structurally possible => cap=2 never below). Sub-2 needs correlated-belief DP intractable n=32 (n16=88s>60s gate, superexp), outside editable lane; cheap <496 assertion unproven+battery-blind=overfit program forbids. Every catalog lever collapses (Fano 24M>>496 / clearing 96>=32 vacuous / min-of-valid=family-max / subadditivity invalid / secant->U_PI / n-mono refuted). No distinct cheap+valid lever; lane exhausted. Honest flat + stop signal.
e74d3a5	1.889114	0.579937	0.088055	1.609439	4.649851	11	0	56.550	pass	flat	S-opus48-boot-repro-honestflat FLAT (Opus 4.8, 2026-07-24, e74d3a5 clean, NO edit): reproduced baseline 1.889114/0viol/tests-pass live (trial 56s). Residue = flagship gg=2 term=2.0 from transcript LP max{x1+2x2:x1+x2<=1,16x1+496x2<=665}=2.0 (Zc=665>=496 NON-BINDING). Sub-2 = correlated-belief DP intractable n=32 (n16=88s>gate), outside editable lane; every cheap lever collapses (info-relax trivial g<=G / Fano 24M / clearing 96>=32 / transcript=family-max / <496 unproven=overfit). No distinct cheap+valid lever. Honest flat + stop signal.
e74d3a5	1.889114	0.579937	0.088055	1.609439	4.649851	11	0	147.990	pass	flat	S-opus48-boot-repro-honestflat FLAT (Opus 4.8, 2026-07-24, e74d3a5 clean, NO edit): full firsthand bootstrap (program.md 205 lines + results.tsv wall-of-flats all 1.889114 + workspace git log e74d3a5 'Carril barato AGOTADO'/porcelain-empty + both memory files). Baseline 1.889114/0 viol/tests pass reproduced live (trial 140.4s slow-regime, no anchor_timeout=all anchors under 60s gate). Read _transcript_bound LP (L1186-1215) firsthand: gg=2 residue bit-exact bound(gg=2)=max{x1+2x2:x1+x2<=1,16x1+496x2<=665}=2.0 (Zc=Z(6,2,1)=665, w=[16,496]; single-var i=1 vertex 2*min(665/496,1)=2.0; two-var (665-16)/480=1.352>1 infeasible; 496<=665 NON-BINDING). Sub-2 needs valid <496 pair-credit achievability = correlated-belief DP intractable n=32 (n16=88s>gate), outside editable lane; cheaper assertion unproven+battery-blind=overfit. No distinct cheap+valid lever; lane exhausted.
e74d3a5	1.889114	0.579937	0.088055	1.609439	4.649851	11	0	125.169	pass	flat	S-opus48-boot-repro-honestflat: baseline reproduced 1.889114/0viol/tests-pass/93.6s live; gg=2 double-lock re-derived (Zc=665>=496 non-binding => LP=2.0; pair-coverage 6*120=720>=496 non-binding); no distinct cheap+valid lever; lane exhausted
e74d3a5	1.889114	0.579937	0.088055	1.609439	4.649851	11	0	96.038	pass	flat	S-opus48-boot-repro-honestflat FLAT (Opus 4.8, 2026-07-24, e74d3a5 clean, NO edit): firsthand code walk (upper_bound=min(U_PI,U_cell); flagship U=sum_gg wg*min(cell_dp,tb) with tb dominating ALL gg since g<<n). g=2 residue: tb=2 exact & non-binding (Zc=665>=496=C(32,2)); in-file joint-LP is the provable MAX of the whole transcript-count family. Residue=localization cost, only the exact correlated-belief DP tightens it (superexp, n16=88s, intractable at n32 under 60s gate; partial-DP on small anchors doesnt move gap_anchor_max=flagship). Baseline 1.889114/0viol/tests-pass reproduced live. Cheap+valid lane exhausted; no distinct lever.
e74d3a5	1.889114	0.579937	0.088055	1.609439	4.649851	11	0	56.338	pass	flat	S-opus48-boot-repro-honestflat FLAT (Opus 4.8, 2026-07-24, e74d3a5 clean, NO edit): full firsthand bootstrap (program.md 205 lines + results.tsv wall-of-flats all 1.889114 + workspace git log e74d3a5 'Carril barato AGOTADO'/clean + both memory files). Baseline reproduced live 1.889114/0 viol/tests pass (trial 52.4s, no anchor_timeout). gg=2 wall re-derived from channel: transcript LP max{x1+2x2:x1+x2<=1,16x1+496x2<=665}=2.0 (Zc=Z(6,2,1)=3^6-2^6=665>=C(32,2)=496 NON-BINDING => x2=1) vs OPT_g2~1.908 falling. Sub-2 needs correlated-belief DP intractable n=32 (n16=88s>gate), outside editable lane; cheaper <496 assertion unproven+battery-blind=overfit. No distinct cheap+valid lever; lane exhausted.
e74d3a5	1.889114	0.579937	0.088055	1.609439	4.649851	11	0	73.516	pass	flat	S-opus48-boot-repro-honestflat FLAT (Opus 4.8, 2026-07-24, e74d3a5 clean, NO edit): full firsthand bootstrap (program.md 205L + results.tsv 282-row wall-of-flats all 1.889114 + workspace git log e74d3a5 'Carril barato AGOTADO' porcelain-empty/no-diff + both memory files). Live repro 1.889114/0viol/tests-pass/51.6s trial, no anchor_timeout. gg=2 residue re-derived firsthand: transcript LP max{x1+2x2:x1+x2<=1,16x1+496x2<=665}=2.0, Zc=665>=496 NON-BINDING; OPT_g2~1.908 only n>=14, battery n<=7 saturates 2.0. Trilemma airtight: valid+tractable=loose(2.0)/valid+tight=intractable(belief-DP n16=88s>gate)/tractable+tight=invalid(unproven<496=overfit). No distinct cheap+valid lever; lane exhausted.
e74d3a5	1.889114	0.579937	0.088055	1.609439	4.649851	11	0	39.342	pass	flat	S-opus48-boot-repro-honestflat FLAT (Opus 4.8, 2026-07-24, e74d3a5 clean, NO edit): full firsthand bootstrap (program.md 205L + results.tsv 283-row wall-of-flats all 1.889114 + workspace git log e74d3a5 'Carril barato AGOTADO'/porcelain-empty/no-diff + both memory files), reproduced baseline 1.889114/0viol/tests-pass/66.1s live (trial; NO anchor_timeout => every anchor cleared 60s gate). Residue = flagship gg=2 term=2.0: transcript LP max{x1+2x2 : x1+x2<=1, 16x1+496x2<=665}=2.0 since Zc=Z(6,2,1)=3^6-2^6=665>=C(32,2)=496 NON-BINDING => x2=1. Sub-2 = correlated-belief DP intractable n=32 (n16 g2=88s>gate), outside editable lane; cheap <496 assertion unproven+battery-blind (n<=7 saturates opt_g2=2.0)=overfit forbidden. Every catalog lever collapses (Fano 24M / clearing 720 / pair-cov / min-of-valid=family-max / subadditivity-invalid / secant->U_PI / n-mono refuted). No distinct cheap+valid lever; lane exhausted. Honest flat + stop signal.
e74d3a5	1.889114	0.579937	0.088055	1.609439	4.649851	11	0	40.681	pass	flat	S-opus48-boot-repro-honestflat FLAT (Opus 4.8, 2026-07-24, e74d3a5 clean, NO edit): full firsthand bootstrap (program.md 205L + results.tsv 284-row wall-of-flats + git log e74d3a5 'Carril barato AGOTADO' clean/empty-porcelain + both memory files); repro 1.889114/0viol/tests-pass/39.7s live, NO anchor_timeout. gg=2 residue double-lock 2.0 (Zc=Z(6,2,1)=665>=C(32,2)=496 NON-BINDING => transcript LP=2.0) vs OPT_g2~1.908; sub-2 = correlated-belief DP intractable n=32 (n16=88s>gate) outside editable lane; cheaper<496 unproven+battery-blind=overfit forbidden. No distinct cheap+valid lever; lane exhausted.
e74d3a5	1.889114	0.579937	0.088055	1.609439	4.649851	11	0	39.721	pass	flat	S-opus48-gg2residue-rederive-honestflat: baseline 1.889114 reproducido (gates verdes, 0 viol, tests pass, 40s). Residuo insignia = SOLO termino gg=2 (2.0 vs OPT_g2~1.908); ambas patas saturan (cell_dp=2 reveal mas flojo=trivial g; transcript LP=2 porque Z(6,2,1)=665>=C(32,2)=496 no-binding). Familia conteo-transcripts AGOTADA (LP=su max). Unico apretador=belief DP correlacionado gg=2, intratable n=32 (n=16=88s) y correctness-critical. Sin idea barata+valida distinta.
e74d3a5	1.889114	0.579937	0.088055	1.609439	4.649851	11	0	39.942	pass	flat	S-opus48-boot-repro-honestflat FLAT (Opus 4.8, 2026-07-24, e74d3a5 clean, NO edit): full firsthand bootstrap (program.md end-to-end + laminar_cert.py live code: upper_bound=min(U_PI,U_cell), _u_cell per-gg min(cell_dp,transcript_LP) with transcript_LP dominating every gg -> ceiling 2.789911 -> gap 1.889114; + S45..exactdp refuted-lever catalog + both memory files). Reproduced baseline 1.889114/0viol/tests-pass/41.3s live. No distinct cheap+valid lever exists: transcript family exhausted (joint LP = max of family, tight vs OPT_g on sweep); all relational shortcuts FALSE by measured n-non-monotonicity; every factorized reveal telescopes to g or collapses under V*; only tighter valid object is exact OPT_g POMDP, validated bit-exact but super-exp (n=16=88s), gate-blocked at n=32. Honest flat, adopt stop signal.
e74d3a5	1.889114	0.579937	0.088055	1.609439	4.649851	11	0	41.146	pass	flat	S-opus48-boot-repro-honestflat FLAT (Opus 4.8, 2026-07-24, e74d3a5 clean, NO edit): full firsthand bootstrap (program.md in full + laminar_cert.py construction min(U_PI,U_cell), U_cell=sum_gg wg*min(cell_dp,transcript_LP) + S45-S64 refuted-lever catalog + memory). Baseline 1.889114/0viol/tests pass/42.5s reproduced LIVE (17s headroom under 60s gate). CURRENT residue is gg=2 head (not the gg>=5 tail of the in-file 2.032726-era comments): at flagship both cell_dp((32,2),6) and transcript-LP lock at 2.0 (Zc=665>=C(32,2)=496 non-binding; joint-LP is proven family max) vs true OPT_g2~1.908 => ~0.09 residue = valid+tractable->loose trilemma vertex at g=2, closable ONLY by correlated-belief DP over 2^n at n=32 (>75s at g=2 per S46, not a one-line edit). Cheap+valid lever set is the singleton: C1 info-relax->g, C2 transcript->g, min-of-valid maxed, capacity vacuous 96>=32, relational shortcuts false by non-monotonicity in n. No distinct cheap+valid lever. Adopt stop signal.
e74d3a5	1.889114	0.579937	0.088055	1.609439	4.649851	11	0	40.169	pass	flat	S-opus48-boot-repro-honestflat FLAT (Opus 4.8, 2026-07-24, e74d3a5 clean, NO edit): full firsthand bootstrap (program.md end-to-end + results.tsv wall-of-flats tail all 1.889114 + workspace git log e74d3a5 'Carril barato AGOTADO'/porcelain-clean + laminar_cert.py refuted-lever catalog read live). Reproduced baseline 1.889114 / 0 viol / tests pass / 40.1s live, NO anchor_timeout (every anchor cleared 60s gate). Trilemma airtight (valid+tractable=loose/valid+tight=intractable/tractable+tight=invalid); residue=gg=2 localization cost, only correlated-belief DP resolves it (intractable n=32, multi-session, off-lane). No distinct cheap+valid lever remains; refuse to overfit battery or fabricate keep. Honest flat + stop signal.
e74d3a5	1.889114	0.579937	0.088055	1.609439	4.649851	11	0	39.868	pass	flat	S-opus48-boot-repro-honestflat FLAT (Opus 4.8, 2026-07-24, e74d3a5 clean, NO edit): full firsthand bootstrap (program.md end-to-end + results.tsv 289-row wall-of-flats all 1.889114 + workspace git log e74d3a5 'Carril barato AGOTADO'/porcelain-empty + upper_bound/_transcript_bound code read live L1034-1215 + both memory files). Baseline 1.889114/0viol/tests pass/40.0s reproduced LIVE, no anchor_timeout. Re-worked the gg=2 residue firsthand FROM THE CHANNEL: credit only via count-0 pools (must be subset of the 2-clean set, size<=2), so full-credit pairs <= leaves-with-a-zero = transcript count Z(6,2,1)=3^6-2^6=665>=C(32,2)=496 NON-BINDING => LP=2.0; root-partition (3-way by |P0 cap clean|) and pair-coverage both recurse into the same adaptive-routing DP. Trilemma airtight: valid+tractable=loose(2.0)/valid+tight=intractable(belief-DP n16=88s>gate)/tractable+tight=invalid(unproven<496 battery-blind=overfit). No distinct cheap+valid lever; lane exhausted. Honest flat + stop signal.
e74d3a5	1.889114	0.579937	0.088055	1.609439	4.649851	11	0	42.282	pass	flat	S-opus48-boot-repro-honestflat (Opus 4.8, 2026-07-24, e74d3a5 porcelain-clean, NO edit): full firsthand bootstrap (program.md end-to-end + laminar_cert.py live construction min(U_PI,U_cell) with U_cell=sum_gg wg*min(cell_dp,transcript_LP) + results.tsv 290-row wall-of-flats all 1.889114 + git log e74d3a5 'Carril barato AGOTADO'/porcelain-empty + all 3 memory files). Live gates GREEN: gap 1.889114, 0 viol, tests pass, 49.1s. Residue = SOLE gg=2 flagship term (2.0 vs OPT_g2~1.908); both legs saturate: transcript-LP is the provable family MAX (ee2defc/8ba8b8d), cell_dp/correlated-belief DP intractable at n=32 (gg=2 already 88s@n=16, superexp, >60s gate). Surveyed refuted-lever catalog S45-S192: no distinct cheap+valid lever exists; trilemma airtight. No keep (no number+no new validity arg). Honest flat, adopt stop signal.
e74d3a5	1.889114	0.579937	0.088055	1.609439	4.649851	11	0	41.013	pass	flat	S-opus48-repro-honestflat (Opus 4.8, 2026-07-24, e74d3a5 clean, NO edit): full firsthand bootstrap (program.md end-to-end + laminar_cert.py live construction min(U_PI,U_cell), U_cell=sum_gg wg*min(cell_dp,transcript_LP) + S45-S192 refuted-lever catalog + results.tsv wall-of-flats all 1.889114 + memory). Baseline 1.889114/0viol/tests pass/42.6s reproduced LIVE. Residue = SOLE gg=2 flagship term (2.0 vs OPT_g2~1.908): both legs saturate (cell_dp reveal telescopes to trivial g=2; transcript LP=2 because Z(6,2,1)=665>=C(32,2)=496 non-binding, joint-LP is proven family MAX ee2defc/8ba8b8d). Trilemma airtight: valid+tractable=loose(2.0)/valid+tight=intractable(correlated-belief DP, gg=2 already 88s@n=16 superexp, gate-blocked n=32, correctness-critical off-lane)/tractable+tight=invalid(unproven<496, battery-blind overfit). Surveyed every catalog lever (info-relax, transcript family, relational shortcuts FALSE by n-non-monotonicity, V-hat additive=g, u_pen decouple>=U_PI, capacity vacuous 96>=32); NONE distinct+cheap+valid. No keep (no lower number WITH new validity arg). Honest flat, adopt stop signal.
e74d3a5	1.889114	0.579937	0.088055	1.609439	4.649851	11	0	39.688	pass	flat	S-opus48-boot-repro-honestflat (Opus 4.8, 2026-07-24, e74d3a5 clean, NO edit): firsthand bootstrap (program.md + results.tsv wall-of-flats + workspace git log e74d3a5 clean/empty-diff + both memory files). Reproduced baseline 1.889114 LIVE (0 viol/tests pass/~40s). Read upper_bound=min(U_PI,U_cell)+transcript_bound firsthand, re-derived residue MYSELF: entirely gg=2 (2 defectives/32 insignia). Transcript family EXHAUSTED (joint-LP=exact family max L1140-1154; g=2 cap Z(6,2,1)=665>=C(32,2)=496 non-binding=>bound=2; U_cell saturates 2). Only lever=correlated-belief DP seeing OPT_g2<2, intractable n=32 (n=16~88s super-exp>60s gate), outside 1-iter lane. Fresh idea sweep (per-clean symmetry 2P<=2, union-over-pairs, clearing-capacity>=2, node-budget routing, partial/coarse info-reveal, first-test-zero) all collapse to >=2 vacuous (g=2<=G) or unproven<496=invalid n=32 cert. No distinct cheap+valid lever. laminar_cert.py byte-clean. Honest flat + stop signal.
e74d3a5	1.889114	0.579937	0.088055	1.609439	4.649851	11	0	39.542	pass	flat	S-opus48-boot-repro-honestflat (Opus 4.8, 2026-07-24, e74d3a5 clean, NO edit): firsthand bootstrap (program.md end-to-end + results.tsv wall-of-flats tail all 1.889114 + workspace git log e74d3a5 'Carril barato AGOTADO' porcelain-clean + both memory files), reproduced baseline 1.889114/0 viol/tests pass live (trial 39.7s, NO anchor_timeout). gg=2 wall re-derived firsthand: residue entirely flagship gg=2 transcript LP max{x1+2x2:x1+x2<=1,16x1+496x2<=665}=2.0 (Zc=Z(6,2,1)=665>=C(32,2)=496 NON-BINDING=>x2=1) vs OPT_g2~1.908. Trilemma airtight (valid+tractable=loose 2.0 / valid+tight=intractable belief-DP n16=88s>gate / tractable+tight=invalid unproven<496 battery-blind overfit). No distinct cheap+valid lever; lane exhausted. Honest flat + stop signal.
e74d3a5	1.846954	0.579937	0.088055	1.609439	4.581998	11	0	39.622	pass	keep	S-opus48-firstunroll KEEP (gap 1.889114->1.846954, -0.042): one-level tree unroll rompe el techo gg=2 que la familia conteo-de-transcripts (LP conjunto, ya agotada) no podia. LEMA (primer-pool NO-ADAPTATIVO, citable): el pool RAIZ P1 del arbol optimo es FIJO comun a toda config; da conteo 0 sii P1<=limpios (i==m1<=g), luego para |P1|>=3 NUNCA es cero => gasta un test y pre-particiona las C(n,g) configs por (m1,i=|P1cap clean|). En cada rama full-credit=distinct clean-set=>distinct sub-transcript sobre los B-1 restantes con >=ceil((g-cubierto)/G) ceros => #full-rama<=min(tam, Z(B-1,min(G,g),k)); suma ramas, MAX sobre m1 adversario. E[#acred|g]<=(g-1)+#full/C(n,g). Canal REAL, domina OPT, min de cotas validas=valido. Insignia gg=2: Z(6,2,1)=665>=496 NO-binding (LP=2.0) pero max_m1 da 476/496 => 1.959677<2.0; muerde tambien gg3 2.668->2.546, gg4 3.296->3.277. Validado vs OPT_g EXACTO real-channel (proto_firstunroll: 413 pts n<=8 B<=3 incl G>=n, 0 viol, margen -8.9e-16) + puerta invalid_bound bateria n<=7 (0 viol). sep_hi 4.650->4.582.
574d0d0	1.831584	0.579937	0.088055	1.609439	4.557261	11	0	39.723	pass	keep	S-opus48-firstunroll-layered KEEP (gap 1.846954->1.831584, -0.015): extiende _first_unroll_bound a CAPA-A-CAPA. En vez de (g-1)+#full/C(n,g), aplica la particion del primer pool P1 a cada capa de la tail-sum E[#acred|g]=sum_c P(#acred>=c). Capa c en rama (m1,i): CS(|CS|>=c)<=limpios cubierto por ceros; si P1 cero cubre cov=i, faltan >=ceil((c-cov)/G) ceros en los B-1 restantes; CS funcion del sub-transcript, <=C(n-c,g-c) configs comparten => #{acred>=c en rama}<=min(tam rama, Z(B-1,min(G,g),k)*C(n-c,g-c)). Suma c y ramas, MAX sobre m1. Domina el top-layer-only (cada capa c<g reemplaza el 1 implicito por min(.,1)). Insignia: identico gg2-4 (1.9597/2.546/3.277) pero MUERDE la cola gg6 (5.043->4.991) y gg7 (6.005->5.614). Canal REAL, domina OPT. Validado vs OPT_g EXACTO (proto_firstunroll_layered: 413 pts n<=8 B<=3 incl G>=n, 0 viol, margen -8.9e-16) + puerta invalid_bound bateria (0 viol). sep_hi 4.582->4.557.
1fa8df3	1.771731	0.579937	0.088055	1.609439	4.460931	11	0	39.720	pass	keep	S-opus48-firstunroll-deep3 KEEP (gap 1.831584->1.771731, -0.060): RECURSION del desenrollado del pool raiz (_fc_fullcount, profundidad _UNROLL_DEPTH=3). El cap por rama del primer pool ya no es el Z(B-1,·) plano sino RECURSIVO: la sub-politica de B-1 tests acredita completas a lo sumo _fc_fullcount(N,g,B-1,d-1) (rama i<m1) o _fc_fullcount(N-m1,g-m1,B-1,d-1) (rama i==m1, P1 cero cubre sus m1). Base d=0: Z(T,min(G,g),ceil(g/G)) plano. Prueba por INDUCCION en d (airtight): cada nivel es cota valida del canal REAL sobre toda subpolitica; el mismo argumento de conteo-de-transcripts que ya se acepta. min con la capa-a-capa de 1 nivel (tight en cola gg>=6). Insignia gg2: 1.9597->1.8468 (depth3), gg3 2.546->2.465, gg4->3.212, muerde toda la cabeza. Validado vs OPT_g EXACTO (proto_firstunroll_deep: depths 2,3,4 x 413 pts n<=8 incl truncacion B=4, 0 viol, margen -8.9e-16) + puerta invalid_bound bateria (0 viol). sep_hi 4.557->4.461.
f94b185	1.600056	0.579937	0.088055	1.609439	4.184630	11	0	19.983	pass	keep	S-opus48-firstunroll-deep6 KEEP (gap 1.771731->1.600056, -0.172): _UNROLL_DEPTH 3->6 = desenrollado COMPLETO del arbol (B=6 => full-count EXACTO del canal de conteo, sin base Z plana; la unica base es T=0->0). Mismo _fc_fullcount, induccion airtight en d (cada nivel: pool raiz fijo, #full-en-rama<=min(tam, sub-FC de una sub-instancia)). Insignia baja TODA la cabeza+cuerpo: gg2 1.8468->1.4899, gg3 2.4645->2.2065, gg4->3.0869, gg5->4.0386. Validado vs OPT_g EXACTO en 3 barridos: grid n<=8 depths 2-6 (413 pts, truncacion B=4); regimen B=5,6 tractable (n<=6 B=6, n<=7 B=5: 140 pts); 0 violaciones en todos, margen -8.9e-16. La induccion valida CUALQUIER B (el paso es uniforme en T; el grid ya lo valida a full-unroll en B=4). + puerta invalid_bound bateria (0 viol). Techo insignia 2.7899->~2.53; sep_hi 4.461->4.185; runtime 20s.
0abcc5b	1.502511	0.579937	0.088055	1.609439	4.027638	11	0	20.506	pass	keep	S-opus48-firstunroll-partial KEEP (gap 1.600056->1.502511, -0.098): generaliza _fc_fullcount -> _fc_partial(N,g,cov,T,d) = #configs que acreditan >=cov de sus g limpios (cov=g = full-count). Cota LAYERED exacta por capa: E[#acred|g]=sum_c P(acred>=c)=sum_c _fc_partial(n,g,c,B,d)/C(n,g), en vez del top-layer (g-1)+FC_g/C. Misma recursion del pool raiz no-adaptativo con parametro de cobertura: rama i<m1 -> _fc_partial(N,g,cov,T-1,d-1); rama i==m1 (P1 cero cubre i) -> _fc_partial(N-m1,g-i,cov-i,T-1,d-1). Base cov<=0: C(N,g); base d=0/T: min(C(N,g), Z(T,A,ceil(cov/G))*C(N-cov,g-cov)). Domina el top-layer (cada capa c<g reemplaza el C(n,g) implicito por _fc_partial<=C(n,g)). Insignia: identico gg2-4 pero MUERDE el cuerpo/cola gg5 4.039->3.701, gg6 5.019->4.380, gg7 6.010->5.150. Induccion airtight en d, canal REAL. Validado vs OPT_g EXACTO (proto_firstunroll_partial depth6: 413 pts, 0 viol, margen -8.9e-16) + puerta bateria (0 viol). sep_hi 4.185->4.028; runtime 21s.
11c05ee	1.502327	0.579937	0.088055	1.609439	4.027341	11	0	34.282	pass	keep	S-opus48-jointroot KEEP (gap 1.502511->1.502327, -1.8e-4): raiz P1 COMPARTIDA entre capas de cobertura. El deep anterior era sum_c max_{m1} [...] (_fc_partial maximiza el tamano del pool raiz m1 por separado en cada capa c); pero una politica REAL tiene UN pool raiz no-adaptativo comun a TODAS las capas => valido tomar max DESPUES de sumar: deep=max_{m1} sum_c sum_i min(tam rama, sub_i(c))/C(n,g), hijos _fc_partial(B-1,depth-1) (max independiente por capa). LEMA: max-de-suma <= suma-de-maximos, siempre <= el deep previo (0 aumentos en 4080 casos G<=16 B<=6 n<=17) y >= E_pi*[#acred] (pi* tiene una raiz m1*, hijos dominan toda sub-politica). Canal REAL, domina OPT. Muerde donde el m1 optimo difiere entre capas: insignia gg>=7 (argmax coincide gg<=6). Validado vs OPT_g EXACTO (proto_optg_merged: 720 casos G<=6 B<=4 n<=8, 0 viol, slack min -2.2e-16) + puerta bateria (0 viol). sep_hi 4.027638->4.027341; runtime 32.5s.
c45131e	1.463322	0.579937	0.088055	1.609439	3.964565	11	0	40.483	pass	keep	S-opus48-reveal KEEP (gap 1.502327->1.463322, -0.039): tightening del i<m1 en _fc_partial y en el deep-loop de _first_unroll_bound por REVEAL-POR-POSICIONES. El branch i<m1 (P1 conteo>0) antes recursaba _fc_partial(N,g,cov,T-1) sobre el SUPERconjunto de C(N,g) configs, perdiendo (estado escalar) que P1 tiene exactamente i limpios => overcount medido +12..50% vs max-tree exacto. NUEVA 2a cota valida: fija cual de los m1 de P1 son limpios (C(m1,i) posiciones pi); para pi fija un sub-arbol que conozca pi ve lo mismo (reconstruye conteos-afuera del total, parte-P1 constante) y la condicion 'parte-P1 subset pi-limpios' solo DIFICULTA acreditar => #{omega:acred>=cov}<=#{omega:cred_afuera>=cov-i} (cred_dentro<=i) <=_fc_partial(N-m1,g-i,cov-i,T-1); sumando posiciones rama<=C(m1,i)*_fc_partial(N-m1,g-i,cov-i,T-1). min(forget,reveal) valido (min de cotas validas). OJO: la version SIN *C(m1,i) subcuenta (refutada: invalid<exacto). Canal REAL, domina OPT. Validado vs OPT_g EXACTO: 477 casos n<=8 B<=3 G<=6 incl G>=n flagship-flavored, 0 viol, min slack 0.0 (tight en varios) + puerta bateria invalid_bound (0 viol). Muerde head insignia gg2-7. sep_hi 4.027341->3.964565; runtime 39s.
a4e711a	1.463322	0.579937	0.088055	1.609439	3.964565	11	0	21.736	pass	flat	S-opus48-2 FLAT (gap 1.463322, a4e711a clean, NO edit, gates green 21.9s): re-derived the fu wall FIRSTHAND, 2 NEW refuted levers (not inherited). (1) RECURSIVE SHARED-ROOT (_fc_layered, proto): share the non-adaptive sub-root across coverage layers at EVERY depth (jointroot was top-level only). Collapses to TRIVIAL g in flagship (layered=g all g, 0 improvement, but validly dominates OPT_g 0 viol worst -2e-16). Reason: sharing root SUMS the per-layer coverage vector, which cancels the per-layer FORGET cap that is exactly what makes the current bound <g; reveal-only+size-caps never bind (C(m1,i)*childvec[c]<=size always) => g. Forget is the biting term and cannot be shared-root (fresh recompute). (2) NODE-LEVEL TRANSCRIPT CAP (proto_nodecap): min the closed-form Z(T,A,ceil(cov/G))*C(N-cov,g-cov) at EVERY _fc_partial node not just d<=0 base (flagship unrolls full-depth so base never hit). 0 improvement: recursive unroll already tighter than the transcript cap at every node (it IS a refinement of it). MEASURED: fu is BINDING for all gg (per-gg diag), mass gg=2..6 peak gg3,4; fu ~1.25-1.36x loose vs exact OPT_g in flagship-flavored regime (B>=4,G>=g), 194/429 small cases TIGHT. Residual = pure localization/belief-correlation = atom-DP (multi-sesion, outside safe rail). Transcript family exhausted (LP-conjunto). No cheap+valid 3rd cap for i<m1 branch exists (inside/outside clean compete for T-1 budget = 2D/atom-DP).
a4e711a	1.463322	0.579937	0.088055	1.609439	3.964565	11	0	21.655	pass	flat	S-opus48-3 FLAT (gap 1.463322, a4e711a clean, gates green 22s): fu (_first_unroll_bound) is the SOLE binding lever for ALL gg>=2 at flagship (transcript never binds); DIRECTLY measured fu 1.2-1.7x above exact OPT_g in flagship-flavored G>=n regimes (n8g4B3G16 opt=1.757 vs fu=3.014=1.72x) -> residual is correlated-belief cost, NOT layer-decoupling (jointroot already got that, -1.8e-4). Confirmed only lever left is intractable: opt_g(12,2,6)=2.0 in 16s, n>=16 times out -> atom-DP hours at n=32 for even gg=2. No cheap valid one-iteration lever; needs correctness-critical size-coarsening (multi-session).
a4e711a	1.463322	0.579937	0.088055	1.609439	3.964565	11	0	39.189	pass	flat	S-opus48-headroom-probe: flagship=max anchor(1.463322); residue gg2-6 all first_unroll; headroom vs exact opt_g confirmed real (n16 g2 opt1.908 vs fu2.0) but root-max flat gg<=6 + reveal already applied; belief-DP opt_g2(32) out-of-gate (mins>>60s). No cheap valid lever.
a4e711a	1.463322	0.579937	0.088055	1.609439	3.964565	11	0	34.756	pass	flat	S-opus48-g2beliefDP FLAT (gap 1.463322, a4e711a clean, NO edit, gates green): probed the memory's CONCRETE UNTRIED lever (g=2-specialized belief DP -> exact opt_g2(32)) and REFUTED it with numbers. 3 distinct valid+tractable g=2 bounds ALL telescope to 2.0 or are lower-bounds, ALL worse than shipped fu=_first_unroll_bound(32,2)=1.486: (1) proto_optg2c compressed A/B-state belief DP (info-relaxation on r=1 ambiguity in B-state) = valid UB but 2.0 at flagship (r=1 relax lets policy always resolve); its docstring 'validated bit-exact' is WRONG (overcounts vs brute, min slack +0 = it is an UPPER bound not exact). (2) hybrid: exact A-state recursion + budget-relaxed B-state VB<=V1(P,t)+V1(Q,t) (each clean full budget) = valid UB but also 2.0 (shared-budget coupling is the binding constraint; relaxing it credits both). (3) single-cell restricted (no cross-atom pool) = valid LOWER bound 1.117, useless for score. Reframe of the wall: fu (transcript-counting) is TIGHTER than every cheap belief relaxation (1.486<2.0); the prize is behind the EXACT correlated-belief DP only (proto_optg2exact: n14=1.978,n16=1.908, both<fu, valid; but n16=88s, n32=hours -> out-of-gate). fu validity is theorem-guaranteed (injective full-credit-configs->sub-transcripts, holds all n,B), corroborated exact opt_g2<fu with GROWING margin through n=16. opt_g2 IS monotone-decr in n (unlike cell-reveal dp, S45) but crossover n' where opt_g2(n')<1.486 is itself intractable. No cheap valid lever moves 1.463322.
a4e711a	1.463322	0.579937	0.088055	1.609439	3.964565	11	0	21.237	pass	flat	S-opus48-boundeddepth FLAT (gap 1.463322, a4e711a clean, NO edit, gates green): re-derived the wall FIRSTHAND from actual shipped code + refuted ONE unnamed lever with numbers. fu=_first_unroll_bound is a SCALAR-state full-depth unroll; gap to exact opt_g is atom-composition correlation a scalar state can't hold. UNNAMED LEVER PROBED: bounded-depth EXACT atom-DP head (exact correlated proto_optg_merged.V for first D tests = bounded atoms at shallow depth = tractable, then cheap tail). REFUTED (proto_boundeddepth): tail=hindsight AND tail=additive-fu BOTH give exactly g for ALL D=1,2,3, WORSE than shipped fu (n8g2 fu=1.75 capped=2.0 exact=1.39; n7g3 fu=2.857 capped=3.0 exact=2.286). Truncating fu's horizon hands remaining tests full-budget-per-atom/hindsight which refunds every clean back to g (S48 additive=g, S60 hindsight telescope) confirmed for THIS construction. fu beats g ONLY by counting transcripts to FULL depth = full-horizon coupling that cannot be truncated. => no bounded-depth shortcut exists; beating fu needs the full-depth exact correlated atom-DP (intractable n32, blocked by atom-size non-monotonicity S45). 5th consecutive opus48 flat; baseline 1.463322 unchanged.
a4e711a	1.463322	0.579937	0.088055	1.609439	3.964565	11	0	22.126	pass	flat	S-opus48-wall-requant FLAT (gap 1.463322, a4e711a clean, NO edit, gates green 21.7s, tests pass). 6th consecutive flat; re-derived the wall FIRSTHAND with NEW quantitative evidence not in the log. (1) CONFIRMED fu=_first_unroll_bound is the SOLE binding lever at flagship for ALL gg>=2 (fu<tb everywhere: gg2 fu1.486<tb2.0, gg3 2.204<2.668, gg4 3.015<3.296, gg5 3.587<4.123; mass in gg2-5). (2) CHARTED fu-vs-exact-OPT_g slack (proto_optg_merged) — NEW: slack GROWS with n AND g. G6B4: g2 slack +15%(n6)->+37%(n14), ABSOLUTE ~constant 0.35; g3 slack +11%(n6)->+68%(n12), absolute 0.30->0.92. Headroom is REAL and LARGE and grows with g (prior log only had n16g2 slack 0.092). (3) FIRSTHAND wall: exact OPT_g atom-DP is INTRACTABLE even at n=4 for flagship G=16 (action-space explosion over pool compositions sum<=G=16 x B=6 tests, NOT just n) — measured, opt_g(4,2,6)@G16 does not return. Confirms S45 non-monotonicity blocker from the action-space side. (4) Analyzed both fu looseness sources firsthand: i<m1 reveal branch gives outside the FULL B-1 budget (budget double-count vs joint inside+outside coverage) = atom-DP territory; deeper root-sharing across layers already REFUTED (_fc_layered S-opus48-2). Every cheap valid refinement points at the intractable correlated atom-DP. No cheap+valid lever exists; carril at cheap+valid optimum 1.463322.
a4e711a	1.463322	0.579937	0.088055	1.609439	3.964565	11	0	40.193	pass	flat	S-opus48-recjoint FLAT (gap 1.463322, a4e711a clean, NO edit, gates green, tests pass). Hard-probed ONE distinct NEW lever firsthand and REFUTED it as INVALID (not merely loose): recursive-jointroot = share the root pool m1 across coverage layers at EVERY recursion depth (shipped jointroot c45131e shares only at TOP level; inside _fc_partial each cov is a separate call maximizing its OWN root). Built shared-root child vector, validated vs exact opt_g (proto_recjoint.py): 55 VIOLATIONS shared<opt (worst -0.625), e.g. flagship g5 3.587->2.000 < opt. ROOT CAUSE (citable): the jointroot lemma max_m1 SUM_c(valid-layer-bounds) is valid ONE LEVEL ONLY because each per-cov child bound must itself be a VALID per-layer upper bound; a shared-root vector optimizes the child SUM so its single entries are <= per-cov max => NOT valid per-layer => undercounts opt_g. Cannot push jointroot deeper without breaking per-layer validity. Confirms shipped fu (jointroot at top + per-cov _fc_partial children) is the correct scalar-state optimum. 7th consecutive flat.
a4e711a	1.463322	0.579937	0.088055	1.609439	3.964565	11	0	25.731	pass	flat	S-opus48-g2exact: firsthand re-derivation. (1) g2-specialized exact merged DP intractable (n14=33s, n16 timed out>180s) -> confirms exact opt_g2(32) out-of-gate FIRSTHAND with the specialized solver. (2) s=1-reveal g2 relaxation telescopes to 2.0>fu (reproduced memory's refuted variants). (3) CORRECTIVE: fu TIGHT vs exact opt_g in budget-rich flagship regime G16 (fu=opt_g2 exact n<=12, =opt_g3 exact n<=9; only 1.1% loose n14 g2) -- memory's 'headroom LARGE grows with g' was budget-TIGHT G6B4, not flagship. (4) i<m1 'drop-known-actives' third cap INVALID (55 viol vs opt_g). No cheap valid lever; 1.463322 unchanged.
a4e711a	1.463322	0.579937	0.088055	1.609439	3.964565	11	0	50.442	pass	flat	S-opus48-sizecap FLAT (gap 1.463322, a4e711a clean, NO edit, gates green 30s, tests pass). Firsthand re-derivation + QUANTITATIVE CORRECTION to S-opus48-g2exact's 'flagship prize small'. (1) MEASURED fu=_first_unroll_bound vs EXACT opt_g (proto_optg_merged): in the budget-TIGHT / G<n regime fu is 25-68% loose and GROWING with n for g=2 (G6B4: n8 opt1.393/fu1.75=+25.6%, n10 1.200/1.556=+29.6%, n12 1.061/1.409=+32.9%; g3/g4 up to +68%). In the budget-RICH G>=n regime (G6B6) opt_g2=fu=g=2.0 TRIVIALLY tight (no localization cost) -- THAT is the regime S-opus48-g2exact measured (n<=12 at G16, where G>=n) and over-generalized. Flagship n32>G16 has fu ALREADY BITTEN to 1.49 (localization costs) = the fu-LOOSE regime, so the real prize is LARGER than that session claimed, NOT small; but opt_g2(32) is intractable (size proliferation) so unmeasurable+unshippable. (2) CLOSED the mission-brief's named 'proximo paso concreto' (size-coarsening que solo SUBA el valor => tractable exact opt_g) as INVALID, not merely intractable: capping atom sizes at K = revealing+REMOVING active bodies to shrink n->K = EXACTLY the FALSE m-monotonicity. Valid UB would need opt_g(K,g)>=opt_g(n,g) for K<n, but opt_g is monotone INCREASING in n where localization bites (flagship counterexample on record dp((16,5),6)=4.989011 > dp((15,5),6)=4.950050). BLACKWELL reason (cleaner statement than catalog): selectively revealing only-active people is CHERRY-PICKING a signal, not a valid finer signal; extra UNKNOWN-status bodies serve as informative probes whose value is lost when a body is revealed-active-and-removed -- so shrinking n cannot be justified as an info relaxation. Confirms fu is the cheap+valid tree-unroll optimum; prize behind exact correlated atom-DP only (intractable n32). Baseline 1.463322 unchanged; 9th consecutive opus48 flat.
a4e711a	1.463322	0.579937	0.088055	1.609439	3.964565	11	0	28.595	pass	trial	S-opus48-solebind FLAT (gap 1.463322, a4e711a clean, NO edit, gates green): firsthand re-derivation with a SHARPER datum than prior sessions. MEASURED at flagship n32/B6/G16 that _first_unroll_bound is the SOLE binding bound for ALL gg=1..8 (not just 'gg2..6'): transcript_bound is strictly looser at EVERY gg (gg2 fu1.486 vs tb2.0; gg8 fu5.635 vs tb6.61), and cell-reveal dp is looser still (cell>=tb>=fu). So the ENTIRE flagship residue = first_unroll scalar-state slack. Confirmed every cheap tightening is closed: positional-reveal+jointroot already shipped, deeper cross-layer root coupling needs atom composition (jointroot flat gg<=6), 3rd i<m1 cap invalid (undercounts), cell/transcript dominated. fu=exact OPT_g at tractable n (prior S-opus48-g2exact), diverging only where exact atom-DP is intractable (n16g2=88s, n32=hours). No cheap+valid lever moves 1.463322; prize behind intractable exact correlated atom-DP (multi-session).
a4e711a	1.463322	0.579937	0.088055	1.609439	3.964565	11	0	53.320	pass	flat	S-opus48-jointlp FLAT: distinct lever refuted firsthand. Joint LP intersecting deep per-layer config-counts (fu) with transcript weighted-budget caps (tb) under shared root = VALID (both families hold for true policy x; max over m1 >= opt_g) and <= min(fu,tb). But PROVABLY FLAT: 0/430 cases (G6,16;B3-6;n<=16) transcript caps bite inside deep-feasible region (worst ratio 0.91 at B3). deep is a strict REFINEMENT of transcript-counting (same zero-pool structure, per-branch) so its cumulative caps dominate tb everywhere => min(fu,tb) has no LP-intersection headroom. Firsthand: fu=deep binds for ALL gg; 1.3-1.7x loose vs exact opt_g in budget-tight small cases; residual is INTERNAL config-counting overcount (per-layer/per-level independent root max = correlated atom-DP, intractable).
a4e711a	1.457472	0.579937	0.088055	1.609439	3.955150	11	0	42.324	pass	keep	raiz-compartida CROSS-GG: comparte el tamano m1 del pool raiz no-adaptativo ENTRE valores de #limpios gg (no solo entre capas c como c45131e) -> gap 1.463322->1.457472; lema max-de-suma<=suma-de-maximos (una politica tiene UN solo tamano de raiz comun a toda realizacion) + perfil reproduce _first_unroll_bound bit-exacto (896 casos insignia) + U>=V* solver n<=7 + puerta
0eabfbe	1.457472	0.579937	0.088055	1.609439	3.955150	11	0	42.092	pass	flat	S-opus48-secondshare FLAT (gap 1.457472, 0eabfbe clean, NO edit, gates green, tests pass): firsthand-probed and refuted the memory's flagged OPEN lever — sharing the SECOND-pool size across gg at fixed observed first-count (the recursive analog of the crossgg root-size keep). VALID (two realizations with different gg but equal observed P1 count are indistinguishable to the policy => must pick the same second pool P2 => max-of-sum<=sum-of-max tightens; observed-count grouping, NOT recjoint's invalid coverage-layer grouping). But NUMERICALLY NEGLIGIBLE: measured at the flagship shared root m1=16, total reveal-branch gain over ALL i (observed counts) and c (coverage layers) = 2.7e-4 in U_cell/w units => gap reduction < 2.5e-5, below the 6th decimal, and this is an UPPER bound (raw reveal inner-sum, before the branch min(size,sub) and outer min(floor,fu)/max_m1 masking). MECHANISM (citable): the second-pool VALUE surface is FLAT in its size m2 near the optimum — per-(gg,c) argmax m2 varies (1,3,4,6..10) but the joint shared optimum m2=8 loses ~2.7e-4 total. Contrast the ROOT (crossgg keep, 5.85e-3): the root-size tradeoff is STEEP (accredit-if-all-clean vs waste-a-test), argmax m1 swings 1<->16 across gg. Once the first observation is fixed, the remaining subproblem homogenizes across gg and the optimal size stabilizes. Consequence: the shared-non-adaptive-PARAMETER family is EXHAUSTED after root-size — the root is the only fully non-adaptive object; the second pool is adaptive-given-the-count and, though its size is technically shared per count, that sharing is flat. Residual = the intractable correlated-belief atom-DP (unchanged). Don't re-probe second/deeper-pool size sharing.
0eabfbe	1.457472	0.579937	0.088055	1.609439	3.955150	11	0	39.039	pass	flat	S-opus48-forgetshare FLAT (gap 1.457472, 0eabfbe clean, reverted). Probe firsthand del lever mas cercano al residual nombrado (per-recursion-level independent-root over-count): compartir el pool raiz P2 del termino FORGET entre capas de cobertura c (analogo recursivo de jointroot/crossgg, pero sobre el termino que SI muerde -- _fc_layered lo perdio al DROPEAR forget y dio el trivial g=2.0). Construido _fc_partial_shared (max-de-suma sobre P2) + min per-rama i<m1 en ambos deep loops; VALIDO (lema airtight: sum_c #{rama-i:acred>=c} <= min(cur_i per-capa, min(rev_i, fshared)); fshared=_fc_partial_shared(n,g,B-1) acota sum_c #{TODAS las configs pi_i credita>=c} porque toda politica B-1-test tiene UN P2, max sobre su tamano). Validado vs OPT_g EXACTO: 725 casos n<=8 B<=5 G<=6, 0 violaciones, worst_slack -8.9e-16. PERO NO MUERDE: fu(32,gg) bit-identico al baseline para todo gg. Razon medida (proto_forgetshare): el gap forget_shared vs sum_c forget_c es EXACTAMENTE 0 en gg=2,3 (argmax P2 coincide entre las 2-3 capas, y gg=2,3 cargan el peso ~0.44) y solo +0.011/+0.017 en gg=5/7 (peso menor); ademas al top-level i<m1 las cotas reveal/size YA dominan a forget => cur_i<<sum_c forget_c<fshared, el min no activa. Corrobora secondshare ('superficie de valor plana en el 2do pool una vez fija la 1a observacion') por un eje distinto (capas de cobertura, no gg). El forget muerde por la RECURSION/hojas-transcript, no por max-de-suma en su raiz => compartir su raiz no ayuda. Confirma firsthand que el residual flagship = atom-DP correlacionado intratable; no re-probar forget-root-sharing.
0eabfbe	1.457472	0.579937	0.088055	1.609439	3.955150	11	0	31.009	pass	trial	S-opus48-forgetbind: FLAT — regime-error correction (flagship clean-rare gg2-4, not gg27-31), faithful 2nd-pool sharing 1.78e-4, residual localized to forget-term full-resolve (atom-DP)
0eabfbe	1.457472	0.579937	0.088055	1.609439	3.955150	11	0	21.129	pass	flat	S-opus48-nodecap FLAT (gap 1.457472, 0eabfbe clean, edit reverted, gates green 21s): built+measured a per-node transcript cap on _fc_partial — min(unroll_best, Z(T,min(G,g),ceil(cov/G))*C(N-cov,g-cov)) at EVERY recursion node, valid (any T-test subtree crediting >=cov needs >=ceil(cov/G) zeros). PROVABLY+MEASURABLY FLAT: 0 change to gap. EXTENDS jointlp (which only checked the TOP level, 0/430 bite) to the WHOLE recursion tree: the unroll is a STRICT REFINEMENT of transcript-counting at every internal node (max_m1 sum_i min(size,sub) partitions the same zero-pool structure finer than the raw Z cap), so best<=capt everywhere and the min never fires. Firsthand re-derivation of the wall: baseline 1.457472 confirmed; full laminar_cert.py read; the flagship residue is SOLELY _first_unroll_bound (fu=deep, config-counting) per solebind; fu is the tightest of {fu,tb,cell_dp} (fu<=tb<=cell_dp) so only fu-tightening can move it. Every fu-tightening is closed: 4 sharing axes (crossgg+jointroot KEEP, secondshare+forgetshare flat, recjoint invalid), reveal+forget branches (3rd cap invalid), per-node+top-level transcript caps (refinement-dominated, this+jointlp), bounded-depth heads refuted, size-coarsening invalid. Quantified ceiling: forget branch = 11.7% of U_flagship=2.373 (forgetbind), so even FULLY closing it caps the cheap prize at gap~1.17, and that prize is locked behind the intractable 2-group correlated atom-DP (n32 = hours). Cheap+valid lever space exhausted.
0eabfbe	1.420433	0.579937	0.088055	1.609439	3.895538	11	0	25.795	pass	keep	S-opus48-splitcap KEEP (gap 1.457472->1.420433, -2.5%): 3rd VALID structural cap in the i<m1 branch of _fc_partial (added to _fc_partial + _first_unroll_bound + _first_unroll_profile identically, so crossgg profile-exactness preserved). In branch (m1,i<m1) P1 gives nonzero count; the credited set CS (|CS|>=cov, subset of clean) is a function of the T-1 sub-transcript => at most z=Z(T-1,min(G,g),ceil(cov/G)) distinguishable sub-transcripts (each count node branches into <=min(G,g)+1 distinct results since result=|pool|-#clean_in_pool with #clean_in_pool in {0..min(|pool|,g)}, one being the all-clean/zero symbol; covering cov clean needs >=ceil(cov/G) zero-pools=>zeros). Per transcript, configs have CS subset clean, so <=C(m1-s_in,i-s_in)*C(N-m1-s_out,g-i-s_out) with s_in+s_out=|CS|; larger|CS| shrinks=>max at |CS|=cov, max over s_in. VALID by double over-count: #{cover>=cov in branch}=sum_tau #cfg(tau)<=z*max_prod. min of valid bounds. Tighter than forget (respects inside/outside partition forget's C(N-cov,g-cov) ignores). Validated vs exact OPT_g: 413 cases n<=8 (0 viol, worst -8.9e-16), split BINDS gg4-7 at flagship. Battery invalid_bound gate (exact DP n<=7): 0 viol.
2986ca8	1.420433	0.579937	0.088055	1.609439	3.895538	11	0	25.400	pass	flat	S-opus48-splitbind FLAT (post-splitcap, 2986ca8, no code change): flagship U_cell at argmax m1=16 has fu binding ALL gg2..8; mass gg2=.218 gg3=.242 gg4=.195; split does NOT bind gg2/gg3. gg2 re-derived firsthand: g=2 => only SINGLETON tests return zero (any pool>=2 hits >=1 of 30 actives), crediting needs singleton probes on exact clean positions; binding cap reveal(=80 i=1) is loose (gives P1 clean free, spends all T-1 outside; true value smaller by correlated cost of probing P1 = intractable atom-DP); split z=211 even looser, correctly non-binding. splitcap was the last cheap valid lever; gg2/gg3 atom-DP-only.
