G,n,B,instance,seed,U_max,U_single,U_greedy_mosek,time_greedy_mosek,gap,error
5,20,2,0,0,97.03494690112568,15.01463496517895,27.602125402915306,0.054843902587890625,0.7155444890278484,
10,20,2,0,0,97.03494690112568,15.01463496517895,27.602125402915306,0.05779004096984863,0.7155444890278484,
