utility_distribution,n,B,G,instance,seed,U_max,U_single,U_greedy_mosek,time_greedy_mosek,U_beta_greedy,time_beta_greedy,error
uniform,20,5,10,0,0,15.546120840164248,4.20009844008311,7.833901277454185,4.700309991836548,5.25,13.100773811340332,
skewed,20,5,10,0,0,93.18654922987567,41.46499357191895,58.0445464468766,2.9898431301116943,61.25,5.90398097038269,
