n,B,G,base_p,rate_mode,utility_mode,V_laminar,V_opt_en_arbol_practico,V_greedy_laminar,V_rollout_laminar,costo_arbol,costo_miopia,producto
4,2,2,0.05,homogeneous,flat,3.61,3.61,3.61,3.61,1.0,1.0,1.0
4,2,2,0.05,homogeneous,log_uniform,3.61,3.61,3.61,3.61,1.0,1.0,1.0
4,2,2,0.05,homogeneous,log_uniform,3.687682728013878,3.6876827280138786,3.687682728013878,3.687682728013878,1.0000000000000002,0.9999999999999999,1.0
4,2,2,0.05,homogeneous,log_uniform,3.655636543615101,3.655636543615101,3.655636543615101,3.655636543615101,1.0,1.0,1.0
4,2,2,0.05,beta_bimodal,flat,3.6012064544110243,3.6012064544110243,3.6012064544110243,3.6012064544110243,1.0,1.0,1.0
4,2,2,0.05,beta_bimodal,flat,3.608692772243055,3.608692772243055,3.608692772243055,3.608692772243055,1.0,1.0,1.0
4,2,2,0.05,beta_bimodal,flat,3.61043462893934,3.61043462893934,3.6104346289393394,3.61043462893934,1.0,0.9999999999999999,0.9999999999999999
4,2,2,0.05,beta_bimodal,log_uniform,3.671177037950053,3.6711770379500526,3.671177037950053,3.671177037950053,0.9999999999999999,1.0000000000000002,1.0
4,2,2,0.05,beta_bimodal,log_uniform,3.803120627032712,3.8031206270327123,3.803120627032712,3.803120627032712,1.0000000000000002,0.9999999999999999,1.0
4,2,2,0.05,beta_bimodal,log_uniform,3.559111027599617,3.463412144591248,3.463412144591248,3.463412144591248,0.9731115769454061,1.0,0.9731115769454061
4,2,3,0.05,homogeneous,flat,3.61,3.522125,3.522125,3.522125,0.9756578947368422,1.0,0.9756578947368422
4,2,3,0.05,homogeneous,log_uniform,3.6644913470278464,3.651620425745465,3.651620425745465,3.651620425745465,0.9964876649817114,1.0,0.9964876649817114
4,2,3,0.05,homogeneous,log_uniform,3.609999999999999,3.5425145166444367,3.5425145166444367,3.5425145166444367,0.9813059602893179,1.0,0.9813059602893179
4,2,3,0.05,homogeneous,log_uniform,3.61,3.5617857296506785,3.5617857296506785,3.5617857296506785,0.9866442464406312,1.0,0.9866442464406312
4,2,3,0.05,beta_bimodal,flat,3.723530774360685,3.705359926660028,3.705359926660028,3.705359926660028,0.9951199952943112,1.0,0.9951199952943112
4,2,3,0.05,beta_bimodal,flat,3.7708454502111386,3.747441384439792,3.747441384439792,3.747441384439792,0.9937934168662266,1.0,0.9937934168662266
4,2,3,0.05,beta_bimodal,flat,3.720382448302844,3.6600991052186096,3.6600991052186096,3.6600991052186096,0.9837964661101618,1.0,0.9837964661101618
4,2,3,0.05,beta_bimodal,log_uniform,3.6799160015692665,3.498847078891464,3.498847078891464,3.498847078891464,0.9507953652744826,1.0,0.9507953652744826
4,2,3,0.05,beta_bimodal,log_uniform,3.91390072825988,3.8953814249215046,3.8953814249215046,3.8953814249215046,0.9952683257383973,1.0,0.9952683257383973
4,2,3,0.05,beta_bimodal,log_uniform,3.7371791420228897,3.632818670959066,3.632818670959066,3.632818670959066,0.9720750686285446,1.0,0.9720750686285446
4,3,2,0.05,homogeneous,flat,3.743475,3.743475,3.7004875,3.705,1.0,0.9885166856997842,0.9885166856997842
4,3,2,0.05,homogeneous,log_uniform,3.7750437875389418,3.7750437875389418,3.751305272953693,3.7545389648693104,1.0,0.9937117247053908,0.9937117247053908
4,3,2,0.05,homogeneous,log_uniform,3.7633607949254224,3.763360794925422,3.7146113779068863,3.7204592028312553,0.9999999999999999,0.9870463078947227,0.9870463078947226
4,3,2,0.05,homogeneous,log_uniform,3.7779910484087167,3.7779910484087167,3.752332595229263,3.765930094999533,1.0,0.9932084399219896,0.9932084399219896
4,3,2,0.05,beta_bimodal,flat,3.799892617427055,3.799892617427055,3.797441362646886,3.799577823896593,1.0,0.9993549147233984,0.9993549147233984
4,3,2,0.05,beta_bimodal,flat,3.790593508712547,3.790593508712547,3.747459350747392,3.769655168041523,1.0,0.9886207376586246,0.9886207376586246
4,3,2,0.05,beta_bimodal,flat,3.79999982256959,3.79999982256959,3.799999020943899,3.7999994328234634,1.0,0.9999997890458611,0.9999997890458611
4,3,2,0.05,beta_bimodal,log_uniform,3.89633022478596,3.896313639745115,3.896238161704029,3.896313639745115,0.9999957434201189,0.9999806283456456,0.9999763718482214
4,3,2,0.05,beta_bimodal,log_uniform,3.7162814894058807,3.7162814894058807,3.6647758619429527,3.71076486184767,1.0,0.9861405473159779,0.9861405473159779
4,3,2,0.05,beta_bimodal,log_uniform,3.6934262056994247,3.6931923839048797,3.692865784420601,3.692867349674803,0.999936692441781,0.9999115671618674,0.9998482652021154
4,3,3,0.05,homogeneous,flat,3.743475,3.705,3.61475,3.705,0.9897221164826798,0.9756410256410256,0.9656135008247684
4,3,3,0.05,homogeneous,log_uniform,3.7794305986579073,3.7334463648942022,3.722474835565302,3.7334463648942022,0.9878330260171905,0.9970612864745919,0.9849300677427889
4,3,3,0.05,homogeneous,log_uniform,3.76911762974712,3.7314631837257237,3.7094680198578143,3.731463183725724,0.9900097450596355,0.9941054854932407,0.9841741182555485
4,3,3,0.05,homogeneous,log_uniform,3.784513499639986,3.7452912036170822,3.7409594893105553,3.7452912036170822,0.9896361061926098,0.9988434238965602,0.9884915167210861
4,3,3,0.05,beta_bimodal,flat,3.799998126545955,3.799604286964846,3.7996028095987713,3.799604286964846,0.9998963579538743,0.9999996111789641,0.9998959691731366
4,3,3,0.05,beta_bimodal,flat,3.7999815739783007,3.799555385492316,3.799477781432567,3.799555385492316,0.9998878445914309,0.9999795754892676,0.9998674223714179
4,3,3,0.05,beta_bimodal,flat,3.7936992692201574,3.709729241756939,3.702600798477144,3.709729241756939,0.9778659241272756,0.9980784464807951,0.9759869024194583
4,3,3,0.05,beta_bimodal,log_uniform,3.766649456087369,3.6862558242658032,3.684953902336895,3.6862558242658032,0.9786564604009965,0.9996468172609351,0.9783108158317085
4,3,3,0.05,beta_bimodal,log_uniform,3.8603650673697216,3.8224033538928923,3.821827540976702,3.822403353892892,0.9901662892461374,0.9998493584106962,0.9900171290226504
4,3,3,0.05,beta_bimodal,log_uniform,3.905228321677978,3.861315159961587,3.8610935454194473,3.861315159961587,0.9887552895505165,0.999942606461022,0.9886985413852659
5,2,2,0.05,homogeneous,flat,3.61,3.6100000000000003,3.61,3.61,1.0000000000000002,0.9999999999999999,1.0
5,2,2,0.05,homogeneous,log_uniform,4.356783822990498,4.356783822990497,4.356783822990497,4.356783822990497,0.9999999999999998,1.0,0.9999999999999998
5,2,2,0.05,homogeneous,log_uniform,4.110356999702378,4.110356999702379,4.110356999702378,4.110356999702379,1.0000000000000002,0.9999999999999998,1.0
5,2,2,0.05,homogeneous,log_uniform,3.9618991236806416,3.961899123680642,3.9618991236806416,3.961899123680642,1.0000000000000002,0.9999999999999999,1.0
5,2,2,0.05,beta_bimodal,flat,3.9439773113289696,3.9439773113289696,3.9439773113289696,3.9439773113289696,1.0,1.0,1.0
5,2,2,0.05,beta_bimodal,flat,3.9293716796802807,3.9293716796802807,3.9293716796802807,3.9293716796802807,1.0,1.0,1.0
5,2,2,0.05,beta_bimodal,flat,3.738317305655252,3.738317305655252,3.738317305655252,3.738317305655252,1.0,1.0,1.0
5,2,2,0.05,beta_bimodal,log_uniform,4.3941848855328125,4.27602264818127,4.27602264818127,4.27602264818127,0.9731094069936442,1.0,0.9731094069936442
5,2,2,0.05,beta_bimodal,log_uniform,4.192039715488437,4.192039715488437,4.192039715488437,4.192039715488437,1.0,1.0,1.0
5,2,2,0.05,beta_bimodal,log_uniform,4.477309997251044,4.444300869510164,4.444300869510164,4.444300869510164,0.9926274643120204,1.0,0.9926274643120204
5,2,3,0.05,homogeneous,flat,4.377125,4.377125,4.377125,4.377125,1.0,1.0,1.0
5,2,3,0.05,homogeneous,log_uniform,4.423973641213029,4.349763649473886,4.349763649473886,4.349763649473886,0.9832254896259294,1.0,0.9832254896259294
5,2,3,0.05,homogeneous,log_uniform,4.419934871577252,4.382052192288318,4.382052192288318,4.382052192288318,0.9914291317882213,1.0,0.9914291317882213
5,2,3,0.05,homogeneous,log_uniform,4.421094805225223,4.339551370793601,4.339551370793601,4.339551370793601,0.981555827679776,1.0,0.981555827679776
5,2,3,0.05,beta_bimodal,flat,4.49670585130592,4.494827143809395,4.494827143809395,4.494827143809395,0.9995822036044498,1.0,0.9995822036044498
5,2,3,0.05,beta_bimodal,flat,4.472150621288494,4.472150621288494,4.472150621288493,4.472150621288494,1.0,0.9999999999999998,0.9999999999999998
5,2,3,0.05,beta_bimodal,flat,4.501421284515216,4.5009418313793645,4.5009418313793645,4.5009418313793645,0.9998934884993989,1.0,0.9998934884993989
5,2,3,0.05,beta_bimodal,log_uniform,4.767955312703444,4.76059060388361,4.76059060388361,4.76059060388361,0.9984553737741183,1.0,0.9984553737741183
5,2,3,0.05,beta_bimodal,log_uniform,4.345856858085156,4.292542841968552,4.292542841968552,4.292542841968552,0.9877322199378432,1.0,0.9877322199378432
5,2,3,0.05,beta_bimodal,log_uniform,4.546479217081577,4.36861208592246,4.36861208592246,4.36861208592246,0.9608780503183975,1.0,0.9608780503183975
5,3,2,0.05,homogeneous,flat,4.5600000000000005,4.5600000000000005,4.5600000000000005,4.5600000000000005,1.0,1.0,1.0
5,3,2,0.05,homogeneous,log_uniform,4.667985111939134,4.662435917784353,4.662435917784353,4.662435917784353,0.9988112228248996,1.0,0.9988112228248996
5,3,2,0.05,homogeneous,log_uniform,4.584429524482762,4.560358021653573,4.560358021653573,4.560358021653573,0.9947492915529321,1.0,0.9947492915529321
5,3,2,0.05,homogeneous,log_uniform,4.633718501967358,4.6181182018872935,4.6141673090440385,4.6181182018872935,0.9966333086324857,0.9991444799222245,0.9957806688267707
5,3,2,0.05,beta_bimodal,flat,4.649294594020365,4.64651291915005,4.646512919150049,4.64651291915005,0.9994016995881714,0.9999999999999998,0.9994016995881712
5,3,2,0.05,beta_bimodal,flat,4.722383199585414,4.7200191271485545,4.7200191271485545,4.7200191271485545,0.9994993899611817,1.0,0.9994993899611817
5,3,2,0.05,beta_bimodal,flat,4.744736791583399,4.744199930982062,4.744199930982062,4.744199930982062,0.9998868513418301,1.0,0.9998868513418301
5,3,2,0.05,beta_bimodal,log_uniform,4.690309943279669,4.594699081823334,4.568163886806673,4.568163886806673,0.9796152359625344,0.9942248241845402,0.9739577857433477
5,3,2,0.05,beta_bimodal,log_uniform,4.757966158243452,4.713629471569275,4.713629471569275,4.713629471569275,0.9906815884771772,1.0,0.9906815884771772
5,3,2,0.05,beta_bimodal,log_uniform,4.8440262613380725,4.843759566987638,4.843752671433739,4.843759566987638,0.9999449436613167,0.9999985764045876,0.9999435201442822
5,3,3,0.05,homogeneous,flat,4.5922703125,4.5922703125,4.5105940625,4.5600000000000005,1.0,0.9822144071576797,0.9822144071576797
5,3,3,0.05,homogeneous,log_uniform,4.686077041480602,4.652594779070582,4.633822241643844,4.646003178256551,0.9928549483686164,0.9959651466938008,0.9888489242976151
5,3,3,0.05,homogeneous,log_uniform,4.65614175205983,4.633692747957988,4.597103669671325,4.617743240506309,0.9951786252873613,0.9921036891574679,0.9873203855182486
5,3,3,0.05,homogeneous,log_uniform,4.670780488846156,4.637447186651659,4.613147726194576,4.621838975615916,0.9928634406446424,0.9947601644872579,0.9876609995290493
5,3,3,0.05,beta_bimodal,flat,4.746047434553197,4.744569661323726,4.737236137281411,4.742231659927274,0.9996886307501455,0.9984543331501495,0.9981434451734225
5,3,3,0.05,beta_bimodal,flat,4.745196520415433,4.744364230156304,4.696228177096717,4.741638379266235,0.9998246036269417,0.9898540561549591,0.9896804393436526
5,3,3,0.05,beta_bimodal,flat,4.721515665083693,4.716367083240775,4.6535771864453475,4.697780026914328,0.9989095489228189,0.986686808790065,0.9856108750965795
5,3,3,0.05,beta_bimodal,log_uniform,4.540735030659991,4.487410225356996,4.4581621904231685,4.487410225356996,0.9882563494802197,0.993482201656413,0.9818150938825382
5,3,3,0.05,beta_bimodal,log_uniform,4.73332714887949,4.731422657889837,4.721668691458892,4.72794345678283,0.9995976422229543,0.9979384707018977,0.9975369423971977
5,3,3,0.05,beta_bimodal,log_uniform,4.718512808455452,4.622952218496411,4.6229074509543695,4.622952218496411,0.9797477311521123,0.999990316243836,0.9797382435139816
6,2,2,0.05,homogeneous,flat,3.61,3.61,3.61,3.61,1.0,1.0,1.0
6,2,2,0.05,homogeneous,log_uniform,4.692480268532028,4.692480268532028,4.692480268532028,4.692480268532028,1.0,1.0,1.0
6,2,2,0.05,homogeneous,log_uniform,4.789547085893216,4.789547085893216,4.789547085893216,4.789547085893216,1.0,1.0,1.0
6,2,2,0.05,homogeneous,log_uniform,4.7058415112846514,4.7058415112846514,4.705841511284651,4.7058415112846514,1.0,0.9999999999999998,0.9999999999999998
6,2,2,0.05,beta_bimodal,flat,3.929192156708872,3.929192156708872,3.929192156708872,3.929192156708872,1.0,1.0,1.0
6,2,2,0.05,beta_bimodal,flat,3.947340623903866,3.947340623903866,3.9473406239038655,3.947340623903866,1.0,0.9999999999999999,0.9999999999999999
6,2,2,0.05,beta_bimodal,flat,3.974716086633388,3.974716086633388,3.974716086633388,3.974716086633388,1.0,1.0,1.0
6,2,2,0.05,beta_bimodal,log_uniform,4.695900186681495,4.534475715558646,4.534475715558644,4.534475715558646,0.9656243819703235,0.9999999999999996,0.9656243819703232
6,2,2,0.05,beta_bimodal,log_uniform,4.604540503982815,4.348779311551457,4.348779311551457,4.348779311551457,0.9444545677880061,1.0,0.9444545677880061
6,2,2,0.05,beta_bimodal,log_uniform,4.79612607658519,4.79612607658519,4.796126076585189,4.79612607658519,1.0,0.9999999999999998,0.9999999999999998
6,2,3,0.05,homogeneous,flat,5.14425,5.14425,5.14425,5.14425,1.0,1.0,1.0
6,2,3,0.05,homogeneous,log_uniform,5.144250000000001,5.14425,5.1442499999999995,5.14425,0.9999999999999998,0.9999999999999998,0.9999999999999997
6,2,3,0.05,homogeneous,log_uniform,5.169146349606809,5.169146349606809,5.169146349606809,5.169146349606809,1.0,1.0,1.0
6,2,3,0.05,homogeneous,log_uniform,5.193072639068303,5.193072639068303,5.193072639068303,5.193072639068303,1.0,1.0,1.0
6,2,3,0.05,beta_bimodal,flat,5.112313166296278,5.112313166296278,5.112313166296278,5.112313166296278,1.0,1.0,1.0
6,2,3,0.05,beta_bimodal,flat,5.100000781782558,5.100000781782558,5.1000007817825574,5.100000781782558,1.0,0.9999999999999998,0.9999999999999998
6,2,3,0.05,beta_bimodal,flat,5.102363924003811,5.102363924003811,5.102363924003811,5.102363924003811,1.0,1.0,1.0
6,2,3,0.05,beta_bimodal,log_uniform,5.465043882179151,5.380914587552419,5.380914587552419,5.380914587552419,0.9846059251415954,1.0,0.9846059251415954
6,2,3,0.05,beta_bimodal,log_uniform,5.572932322179451,5.516653260663053,5.516653260663053,5.516653260663053,0.9899013556485486,1.0,0.9899013556485486
6,2,3,0.05,beta_bimodal,log_uniform,5.312280405443912,5.312280405443912,5.312280405443912,5.312280405443912,1.0,1.0,1.0
6,3,2,0.05,homogeneous,flat,5.415,5.415,5.415,5.415,1.0,1.0,1.0
6,3,2,0.05,homogeneous,log_uniform,5.474968448268936,5.474968448268936,5.440782726574077,5.474968448268936,1.0,0.9937559965837487,0.9937559965837487
6,3,2,0.05,homogeneous,log_uniform,5.4605663718166,5.449287939904878,5.449287939904878,5.449287939904878,0.9979345673793231,1.0,0.9979345673793231
6,3,2,0.05,homogeneous,log_uniform,5.415,5.415,5.415,5.415,1.0,1.0,1.0
6,3,2,0.05,beta_bimodal,flat,5.400590477615083,5.400590477615083,5.400590477615082,5.400590477615083,1.0,0.9999999999999999,0.9999999999999999
6,3,2,0.05,beta_bimodal,flat,5.429934871158272,5.429934871158272,5.42993487115827,5.429934871158272,1.0,0.9999999999999997,0.9999999999999997
6,3,2,0.05,beta_bimodal,flat,5.408674548147093,5.408674548147093,5.408674548147091,5.408674548147093,1.0,0.9999999999999997,0.9999999999999997
6,3,2,0.05,beta_bimodal,log_uniform,5.812241599567912,5.812112235506758,5.812112235506758,5.812112235506758,0.9999777428279712,1.0,0.9999777428279712
6,3,2,0.05,beta_bimodal,log_uniform,5.783010923138685,5.783010923138685,5.783010923138685,5.783010923138685,1.0,1.0,1.0
6,3,2,0.05,beta_bimodal,log_uniform,5.618579780393814,5.618579780393814,5.618143240060145,5.618143240060145,1.0,0.9999223041496728,0.9999223041496728
6,3,3,0.05,homogeneous,flat,5.415,5.3940118281250005,5.316622453125,5.327125,0.9961240679824562,0.985652724267959,0.9818324013157895
6,3,3,0.05,homogeneous,log_uniform,5.57104462732515,5.535777987606555,5.509866607914383,5.515942284214937,0.9936696540635096,0.9953192884992531,0.9890185730857913
6,3,3,0.05,homogeneous,log_uniform,5.521940861337103,5.4824471326415845,5.453838027447519,5.456848582876858,0.9928478537370726,0.994781690638888,0.9876668664877565
6,3,3,0.05,homogeneous,log_uniform,5.530855615138294,5.503551748079747,5.472674041087805,5.478768301789915,0.9950633556616785,0.9943894945654475,0.9894805472970145
6,3,3,0.05,beta_bimodal,flat,5.611603933562755,5.47337683449178,5.40250728524715,5.468214966728329,0.975367630946966,0.9870519514026463,0.9627385234611789
6,3,3,0.05,beta_bimodal,flat,5.605061980062989,5.47113291424746,5.398769231438404,5.461400926340483,0.9761056940508579,0.9867735469155552,0.9631952778830348
6,3,3,0.05,beta_bimodal,flat,5.6280220301255675,5.459624999198792,5.417315714366577,5.454578303147063,0.9700788252026408,0.9922505144880053,0.9625612134012401
6,3,3,0.05,beta_bimodal,log_uniform,5.857482500699059,5.8108269143593,5.810082224688807,5.810675838460675,0.9920348739694586,0.999871844458376,0.991907739202875
6,3,3,0.05,beta_bimodal,log_uniform,5.791157846024619,5.790204375156512,5.789745080764874,5.790042338101647,0.9998353574719498,0.999920677343686,0.9997560478755185
6,3,3,0.05,beta_bimodal,log_uniform,5.90022991849118,5.70564848567585,5.705468174658623,5.70564848567585,0.9670213812845637,0.9999683978047931,0.966990821286103
4,2,2,0.1,homogeneous,flat,3.2399999999999993,3.2399999999999993,3.2399999999999993,3.2399999999999993,1.0,1.0,1.0
4,2,2,0.1,homogeneous,log_uniform,3.24,3.2399999999999998,3.24,3.24,0.9999999999999999,1.0000000000000002,1.0
4,2,2,0.1,homogeneous,log_uniform,3.345008350793986,3.345008350793986,3.345008350793986,3.345008350793986,1.0,1.0,1.0
4,2,2,0.1,homogeneous,log_uniform,3.24,3.2399999999999998,3.2399999999999993,3.24,0.9999999999999999,0.9999999999999999,0.9999999999999998
4,2,2,0.1,beta_bimodal,flat,3.2576571221359325,3.2576571221359325,3.2576571221359325,3.2576571221359325,1.0,1.0,1.0
4,2,2,0.1,beta_bimodal,flat,3.2773061043563567,3.2773061043563567,3.2773061043563567,3.2773061043563567,1.0,1.0,1.0
4,2,2,0.1,beta_bimodal,flat,3.246600591417551,3.246600591417551,3.2466005914175504,3.246600591417551,1.0,0.9999999999999999,0.9999999999999999
4,2,2,0.1,beta_bimodal,log_uniform,3.463739275543886,3.463739275543886,3.463739275543886,3.463739275543886,1.0,1.0,1.0
4,2,2,0.1,beta_bimodal,log_uniform,3.367327890769069,3.367327890769069,3.3673278907690687,3.367327890769069,1.0,0.9999999999999999,0.9999999999999999
4,2,2,0.1,beta_bimodal,log_uniform,3.0742645375336526,3.0430610793687016,3.0430610793687016,3.0430610793687016,0.9898501063314531,1.0,0.9898501063314531
4,2,3,0.1,homogeneous,flat,3.2399999999999993,3.087,3.087,3.087,0.9527777777777781,1.0,0.9527777777777781
4,2,3,0.1,homogeneous,log_uniform,3.295905300555872,3.2395803394865292,3.2395803394865292,3.2395803394865292,0.9829106251748667,1.0,0.9829106251748667
4,2,3,0.1,homogeneous,log_uniform,3.3325957356797495,3.232526906971422,3.232526906971422,3.232526906971422,0.9699727069692369,1.0,0.9699727069692369
4,2,3,0.1,homogeneous,log_uniform,3.388908030750448,3.341011217776742,3.341011217776742,3.341011217776742,0.9858665940358671,1.0,0.9858665940358671
4,2,3,0.1,beta_bimodal,flat,3.589906889298066,3.5759153488812743,3.5759153488812743,3.5759153488812743,0.9961025338962127,1.0,0.9961025338962127
4,2,3,0.1,beta_bimodal,flat,3.5925922502820837,3.585680769727995,3.585680769727995,3.585680769727995,0.9980761856418451,1.0,0.9980761856418451
4,2,3,0.1,beta_bimodal,flat,3.5950494544359297,3.5946589560153486,3.594658956015349,3.594658956015349,0.9998913788459574,1.0000000000000002,0.9998913788459575
4,2,3,0.1,beta_bimodal,log_uniform,3.782445935111088,3.6420794788303246,3.642079478830325,3.642079478830325,0.9628900297086094,1.0000000000000002,0.9628900297086095
4,2,3,0.1,beta_bimodal,log_uniform,3.605514677930525,3.605514677930525,3.605514677930525,3.605514677930525,1.0,1.0,1.0
4,2,3,0.1,beta_bimodal,log_uniform,3.5108403763108655,3.5108403763108655,3.5108403763108655,3.5108403763108655,1.0,1.0,1.0
4,3,2,0.1,homogeneous,flat,3.4775999999999994,3.4775999999999994,3.4037999999999995,3.419999999999999,1.0,0.9787784679089028,0.9787784679089028
4,3,2,0.1,homogeneous,log_uniform,3.5472860782730797,3.547286078273079,3.5103329463717734,3.534000615912198,0.9999999999999998,0.9895827032029807,0.9895827032029804
4,3,2,0.1,homogeneous,log_uniform,3.5213411477879744,3.5213411477879744,3.447729277084443,3.4867163918543858,1.0,0.9790955015109023,0.9790955015109023
4,3,2,0.1,homogeneous,log_uniform,3.5267678335772055,3.526767833577205,3.463931497286867,3.502066049068839,0.9999999999999999,0.9821830244417866,0.9821830244417865
4,3,2,0.1,beta_bimodal,flat,3.5990463953542515,3.5990463953542515,3.576413168632209,3.5984634934816695,1.0,0.9937113267694304,0.9937113267694304
4,3,2,0.1,beta_bimodal,flat,3.5983702983266306,3.5983702983266306,3.596170190803751,3.597469844713717,1.0,0.999388582235713,0.999388582235713
4,3,2,0.1,beta_bimodal,flat,3.599189123499323,3.599189123499323,3.59243731441427,3.59871987952109,1.0,0.9981240749364988,0.9981240749364988
4,3,2,0.1,beta_bimodal,log_uniform,3.4322240644587643,3.4249917010922752,3.4194729715203347,3.4249917010922752,0.9978928055888363,0.9983886881915128,0.9962848891275866
4,3,2,0.1,beta_bimodal,log_uniform,3.5320580692076473,3.5320580692076473,3.5318032310478293,3.5320580692076473,1.0,0.9999278499518341,0.9999278499518341
4,3,2,0.1,beta_bimodal,log_uniform,3.686987556284941,3.686987556284941,3.631289096285111,3.6853636994790175,1.0,0.9848932335274947,0.9848932335274947
4,3,3,0.1,homogeneous,flat,3.4775999999999994,3.419999999999999,3.258,3.419999999999999,0.9834368530020703,0.9526315789473687,0.9368530020703936
4,3,3,0.1,homogeneous,log_uniform,3.5541950393343984,3.510961642245102,3.4895679085202467,3.510961642245102,0.9878359525544235,0.9939065885917299,0.9818166616916288
4,3,3,0.1,homogeneous,log_uniform,3.543272589285068,3.496450637963208,3.467161305162138,3.496450637963208,0.9867856761956586,0.9916231241811176,0.9785194951263158
4,3,3,0.1,homogeneous,log_uniform,3.5565403932527913,3.5283228492205554,3.50357109633896,3.5283228492205554,0.9920660133410074,0.9929848389902689,0.9851065105251382
4,3,3,0.1,beta_bimodal,flat,3.599355813859467,3.596783806311972,3.595257720044716,3.596783806311972,0.9992854255926599,0.9995757080910512,0.9988614368718505
4,3,3,0.1,beta_bimodal,flat,3.58731396156448,3.5737517285022498,3.5689011494113454,3.5737517285022498,0.9962193905502724,0.9986427207429607,0.9948672426360182
4,3,3,0.1,beta_bimodal,flat,3.5999993528271106,3.5999912679242887,3.5999896586561797,3.5999912679242887,0.9999977541932569,0.9999995529799965,0.9999973071742573
4,3,3,0.1,beta_bimodal,log_uniform,3.403122648586038,3.328398059750131,3.2599204216603814,3.328398059750131,0.9780423462354628,0.9794262474438258,0.9579203450145544
4,3,3,0.1,beta_bimodal,log_uniform,3.777170203393687,3.7769395905622942,3.7765805858771246,3.7769395905622942,0.999938945607697,0.9999049482586201,0.9998438996696435
4,3,3,0.1,beta_bimodal,log_uniform,3.4379305714957566,3.38668790115438,3.386669713444667,3.38668790115438,0.9850949083247245,0.999994629646946,0.985089618017275
5,2,2,0.1,homogeneous,flat,3.24,3.24,3.24,3.24,1.0,1.0,1.0
5,2,2,0.1,homogeneous,log_uniform,3.7244317865044825,3.7244317865044825,3.7244317865044825,3.7244317865044825,1.0,1.0,1.0
5,2,2,0.1,homogeneous,log_uniform,3.749645265682956,3.7496452656829553,3.749645265682955,3.7496452656829553,0.9999999999999998,0.9999999999999999,0.9999999999999997
5,2,2,0.1,homogeneous,log_uniform,3.884993231068064,3.8849932310680644,3.884993231068064,3.884993231068064,1.0000000000000002,0.9999999999999999,1.0
5,2,2,0.1,beta_bimodal,flat,3.862289666556364,3.862289666556364,3.862289666556364,3.862289666556364,1.0,1.0,1.0
5,2,2,0.1,beta_bimodal,flat,3.920381950117426,3.920381950117426,3.920381950117426,3.920381950117426,1.0,1.0,1.0
5,2,2,0.1,beta_bimodal,flat,3.399315406141044,3.399315406141044,3.399315406141044,3.399315406141044,1.0,1.0,1.0
5,2,2,0.1,beta_bimodal,log_uniform,3.6016288346504033,3.3785788129540455,3.3785788129540455,3.3785788129540455,0.9380696812646414,1.0,0.9380696812646414
5,2,2,0.1,beta_bimodal,log_uniform,3.4346670977630867,3.4346670977630867,3.434667097763086,3.4346670977630867,1.0,0.9999999999999999,0.9999999999999999
5,2,2,0.1,beta_bimodal,log_uniform,4.181370783114223,4.135838952649828,4.135838952649828,4.135838952649828,0.9891107885843878,1.0,0.9891107885843878
5,2,3,0.1,homogeneous,flat,3.807,3.8069999999999995,3.806999999999999,3.806999999999999,0.9999999999999999,0.9999999999999999,0.9999999999999998
5,2,3,0.1,homogeneous,log_uniform,4.025393656115441,4.022696755804349,4.022696755804349,4.022696755804349,0.9993300281807233,1.0,0.9993300281807233
5,2,3,0.1,homogeneous,log_uniform,3.914329644570859,3.8378159927692455,3.8378159927692455,3.8378159927692455,0.9804529360709983,1.0,0.9804529360709983
5,2,3,0.1,homogeneous,log_uniform,3.9252157757120294,3.8397305111338125,3.839730511133813,3.839730511133813,0.9782215120230658,1.0000000000000002,0.978221512023066
5,2,3,0.1,beta_bimodal,flat,3.94402424729583,3.94402424729583,3.94402424729583,3.94402424729583,1.0,1.0,1.0
5,2,3,0.1,beta_bimodal,flat,4.01266147119141,4.00624712967715,4.006247129677149,4.00624712967715,0.9984014745424424,0.9999999999999998,0.9984014745424422
5,2,3,0.1,beta_bimodal,flat,3.969434594447213,3.969434594447213,3.969434594447213,3.969434594447213,1.0,1.0,1.0
5,2,3,0.1,beta_bimodal,log_uniform,4.588828009506407,4.58882546824517,4.58882546824517,4.58882546824517,0.9999994462069113,1.0,0.9999994462069113
5,2,3,0.1,beta_bimodal,log_uniform,4.072214570810222,4.072214570810222,4.072214570810222,4.072214570810222,1.0,1.0,1.0
5,2,3,0.1,beta_bimodal,log_uniform,4.525267866490878,4.114369898228715,3.807909949738187,4.114369898228715,0.9091991943051996,0.9255147310351306,0.8414772477747342
5,3,2,0.1,homogeneous,flat,4.140000000000001,4.140000000000001,4.14,4.140000000000001,1.0,0.9999999999999998,0.9999999999999998
5,3,2,0.1,homogeneous,log_uniform,4.292360797152725,4.2737328151090255,4.269601319904614,4.2719171645853065,0.9956602012449522,0.9990332818210335,0.9946976784283352
5,3,2,0.1,homogeneous,log_uniform,4.316220955712357,4.307316430789005,4.307316430789005,4.307316430789005,0.9979369626776017,1.0,0.9979369626776017
5,3,2,0.1,homogeneous,log_uniform,4.258104781670345,4.254125080361494,4.254125080361494,4.254125080361494,0.9990653820154961,1.0,0.9990653820154961
5,3,2,0.1,beta_bimodal,flat,4.252192537349162,4.2424162308767945,4.2424162308767945,4.2424162308767945,0.9977008786910525,1.0,0.9977008786910525
5,3,2,0.1,beta_bimodal,flat,4.433540007531832,4.418901091893731,4.418901091893731,4.418901091893731,0.9966981428805803,1.0,0.9966981428805803
5,3,2,0.1,beta_bimodal,flat,4.405381366900444,4.371879570230767,4.3718795702307665,4.371879570230767,0.9923952561924855,0.9999999999999998,0.9923952561924853
5,3,2,0.1,beta_bimodal,log_uniform,4.677307156650305,4.536393387969271,4.536393387969271,4.536393387969271,0.9698728854099994,1.0,0.9698728854099994
5,3,2,0.1,beta_bimodal,log_uniform,4.838115258979606,4.838112762362266,4.838112733894624,4.838112733894625,0.9999994839690239,0.9999999941159613,0.9999994780849883
5,3,2,0.1,beta_bimodal,log_uniform,4.831806973532811,4.830248265225182,4.830248265225182,4.830248265225182,0.9996774067515183,1.0,0.9996774067515183
5,3,3,0.1,homogeneous,flat,4.17735,4.17735,4.04451,4.14,1.0,0.9681999353657224,0.9681999353657224
5,3,3,0.1,homogeneous,log_uniform,4.366342221827033,4.2973517937138945,4.284383950595246,4.2973062555284045,0.9841994913343577,0.9969823640834763,0.9812295356002828
5,3,3,0.1,homogeneous,log_uniform,4.29198261974648,4.245986379768011,4.21560128907785,4.230860654378605,0.9892832184904827,0.9928438087237055,0.9822037185525365
5,3,3,0.1,homogeneous,log_uniform,4.363127464097606,4.355144245788255,4.315555754007475,4.341715975814492,0.9981702990859098,0.9909099470542072,0.9890968782183012
5,3,3,0.1,beta_bimodal,flat,4.457873639588411,4.439569225179567,4.410204160559039,4.431757332026893,0.9958939135810647,0.9933856049695137,0.9893066778281825
5,3,3,0.1,beta_bimodal,flat,4.488895314620262,4.466926425065681,4.421287764629326,4.46236069000937,0.9951059474514747,0.9897829836237599,0.9849389336902691
5,3,3,0.1,beta_bimodal,flat,4.4034353501988335,4.3820474727872565,4.33809781313648,4.355220053595667,0.9951429109977483,0.9899705195063025,0.9851621445834551
5,3,3,0.1,beta_bimodal,log_uniform,4.36355314846488,4.106916293066491,3.911267236554577,4.104747234377638,0.9411862657181854,0.9523610800536112,0.8963491685509962
5,3,3,0.1,beta_bimodal,log_uniform,4.334882151006945,4.29400768639974,4.293946827624914,4.29400768639974,0.9905708014235842,0.9999858270456714,0.9905567621088565
5,3,3,0.1,beta_bimodal,log_uniform,4.721556060369711,4.557721417342896,4.554140492466465,4.557721417342896,0.9653007099922084,0.9992143168595595,0.9645422894989123
6,2,2,0.1,homogeneous,flat,3.2400000000000007,3.2400000000000007,3.2400000000000007,3.2400000000000007,1.0,1.0,1.0
6,2,2,0.1,homogeneous,log_uniform,4.070287449730171,4.070287449730171,4.070287449730171,4.070287449730171,1.0,1.0,1.0
6,2,2,0.1,homogeneous,log_uniform,4.588988355541155,4.588988355541155,4.588988355541155,4.588988355541155,1.0,1.0,1.0
6,2,2,0.1,homogeneous,log_uniform,4.310408268703282,4.310408268703282,4.310408268703282,4.310408268703282,1.0,1.0,1.0
6,2,2,0.1,beta_bimodal,flat,3.9989794400379193,3.9989794400379193,3.9989794400379193,3.9989794400379193,1.0,1.0,1.0
6,2,2,0.1,beta_bimodal,flat,3.8219525330292634,3.8219525330292634,3.8219525330292634,3.8219525330292634,1.0,1.0,1.0
6,2,2,0.1,beta_bimodal,flat,3.97083973025556,3.97083973025556,3.97083973025556,3.97083973025556,1.0,1.0,1.0
6,2,2,0.1,beta_bimodal,log_uniform,4.078952795336375,3.918717130919639,3.918717130919639,3.918717130919639,0.960716470021438,1.0,0.960716470021438
6,2,2,0.1,beta_bimodal,log_uniform,4.171390472313959,4.171390472313959,4.171390472313959,4.171390472313959,1.0,1.0,1.0
6,2,2,0.1,beta_bimodal,log_uniform,3.633523461296136,3.617847809444574,3.617847809444574,3.617847809444574,0.9956858261633543,1.0,0.9956858261633543
6,2,3,0.1,homogeneous,flat,4.3740000000000006,4.3740000000000006,4.3740000000000006,4.3740000000000006,1.0,1.0,1.0
6,2,3,0.1,homogeneous,log_uniform,4.627013755291898,4.627013755291898,4.627013755291898,4.627013755291898,1.0,1.0,1.0
6,2,3,0.1,homogeneous,log_uniform,4.374,4.374,4.374,4.374,1.0,1.0,1.0
6,2,3,0.1,homogeneous,log_uniform,4.374000000000002,4.374000000000001,4.374000000000001,4.374000000000001,0.9999999999999998,1.0,0.9999999999999998
6,2,3,0.1,beta_bimodal,flat,4.969540051355013,4.224425875690951,4.224425875690951,4.224425875690951,0.8500637548014335,1.0,0.8500637548014335
6,2,3,0.1,beta_bimodal,flat,4.596699569926944,4.384379271149992,4.384379271149992,4.384379271149992,0.9538102728823049,1.0,0.9538102728823049
6,2,3,0.1,beta_bimodal,flat,4.99998386082011,4.200014475617312,4.200014475617312,4.200014475617312,0.840005606523781,1.0,0.840005606523781
6,2,3,0.1,beta_bimodal,log_uniform,5.539599252252474,5.246838756849683,5.246838756849683,5.246838756849683,0.9471513223120335,1.0,0.9471513223120335
6,2,3,0.1,beta_bimodal,log_uniform,5.128499092513971,4.827220621703678,4.827220621703678,4.827220621703678,0.9412540656875485,1.0,0.9412540656875485
6,2,3,0.1,beta_bimodal,log_uniform,4.536802553421072,4.536802553421072,4.536802553421072,4.536802553421072,1.0,1.0,1.0
6,3,2,0.1,homogeneous,flat,4.86,4.86,4.86,4.86,1.0,1.0,1.0
6,3,2,0.1,homogeneous,log_uniform,4.927237809708531,4.926842901453333,4.926842901453332,4.926842901453333,0.9999198520001572,0.9999999999999998,0.999919852000157
6,3,2,0.1,homogeneous,log_uniform,4.973475639668439,4.973475639668439,4.911007112997793,4.911007112997793,1.0,0.9874396636886291,0.9874396636886291
6,3,2,0.1,homogeneous,log_uniform,5.056499807337333,5.056499807337333,5.056499807337332,5.056499807337333,1.0,0.9999999999999998,0.9999999999999998
6,3,2,0.1,beta_bimodal,flat,4.89464535905078,4.89464535905078,4.894645359050779,4.89464535905078,1.0,0.9999999999999998,0.9999999999999998
6,3,2,0.1,beta_bimodal,flat,4.871994273068445,4.871994273068445,4.871994273068445,4.871994273068445,1.0,1.0,1.0
6,3,2,0.1,beta_bimodal,flat,4.89173775699642,4.891264831090708,4.891264831090708,4.891264831090708,0.9999033214924419,1.0,0.9999033214924419
6,3,2,0.1,beta_bimodal,log_uniform,5.554321444918248,5.5542949239396755,5.5542949239396755,5.5542949239396755,0.9999952251631752,1.0,0.9999952251631752
6,3,2,0.1,beta_bimodal,log_uniform,5.083784621117086,5.0074284032876255,5.0074284032876255,5.0074284032876255,0.9849804380948218,1.0,0.9849804380948218
6,3,2,0.1,beta_bimodal,log_uniform,5.521097251417841,5.519498683068506,5.519498683068506,5.519498683068506,0.9997104618381927,1.0,0.9997104618381927
6,3,3,0.1,homogeneous,flat,4.86,4.790277000000001,4.672017,4.707000000000002,0.9856537037037038,0.9753124923673515,0.9613203703703703
6,3,3,0.1,homogeneous,log_uniform,5.114892968214647,5.076512678154372,5.0440861449477055,5.051992142272161,0.9924963649681858,0.9936124392348695,0.9861567341277804
6,3,3,0.1,homogeneous,log_uniform,4.951137451085475,4.917511743216239,4.759175840687309,4.8590919209478445,0.9932084883117386,0.9678016218776995,0.9612287858507986
6,3,3,0.1,homogeneous,log_uniform,5.004385058581129,4.9932159025474565,4.925544729702148,4.938567599302767,0.997768126172761,0.9864473769678608,0.9842457508852577
6,3,3,0.1,beta_bimodal,flat,5.3326856401348275,4.874262042671586,4.828136695077344,4.864787883380848,0.9140351356897815,0.9905369577609001,0.9053855825927277
6,3,3,0.1,beta_bimodal,flat,5.068482427338212,4.940831762065445,4.8048673334592245,4.900715007161992,0.9748148154595052,0.9724814696889452,0.9479893444126176
6,3,3,0.1,beta_bimodal,flat,5.363026621587975,4.9243498997729676,4.84282573455014,4.922704847622187,0.9182035158935838,0.983444684703135,0.9030023671812755
6,3,3,0.1,beta_bimodal,log_uniform,5.421469999411234,5.122983697070425,5.121478908665981,5.122983697070425,0.9449436587543186,0.9997062671885323,0.9446660977967541
6,3,3,0.1,beta_bimodal,log_uniform,4.834505333843072,4.356181814256587,4.353946361778176,4.356181814256587,0.9010605043212863,0.9994868321448166,0.9005981090348932
6,3,3,0.1,beta_bimodal,log_uniform,5.831225594517705,5.741785795292241,5.741785237801778,5.741785795292241,0.9846619209331308,0.9999999029064331,0.9846618253287928
4,2,2,0.15,homogeneous,flat,2.89,2.89,2.89,2.89,1.0,1.0,1.0
4,2,2,0.15,homogeneous,log_uniform,2.9535143137307047,2.9392884879933554,2.9392884879933554,2.9392884879933554,0.9951834241428206,1.0,0.9951834241428206
4,2,2,0.15,homogeneous,log_uniform,2.890000000000001,2.8900000000000006,2.890000000000001,2.890000000000001,0.9999999999999999,1.0000000000000002,1.0
4,2,2,0.15,homogeneous,log_uniform,2.9676448509004247,2.9137238253777156,2.9137238253777156,2.9137238253777156,0.9818303644028197,1.0,0.9818303644028197
4,2,2,0.15,beta_bimodal,flat,2.9776662688348856,2.9776662688348856,2.9776662688348856,2.9776662688348856,1.0,1.0,1.0
4,2,2,0.15,beta_bimodal,flat,2.9022123469707113,2.9022123469707113,2.9022123469707113,2.9022123469707113,1.0,1.0,1.0
4,2,2,0.15,beta_bimodal,flat,2.9186988605605397,2.9186988605605397,2.9186988605605397,2.9186988605605397,1.0,1.0,1.0
4,2,2,0.15,beta_bimodal,log_uniform,3.1082969836686565,3.0866425524246566,3.086642552424657,3.086642552424657,0.9930333454757462,1.0000000000000002,0.9930333454757463
4,2,2,0.15,beta_bimodal,log_uniform,3.276850624160629,3.276850624160629,3.276850624160629,3.276850624160629,1.0,1.0,1.0
4,2,2,0.15,beta_bimodal,log_uniform,2.760041801110985,2.5805815680566893,2.5805815680566893,2.5805815680566893,0.934979161191668,1.0,0.934979161191668
4,2,3,0.15,homogeneous,flat,2.89,2.692375,2.692375,2.692375,0.9316176470588236,1.0,0.9316176470588236
4,2,3,0.15,homogeneous,log_uniform,2.89,2.7623838511777894,2.7623838511777894,2.7623838511777894,0.9558421630372973,1.0,0.9558421630372973
4,2,3,0.15,homogeneous,log_uniform,2.899118461428726,2.8451672765028686,2.8451672765028686,2.8451672765028686,0.9813904862310215,1.0,0.9813904862310215
4,2,3,0.15,homogeneous,log_uniform,2.8899999999999997,2.7516318930911954,2.722606967706134,2.7516318930911954,0.9521217623152927,0.9894517411802294,0.9420785355384549
4,2,3,0.15,beta_bimodal,flat,3.185212182530452,2.980492835167745,2.980492835167745,2.980492835167745,0.9357281915203306,1.0,0.9357281915203306
4,2,3,0.15,beta_bimodal,flat,3.173230378769707,2.938278567103308,2.938278567103308,2.938278567103308,0.9259581613618951,1.0,0.9259581613618951
4,2,3,0.15,beta_bimodal,flat,3.394807576790173,3.382902396153822,3.382902396153822,3.382902396153822,0.9964931206358365,1.0,0.9964931206358365
4,2,3,0.15,beta_bimodal,log_uniform,3.1389089869273135,3.0797450065068483,3.0797450065068483,3.0797450065068483,0.9811514189589865,1.0,0.9811514189589865
4,2,3,0.15,beta_bimodal,log_uniform,3.363697616191893,3.363697616191893,3.363697616191893,3.363697616191893,1.0,1.0,1.0
4,2,3,0.15,beta_bimodal,log_uniform,3.357340089124766,3.3402124686965626,3.340212468696562,3.340212468696562,0.9948984553326355,0.9999999999999999,0.9948984553326354
4,3,2,0.15,homogeneous,flat,3.2074750000000005,3.2074750000000005,3.1124875,3.145000000000001,1.0,0.9703855836756325,0.9703855836756325
4,3,2,0.15,homogeneous,log_uniform,3.323437435228731,3.3234374352287306,3.2731248282346517,3.2980820638046775,0.9999999999999999,0.9848612745163303,0.9848612745163302
4,3,2,0.15,homogeneous,log_uniform,3.3097181257966772,3.3097181257966772,3.2466233614481546,3.275987058385415,1.0,0.980936514243691,0.980936514243691
4,3,2,0.15,homogeneous,log_uniform,3.3380478796502313,3.3380478796502313,3.317042207881422,3.3366218717649425,1.0,0.9937071987802014,0.9937071987802014
4,3,2,0.15,beta_bimodal,flat,3.3901689573402356,3.3901689573402356,3.3269047860815193,3.38850947095973,1.0,0.9813389326447168,0.9813389326447168
4,3,2,0.15,beta_bimodal,flat,3.390771825203195,3.390771825203195,3.343595527443017,3.3903718003785994,1.0,0.9860868556800187,0.9860868556800187
4,3,2,0.15,beta_bimodal,flat,3.3808119132444037,3.3808119132444037,3.3796663200243025,3.3808119132444037,1.0,0.999661148490511,0.999661148490511
4,3,2,0.15,beta_bimodal,log_uniform,3.813101998755087,3.8114314742910005,3.8103583774313,3.8108242451372414,0.9995618988255147,0.9997184530623365,0.9992804752338954
4,3,2,0.15,beta_bimodal,log_uniform,3.680878308867023,3.6775065139349863,3.6765202754306854,3.6775065139349863,0.9990839700068557,0.9997318186927572,0.9988160343617339
4,3,2,0.15,beta_bimodal,log_uniform,3.1667811477520185,3.13637319803762,3.1345975628673357,3.13637319803762,0.9903978367005298,0.999433857178924,0.9898371300752726
4,3,3,0.15,homogeneous,flat,3.2074750000000005,3.145000000000001,2.92825,3.145000000000001,0.9805220617463895,0.9310810810810808,0.9129455412746784
4,3,3,0.15,homogeneous,log_uniform,3.308997554910801,3.289022154866992,3.2396536498005677,3.2890221548669913,0.9939633077050286,0.9849899141015606,0.979043833076479
4,3,3,0.15,homogeneous,log_uniform,3.3143527272548146,3.2821193474129418,3.250884682338575,3.2821193474129418,0.9902746078964955,0.990483385347036,0.9808505460525294
4,3,3,0.15,homogeneous,log_uniform,3.288778566282634,3.21578413897607,3.1896090784436684,3.21578413897607,0.9778050039443456,0.991860442305454,0.9698461037007248
4,3,3,0.15,beta_bimodal,flat,3.3646780223383663,3.320396544849878,3.29909986394557,3.320396544849878,0.986839312054675,0.9935861031606782,0.980509826510169
4,3,3,0.15,beta_bimodal,flat,3.3505550786115035,3.216505628356507,3.1541473377981517,3.216505628356507,0.9599918678816205,0.980613032351441,0.9413805365961199
4,3,3,0.15,beta_bimodal,flat,3.3676296933052146,3.3035478331084933,3.245096902090063,3.3035478331084933,0.9809712272331739,0.9823066188318421,0.9636145293947418
4,3,3,0.15,beta_bimodal,log_uniform,2.550945972847527,2.550707311762175,2.550707311762175,2.550707311762175,0.9999064421246501,1.0,0.9999064421246501
4,3,3,0.15,beta_bimodal,log_uniform,3.4015778807058,3.40143453199129,3.388052751773144,3.40143453199129,0.9999578581706675,0.9960658421932607,0.996023866156535
4,3,3,0.15,beta_bimodal,log_uniform,3.5882887875949625,3.5882887875949625,3.5513758736207164,3.5882887875949625,1.0,0.9897129478257555,0.9897129478257555
5,2,2,0.15,homogeneous,flat,2.89,2.89,2.89,2.89,1.0,1.0,1.0
5,2,2,0.15,homogeneous,log_uniform,3.4803687413165,3.4803687413165,3.4803687413165,3.4803687413165,1.0,1.0,1.0
5,2,2,0.15,homogeneous,log_uniform,3.5845681761853303,3.5845681761853303,3.5845681761853303,3.5845681761853303,1.0,1.0,1.0
5,2,2,0.15,homogeneous,log_uniform,3.1627339564269503,3.1627339564269503,3.16273395642695,3.1627339564269503,1.0,0.9999999999999999,0.9999999999999999
5,2,2,0.15,beta_bimodal,flat,3.3654293161843007,3.3654293161843007,3.3654293161843003,3.3654293161843007,1.0,0.9999999999999999,0.9999999999999999
5,2,2,0.15,beta_bimodal,flat,3.5686419081509997,3.5686419081509997,3.5686419081509997,3.5686419081509997,1.0,1.0,1.0
5,2,2,0.15,beta_bimodal,flat,3.741027679139183,3.7410276791391834,3.741027679139183,3.741027679139183,1.0000000000000002,0.9999999999999999,1.0
5,2,2,0.15,beta_bimodal,log_uniform,4.268639950443379,4.224031006458241,4.224031006458241,4.224031006458241,0.9895496119365831,1.0,0.9895496119365831
5,2,2,0.15,beta_bimodal,log_uniform,4.047216610824175,4.047216610824175,4.047216610824175,4.047216610824175,1.0,1.0,1.0
5,2,2,0.15,beta_bimodal,log_uniform,3.7350047419915176,3.7350047419915176,3.7350047419915176,3.7350047419915176,1.0,1.0,1.0
5,2,3,0.15,homogeneous,flat,3.2873750000000004,3.2873750000000004,3.2873750000000004,3.2873750000000004,1.0,1.0,1.0
5,2,3,0.15,homogeneous,log_uniform,3.417998764964765,3.3185298976623914,3.3185298976623914,3.3185298976623914,0.9708985069503385,1.0,0.9708985069503385
5,2,3,0.15,homogeneous,log_uniform,3.4600083334773033,3.4476614626894886,3.4333351591821732,3.4476614626894886,0.9964315488294196,0.9958446315967057,0.9922910086553683
5,2,3,0.15,homogeneous,log_uniform,3.388227807275227,3.364362118515674,3.364362118515674,3.364362118515674,0.9929562915727482,1.0,0.9929562915727482
5,2,3,0.15,beta_bimodal,flat,3.9993388028148167,3.9993259397433696,3.9993259397433696,3.9993259397433696,0.9999967837004862,1.0,0.9999967837004862
5,2,3,0.15,beta_bimodal,flat,3.9884289008965426,3.987100653748432,3.987100653748432,3.987100653748432,0.9996669748462078,1.0,0.9996669748462078
5,2,3,0.15,beta_bimodal,flat,3.3974750405971976,3.3974750405971976,3.397475040597197,3.3974750405971976,1.0,0.9999999999999999,0.9999999999999999
5,2,3,0.15,beta_bimodal,log_uniform,4.106237333869936,4.005352679191973,4.005352679191973,4.005352679191973,0.9754313629546385,1.0,0.9754313629546385
5,2,3,0.15,beta_bimodal,log_uniform,4.236264461461941,4.127019498551409,4.127019498551409,4.127019498551409,0.9742119586951303,1.0,0.9742119586951303
5,2,3,0.15,beta_bimodal,log_uniform,3.6336513875210135,3.5108539881438467,3.5108539881438467,3.5108539881438467,0.9662055089272219,1.0,0.9662055089272219
5,3,2,0.15,homogeneous,flat,3.7400000000000007,3.7400000000000007,3.74,3.7400000000000007,1.0,0.9999999999999999,0.9999999999999999
5,3,2,0.15,homogeneous,log_uniform,3.8284003076090185,3.8051188848557995,3.791696995702822,3.7916969957028224,0.9939187595646812,0.9964726754776583,0.9904128855508532
5,3,2,0.15,homogeneous,log_uniform,3.853126183021539,3.799624955306047,3.799624955306047,3.799624955306047,0.9861148518957826,1.0,0.9861148518957826
5,3,2,0.15,homogeneous,log_uniform,3.86237183286987,3.8601027182594447,3.8601027182594447,3.8601027182594447,0.9994125074672733,1.0,0.9994125074672733
5,3,2,0.15,beta_bimodal,flat,3.945006776606258,3.925862332263723,3.925862332263723,3.925862332263723,0.9951471707333784,1.0,0.9951471707333784
5,3,2,0.15,beta_bimodal,flat,4.181141427978323,4.159760685937645,4.159760685937645,4.159760685937645,0.9948863863112575,1.0,0.9948863863112575
5,3,2,0.15,beta_bimodal,flat,3.8226741124967103,3.8226741124967107,3.8226741124967103,3.8226741124967103,1.0000000000000002,0.9999999999999999,1.0
5,3,2,0.15,beta_bimodal,log_uniform,4.5145134902119075,4.5145134902119075,4.5145134902119075,4.5145134902119075,1.0,1.0,1.0
5,3,2,0.15,beta_bimodal,log_uniform,3.784510953533768,3.6112374820197624,3.6038868597693177,3.608794647191419,0.9542150957834559,0.9979645143009721,0.9522728046021921
5,3,2,0.15,beta_bimodal,log_uniform,3.606709691762336,3.3793906662250053,3.3793906662250053,3.3793906662250053,0.9369732956171872,1.0,0.9369732956171872
5,3,3,0.15,homogeneous,flat,3.7658984375,3.7658984374999998,3.604419687500001,3.7400000000000007,0.9999999999999999,0.9571207899841301,0.95712078998413
5,3,3,0.15,homogeneous,log_uniform,4.033012179572926,3.989687211016514,3.9669025312962742,3.989410072555978,0.9892574168816421,0.9942891062594267,0.983607872891757
5,3,3,0.15,homogeneous,log_uniform,3.8911571996237377,3.802931666697992,3.781318529868844,3.8024933691308815,0.9773266592944955,0.9943167170163975,0.9717722353223059
5,3,3,0.15,homogeneous,log_uniform,3.958081101415598,3.877069567180197,3.842924777090406,3.8766469842242657,0.979532623976192,0.9911931448486685,0.9709060220408301
5,3,3,0.15,beta_bimodal,flat,4.0671564632387325,4.046488506984581,3.9712236680139057,4.0097926745168015,0.9949183277208633,0.9813999622535041,0.9764128092705747
5,3,3,0.15,beta_bimodal,flat,4.233351691008401,4.228840068767756,4.228840068767756,4.228840068767756,0.9989342670843466,1.0,0.9989342670843466
5,3,3,0.15,beta_bimodal,flat,4.249999662111919,4.249999289399045,4.249999256286248,4.249999289399045,0.9999999123028462,0.9999999922087524,0.9999999045115993
5,3,3,0.15,beta_bimodal,log_uniform,3.843107409754807,3.8362811372270347,3.836275349676609,3.8362811372270342,0.9982237622319778,0.999998491364366,0.9982222562760396
5,3,3,0.15,beta_bimodal,log_uniform,4.492329317454407,4.48221976632417,4.48221976632417,4.48221976632417,0.9977495970540368,1.0,0.9977495970540368
5,3,3,0.15,beta_bimodal,log_uniform,4.702808549990016,4.698216661847446,4.698216661847446,4.698216661847446,0.999023585992549,1.0,0.999023585992549
6,2,2,0.15,homogeneous,flat,2.89,2.89,2.89,2.89,1.0,1.0,1.0
6,2,2,0.15,homogeneous,log_uniform,3.546492439443542,3.546492439443542,3.5464924394435413,3.546492439443542,1.0,0.9999999999999998,0.9999999999999998
6,2,2,0.15,homogeneous,log_uniform,3.6496992887824633,3.6496992887824633,3.6496992887824633,3.6496992887824633,1.0,1.0,1.0
6,2,2,0.15,homogeneous,log_uniform,3.860470893251269,3.8604708932512697,3.8604708932512697,3.8604708932512697,1.0000000000000002,1.0,1.0000000000000002
6,2,2,0.15,beta_bimodal,flat,3.626137628532919,3.6261376285329194,3.626137628532919,3.626137628532919,1.0000000000000002,0.9999999999999999,1.0
6,2,2,0.15,beta_bimodal,flat,3.9790536240517103,3.9790536240517103,3.9790536240517103,3.9790536240517103,1.0,1.0,1.0
6,2,2,0.15,beta_bimodal,flat,3.860464407685472,3.860464407685472,3.860464407685471,3.860464407685472,1.0,0.9999999999999998,0.9999999999999998
6,2,2,0.15,beta_bimodal,log_uniform,4.215263985827188,4.214886927841203,4.214886927841201,4.214886927841203,0.9999105493778675,0.9999999999999996,0.999910549377867
6,2,2,0.15,beta_bimodal,log_uniform,4.845263696414181,4.714140093046232,4.714140093046232,4.714140093046232,0.9729377776765815,1.0,0.9729377776765815
6,2,2,0.15,beta_bimodal,log_uniform,4.7550055912089135,4.753358631120846,4.753358631120845,4.753358631120846,0.9996536365612035,0.9999999999999998,0.9996536365612033
6,2,3,0.15,homogeneous,flat,3.68475,3.6847499999999997,3.68475,3.68475,0.9999999999999999,1.0000000000000002,1.0
6,2,3,0.15,homogeneous,log_uniform,3.8965179813369666,3.8202377199961948,3.820237719996195,3.820237719996195,0.9804234802184594,1.0000000000000002,0.9804234802184595
6,2,3,0.15,homogeneous,log_uniform,3.9689467642665432,3.9689467642665432,3.9689467642665432,3.9689467642665432,1.0,1.0,1.0
6,2,3,0.15,homogeneous,log_uniform,3.790619552571271,3.6906016262659755,3.690601626265975,3.690601626265975,0.9736143590993058,0.9999999999999999,0.9736143590993057
6,2,3,0.15,beta_bimodal,flat,4.4283603922536,3.9031460626710084,3.903146062671008,3.903146062671008,0.8813975640958822,0.9999999999999999,0.8813975640958821
6,2,3,0.15,beta_bimodal,flat,4.132139989797835,3.885369779868175,3.885369779868175,3.885369779868175,0.9402802880495505,1.0,0.9402802880495505
6,2,3,0.15,beta_bimodal,flat,4.886701950313665,3.9885282160859474,3.988528216085947,3.988528216085947,0.816200426512596,0.9999999999999999,0.8162004265125958
6,2,3,0.15,beta_bimodal,log_uniform,5.1511005691096825,4.827165491254191,4.827165491254191,4.827165491254191,0.9371134239160311,1.0,0.9371134239160311
6,2,3,0.15,beta_bimodal,log_uniform,4.44216353485057,4.008970318136398,4.008970318136398,4.008970318136398,0.902481479280176,1.0,0.902481479280176
6,2,3,0.15,beta_bimodal,log_uniform,4.951670063249713,4.028710005252114,3.9279952164706016,4.028710005252114,0.8136063093444733,0.9750007350615425,0.7932667496615702
6,3,2,0.15,homogeneous,flat,4.335000000000001,4.335000000000001,4.335000000000001,4.335000000000001,1.0,1.0,1.0
6,3,2,0.15,homogeneous,log_uniform,4.566032265163738,4.566032265163738,4.566032265163738,4.566032265163738,1.0,1.0,1.0
6,3,2,0.15,homogeneous,log_uniform,4.516964875360702,4.516964875360702,4.516964875360701,4.516964875360702,1.0,0.9999999999999998,0.9999999999999998
6,3,2,0.15,homogeneous,log_uniform,4.61810433811006,4.612595458902116,4.612595458902116,4.612595458902116,0.9988071124416825,1.0,0.9988071124416825
6,3,2,0.15,beta_bimodal,flat,4.843839327519767,4.842852450799587,4.842852450799587,4.842852450799587,0.9997962614666895,1.0,0.9997962614666895
6,3,2,0.15,beta_bimodal,flat,4.672267391345817,4.6699558987416205,4.6699558987416205,4.6699558987416205,0.9995052739043836,1.0,0.9995052739043836
6,3,2,0.15,beta_bimodal,flat,4.840831386691716,4.840062989057537,4.840062989057537,4.840062989057537,0.9998412674243744,1.0,0.9998412674243744
6,3,2,0.15,beta_bimodal,log_uniform,4.314772700364713,4.163982584959889,4.163783157744877,4.163982584959889,0.9650525935254762,0.999952106616456,0.9650063738914744
6,3,2,0.15,beta_bimodal,log_uniform,4.970411158055743,4.970367524601765,4.970367524601765,4.970367524601765,0.9999912213592417,1.0,0.9999912213592417
6,3,2,0.15,beta_bimodal,log_uniform,4.148968989708755,4.067491299070542,4.014930233647168,4.067491299070542,0.980361942728347,0.9870777681969757,0.967693478453548
6,3,3,0.15,homogeneous,flat,4.335000000000001,4.22404790625,4.072495828125,4.137375000000001,0.9744055147058822,0.9641216005384882,0.9394454044117645
6,3,3,0.15,homogeneous,log_uniform,4.673932761850369,4.660979748673302,4.628958708181762,4.629320673592951,0.9972286693375668,0.9931299764817355,0.9903776849261301
6,3,3,0.15,homogeneous,log_uniform,4.608105964290799,4.5766618172397315,4.527447906413434,4.531498925399989,0.9931763402806413,0.9892467670123856,0.9824964836958173
6,3,3,0.15,homogeneous,log_uniform,4.608944705222175,4.5593912814813855,4.506608663775659,4.516112664186209,0.9892484230317099,0.9884233191566361,0.9777962097634707
6,3,3,0.15,beta_bimodal,flat,5.014440271071321,4.793462649990796,4.790871030699988,4.793462649990796,0.9559317472868584,0.9994593429676952,0.9554149160652844
6,3,3,0.15,beta_bimodal,flat,4.8949721469404235,4.586256401536821,4.454487583987414,4.584677392023478,0.9369320731280232,0.9712687634504578,0.9100128561041289
6,3,3,0.15,beta_bimodal,flat,4.929863757711287,4.604290202217865,4.381460139623647,4.604028078999635,0.9339589141821294,0.9516038188716077,0.8887588694048943
6,3,3,0.15,beta_bimodal,log_uniform,4.319924260207807,3.7789152102777757,3.778915210277775,3.778915210277776,0.8747642279487543,0.9999999999999999,0.8747642279487542
6,3,3,0.15,beta_bimodal,log_uniform,5.3624852917077765,5.192998644770371,5.1881206525774965,5.192998644770371,0.9683940117841461,0.9990606598371085,0.9674843603953736
6,3,3,0.15,beta_bimodal,log_uniform,5.058634707433727,4.897586002450298,4.897586002450298,4.897586002450298,0.9681636025730883,1.0,0.9681636025730883
4,2,2,0.2,homogeneous,flat,2.5600000000000005,2.5600000000000005,2.5600000000000005,2.5600000000000005,1.0,1.0,1.0
4,2,2,0.2,homogeneous,log_uniform,2.590772488688026,2.590772488688026,2.590772488688026,2.590772488688026,1.0,1.0,1.0
4,2,2,0.2,homogeneous,log_uniform,2.563875183474116,2.560000000000001,2.56,2.560000000000001,0.9984885444115638,0.9999999999999997,0.9984885444115634
4,2,2,0.2,homogeneous,log_uniform,2.8048598937812166,2.8048598937812166,2.8048598937812166,2.8048598937812166,1.0,1.0,1.0
4,2,2,0.2,beta_bimodal,flat,2.644460269186974,2.644460269186974,2.644460269186974,2.644460269186974,1.0,1.0,1.0
4,2,2,0.2,beta_bimodal,flat,2.614772607419803,2.614772607419803,2.614772607419803,2.614772607419803,1.0,1.0,1.0
4,2,2,0.2,beta_bimodal,flat,2.7888055856044747,2.7888055856044747,2.7888055856044747,2.7888055856044747,1.0,1.0,1.0
4,2,2,0.2,beta_bimodal,log_uniform,2.6030235932324697,2.6030235932324697,2.6030235932324697,2.6030235932324697,1.0,1.0,1.0
4,2,2,0.2,beta_bimodal,log_uniform,3.4629196318402142,3.4629196318402142,3.4629196318402142,3.4629196318402142,1.0,1.0,1.0
4,2,2,0.2,beta_bimodal,log_uniform,2.807994435753941,2.807994435753941,2.807994435753941,2.807994435753941,1.0,1.0,1.0
4,2,3,0.2,homogeneous,flat,2.5600000000000005,2.3360000000000003,2.3360000000000003,2.3360000000000003,0.9125,1.0,0.9125
4,2,3,0.2,homogeneous,log_uniform,2.5902213363863544,2.541337963746104,2.484723104064991,2.541337963746104,0.9811277237379074,0.9777224200445741,0.959270572425851
4,2,3,0.2,homogeneous,log_uniform,2.679500514082377,2.6247483218481844,2.554277619280396,2.6247483218481844,0.9795662691809771,0.9731514438998985,0.9532663292491046
4,2,3,0.2,homogeneous,log_uniform,2.5600000000000005,2.4315844982037174,2.404551717605242,2.431584498203718,0.9498376946108269,0.9888826480764106,0.9392780146895475
4,2,3,0.2,beta_bimodal,flat,3.19540901840819,3.1874726427685545,3.1874726427685545,3.1874726427685545,0.9975163193212777,1.0,0.9975163193212777
4,2,3,0.2,beta_bimodal,flat,2.5926629728438324,2.5479841500922658,2.5479841500922658,2.5479841500922658,0.9827672076087238,1.0,0.9827672076087238
4,2,3,0.2,beta_bimodal,flat,3.1589745605603508,3.0940097600599734,3.0940097600599734,3.0940097600599734,0.9794348453097851,1.0,0.9794348453097851
4,2,3,0.2,beta_bimodal,log_uniform,3.089974937265207,3.089974937265207,3.089974937265207,3.089974937265207,1.0,1.0,1.0
4,2,3,0.2,beta_bimodal,log_uniform,3.774381969549103,3.7741846876547025,3.7741846876547025,3.7741846876547025,0.9999477313382714,1.0,0.9999477313382714
4,2,3,0.2,beta_bimodal,log_uniform,3.299180163385031,3.18412104029532,3.0184273053714716,3.18412104029532,0.965124934865134,0.9479624886029833,0.9149022350675445
4,3,2,0.2,homogeneous,flat,2.9376000000000007,2.9376000000000007,2.8288,2.88,1.0,0.9629629629629628,0.9629629629629628
4,3,2,0.2,homogeneous,log_uniform,3.015163315083062,3.015163315083062,2.8884582886807033,3.000105108294692,1.0,0.9579773918817169,0.9579773918817169
4,3,2,0.2,homogeneous,log_uniform,3.0667136396426793,3.066713639642679,3.017411116170658,3.053691523917605,0.9999999999999999,0.9839233364228408,0.9839233364228407
4,3,2,0.2,homogeneous,log_uniform,2.9945713999586716,2.9945713999586716,2.8649665549395,2.966936351978332,1.0,0.9567200685143256,0.9567200685143256
4,3,2,0.2,beta_bimodal,flat,3.1416866178391545,3.1416866178391545,3.1356583912464986,3.1416866178391545,1.0,0.9980812132698321,0.9980812132698321
4,3,2,0.2,beta_bimodal,flat,3.059411414870744,3.059411414870744,2.97858110704034,3.023587520029366,1.0,0.9735797848443933,0.9735797848443933
4,3,2,0.2,beta_bimodal,flat,3.1965468948805187,3.1965468948805187,3.024621166127008,3.1960782970322303,1.0,0.9462151708054523,0.9462151708054523
4,3,2,0.2,beta_bimodal,log_uniform,1.934548806903078,1.9282812037256907,1.9206376395921096,1.922396263281914,0.9967601731447546,0.9960360739300821,0.9928090895089703
4,3,2,0.2,beta_bimodal,log_uniform,3.1816255284177752,3.1447228333986326,3.1441268626858374,3.144722833398633,0.9884013078567752,0.9998104854563126,0.9882139914339366
4,3,2,0.2,beta_bimodal,log_uniform,2.959560644173775,2.949563978231104,2.936465473883475,2.949563978231104,0.9966222466289547,0.995559172662705,0.9921964193111685
4,3,3,0.2,homogeneous,flat,2.9376000000000007,2.8800000000000003,2.624,2.8800000000000003,0.980392156862745,0.9111111111111111,0.8932461873638342
4,3,3,0.2,homogeneous,log_uniform,3.067429137560796,3.030751502049381,2.9975207291678356,3.0307515020493807,0.9880428743854925,0.98903546765247,0.9772094463285463
4,3,3,0.2,homogeneous,log_uniform,3.125973267293547,3.10358680661377,3.103586806613769,3.10358680661377,0.9928385629800478,0.9999999999999997,0.9928385629800475
4,3,3,0.2,homogeneous,log_uniform,3.004222975903146,2.9119355200723587,2.850083964808682,2.9119355200723587,0.9692807569308189,0.978759297780694,0.948692553005948
4,3,3,0.2,beta_bimodal,flat,3.183826796061133,3.142580879834526,3.1058873882476705,3.142580879834526,0.9870451758626964,0.9883237717691493,0.9755202111151634
4,3,3,0.2,beta_bimodal,flat,3.1972612269657157,3.0937848620477895,3.0902049997067325,3.0937848620477895,0.9676359366431475,0.9988428858176365,0.9665162713774932
4,3,3,0.2,beta_bimodal,flat,3.1821686258811916,3.1109107008434016,3.094115876588798,3.1109107008434016,0.9776071184731583,0.9946013158622489,0.9723293264297047
4,3,3,0.2,beta_bimodal,log_uniform,3.254622729198565,3.096839581810814,3.093600070962104,3.096839581810814,0.9515202957405129,0.9989539300428292,0.9505249389455005
4,3,3,0.2,beta_bimodal,log_uniform,3.4648053739325992,3.4543085255187975,3.4464033717757716,3.4543085255187975,0.996970436350401,0.9977115090662497,0.9946888785455961
4,3,3,0.2,beta_bimodal,log_uniform,2.9745796642879068,2.8377149472037564,2.812466807741497,2.8377149472037564,0.9539885521550102,0.9911026512768174,0.945500583328563
5,2,2,0.2,homogeneous,flat,2.5599999999999996,2.5599999999999996,2.5599999999999996,2.5599999999999996,1.0,1.0,1.0
5,2,2,0.2,homogeneous,log_uniform,3.2205560012489745,3.2205560012489745,3.2205560012489745,3.2205560012489745,1.0,1.0,1.0
5,2,2,0.2,homogeneous,log_uniform,3.0290994200298975,3.0290994200298975,3.0290994200298975,3.0290994200298975,1.0,1.0,1.0
5,2,2,0.2,homogeneous,log_uniform,3.1700196995585497,3.1700196995585497,3.1700196995585497,3.1700196995585497,1.0,1.0,1.0
5,2,2,0.2,beta_bimodal,flat,3.846794574839036,3.846794574839036,3.846794574839036,3.846794574839036,1.0,1.0,1.0
5,2,2,0.2,beta_bimodal,flat,3.1954913995707748,3.1954913995707748,3.1954913995707748,3.1954913995707748,1.0,1.0,1.0
5,2,2,0.2,beta_bimodal,flat,3.9960489178166902,3.9960489178166902,3.9960489178166902,3.9960489178166902,1.0,1.0,1.0
5,2,2,0.2,beta_bimodal,log_uniform,4.518121876845445,4.518121876845445,4.518121876845443,4.518121876845445,1.0,0.9999999999999996,0.9999999999999996
5,2,2,0.2,beta_bimodal,log_uniform,3.4153823553671803,3.407152899938993,3.407152899938993,3.407152899938993,0.9975904731675929,1.0,0.9975904731675929
5,2,2,0.2,beta_bimodal,log_uniform,4.2466731148493215,4.243142392249088,4.243142392249088,4.243142392249088,0.9991685909169963,1.0,0.9991685909169963
5,2,3,0.2,homogeneous,flat,2.8159999999999994,2.8159999999999994,2.8159999999999994,2.8159999999999994,1.0,1.0,1.0
5,2,3,0.2,homogeneous,log_uniform,3.1904182734019324,3.136156948069963,3.049430979727759,3.136156948069963,0.9829924101851039,0.9723464195898817,0.955809150527514
5,2,3,0.2,homogeneous,log_uniform,2.9476536323364737,2.8114087418039166,2.8114087418039166,2.8114087418039166,0.9537785277625845,1.0,0.9537785277625845
5,2,3,0.2,homogeneous,log_uniform,2.922737046325844,2.8761107074225785,2.8761107074225785,2.8761107074225785,0.9840470291496529,1.0,0.9840470291496529
5,2,3,0.2,beta_bimodal,flat,3.715916651012329,3.7156887839095956,3.715688783909595,3.715688783909595,0.9999386780909978,0.9999999999999999,0.9999386780909976
5,2,3,0.2,beta_bimodal,flat,3.9752198242924313,3.9745024216370703,3.9745024216370703,3.9745024216370703,0.9998195313247894,1.0,0.9998195313247894
5,2,3,0.2,beta_bimodal,flat,3.5532476597185263,3.5520509244220557,3.5520509244220557,3.5520509244220557,0.9996631995821633,1.0,0.9996631995821633
5,2,3,0.2,beta_bimodal,log_uniform,4.293893775550767,4.293893775550767,4.293893775550767,4.293893775550767,1.0,1.0,1.0
5,2,3,0.2,beta_bimodal,log_uniform,3.34338160167455,3.005927613064141,3.005927613064141,3.005927613064141,0.8990680607797227,1.0,0.8990680607797227
5,2,3,0.2,beta_bimodal,log_uniform,3.699470243051147,3.6823117274840804,3.68231172748408,3.68231172748408,0.9953618992883384,0.9999999999999999,0.9953618992883382
5,3,2,0.2,homogeneous,flat,3.36,3.36,3.36,3.36,1.0,1.0,1.0
5,3,2,0.2,homogeneous,log_uniform,3.6917743700592256,3.6779568131538314,3.624289537952084,3.64954797472198,0.996257204389993,0.9854083998458568,0.9817202176128497
5,3,2,0.2,homogeneous,log_uniform,3.6029452931321777,3.6029452931321777,3.5351858716490914,3.566019032608442,1.0,0.9811933249133016,0.9811933249133016
5,3,2,0.2,homogeneous,log_uniform,3.674719310952696,3.674719310952695,3.548461972257442,3.647347786304491,0.9999999999999998,0.9656416373574612,0.965641637357461
5,3,2,0.2,beta_bimodal,flat,3.9382999229387896,3.923564378220125,3.923564378220125,3.923564378220125,0.9962583995614867,1.0,0.9962583995614867
5,3,2,0.2,beta_bimodal,flat,3.928280391821496,3.916404625951315,3.916404625951315,3.916404625951315,0.9969768538175366,1.0,0.9969768538175366
5,3,2,0.2,beta_bimodal,flat,3.994275726896208,3.9804782070714078,3.980478207071408,3.980478207071408,0.9965456766712693,1.0000000000000002,0.9965456766712694
5,3,2,0.2,beta_bimodal,log_uniform,4.133314521612002,4.133314521612002,4.123404064604604,4.123404064604604,1.0,0.9976022978760559,0.9976022978760559
5,3,2,0.2,beta_bimodal,log_uniform,4.198625394583852,4.19519659830209,4.19519659830209,4.19519659830209,0.999183352654851,1.0,0.999183352654851
5,3,2,0.2,beta_bimodal,log_uniform,4.427823612776944,4.410754671853144,4.410754671853144,4.410754671853144,0.9961450720677884,1.0,0.9961450720677884
5,3,3,0.2,homogeneous,flat,3.3676799999999996,3.367679999999999,3.192319999999999,3.36,0.9999999999999999,0.9479285442797415,0.9479285442797414
5,3,3,0.2,homogeneous,log_uniform,3.5704252968343027,3.4922148990263384,3.447236046591437,3.49081823243513,0.9780949351111452,0.987120250690345,0.9654973175458703
5,3,3,0.2,homogeneous,log_uniform,3.593466038377049,3.5175394397734223,3.4734101141954863,3.5161940546485986,0.9788709291272674,0.9874544901816997,0.9665904942750524
5,3,3,0.2,homogeneous,log_uniform,3.5494809570726904,3.4980970247770236,3.452772552069407,3.496622195026963,0.9855235362811908,0.9870431058982689,0.9727542121868319
5,3,3,0.2,beta_bimodal,flat,3.999049154697004,3.9980114896412133,3.998011489641214,3.998011489641214,0.9997405220552061,1.0000000000000002,0.9997405220552062
5,3,3,0.2,beta_bimodal,flat,3.8823222809626743,3.842034897288377,3.659739421439648,3.84048925542036,0.9896228646777084,0.9525523633381392,0.9426675985622106
5,3,3,0.2,beta_bimodal,flat,3.9994725673046223,3.999301412142485,3.999301412142485,3.999301412142485,0.9999572055666699,1.0,0.9999572055666699
5,3,3,0.2,beta_bimodal,log_uniform,4.699073856676218,4.694012587464954,4.694012587464954,4.694012587464954,0.998922921970236,1.0,0.998922921970236
5,3,3,0.2,beta_bimodal,log_uniform,4.405458965159557,4.374912405196934,4.374912405196934,4.374912405196934,0.9930662025899686,1.0,0.9930662025899686
5,3,3,0.2,beta_bimodal,log_uniform,3.8355821572371047,3.6723527296962155,3.6723526349201863,3.672352729696215,0.9574433760380018,0.9999999741920136,0.9574433513283163
6,2,2,0.2,homogeneous,flat,2.559999999999999,2.559999999999999,2.559999999999999,2.559999999999999,1.0,1.0,1.0
6,2,2,0.2,homogeneous,log_uniform,3.0120929105125755,3.0120929105125755,3.0120929105125755,3.0120929105125755,1.0,1.0,1.0
6,2,2,0.2,homogeneous,log_uniform,3.320188454393582,3.320188454393582,3.320188454393582,3.320188454393582,1.0,1.0,1.0
6,2,2,0.2,homogeneous,log_uniform,3.6678360902771945,3.6678360902771945,3.6678360902771945,3.6678360902771945,1.0,1.0,1.0
6,2,2,0.2,beta_bimodal,flat,2.985424749037483,2.985424749037483,2.985424749037483,2.985424749037483,1.0,1.0,1.0
6,2,2,0.2,beta_bimodal,flat,3.7631335148220777,3.7631335148220773,3.7631335148220777,3.7631335148220777,0.9999999999999999,1.0000000000000002,1.0
6,2,2,0.2,beta_bimodal,flat,3.659439148322235,3.659439148322235,3.659439148322235,3.659439148322235,1.0,1.0,1.0
6,2,2,0.2,beta_bimodal,log_uniform,3.2451998513010807,2.8703197524634843,2.8703197524634843,2.8703197524634843,0.8844816602936495,1.0,0.8844816602936495
6,2,2,0.2,beta_bimodal,log_uniform,3.1212790778408506,2.6395828835702018,2.6395828835702018,2.6395828835702018,0.8456734619821746,1.0,0.8456734619821746
6,2,2,0.2,beta_bimodal,log_uniform,3.949519282340692,3.9028531575734653,3.9028531575734657,3.9028531575734657,0.9881843532260032,1.0000000000000002,0.9881843532260033
6,2,3,0.2,homogeneous,flat,3.0719999999999987,3.0719999999999987,3.0719999999999987,3.0719999999999987,1.0,1.0,1.0
6,2,3,0.2,homogeneous,log_uniform,3.32860672761887,3.1245155405128417,3.1245155405128417,3.1245155405128417,0.938685701313827,1.0,0.938685701313827
6,2,3,0.2,homogeneous,log_uniform,3.728560370729475,3.7285603707294754,3.5152467643737175,3.728560370729475,1.0000000000000002,0.942789284563998,0.9427892845639981
6,2,3,0.2,homogeneous,log_uniform,3.5680844699356133,3.5680844699356133,3.4507355926969248,3.5680844699356133,1.0,0.9671115192962889,0.9671115192962889
6,2,3,0.2,beta_bimodal,flat,3.8950485301120072,3.805304186263966,3.805304186263966,3.805304186263966,0.9769593772313125,1.0,0.9769593772313125
6,2,3,0.2,beta_bimodal,flat,3.800438597186003,3.30453784611861,3.30453784611861,3.30453784611861,0.8695148629859254,1.0,0.8695148629859254
6,2,3,0.2,beta_bimodal,flat,3.8495624776526705,3.385439171991536,3.385439171991536,3.385439171991536,0.8794347907442872,1.0,0.8794347907442872
6,2,3,0.2,beta_bimodal,log_uniform,4.256647498494287,4.098089606503908,4.098089606503908,4.098089606503908,0.9627505232588638,1.0,0.9627505232588638
6,2,3,0.2,beta_bimodal,log_uniform,4.701053855845467,4.238633046032232,4.238633046032232,4.238633046032232,0.9016346495928261,1.0,0.9016346495928261
6,2,3,0.2,beta_bimodal,log_uniform,5.278138212026308,4.699759520392342,4.699759520392342,4.699759520392342,0.8904199419567828,1.0,0.8904199419567828
6,3,2,0.2,homogeneous,flat,3.8399999999999985,3.8399999999999985,3.8399999999999985,3.8399999999999985,1.0,1.0,1.0
6,3,2,0.2,homogeneous,log_uniform,3.98980517677611,3.98980517677611,3.9697840108094775,3.9697840108094775,1.0,0.994981918895897,0.994981918895897
6,3,2,0.2,homogeneous,log_uniform,4.18204267774368,4.18204267774368,4.18204267774368,4.18204267774368,1.0,1.0,1.0
6,3,2,0.2,homogeneous,log_uniform,4.0777226098039705,4.0183935522038965,4.0183935522038965,4.0183935522038965,0.9854504429856433,1.0,0.9854504429856433
6,3,2,0.2,beta_bimodal,flat,4.6890338800259475,4.687788772150893,4.687788772150893,4.687788772150893,0.99973446387744,1.0,0.99973446387744
6,3,2,0.2,beta_bimodal,flat,4.125370871270703,4.125370871270703,4.125370871270703,4.125370871270703,1.0,1.0,1.0
6,3,2,0.2,beta_bimodal,flat,4.366201431593671,4.355284891890261,4.355284891890261,4.355284891890261,0.9974997626943141,1.0,0.9974997626943141
6,3,2,0.2,beta_bimodal,log_uniform,5.442429761760119,5.422806323050287,5.422806323050287,5.422806323050287,0.9963943606865245,1.0,0.9963943606865245
6,3,2,0.2,beta_bimodal,log_uniform,4.437009016916459,4.3446018373156345,4.248249871248166,4.2871820068252875,0.9791735425263923,0.9778226015466125,0.9574580207187695
6,3,2,0.2,beta_bimodal,log_uniform,5.007039654416097,4.991630858807134,4.991630858807134,4.991630858807134,0.9969225736817616,1.0,0.9969225736817616
6,3,3,0.2,homogeneous,flat,3.8399999999999985,3.7224959999999996,3.5220479999999994,3.6159999999999983,0.9694000000000003,0.9461522591293583,0.9172000000000002
6,3,3,0.2,homogeneous,log_uniform,4.388588710618936,4.3479388480603784,4.316400710382855,4.3479388480603784,0.9907373724814544,0.9927464164562498,0.9835509761802447
6,3,3,0.2,homogeneous,log_uniform,4.338829641424306,4.3207450858233205,4.288415385768185,4.289040367000814,0.9958319277096463,0.9925175636578951,0.9883806787031233
6,3,3,0.2,homogeneous,log_uniform,3.903183213879122,3.9031832138791214,3.814979766935915,3.831274170691483,0.9999999999999999,0.977402176093203,0.9774021760932029
6,3,3,0.2,beta_bimodal,flat,4.461013543490977,4.277793457009118,4.264571375566688,4.277793457009118,0.9589285966752569,0.9969091351475221,0.9559646779797574
6,3,3,0.2,beta_bimodal,flat,4.629120228724537,4.490020152248449,4.479243530801751,4.479243530801751,0.9699510771802928,0.9975998723655392,0.9676230707958774
6,3,3,0.2,beta_bimodal,flat,4.666306832964208,4.545269177045824,4.545269177045823,4.545269177045824,0.9740613593895416,0.9999999999999998,0.9740613593895414
6,3,3,0.2,beta_bimodal,log_uniform,3.7874028543711504,3.2830673048402064,3.2216955748227285,3.2830673048402064,0.866838683677688,0.9813065879194746,0.8506345109563608
6,3,3,0.2,beta_bimodal,log_uniform,3.806151887684152,3.677500454774552,3.677489785199308,3.677500454774552,0.9661990806709825,0.9999970986882597,0.9661962774262463
6,3,3,0.2,beta_bimodal,log_uniform,3.4941405705142157,2.8212404292638014,2.821240429263801,2.821240429263802,0.8074204149287025,0.9999999999999999,0.8074204149287024
4,2,2,0.25,homogeneous,flat,2.25,2.25,2.25,2.25,1.0,1.0,1.0
4,2,2,0.25,homogeneous,log_uniform,2.3533666347333333,2.3533666347333333,2.3533666347333333,2.3533666347333333,1.0,1.0,1.0
4,2,2,0.25,homogeneous,log_uniform,2.513974953375878,2.513974953375878,2.5126027869361076,2.513974953375878,1.0,0.9994541845224322,0.9994541845224322
4,2,2,0.25,homogeneous,log_uniform,2.384170747212921,2.384170747212921,2.384170747212921,2.384170747212921,1.0,1.0,1.0
4,2,2,0.25,beta_bimodal,flat,2.7387249982182955,2.7387249982182955,2.738724998218294,2.7387249982182955,1.0,0.9999999999999996,0.9999999999999996
4,2,2,0.25,beta_bimodal,flat,2.530627113119143,2.530627113119143,2.530627113119143,2.530627113119143,1.0,1.0,1.0
4,2,2,0.25,beta_bimodal,flat,2.489652716015223,2.489652716015223,2.489652716015223,2.489652716015223,1.0,1.0,1.0
4,2,2,0.25,beta_bimodal,log_uniform,1.7871005404025508,1.7871005404025508,1.7871005404025508,1.7871005404025508,1.0,1.0,1.0
4,2,2,0.25,beta_bimodal,log_uniform,2.5060796361337436,2.5060796361337436,2.5060796361337436,2.5060796361337436,1.0,1.0,1.0
4,2,2,0.25,beta_bimodal,log_uniform,2.536658548202616,2.416185344022978,2.4161853440229777,2.416185344022978,0.9525071262488203,0.9999999999999998,0.9525071262488201
4,2,3,0.25,homogeneous,flat,2.25,2.015625,2.015625,2.015625,0.8958333333333334,1.0,0.8958333333333334
4,2,3,0.25,homogeneous,log_uniform,2.502742529043244,2.502742529043244,2.226160075362255,2.502742529043244,1.0,0.889488251199886,0.889488251199886
4,2,3,0.25,homogeneous,log_uniform,2.26771882728022,2.186360684440893,2.0972444505870995,2.186360684440893,0.9641233552146747,0.9592399211676355,0.9248256112520007
4,2,3,0.25,homogeneous,log_uniform,2.25,2.237683338094544,2.157335732911285,2.237683338094544,0.9945259280420196,0.9640933979283783,0.9588158812939045
4,2,3,0.25,beta_bimodal,flat,2.8330648778788725,2.4526496154932356,2.4526496154932356,2.4526496154932356,0.8657230671432927,1.0,0.8657230671432927
4,2,3,0.25,beta_bimodal,flat,2.984799788791547,2.873027640803253,2.873027640803253,2.873027640803253,0.96255288263956,1.0,0.96255288263956
4,2,3,0.25,beta_bimodal,flat,2.78823411152821,2.5235644237679584,2.5235644237679584,2.5235644237679584,0.9050762320617375,1.0,0.9050762320617375
4,2,3,0.25,beta_bimodal,log_uniform,2.8933454739006614,2.8933454739006614,2.8933454739006614,2.8933454739006614,1.0,1.0,1.0
4,2,3,0.25,beta_bimodal,log_uniform,2.0197954412665147,1.7577765576144289,1.7577765576144289,1.7577765576144289,0.8702745444916012,1.0,0.8702745444916012
4,2,3,0.25,beta_bimodal,log_uniform,2.812543186173387,2.640977991856578,2.640977991856578,2.640977991856578,0.9389999786811336,1.0,0.9389999786811336
4,3,2,0.25,homogeneous,flat,2.671875,2.671875,2.5546875,2.625,1.0,0.956140350877193,0.956140350877193
4,3,2,0.25,homogeneous,log_uniform,2.7872851054957746,2.7872851054957746,2.7333834245037076,2.7731041125288267,1.0,0.9806615832424938,0.9806615832424938
4,3,2,0.25,homogeneous,log_uniform,2.7216509374205846,2.7216509374205846,2.588338665019794,2.680395313207127,1.0,0.9510178654551726,0.9510178654551726
4,3,2,0.25,homogeneous,log_uniform,2.880529665961768,2.880529665961768,2.872564977025886,2.872564977025886,1.0,0.9972349915260385,0.9972349915260385
4,3,2,0.25,beta_bimodal,flat,2.9976908726482097,2.9976908726482097,2.997291650574056,2.997291650574056,1.0,0.9998668234680913,0.9998668234680913
4,3,2,0.25,beta_bimodal,flat,2.999954051794013,2.999954051794013,2.9999481240732107,2.999948124073211,1.0,0.9999980240628024,0.9999980240628024
4,3,2,0.25,beta_bimodal,flat,2.9973210487278643,2.9973210487278643,2.9973210487278643,2.9973210487278643,1.0,1.0,1.0
4,3,2,0.25,beta_bimodal,log_uniform,2.6675685296438463,2.6155035056800884,2.5955649248727934,2.6155035056800884,0.9804822169008309,0.992376771522579,0.9730077769433476
4,3,2,0.25,beta_bimodal,log_uniform,2.65343772475216,2.65343772475216,2.65343772475216,2.65343772475216,1.0,1.0,1.0
4,3,2,0.25,beta_bimodal,log_uniform,3.0768606347352008,3.0172304518435586,3.017052791112207,3.017230451843558,0.9806197972639817,0.9999411179443575,0.9805620563545151
4,3,3,0.25,homogeneous,flat,2.671875,2.625,2.34375,2.625,0.9824561403508771,0.8928571428571429,0.8771929824561403
4,3,3,0.25,homogeneous,log_uniform,2.8089492682023227,2.7532295442220485,2.704873659629065,2.7532295442220485,0.9801634993515088,0.9824366679870686,0.9629485623854416
4,3,3,0.25,homogeneous,log_uniform,2.7204706368723928,2.638192138116294,2.548339159993086,2.628156769026486,0.9697557850318537,0.9659414578547851,0.9367273167567803
4,3,3,0.25,homogeneous,log_uniform,2.847150051058876,2.7989668693297265,2.756224536055018,2.7989668693297265,0.9830766974465467,0.9847292464433693,0.9680643754725741
4,3,3,0.25,beta_bimodal,flat,2.9980167437178142,2.9947909113930096,2.9758561933255225,2.9947909113930096,0.9989240112379077,0.9936774490681622,0.9926082632998204
4,3,3,0.25,beta_bimodal,flat,2.9820233291939164,2.82195025459383,2.8095836767542632,2.82195025459383,0.9463206497974125,0.9956177194054234,0.9421736071775582
4,3,3,0.25,beta_bimodal,flat,2.962361997833122,2.7806934742886296,2.768339974504383,2.7806934742886296,0.938674434901144,0.995557403252652,0.9345042829098335
4,3,3,0.25,beta_bimodal,log_uniform,3.676019282013071,3.647956198761472,3.647956198761471,3.647956198761472,0.9923659042299063,0.9999999999999998,0.992365904229906
4,3,3,0.25,beta_bimodal,log_uniform,2.4261990582803654,2.3136619059534147,2.260807412843742,2.3136619059534147,0.9536158618383462,0.9771554811125732,0.9318309662712304
4,3,3,0.25,beta_bimodal,log_uniform,2.8763190787965307,2.781577310401367,2.7726674456917872,2.781577310401367,0.9670614539626096,0.9967968301020208,0.9639637918237806
5,2,2,0.25,homogeneous,flat,2.25,2.25,2.25,2.25,1.0,1.0,1.0
5,2,2,0.25,homogeneous,log_uniform,2.739809991738693,2.739809991738693,2.739809991738693,2.739809991738693,1.0,1.0,1.0
5,2,2,0.25,homogeneous,log_uniform,2.7818624921930852,2.7818624921930852,2.781470166254199,2.7818624921930852,1.0,0.9998589700461518,0.9998589700461518
5,2,2,0.25,homogeneous,log_uniform,2.8011232428652644,2.746302211958087,2.746302211958087,2.746302211958087,0.9804289114922695,1.0,0.9804289114922695
5,2,2,0.25,beta_bimodal,flat,3.2358010775394654,3.2358010775394654,3.235801077539465,3.2358010775394654,1.0,0.9999999999999999,0.9999999999999999
5,2,2,0.25,beta_bimodal,flat,3.202845967880495,3.202845967880495,3.202845967880495,3.202845967880495,1.0,1.0,1.0
5,2,2,0.25,beta_bimodal,flat,2.9220830027248774,2.9220830027248774,2.9220830027248774,2.9220830027248774,1.0,1.0,1.0
5,2,2,0.25,beta_bimodal,log_uniform,3.4882969911453867,3.4882969911453867,3.4882969911453867,3.4882969911453867,1.0,1.0,1.0
5,2,2,0.25,beta_bimodal,log_uniform,3.009251651312365,3.009251651312365,3.009251651312365,3.009251651312365,1.0,1.0,1.0
5,2,2,0.25,beta_bimodal,log_uniform,3.338263999231193,3.2259246824679013,2.823042259418505,3.2259246824679013,0.9663479830267577,0.8751110262310332,0.845661775122835
5,2,3,0.25,homogeneous,flat,2.390625,2.390625,2.390625,2.390625,1.0,1.0,1.0
5,2,3,0.25,homogeneous,log_uniform,2.629711176486517,2.5041482621593842,2.4878058144026074,2.504148262159384,0.9522522034169191,0.9934738497701073,0.9460376624806739
5,2,3,0.25,homogeneous,log_uniform,2.596723917560001,2.5449080945747715,2.4842706107971635,2.5449080945747715,0.9800456942554301,0.9761730162645658,0.9566941614384236
5,2,3,0.25,homogeneous,log_uniform,2.937388039315527,2.9064924711463203,2.9064924711463203,2.9064924711463203,0.9894819588846674,1.0,0.9894819588846674
5,2,3,0.25,beta_bimodal,flat,3.0237479861978716,2.9196858267869095,2.919685826786909,2.9196858267869095,0.9655850421774692,0.9999999999999999,0.9655850421774691
5,2,3,0.25,beta_bimodal,flat,3.686315951467728,3.662941161618844,3.662941161618844,3.662941161618844,0.9936590378696168,1.0,0.9936590378696168
5,2,3,0.25,beta_bimodal,flat,3.4075107615191973,3.359638432225501,3.359638432225501,3.359638432225501,0.9859509381938524,1.0,0.9859509381938524
5,2,3,0.25,beta_bimodal,log_uniform,3.86394168624553,3.8451121885667345,3.8451121885667345,3.8451121885667345,0.9951268680513936,1.0,0.9951268680513936
5,2,3,0.25,beta_bimodal,log_uniform,3.8101764176804727,3.6944406608945846,3.694440660894585,3.694440660894585,0.9696245674481538,1.0000000000000002,0.969624567448154
5,2,3,0.25,beta_bimodal,log_uniform,3.907492726250843,3.5113349120730266,3.5113349120730266,3.5113349120730266,0.898615853711922,1.0,0.898615853711922
5,3,2,0.25,homogeneous,flat,3.0,3.0,3.0,3.0,1.0,1.0,1.0
5,3,2,0.25,homogeneous,log_uniform,3.513122289110943,3.50528061481871,3.50528061481871,3.50528061481871,0.9977678903132583,1.0,0.9977678903132583
5,3,2,0.25,homogeneous,log_uniform,3.341302739126665,3.340421489336835,3.340421489336835,3.340421489336835,0.999736255628827,1.0,0.999736255628827
5,3,2,0.25,homogeneous,log_uniform,3.367371326954764,3.3541201820642637,3.323955631067929,3.349401835282133,0.9960648400179603,0.9910067173032033,0.9871069473273393
5,3,2,0.25,beta_bimodal,flat,3.738843198343166,3.738843198343166,3.677813190955808,3.721484946002641,1.0,0.9836767673449363,0.9836767673449363
5,3,2,0.25,beta_bimodal,flat,3.5187227837520174,3.470409354246014,3.470409354246014,3.470409354246014,0.9862696118804543,1.0,0.9862696118804543
5,3,2,0.25,beta_bimodal,flat,3.53461474490351,3.53461474490351,3.397792938111541,3.534546483823828,1.0,0.9612908855231678,0.9612908855231678
5,3,2,0.25,beta_bimodal,log_uniform,4.238607083057607,4.235302476427081,4.214578875210251,4.235302476427081,0.9992203555163829,0.9951069371474238,0.9943311075132677
5,3,2,0.25,beta_bimodal,log_uniform,3.7943378244301886,3.793910052071196,3.755922525276203,3.7629885447743265,0.9998872603392776,0.989987235787455,0.9898756249623728
5,3,2,0.25,beta_bimodal,log_uniform,3.145849202234721,3.145849202234721,3.121933772931773,3.145849202234721,1.0,0.9923977826763091,0.9923977826763091
5,3,3,0.25,homogeneous,flat,3.0146484375,3.0146484375,2.8095703125,3.0,1.0,0.9319727891156463,0.9319727891156463
5,3,3,0.25,homogeneous,log_uniform,3.200652876594665,3.199666278664341,3.155321658790682,3.1958301254848536,0.9996917510369404,0.986140860948733,0.9858368840509149
5,3,3,0.25,homogeneous,log_uniform,3.5106231725896886,3.474535483508099,3.4535984223198533,3.472959196768603,0.9897204321547936,0.9939741409211035,0.9837565163031241
5,3,3,0.25,homogeneous,log_uniform,3.289897744438153,3.220973170854423,3.187283523998728,3.217956365871488,0.9790496304329662,0.9895405378844685,0.9688092979142275
5,3,3,0.25,beta_bimodal,flat,3.7007618310446424,3.6793338374341698,3.6793338374341698,3.6793338374341698,0.9942098425705974,1.0,0.9942098425705974
5,3,3,0.25,beta_bimodal,flat,3.735689860807946,3.710159598657949,3.710159598657949,3.710159598657949,0.9931658507260355,1.0,0.9931658507260355
5,3,3,0.25,beta_bimodal,flat,3.72922212200657,3.7264565050233958,3.726456505023396,3.726456505023396,0.9992583930662499,1.0000000000000002,0.99925839306625
5,3,3,0.25,beta_bimodal,log_uniform,4.679798573751099,4.679240406936469,4.679240406936469,4.679240406936469,0.9998807284531943,1.0,0.9998807284531943
5,3,3,0.25,beta_bimodal,log_uniform,3.386519921604782,3.3132291174493704,3.2186011624208786,3.2486609292817215,0.9783580767714246,0.9714393566897844,0.9504155407110875
5,3,3,0.25,beta_bimodal,log_uniform,4.58571453927186,4.581567978478691,4.581407236957772,4.581567978478691,0.9990957656091196,0.9999649156093124,0.9990607129429447
6,2,2,0.25,homogeneous,flat,2.25,2.25,2.25,2.25,1.0,1.0,1.0
6,2,2,0.25,homogeneous,log_uniform,2.752246919755855,2.752246919755855,2.752246919755855,2.752246919755855,1.0,1.0,1.0
6,2,2,0.25,homogeneous,log_uniform,3.1082129499909215,3.1038428227944,3.1038428227944,3.1038428227944,0.9985940065025035,1.0,0.9985940065025035
6,2,2,0.25,homogeneous,log_uniform,2.953928797158716,2.953928797158716,2.953928797158716,2.953928797158716,1.0,1.0,1.0
6,2,2,0.25,beta_bimodal,flat,3.7103469494323993,3.7103469494323993,3.7103469494323993,3.7103469494323993,1.0,1.0,1.0
6,2,2,0.25,beta_bimodal,flat,3.7620354838726686,3.7620354838726686,3.7620354838726686,3.7620354838726686,1.0,1.0,1.0
6,2,2,0.25,beta_bimodal,flat,3.2273988906386397,3.2273988906386397,3.2273988906386397,3.2273988906386397,1.0,1.0,1.0
6,2,2,0.25,beta_bimodal,log_uniform,3.482491144659365,3.131686888426593,3.131686888426593,3.131686888426593,0.8992662890842511,1.0,0.8992662890842511
6,2,2,0.25,beta_bimodal,log_uniform,4.599151328755735,4.438843748546905,4.438843748546905,4.438843748546905,0.9651440953450428,1.0,0.9651440953450428
6,2,2,0.25,beta_bimodal,log_uniform,3.943529384961882,3.943529384961882,3.943529384961882,3.943529384961882,1.0,1.0,1.0
6,2,3,0.25,homogeneous,flat,2.53125,2.53125,2.53125,2.53125,1.0,1.0,1.0
6,2,3,0.25,homogeneous,log_uniform,3.011262598058879,3.011262598058879,2.849076176228724,3.011262598058879,1.0,0.9461400603405682,0.9461400603405682
6,2,3,0.25,homogeneous,log_uniform,2.9358056122762854,2.916963631316638,2.8804481929838395,2.916963631316638,0.9935820066284844,0.9874816957123609,0.981144044734786
6,2,3,0.25,homogeneous,log_uniform,3.176002298832393,3.114731141455488,2.9432997642453356,3.114731141455488,0.9807080878375213,0.9449610995541515,0.9267309930245936
6,2,3,0.25,beta_bimodal,flat,3.649771292928692,3.3804329886680224,3.3804329886680224,3.3804329886680224,0.9262040597495785,1.0,0.9262040597495785
6,2,3,0.25,beta_bimodal,flat,3.93581122048928,3.93282905991559,3.93282905991559,3.93282905991559,0.9992423009116481,1.0,0.9992423009116481
6,2,3,0.25,beta_bimodal,flat,3.550456954687232,3.356089573404231,3.356089573404231,3.356089573404231,0.9452556716604037,1.0,0.9452556716604037
6,2,3,0.25,beta_bimodal,log_uniform,3.5739385991491743,3.47700755685974,3.47700755685974,3.47700755685974,0.9728783694514198,1.0,0.9728783694514198
6,2,3,0.25,beta_bimodal,log_uniform,4.983630777920165,4.848052576918849,4.848052576918849,4.848052576918849,0.9727952958309046,1.0,0.9727952958309046
6,2,3,0.25,beta_bimodal,log_uniform,2.5989394100448178,2.276995762371458,2.276995762371458,2.276995762371458,0.8761249891286199,1.0,0.8761249891286199
6,3,2,0.25,homogeneous,flat,3.375,3.375,3.375,3.375,1.0,1.0,1.0
6,3,2,0.25,homogeneous,log_uniform,3.648319955236058,3.648319955236058,3.5780976636905137,3.648319955236058,1.0,0.980752156497469,0.980752156497469
6,3,2,0.25,homogeneous,log_uniform,3.7120054114353898,3.7120054114353898,3.6445399691412104,3.6756172487447736,1.0,0.9818250689812191,0.9818250689812191
6,3,2,0.25,homogeneous,log_uniform,3.626178311895914,3.626178311895914,3.626178311895914,3.626178311895914,1.0,1.0,1.0
6,3,2,0.25,beta_bimodal,flat,4.442870097272989,4.442764045866125,4.442764045866124,4.442764045866125,0.9999761299780227,0.9999999999999998,0.9999761299780224
6,3,2,0.25,beta_bimodal,flat,4.0237482500908,4.01436185998203,4.01436185998203,4.01436185998203,0.997667252142686,1.0,0.997667252142686
6,3,2,0.25,beta_bimodal,flat,4.236586130601517,4.233104156844018,4.233104156844018,4.233104156844018,0.9991781180294321,1.0,0.9991781180294321
6,3,2,0.25,beta_bimodal,log_uniform,3.371449548736496,3.160209864694994,3.145633508778816,3.160209864694994,0.9373445513605068,0.9953875354674951,0.9330210828626198
6,3,2,0.25,beta_bimodal,log_uniform,5.316669925967833,5.212737655632162,5.212737655632162,5.212737655632162,0.9804516225790052,1.0,0.9804516225790052
6,3,2,0.25,beta_bimodal,log_uniform,3.0796525573205353,2.776107559336907,2.775712327092391,2.775712327092391,0.9014353105313514,0.9998576307884084,0.9013069738968902
6,3,3,0.25,homogeneous,flat,3.375,3.26806640625,3.022705078125,3.140625,0.9683159722222222,0.9249215598386373,0.8956163194444444
6,3,3,0.25,homogeneous,log_uniform,3.613400282688033,3.613400282688033,3.5425458663614795,3.552234121667146,1.0,0.9803912075099954,0.9803912075099954
6,3,3,0.25,homogeneous,log_uniform,3.673740766208038,3.673740766208038,3.6220974973704823,3.622097497370483,1.0,0.985942593088608,0.985942593088608
6,3,3,0.25,homogeneous,log_uniform,3.86524269414253,3.8310964484819365,3.7926277864890654,3.831096448481937,0.9911658210460266,0.9899588374998718,0.9812133639723305
6,3,3,0.25,beta_bimodal,flat,3.706338942659635,3.478419079358404,3.348980853766625,3.4742562380551325,0.9385053912156027,0.962788202732704,0.9035819188634234
6,3,3,0.25,beta_bimodal,flat,4.240003541910673,4.17027966608155,4.17027966608155,4.17027966608155,0.9835557033997891,1.0,0.9835557033997891
6,3,3,0.25,beta_bimodal,flat,4.380273384682434,4.372692318737413,4.372692318737412,4.372692318737413,0.9982692710524572,0.9999999999999998,0.998269271052457
6,3,3,0.25,beta_bimodal,log_uniform,4.235084469457769,4.111775114537518,4.109801439164419,4.111775114537518,0.9708838499421857,0.9995199943289406,0.9704178201882734
6,3,3,0.25,beta_bimodal,log_uniform,3.2494741320209224,3.2155082568817224,3.2048098589874403,3.2155082568817224,0.9895472701861221,0.9966728750046324,0.9862549227293881
6,3,3,0.25,beta_bimodal,log_uniform,4.054343347811595,3.919418814819932,3.916730430588135,3.919418814819932,0.9667209899564893,0.9993140860013144,0.9660579024966549
4,2,2,0.3,homogeneous,flat,1.96,1.96,1.96,1.96,1.0,1.0,1.0
4,2,2,0.3,homogeneous,log_uniform,2.548976707173406,2.5489767071734066,2.3423652589855797,2.548976707173406,1.0000000000000002,0.9189433753527936,0.9189433753527938
4,2,2,0.3,homogeneous,log_uniform,2.0928676378388067,2.0322211425523675,2.0322211425523675,2.0322211425523675,0.9710222977363893,1.0,0.9710222977363893
4,2,2,0.3,homogeneous,log_uniform,2.3845033329294596,2.3845033329294596,2.352702421563795,2.3845033329294596,1.0,0.986663507269417,0.986663507269417
4,2,2,0.3,beta_bimodal,flat,2.213012238646009,2.213012238646009,2.213012238646009,2.213012238646009,1.0,1.0,1.0
4,2,2,0.3,beta_bimodal,flat,2.290323992006075,2.290323992006075,2.290323992006075,2.290323992006075,1.0,1.0,1.0
4,2,2,0.3,beta_bimodal,flat,2.2561726713601913,2.2561726713601913,2.2561726713601913,2.2561726713601913,1.0,1.0,1.0
4,2,2,0.3,beta_bimodal,log_uniform,2.921037545095945,2.921037545095945,2.921037545095945,2.921037545095945,1.0,1.0,1.0
4,2,2,0.3,beta_bimodal,log_uniform,2.72562121519789,2.638477054938859,2.5525937215593695,2.638477054938859,0.9680277803191726,0.967449656907674,0.9365181439468807
4,2,2,0.3,beta_bimodal,log_uniform,1.9522947336064955,1.728804761737504,1.728804761737504,1.728804761737504,0.8855244712686716,1.0,0.8855244712686716
4,2,3,0.3,homogeneous,flat,1.96,1.729,1.729,1.729,0.8821428571428572,1.0,0.8821428571428572
4,2,3,0.3,homogeneous,log_uniform,2.2263373445306613,2.2263373445306613,1.943225493268699,2.2263373445306613,1.0,0.8728351514394393,0.8728351514394393
4,2,3,0.3,homogeneous,log_uniform,2.0439192754709787,2.040036733504375,1.9090635419458228,2.040036733504375,0.9981004426088653,0.9357986111683555,0.9340210079998971
4,2,3,0.3,homogeneous,log_uniform,2.0606551521340903,2.0606551521340903,1.9020098064231987,2.0606551521340903,1.0,0.9230121810791133,0.9230121810791133
4,2,3,0.3,beta_bimodal,flat,2.7295588742867283,2.5037143099820005,2.5037143099820005,2.5037143099820005,0.9172596838147541,1.0,0.9172596838147541
4,2,3,0.3,beta_bimodal,flat,2.522347912450694,2.1563974131395764,2.1563974131395764,2.1563974131395764,0.854916723619002,1.0,0.854916723619002
4,2,3,0.3,beta_bimodal,flat,2.686151152350985,2.629564529466679,2.5767724476231604,2.629564529466679,0.9789339394267594,0.9799236408721158,0.9592805100963534
4,2,3,0.3,beta_bimodal,log_uniform,3.455922229369225,3.455922229369225,3.3167091497949452,3.455922229369225,1.0,0.9597175311437234,0.9597175311437234
4,2,3,0.3,beta_bimodal,log_uniform,2.9461977614633597,2.7311426918729333,2.7311426918729333,2.7311426918729333,0.9270058947150888,1.0,0.9270058947150888
4,2,3,0.3,beta_bimodal,log_uniform,2.787953480482128,2.4185680850684266,2.4185680850684266,2.4185680850684266,0.867506614439699,1.0,0.867506614439699
4,3,2,0.3,homogeneous,flat,2.4178,2.4178,2.2918,2.38,1.0,0.9478865083960624,0.9478865083960624
4,3,2,0.3,homogeneous,log_uniform,2.6055163770352263,2.6055163770352263,2.5484716540843375,2.586281733005743,1.0,0.9781061737114087,0.9781061737114087
4,3,2,0.3,homogeneous,log_uniform,2.530035821391258,2.530035821391258,2.4494287435070787,2.503336067462921,1.0,0.9681399460028777,0.9681399460028777
4,3,2,0.3,homogeneous,log_uniform,2.6964595035165964,2.6964595035165964,2.686219234633623,2.686219234633623,1.0,0.9962023279527772,0.9962023279527772
4,3,2,0.3,beta_bimodal,flat,2.644527290934215,2.644527290934215,2.4826648561255444,2.6238615003628096,1.0,0.9387934337590101,0.9387934337590101
4,3,2,0.3,beta_bimodal,flat,2.775529731080746,2.775529731080746,2.775529731080746,2.775529731080746,1.0,1.0,1.0
4,3,2,0.3,beta_bimodal,flat,2.7964449442893935,2.7964449442893935,2.7964449442893935,2.7964449442893935,1.0,1.0,1.0
4,3,2,0.3,beta_bimodal,log_uniform,3.3111227173027564,3.2984622128761405,3.276945535455868,3.2984622128761405,0.9961763711261873,0.9934767549143725,0.9896780685088201
4,3,2,0.3,beta_bimodal,log_uniform,2.3457576757233225,2.3310484789285777,2.3310484789285777,2.3310484789285777,0.9937294474416634,1.0,0.9937294474416634
4,3,2,0.3,beta_bimodal,log_uniform,3.500760079678316,3.500760079678316,3.500760079678316,3.500760079678316,1.0,1.0,1.0
4,3,3,0.3,homogeneous,flat,2.4178,2.38,2.086,2.38,0.9843659525188186,0.8764705882352941,0.8627678054429646
4,3,3,0.3,homogeneous,log_uniform,2.618680837201876,2.5663044004064095,2.5663044004064095,2.5663044004064095,0.9799989231022777,1.0,0.9799989231022777
4,3,3,0.3,homogeneous,log_uniform,2.533974854281015,2.4550901131766523,2.4550901131766523,2.4550901131766523,0.9688691697271221,1.0,0.9688691697271221
4,3,3,0.3,homogeneous,log_uniform,2.547755715848671,2.4769343122873955,2.42073845812009,2.4769343122873955,0.9722024356100072,0.9773123357012201,0.9501454331204313
4,3,3,0.3,beta_bimodal,flat,2.760845398375207,2.5978816843542285,2.5810834600289723,2.5978816843542285,0.9409732561928732,0.9935338763014406,0.9348888067212938
4,3,3,0.3,beta_bimodal,flat,2.799783687966379,2.7995286324178132,2.7887173280772353,2.7995286324178132,0.9999089016949194,0.9961381697563705,0.9960474232574796
4,3,3,0.3,beta_bimodal,flat,2.791290299281588,2.7172754349184745,2.704424476944702,2.7172754349184745,0.9734836378780941,0.9952706458062254,0.9688796889527244
4,3,3,0.3,beta_bimodal,log_uniform,2.968219747857474,2.968219747857474,2.9492946650999943,2.968219747857474,1.0,0.993624096473605,0.993624096473605
4,3,3,0.3,beta_bimodal,log_uniform,3.1488327933511213,3.1488327933511213,3.1486416387845386,3.1488327933511213,1.0,0.9999392935163194,0.9999392935163194
4,3,3,0.3,beta_bimodal,log_uniform,3.1507530461662605,3.1507530461662605,3.133336160404252,3.1507530461662605,1.0,0.9944721514168808,0.9944721514168808
5,2,2,0.3,homogeneous,flat,1.9600000000000004,1.9600000000000004,1.9600000000000004,1.9600000000000004,1.0,1.0,1.0
5,2,2,0.3,homogeneous,log_uniform,2.7391645693808853,2.7391645693808853,2.6684265655462784,2.7391645693808853,1.0,0.9741753362958417,0.9741753362958417
5,2,2,0.3,homogeneous,log_uniform,2.2461497950747673,2.2461497950747673,2.2461497950747673,2.2461497950747673,1.0,1.0,1.0
5,2,2,0.3,homogeneous,log_uniform,2.870498602947178,2.870498602947178,2.7095547749809428,2.870498602947178,1.0,0.9439317518562831,0.9439317518562831
5,2,2,0.3,beta_bimodal,flat,2.914064313736413,2.914064313736413,2.9140643137364126,2.914064313736413,1.0,0.9999999999999999,0.9999999999999999
5,2,2,0.3,beta_bimodal,flat,2.840500371106266,2.8405003711062666,2.8405003711062657,2.840500371106266,1.0000000000000002,0.9999999999999997,0.9999999999999999
5,2,2,0.3,beta_bimodal,flat,2.889651082024937,2.889651082024937,2.889651082024937,2.889651082024937,1.0,1.0,1.0
5,2,2,0.3,beta_bimodal,log_uniform,3.487118812540234,3.487118812540234,3.487118812540234,3.487118812540234,1.0,1.0,1.0
5,2,2,0.3,beta_bimodal,log_uniform,2.7940235204811996,2.6151241272211054,2.562714433189052,2.6151241272211054,0.9359706917466166,0.9799590032891687,0.9172129061918882
5,2,2,0.3,beta_bimodal,log_uniform,2.1773692901478623,2.1723458690448005,2.1723458690448005,2.1723458690448005,0.997692894298734,1.0,0.997692894298734
5,2,3,0.3,homogeneous,flat,2.009,2.009,2.009,2.009,1.0,1.0,1.0
5,2,3,0.3,homogeneous,log_uniform,2.214348500412857,2.1896044240914616,2.046221567712848,2.1896044240914616,0.9888255727060207,0.9345165479202445,0.9240738607004892
5,2,3,0.3,homogeneous,log_uniform,2.3007162644699664,2.2927129022306896,2.292712902230689,2.2927129022306896,0.9965213606028379,0.9999999999999998,0.9965213606028377
5,2,3,0.3,homogeneous,log_uniform,2.2547172023562014,2.2328812430787965,2.128305610991173,2.2328812430787965,0.990315433237221,0.953165609495904,0.9439346135147559
5,2,3,0.3,beta_bimodal,flat,3.3794666655980623,3.367238130855521,3.367238130855521,3.367238130855521,0.9963815193482972,1.0,0.9963815193482972
5,2,3,0.3,beta_bimodal,flat,2.407896225327612,2.3843033431221303,2.3843033431221303,2.3843033431221303,0.9902018691846772,1.0,0.9902018691846772
5,2,3,0.3,beta_bimodal,flat,3.2179767322417057,3.1903227493391544,3.1903227493391544,3.1903227493391544,0.9914064068190801,1.0,0.9914064068190801
5,2,3,0.3,beta_bimodal,log_uniform,2.878744923075756,2.782140835137749,2.782140835137749,2.782140835137749,0.9664422897757847,1.0,0.9664422897757847
5,2,3,0.3,beta_bimodal,log_uniform,2.910781851699047,2.254812447383868,2.232384189214436,2.254812447383868,0.7746415094857472,0.990053160210529,0.7669362744966185
5,2,3,0.3,beta_bimodal,log_uniform,3.3445623332966465,3.259839673014334,3.259839673014334,3.259839673014334,0.9746685360177445,1.0,0.9746685360177445
5,3,2,0.3,homogeneous,flat,2.6600000000000006,2.6600000000000006,2.66,2.6600000000000006,1.0,0.9999999999999998,0.9999999999999998
5,3,2,0.3,homogeneous,log_uniform,3.103844528084464,3.0995140239779735,3.0995140239779735,3.0995140239779735,0.9986047934852061,1.0,0.9986047934852061
5,3,2,0.3,homogeneous,log_uniform,3.091337083550738,3.075867100178135,3.043566372956233,3.075867100178135,0.9949956983161363,0.9894986596722494,0.9845469098634706
5,3,2,0.3,homogeneous,log_uniform,2.917032375970357,2.9101433055306694,2.91014330553067,2.91014330553067,0.9976383291126839,1.0000000000000002,0.9976383291126841
5,3,2,0.3,beta_bimodal,flat,2.968532339623504,2.968532339623504,2.968532339623504,2.968532339623504,1.0,1.0,1.0
5,3,2,0.3,beta_bimodal,flat,3.0833292410831805,3.0833292410831805,3.0728133772134965,3.0777689045915713,1.0,0.9965894450292341,0.9965894450292341
5,3,2,0.3,beta_bimodal,flat,3.414375550060427,3.414375550060427,3.3771461192636756,3.4135341827312775,1.0,0.9890962695078774,0.9890962695078774
5,3,2,0.3,beta_bimodal,log_uniform,3.1307728365494376,3.055103416875021,3.024750605788463,3.055103416875021,0.9758304343288556,0.9900648826095697,0.9661354444106439
5,3,2,0.3,beta_bimodal,log_uniform,2.5729866507772807,2.5729866507772807,2.5640818133998113,2.5729866507772807,1.0,0.9965391047113364,0.9965391047113364
5,3,2,0.3,beta_bimodal,log_uniform,3.1570471170371355,3.1570471170371355,3.1226728195769953,3.122672819576996,1.0,0.9891118832928917,0.9891118832928917
5,3,3,0.3,homogeneous,flat,2.68772,2.68772,2.4569299999999994,2.6600000000000006,1.0,0.914131680383373,0.914131680383373
5,3,3,0.3,homogeneous,log_uniform,2.8933769762052717,2.8336294994841724,2.766418368824143,2.8336294994841724,0.9793502619214661,0.9762809038117848,0.956120958856997
5,3,3,0.3,homogeneous,log_uniform,3.217171283055102,3.20829805233854,3.204953477933476,3.2049534779334774,0.9972419153548654,0.998957523786599,0.9962023143791015
5,3,3,0.3,homogeneous,log_uniform,3.1917318335109632,3.1917318335109632,3.028383209414492,3.1917318335109632,1.0,0.948821319391114,0.948821319391114
5,3,3,0.3,beta_bimodal,flat,3.4746693964867004,3.4638013107178445,3.4638013107178445,3.4638013107178445,0.9968721957318171,1.0,0.9968721957318171
5,3,3,0.3,beta_bimodal,flat,3.486253662156011,3.474909174065508,3.474909174065508,3.474909174065508,0.9967459372754055,1.0,0.9967459372754055
5,3,3,0.3,beta_bimodal,flat,3.485552776831635,3.474666345072904,3.474666345072904,3.474666345072904,0.9968766986312494,1.0,0.9968766986312494
5,3,3,0.3,beta_bimodal,log_uniform,3.0494061454769272,2.6275165281828916,2.544925723651081,2.6275165281828916,0.8616485974097583,0.9685669705039199,0.8345643716321214
5,3,3,0.3,beta_bimodal,log_uniform,3.0121875894612913,2.9368074755535423,2.9367341928591566,2.9368074755535423,0.9749749603339843,0.9999750468169958,0.9749506316053745
5,3,3,0.3,beta_bimodal,log_uniform,3.1245767206228083,2.9664524604855336,2.869050307010856,2.9664524604855336,0.9493933821200087,0.9671654426382632,0.9182204706559359
6,2,2,0.3,homogeneous,flat,1.9600000000000004,1.9600000000000004,1.9600000000000004,1.9600000000000004,1.0,1.0,1.0
6,2,2,0.3,homogeneous,log_uniform,2.6330462327249915,2.633046232724991,2.633046232724991,2.633046232724991,0.9999999999999998,1.0,0.9999999999999998
6,2,2,0.3,homogeneous,log_uniform,2.8993825730567324,2.7896031104046024,2.7896031104046024,2.7896031104046024,0.9621369516143594,1.0,0.9621369516143594
6,2,2,0.3,homogeneous,log_uniform,2.367807176468741,2.367807176468741,2.367807176468741,2.367807176468741,1.0,1.0,1.0
6,2,2,0.3,beta_bimodal,flat,3.269895203726178,3.269895203726178,3.269895203726178,3.269895203726178,1.0,1.0,1.0
6,2,2,0.3,beta_bimodal,flat,3.474882280003743,3.474882280003743,3.474882280003743,3.474882280003743,1.0,1.0,1.0
6,2,2,0.3,beta_bimodal,flat,3.177647489303959,3.177647489303959,3.177647489303959,3.177647489303959,1.0,1.0,1.0
6,2,2,0.3,beta_bimodal,log_uniform,4.3180079856563305,4.3180079856563305,4.3180079856563305,4.3180079856563305,1.0,1.0,1.0
6,2,2,0.3,beta_bimodal,log_uniform,2.594244313075465,2.469451792042701,2.469451792042701,2.469451792042701,0.9518963883224927,1.0,0.9518963883224927
6,2,2,0.3,beta_bimodal,log_uniform,3.8877213372729345,3.6615473740146642,3.661547374014664,3.661547374014664,0.9418235146923053,0.9999999999999999,0.9418235146923052
6,2,3,0.3,homogeneous,flat,2.058,2.058,2.058,2.058,1.0,1.0,1.0
6,2,3,0.3,homogeneous,log_uniform,3.029201979527893,3.029201979527893,2.7071146858396617,3.029201979527893,1.0,0.8936725593522723,0.8936725593522723
6,2,3,0.3,homogeneous,log_uniform,3.0582289721649434,3.0582289721649434,2.65273775537593,3.0582289721649434,1.0,0.8674097915886386,0.8674097915886386
6,2,3,0.3,homogeneous,log_uniform,2.516031294393508,2.507742130750763,2.331409718257796,2.507742130750763,0.9967054608338076,0.9296847908201085,0.9266219078645382
6,2,3,0.3,beta_bimodal,flat,3.891519536877607,3.8815893492668687,3.8815893492668687,3.8815893492668687,0.9974482493235263,1.0,0.9974482493235263
6,2,3,0.3,beta_bimodal,flat,3.4600997115458414,3.4545316709749585,3.4545316709749585,3.4545316709749585,0.9983907860943131,1.0,0.9983907860943131
6,2,3,0.3,beta_bimodal,flat,3.683818956834774,3.673177333990066,3.673177333990066,3.673177333990066,0.997111252488409,1.0,0.997111252488409
6,2,3,0.3,beta_bimodal,log_uniform,2.9971954478947733,2.785481961197196,2.785481961197196,2.785481961197196,0.9293628025338538,1.0,0.9293628025338538
6,2,3,0.3,beta_bimodal,log_uniform,3.099283185745294,2.721643106830551,2.721643106830551,2.721643106830551,0.8781524448454261,1.0,0.8781524448454261
6,2,3,0.3,beta_bimodal,log_uniform,3.9699884212037055,3.9384016289244452,3.938401628924445,3.938401628924445,0.9920436059433939,0.9999999999999999,0.9920436059433938
6,3,2,0.3,homogeneous,flat,2.9400000000000004,2.9400000000000004,2.9400000000000004,2.9400000000000004,1.0,1.0,1.0
6,3,2,0.3,homogeneous,log_uniform,3.35313246322004,3.35313246322004,3.236459984060525,3.35313246322004,1.0,0.9652049298859272,0.9652049298859272
6,3,2,0.3,homogeneous,log_uniform,3.2240475057871425,3.2240475057871425,3.2240475057871425,3.2240475057871425,1.0,1.0,1.0
6,3,2,0.3,homogeneous,log_uniform,3.3890400962798264,3.3890400962798264,3.2858506348337526,3.3493774486650785,1.0,0.9695520092667698,0.9695520092667698
6,3,2,0.3,beta_bimodal,flat,4.132080271641563,4.131907624754105,4.131907624754105,4.131907624754105,0.9999582179250868,1.0,0.9999582179250868
6,3,2,0.3,beta_bimodal,flat,3.806556521509196,3.7821006464018736,3.7821006464018727,3.7821006464018736,0.993575328523527,0.9999999999999998,0.9935753285235268
6,3,2,0.3,beta_bimodal,flat,3.7251685375560606,3.7251685375560606,3.72516853755606,3.7251685375560606,1.0,0.9999999999999999,0.9999999999999999
6,3,2,0.3,beta_bimodal,log_uniform,2.962517467599504,2.745224214135336,2.569652041885093,2.745224214135336,0.9266524988153949,0.9360445054556162,0.8673879799828672
6,3,2,0.3,beta_bimodal,log_uniform,3.1048254845912244,3.04282790285128,3.04282790285128,3.04282790285128,0.9800318626448962,1.0,0.9800318626448962
6,3,2,0.3,beta_bimodal,log_uniform,4.263274191887291,4.263274191887291,4.263274191887291,4.263274191887291,1.0,1.0,1.0
6,3,3,0.3,homogeneous,flat,2.9400000000000004,2.8586460000000002,2.5748729999999997,2.7090000000000005,0.9723285714285714,0.9007316750657477,0.8758071428571427
6,3,3,0.3,homogeneous,log_uniform,3.407985589875833,3.3352543636823757,3.3352543636823757,3.3352543636823757,0.9786585875217544,1.0,0.9786585875217544
6,3,3,0.3,homogeneous,log_uniform,3.2819266126717377,3.215496110489833,3.215496110489833,3.215496110489833,0.9797586874961153,1.0,0.9797586874961153
6,3,3,0.3,homogeneous,log_uniform,3.3368690866388913,3.262258454520084,3.262258454520084,3.262258454520084,0.9776405276378523,1.0,0.9776405276378523
6,3,3,0.3,beta_bimodal,flat,3.953265861933557,3.908298069494822,3.894811824359836,3.908298069494822,0.9886251534783596,0.9965493304514695,0.9852137347663406
6,3,3,0.3,beta_bimodal,flat,3.623208526281922,3.5589188874595847,3.5589188874595847,3.5589188874595847,0.9822561582210919,1.0,0.9822561582210919
6,3,3,0.3,beta_bimodal,flat,4.071878143512215,4.046962042489251,4.037662521091938,4.037662521091939,0.9938809315640588,0.9977020981912662,0.9915970907737517
6,3,3,0.3,beta_bimodal,log_uniform,3.8594695696820502,3.291654533265191,3.26557683698752,3.2802832154039003,0.8528774417921795,0.9920776326877162,0.8461206334259409
6,3,3,0.3,beta_bimodal,log_uniform,2.336805194455102,2.30928124540689,2.30928124540689,2.30928124540689,0.9882215474727964,1.0,0.9882215474727964
6,3,3,0.3,beta_bimodal,log_uniform,4.141588041803999,3.997318467529401,3.950741780533369,3.997318467529401,0.9651656386829442,0.9883480169582737,0.9539195450285536
4,2,2,0.35,homogeneous,flat,1.6900000000000002,1.6900000000000002,1.6900000000000002,1.6900000000000002,1.0,1.0,1.0
4,2,2,0.35,homogeneous,log_uniform,2.0245380949499445,1.9725412032166236,1.9301864732887064,1.9725412032166236,0.9743166641995904,0.978527835130212,0.953395976150515
4,2,2,0.35,homogeneous,log_uniform,1.863420038107762,1.8458331915532593,1.845833191553259,1.845833191553259,0.9905620599785105,0.9999999999999999,0.9905620599785104
4,2,2,0.35,homogeneous,log_uniform,2.151133012991852,2.151133012991852,2.1511330129918513,2.151133012991852,1.0,0.9999999999999998,0.9999999999999998
4,2,2,0.35,beta_bimodal,flat,2.286543538956312,2.286543538956312,2.286543538956312,2.286543538956312,1.0,1.0,1.0
4,2,2,0.35,beta_bimodal,flat,2.4115865939895627,2.4115865939895627,2.4115865939895627,2.4115865939895627,1.0,1.0,1.0
4,2,2,0.35,beta_bimodal,flat,2.437350824926831,2.437350824926831,2.437350824926831,2.437350824926831,1.0,1.0,1.0
4,2,2,0.35,beta_bimodal,log_uniform,3.402152436286845,3.402152436286845,3.402152436286845,3.402152436286845,1.0,1.0,1.0
4,2,2,0.35,beta_bimodal,log_uniform,2.4852739897629457,2.4852739897629457,2.4852739897629457,2.4852739897629457,1.0,1.0,1.0
4,2,2,0.35,beta_bimodal,log_uniform,2.27926569504952,2.2603731786841155,2.2603731786841155,2.2603731786841155,0.9917111390714833,1.0,0.9917111390714833
4,2,3,0.35,homogeneous,flat,1.6900000000000002,1.4950000000000003,1.4950000000000003,1.4950000000000003,0.8846153846153847,1.0,0.8846153846153847
4,2,3,0.35,homogeneous,log_uniform,1.9897718250370064,1.9897718250370064,1.9897718250370064,1.9897718250370064,1.0,1.0,1.0
4,2,3,0.35,homogeneous,log_uniform,1.842485319223742,1.842485319223742,1.5917150955559884,1.842485319223742,1.0,0.8638956733867461,0.8638956733867461
4,2,3,0.35,homogeneous,log_uniform,2.193546955266394,2.193546955266394,2.193546955266394,2.193546955266394,1.0,1.0,1.0
4,2,3,0.35,beta_bimodal,flat,2.2427747948324765,2.004975827462018,2.0008584529989073,2.004975827462018,0.8939710897775535,0.9979464218936133,0.8921352503198435
4,2,3,0.35,beta_bimodal,flat,2.1204755972439333,1.9793471980694122,1.979347198069412,1.979347198069412,0.9334449312418632,0.9999999999999999,0.9334449312418631
4,2,3,0.35,beta_bimodal,flat,1.798514621498887,1.7270049564162941,1.68670809626552,1.727004956416294,0.9602395975947104,0.9766666215976624,0.9378339637071246
4,2,3,0.35,beta_bimodal,log_uniform,1.6276554157503578,1.6201358877305592,1.620135887730559,1.6201358877305592,0.9953801474519519,0.9999999999999999,0.9953801474519518
4,2,3,0.35,beta_bimodal,log_uniform,1.4504967735773695,1.4504967735773695,1.4268102214675276,1.4504967735773695,1.0,0.9836700415048676,0.9836700415048676
4,2,3,0.35,beta_bimodal,log_uniform,2.613453005305534,2.516066495199014,2.451276204016331,2.516066495199014,0.9627364601893292,0.9742493724604212,0.9379453921842213
4,3,2,0.35,homogeneous,flat,2.2007375000000007,2.2007375000000002,2.0414875,2.145,0.9999999999999998,0.9276378941150409,0.9276378941150407
4,3,2,0.35,homogeneous,log_uniform,2.43489044223822,2.43489044223822,2.4118409598156347,2.4118409598156356,1.0,0.9905336675430055,0.9905336675430055
4,3,2,0.35,homogeneous,log_uniform,2.3594799237526005,2.3594799237526005,2.2877630619444416,2.3259030470115105,1.0,0.9696048010045799,0.9696048010045799
4,3,2,0.35,homogeneous,log_uniform,2.3542154234642583,2.3542154234642583,2.2916604639536944,2.3199036164834856,1.0,0.9734285321185631,0.9734285321185631
4,3,2,0.35,beta_bimodal,flat,2.5956504342349125,2.5956504342349125,2.595650434234912,2.5956504342349125,1.0,0.9999999999999998,0.9999999999999998
4,3,2,0.35,beta_bimodal,flat,2.542789069215136,2.542789069215136,2.542789069215136,2.542789069215136,1.0,1.0,1.0
4,3,2,0.35,beta_bimodal,flat,2.598054854137461,2.598054854137461,2.598054854137461,2.598054854137461,1.0,1.0,1.0
4,3,2,0.35,beta_bimodal,log_uniform,3.1182427323116237,3.1128157489914585,3.1128157489914585,3.1128157489914585,0.9982596020303582,1.0,0.9982596020303582
4,3,2,0.35,beta_bimodal,log_uniform,1.192252009811571,1.192252009811571,1.1862340769742477,1.1922520098115708,1.0,0.9949524657641178,0.9949524657641178
4,3,2,0.35,beta_bimodal,log_uniform,2.1751578362691912,2.1678553746557565,2.1678553746557565,2.1678553746557565,0.9966427900119837,1.0,0.9966427900119837
4,3,3,0.35,homogeneous,flat,2.2007375000000007,2.156375,2.1450000000000005,2.156375,0.9798419847891897,0.9947249434815374,0.9746732629402642
4,3,3,0.35,homogeneous,log_uniform,2.4190188486212834,2.3964179475257223,2.3964179475257223,2.3964179475257223,0.9906569966958123,1.0,0.9906569966958123
4,3,3,0.35,homogeneous,log_uniform,2.500539284904231,2.480094665484053,2.480094665484053,2.480094665484053,0.9918239159274151,1.0,0.9918239159274151
4,3,3,0.35,homogeneous,log_uniform,2.445228225097597,2.4379563652050993,2.437956365205099,2.437956365205099,0.997026101769209,0.9999999999999998,0.9970261017692088
4,3,3,0.35,beta_bimodal,flat,2.437348386618014,2.325258364112429,2.230373904259991,2.325258364112429,0.9540114892392886,0.9591940141719881,0.9150821099296297
4,3,3,0.35,beta_bimodal,flat,2.5897397109695715,2.529019313391086,2.5036335640491534,2.529019313391086,0.9765534747290289,0.9899622161019034,0.9667510419847635
4,3,3,0.35,beta_bimodal,flat,2.584218010865341,2.4866075516967627,2.4642121054215753,2.486193337312602,0.9622282412868515,0.9909935742534419,0.9535620040804603
4,3,3,0.35,beta_bimodal,log_uniform,2.3317785262689994,2.3317785262689994,2.331778526268999,2.3317785262689994,1.0,0.9999999999999998,0.9999999999999998
4,3,3,0.35,beta_bimodal,log_uniform,2.554132508349116,2.4459414227532355,2.398263155164033,2.4459414227532355,0.957640770303726,0.9805071915681718,0.938973662221687
4,3,3,0.35,beta_bimodal,log_uniform,2.594368923935842,2.594368923935842,2.5602861521953013,2.594368923935842,1.0,0.9868627890867446,0.9868627890867446
5,2,2,0.35,homogeneous,flat,1.69,1.69,1.69,1.69,1.0,1.0,1.0
5,2,2,0.35,homogeneous,log_uniform,2.2093688828239855,2.192860180673088,2.1395757982577805,2.192860180673088,0.992527865183927,0.9757009667625265,0.9684103975987042
5,2,2,0.35,homogeneous,log_uniform,2.283694820319467,2.2249863727803336,2.2249863727803336,2.2249863727803336,0.9742923410708088,1.0,0.9742923410708088
5,2,2,0.35,homogeneous,log_uniform,2.5167831585308136,2.5167831585308136,2.5167831585308136,2.5167831585308136,1.0,1.0,1.0
5,2,2,0.35,beta_bimodal,flat,2.4120887923015695,2.4120887923015695,2.4120887923015695,2.4120887923015695,1.0,1.0,1.0
5,2,2,0.35,beta_bimodal,flat,2.934790287064142,2.934790287064142,2.934790287064142,2.934790287064142,1.0,1.0,1.0
5,2,2,0.35,beta_bimodal,flat,2.7456489903168033,2.7456489903168033,2.7456489903168033,2.7456489903168033,1.0,1.0,1.0
5,2,2,0.35,beta_bimodal,log_uniform,3.018589705074907,3.018589705074907,3.018589705074907,3.018589705074907,1.0,1.0,1.0
5,2,2,0.35,beta_bimodal,log_uniform,3.044394202727746,3.0443942027277466,3.044394202727746,3.044394202727746,1.0000000000000002,0.9999999999999999,1.0
5,2,2,0.35,beta_bimodal,log_uniform,2.508864472758942,2.3176783527925013,2.3176783527925013,2.3176783527925013,0.9237957561907687,1.0,0.9237957561907687
5,2,3,0.35,homogeneous,flat,1.69,1.69,1.69,1.69,1.0,1.0,1.0
5,2,3,0.35,homogeneous,log_uniform,2.138542156764579,2.138542156764579,2.138542156764579,2.138542156764579,1.0,1.0,1.0
5,2,3,0.35,homogeneous,log_uniform,2.480547631889369,2.480547631889369,2.4805476318893684,2.480547631889369,1.0,0.9999999999999998,0.9999999999999998
5,2,3,0.35,homogeneous,log_uniform,2.091880081814748,2.091880081814748,1.862339311524152,2.091880081814748,1.0,0.8902705885074135,0.8902705885074135
5,2,3,0.35,beta_bimodal,flat,2.8374084488807276,2.672910459701053,2.672910459701053,2.672910459701053,0.9420252698392563,1.0,0.9420252698392563
5,2,3,0.35,beta_bimodal,flat,3.1123825119275885,2.9928758387266523,2.9928758387266523,2.9928758387266523,0.961602832318023,1.0,0.961602832318023
5,2,3,0.35,beta_bimodal,flat,3.080986574172333,3.0152606492456204,3.0152606492456204,3.0152606492456204,0.9786672472130558,1.0,0.9786672472130558
5,2,3,0.35,beta_bimodal,log_uniform,2.713742204383018,2.491796991714502,2.476710181050864,2.491796991714502,0.9182143343203168,0.9939454093917749,0.9126549224354034
5,2,3,0.35,beta_bimodal,log_uniform,2.667546085665926,2.5328664660793136,2.5328664660793136,2.5328664660793136,0.9495117927632762,1.0,0.9495117927632762
5,2,3,0.35,beta_bimodal,log_uniform,2.7954070593049205,2.7954070593049205,2.7954070593049205,2.7954070593049205,1.0,1.0,1.0
5,3,2,0.35,homogeneous,flat,2.3400000000000003,2.3400000000000003,2.3400000000000003,2.3400000000000003,1.0,1.0,1.0
5,3,2,0.35,homogeneous,log_uniform,2.8007435897716264,2.786552397306261,2.7633516220894823,2.786552397306261,0.9949330625919517,0.991674021547484,0.9866492713511154
5,3,2,0.35,homogeneous,log_uniform,2.8608612130066877,2.8545083820677335,2.854508382067733,2.8545083820677335,0.9977793991158775,0.9999999999999999,0.9977793991158774
5,3,2,0.35,homogeneous,log_uniform,2.7507477552881947,2.7507477552881947,2.6721584568676326,2.6980940700287994,1.0,0.9714298418422854,0.9714298418422854
5,3,2,0.35,beta_bimodal,flat,3.1562005398888893,3.1562005398888893,3.1546405977958867,3.1546405977958876,1.0,0.999505753175919,0.999505753175919
5,3,2,0.35,beta_bimodal,flat,3.2171381899412825,3.2171381899412825,3.2166382364185497,3.2171381899412825,1.0,0.9998445968145553,0.9998445968145553
5,3,2,0.35,beta_bimodal,flat,3.16712427990261,3.1671242799026094,3.16712427990261,3.16712427990261,0.9999999999999999,1.0000000000000002,1.0
5,3,2,0.35,beta_bimodal,log_uniform,3.17684409830912,3.121516494873875,3.121516494873875,3.121516494873875,0.9825840986453527,1.0,0.9825840986453527
5,3,2,0.35,beta_bimodal,log_uniform,2.905925630599358,2.905925630599358,2.8187802910613167,2.869313905110099,1.0,0.9700111597418729,0.9700111597418729
5,3,2,0.35,beta_bimodal,log_uniform,3.1070902216117378,3.087754918503877,3.058390913778802,3.087754918503877,0.9937770384093221,0.9904901763578754,0.9843263940344565
5,3,3,0.35,homogeneous,flat,2.3885712500000005,2.3885712500000005,2.3400000000000003,2.3400000000000003,1.0,0.9796651450108511,0.9796651450108511
5,3,3,0.35,homogeneous,log_uniform,2.875475386442416,2.836045753561625,2.8177449547162605,2.836045753561625,0.9862876124529885,0.9935470720730152,0.9799231695745514
5,3,3,0.35,homogeneous,log_uniform,2.648563874900108,2.5742632233377583,2.563495472188919,2.563495472188919,0.9719468153037645,0.9958171522433212,0.9678813097477601
5,3,3,0.35,homogeneous,log_uniform,2.8048461328493137,2.8048461328493137,2.713319309151196,2.8048461328493137,1.0,0.9673683263312772,0.9673683263312772
5,3,3,0.35,beta_bimodal,flat,3.24133414898054,3.2356075134293643,3.2356075134293643,3.2356075134293643,0.9982332473950651,1.0,0.9982332473950651
5,3,3,0.35,beta_bimodal,flat,3.1859236476008532,3.029427555625163,3.02674125434596,3.029427555625163,0.9508788943848233,0.9991132643940553,0.950035716212231
5,3,3,0.35,beta_bimodal,flat,3.2143744293640975,3.184247612573742,3.1832750259067537,3.184247612573742,0.9906274712382168,0.9996945631165278,0.9903248970707199
5,3,3,0.35,beta_bimodal,log_uniform,2.8685227848082016,2.7832736026887654,2.77753214876502,2.7832736026887654,0.9702811556627966,0.9979371579142637,0.9682796188598985
5,3,3,0.35,beta_bimodal,log_uniform,3.2799941705363342,3.1986282389654184,3.1609419292349643,3.1986282389654184,0.9751932694570579,0.9882179775469488,0.9637035204602504
5,3,3,0.35,beta_bimodal,log_uniform,4.273787795503991,4.252753565693385,4.236911625687569,4.252753565693385,0.9950783167491998,0.9962748981898196,0.9913715487102062
6,2,2,0.35,homogeneous,flat,1.69,1.69,1.69,1.69,1.0,1.0,1.0
6,2,2,0.35,homogeneous,log_uniform,2.745034122940117,2.7061768298544178,2.6663546834229392,2.7061768298544178,0.9858445136397501,0.9852847212376654,0.9713375368052231
6,2,2,0.35,homogeneous,log_uniform,2.5867674244653194,2.5156702507448636,2.515670250744863,2.5156702507448636,0.9725150498463728,0.9999999999999998,0.9725150498463727
6,2,2,0.35,homogeneous,log_uniform,2.6410015014582706,2.6410015014582706,2.5488252070174444,2.6410015014582706,1.0,0.9650979772673626,0.9650979772673626
6,2,2,0.35,beta_bimodal,flat,2.582733043381951,2.582733043381951,2.582733043381951,2.582733043381951,1.0,1.0,1.0
6,2,2,0.35,beta_bimodal,flat,2.803969834886512,2.803969834886512,2.803969834886512,2.803969834886512,1.0,1.0,1.0
6,2,2,0.35,beta_bimodal,flat,3.0098275609463463,3.0098275609463463,3.0098275609463463,3.0098275609463463,1.0,1.0,1.0
6,2,2,0.35,beta_bimodal,log_uniform,2.1116444215022794,1.9010796677477106,1.9010796677477104,1.9010796677477104,0.900283991182205,0.9999999999999999,0.900283991182205
6,2,2,0.35,beta_bimodal,log_uniform,3.491261196983705,3.19173873904738,3.19173873904738,3.19173873904738,0.9142079492089853,1.0,0.9142079492089853
6,2,2,0.35,beta_bimodal,log_uniform,2.995290264059275,2.995290264059275,2.995290264059275,2.995290264059275,1.0,1.0,1.0
6,2,3,0.35,homogeneous,flat,1.69,1.69,1.69,1.69,1.0,1.0,1.0
6,2,3,0.35,homogeneous,log_uniform,2.2510728935411697,2.099850285559681,2.010010587962142,2.099850285559681,0.9328219852784952,0.9572161414481064,0.8929122614062436
6,2,3,0.35,homogeneous,log_uniform,2.5928028110347316,2.5928028110347316,2.5928028110347316,2.5928028110347316,1.0,1.0,1.0
6,2,3,0.35,homogeneous,log_uniform,2.988113823166045,2.988113823166045,2.988113823166045,2.988113823166045,1.0,1.0,1.0
6,2,3,0.35,beta_bimodal,flat,3.0371978413532643,3.0131071300616172,3.0131071300616172,3.0131071300616172,0.9920681125991736,1.0,0.9920681125991736
6,2,3,0.35,beta_bimodal,flat,3.1892128729046743,3.009389219233661,3.009389219233661,3.009389219233661,0.943615035798086,1.0,0.943615035798086
6,2,3,0.35,beta_bimodal,flat,3.2401715773345963,3.1934795911170353,3.1934795911170353,3.1934795911170353,0.9855896562564226,1.0,0.9855896562564226
6,2,3,0.35,beta_bimodal,log_uniform,3.878746635303904,3.405869699161311,3.405869699161311,3.405869699161311,0.8780851185693539,1.0,0.8780851185693539
6,2,3,0.35,beta_bimodal,log_uniform,4.421479687887272,4.251016902584721,4.251016902584721,4.251016902584721,0.961446665520247,1.0,0.961446665520247
6,2,3,0.35,beta_bimodal,log_uniform,3.610590277815539,3.1714159085232647,3.1714159085232647,3.1714159085232647,0.878364938832666,1.0,0.878364938832666
6,3,2,0.35,homogeneous,flat,2.535,2.535,2.535,2.535,1.0,1.0,1.0
6,3,2,0.35,homogeneous,log_uniform,3.146833470649638,3.146833470649638,3.146833470649638,3.146833470649638,1.0,1.0,1.0
6,3,2,0.35,homogeneous,log_uniform,2.808693313642142,2.808693313642142,2.686571457539126,2.7169918886098596,1.0,0.9565200459908327,0.9565200459908327
6,3,2,0.35,homogeneous,log_uniform,2.9428759959126443,2.9428759959126443,2.9428759959126443,2.9428759959126443,1.0,1.0,1.0
6,3,2,0.35,beta_bimodal,flat,3.5845916618099554,3.5836036438794867,3.5836036438794867,3.5836036438794867,0.9997243708562414,1.0,0.9997243708562414
6,3,2,0.35,beta_bimodal,flat,3.767585599280256,3.720353883795415,3.720353883795415,3.720353883795415,0.9874636649280473,1.0,0.9874636649280473
6,3,2,0.35,beta_bimodal,flat,3.638419164165427,3.6311745437346366,3.631174543734637,3.631174543734637,0.9980088549164038,1.0000000000000002,0.9980088549164039
6,3,2,0.35,beta_bimodal,log_uniform,3.6632943932193194,3.6632943932193194,3.6632943932193194,3.6632943932193194,1.0,1.0,1.0
6,3,2,0.35,beta_bimodal,log_uniform,3.3791041010269844,3.371550381064706,3.3365781492502196,3.3420152885363876,0.9977645790906582,0.9896272551610388,0.9874150217023973
6,3,2,0.35,beta_bimodal,log_uniform,3.8839895579603674,3.8839895579603674,3.883989518937635,3.8839895579603674,1.0,0.9999999899529256,0.9999999899529256
6,3,3,0.35,homogeneous,flat,2.535,2.4970643750000003,2.3400000000000003,2.3400000000000003,0.9850352564102565,0.9371003901331139,0.9230769230769231
6,3,3,0.35,homogeneous,log_uniform,2.6226515043817464,2.6024325760126583,2.6024325760126583,2.6024325760126583,0.9922906538153057,1.0,0.9922906538153057
6,3,3,0.35,homogeneous,log_uniform,3.153686386453006,3.1025645613961976,3.0556536162472683,3.1025645613961976,0.9837898196610774,0.9848799455351805,0.9689148640058669
6,3,3,0.35,homogeneous,log_uniform,3.2171882614583045,3.1619853311174557,3.111727706010534,3.1619853311174557,0.9828412496084932,0.9841056741749146,0.9672196505528816
6,3,3,0.35,beta_bimodal,flat,3.722291788097144,3.614674549037715,3.614674549037715,3.614674549037715,0.9710884462621767,1.0,0.9710884462621767
6,3,3,0.35,beta_bimodal,flat,3.730616882943842,3.6835075527534205,3.683507552753421,3.683507552753421,0.9873722411953362,1.0000000000000002,0.9873722411953363
6,3,3,0.35,beta_bimodal,flat,3.854601119367788,3.83661019572469,3.83661019572469,3.83661019572469,0.9953326107978591,1.0,0.9953326107978591
6,3,3,0.35,beta_bimodal,log_uniform,2.705764025857472,2.627574649548283,2.5634066152570685,2.5920603555615687,0.9711026624783325,0.9755789871460947,0.9473873518754875
6,3,3,0.35,beta_bimodal,log_uniform,3.950389319848424,3.7387509048595207,3.7387509048595207,3.7387509048595207,0.9464259347995038,1.0,0.9464259347995038
6,3,3,0.35,beta_bimodal,log_uniform,2.5236931170483987,2.3628324844821407,2.2538314855080817,2.3628324844821407,0.9362598283128839,0.9538685032942787,0.893068761127369
4,2,2,0.4,homogeneous,flat,1.4399999999999995,1.4399999999999997,1.4399999999999995,1.4399999999999995,1.0000000000000002,0.9999999999999999,1.0
4,2,2,0.4,homogeneous,log_uniform,1.5632699986544685,1.5117051362032374,1.5117051362032374,1.5117051362032374,0.9670147431373891,1.0,0.9670147431373891
4,2,2,0.4,homogeneous,log_uniform,1.4438079598650668,1.4438079598650668,1.4438079598650668,1.4438079598650668,1.0,1.0,1.0
4,2,2,0.4,homogeneous,log_uniform,1.7198183025187608,1.7198183025187608,1.607347084248439,1.7198183025187608,1.0,0.934602848390669,0.934602848390669
4,2,2,0.4,beta_bimodal,flat,2.385368148100002,2.385368148100002,2.385368148100002,2.385368148100002,1.0,1.0,1.0
4,2,2,0.4,beta_bimodal,flat,2.191917874826492,2.191917874826492,2.191917874826492,2.191917874826492,1.0,1.0,1.0
4,2,2,0.4,beta_bimodal,flat,2.25745870314722,2.25745870314722,2.25745870314722,2.25745870314722,1.0,1.0,1.0
4,2,2,0.4,beta_bimodal,log_uniform,2.7323629327263284,2.7323629327263284,2.7323629327263284,2.7323629327263284,1.0,1.0,1.0
4,2,2,0.4,beta_bimodal,log_uniform,2.111407260534037,1.8069945885560257,1.8069945885560257,1.8069945885560257,0.8558247488923495,1.0,0.8558247488923495
4,2,2,0.4,beta_bimodal,log_uniform,1.977909405208483,1.9143305254603875,1.9143305254603875,1.9143305254603875,0.9678555147264726,1.0,0.9678555147264726
4,2,3,0.4,homogeneous,flat,1.4399999999999995,1.32,1.32,1.32,0.9166666666666671,1.0,0.9166666666666671
4,2,3,0.4,homogeneous,log_uniform,1.6572257788292817,1.6572257788292815,1.6572257788292817,1.6572257788292817,0.9999999999999999,1.0000000000000002,1.0
4,2,3,0.4,homogeneous,log_uniform,1.8602190369606575,1.8602190369606575,1.8602190369606575,1.8602190369606575,1.0,1.0,1.0
4,2,3,0.4,homogeneous,log_uniform,1.6711111339959726,1.6711111339959726,1.6711111339959723,1.6711111339959726,1.0,0.9999999999999999,0.9999999999999999
4,2,3,0.4,beta_bimodal,flat,2.1843522728688094,1.8706379417519658,1.67213435971904,1.8706379417519656,0.8563810723144815,0.8938845526424983,0.7655058117173333
4,2,3,0.4,beta_bimodal,flat,2.3872898760722676,1.994651767749452,1.7840526270966508,1.994651767749452,0.8355297727945754,0.8944180913892462,0.7473129446818148
4,2,3,0.4,beta_bimodal,flat,2.229073091589434,1.9685384114156312,1.9672985719750584,1.9685384114156312,0.8831197231006772,0.9993701725943558,0.8825635100966035
4,2,3,0.4,beta_bimodal,log_uniform,0.7350075667276413,0.6189087686076928,0.6170057755124133,0.6189087686076928,0.8420440776727824,0.9969252445727008,0.839454998074933
4,2,3,0.4,beta_bimodal,log_uniform,2.0601502863034225,2.0180791977049557,2.0180791977049557,2.0180791977049557,0.9795786312881299,1.0,0.9795786312881299
4,2,3,0.4,beta_bimodal,log_uniform,1.2439462946374926,1.2439462946374926,1.139242327916557,1.2439462946374926,1.0,0.9158291903980886,0.9158291903980886
4,3,2,0.4,homogeneous,flat,1.9968,1.9968000000000001,1.8047999999999995,1.92,1.0000000000000002,0.9038461538461535,0.9038461538461536
4,3,2,0.4,homogeneous,log_uniform,2.295246835884816,2.295246835884816,2.266199635769377,2.275293852243829,1.0,0.987344629056316,0.987344629056316
4,3,2,0.4,homogeneous,log_uniform,2.2274512567317877,2.2274512567317877,2.194584829442604,2.194584829442604,1.0,0.9852448276074032,0.9852448276074032
4,3,2,0.4,homogeneous,log_uniform,2.2016327633705135,2.2016327633705135,2.175412296577726,2.2016327633705135,1.0,0.9880904448602744,0.9880904448602744
4,3,2,0.4,beta_bimodal,flat,2.3855355501916735,2.3855355501916735,2.3855355501916735,2.3855355501916735,1.0,1.0,1.0
4,3,2,0.4,beta_bimodal,flat,2.337887411296969,2.337887411296969,2.337887411296969,2.337887411296969,1.0,1.0,1.0
4,3,2,0.4,beta_bimodal,flat,2.3591291616483816,2.3591291616483816,2.3591291616483816,2.3591291616483816,1.0,1.0,1.0
4,3,2,0.4,beta_bimodal,log_uniform,2.456039361873295,2.456039361873295,2.456039361873295,2.456039361873295,1.0,1.0,1.0
4,3,2,0.4,beta_bimodal,log_uniform,2.0025496118727215,1.9950389177754848,1.9676006211407575,1.9950389177754848,0.9962494341949346,0.9862467361462193,0.982547752862272
4,3,2,0.4,beta_bimodal,log_uniform,2.696445667209816,2.696445667209816,2.696445667209816,2.696445667209816,1.0,1.0,1.0
4,3,3,0.4,homogeneous,flat,1.9968,1.9679999999999997,1.9199999999999997,1.92,0.985576923076923,0.975609756097561,0.9615384615384615
4,3,3,0.4,homogeneous,log_uniform,2.2732776185148884,2.2732776185148884,2.1495366312461344,2.2732776185148884,1.0,0.9455671466340336,0.9455671466340336
4,3,3,0.4,homogeneous,log_uniform,2.285980233915577,2.285980233915577,2.2859802339155766,2.2859802339155766,1.0,0.9999999999999998,0.9999999999999998
4,3,3,0.4,homogeneous,log_uniform,2.122241716324727,2.053438110681611,2.041610425431584,2.053438110681611,0.967579750641096,0.9942400575948692,0.9620065470050324
4,3,3,0.4,beta_bimodal,flat,2.317064570092103,2.167759181753539,2.088129811436629,2.166325101668675,0.9355626984824902,0.963266505344705,0.9011962110980903
4,3,3,0.4,beta_bimodal,flat,2.3644678405430817,2.268480789568037,2.209504391552916,2.2678480992918035,0.9594043744942634,0.9740018084850737,0.9344615958259034
4,3,3,0.4,beta_bimodal,flat,2.2802505736850907,2.1529180904355925,2.0757506975937927,2.143259627472748,0.9441585566433089,0.9641568375570727,0.9103169281256631
4,3,3,0.4,beta_bimodal,log_uniform,1.6721376458528123,1.615259326857137,1.6019683176034984,1.615259326857137,0.9659846669102012,0.9917715941752219,0.958036153050351
4,3,3,0.4,beta_bimodal,log_uniform,2.097427925747411,2.097427925747411,2.09399643518628,2.097427925747411,1.0,0.9983639530498251,0.9983639530498251
4,3,3,0.4,beta_bimodal,log_uniform,2.2500999097021994,2.2500999097021994,2.163099177159164,2.246267487345989,1.0,0.961334724663604,0.961334724663604
5,2,2,0.4,homogeneous,flat,1.4399999999999995,1.4399999999999997,1.4399999999999995,1.4399999999999995,1.0000000000000002,0.9999999999999999,1.0
5,2,2,0.4,homogeneous,log_uniform,1.8623596412150183,1.8199361716060425,1.7812537036153964,1.8199361716060425,0.9772205815299464,0.978745151289284,0.9564499059125294
5,2,2,0.4,homogeneous,log_uniform,1.9277274028731013,1.9277274028731013,1.927727402873101,1.9277274028731013,1.0,0.9999999999999999,0.9999999999999999
5,2,2,0.4,homogeneous,log_uniform,1.7083656082439065,1.6842515400798124,1.6842515400798124,1.6842515400798124,0.9858847145788179,1.0,0.9858847145788179
5,2,2,0.4,beta_bimodal,flat,2.7142860296712024,2.7142860296712024,2.7142860296712024,2.7142860296712024,1.0,1.0,1.0
5,2,2,0.4,beta_bimodal,flat,2.4704668519318735,2.4704668519318735,2.4704668519318735,2.4704668519318735,1.0,1.0,1.0
5,2,2,0.4,beta_bimodal,flat,2.761175848469394,2.761175848469394,2.761175848469394,2.761175848469394,1.0,1.0,1.0
5,2,2,0.4,beta_bimodal,log_uniform,2.0944836484620275,2.0944836484620275,1.9272707689620323,2.0944836484620275,1.0,0.9201651062672277,0.9201651062672277
5,2,2,0.4,beta_bimodal,log_uniform,1.5454124152780702,1.5454124152780702,1.5454124152780702,1.5454124152780702,1.0,1.0,1.0
5,2,2,0.4,beta_bimodal,log_uniform,2.46186968944116,2.46186968944116,2.46186968944116,2.46186968944116,1.0,1.0,1.0
5,2,3,0.4,homogeneous,flat,1.4399999999999995,1.4399999999999997,1.4399999999999995,1.4399999999999995,1.0000000000000002,0.9999999999999999,1.0
5,2,3,0.4,homogeneous,log_uniform,1.9843499474443576,1.9843499474443576,1.9843499474443576,1.9843499474443576,1.0,1.0,1.0
5,2,3,0.4,homogeneous,log_uniform,2.0115989054140075,2.0115989054140075,2.011598905414007,2.0115989054140075,1.0,0.9999999999999998,0.9999999999999998
5,2,3,0.4,homogeneous,log_uniform,1.653674986302589,1.653674986302589,1.653674986302589,1.653674986302589,1.0,1.0,1.0
5,2,3,0.4,beta_bimodal,flat,2.531988235471452,2.4484722718462804,2.4484722718462804,2.4484722718462804,0.9670156588979487,1.0,0.9670156588979487
5,2,3,0.4,beta_bimodal,flat,2.5722592357679464,2.4044776805321844,2.4044776805321844,2.4044776805321844,0.9347726881868224,1.0,0.9347726881868224
5,2,3,0.4,beta_bimodal,flat,2.839719480991347,2.5738881143823384,2.5738881143823384,2.5738881143823384,0.9063881596796995,1.0,0.9063881596796995
5,2,3,0.4,beta_bimodal,log_uniform,3.390461527719032,3.3740823658209527,3.207261251822652,3.3740823658209527,0.995169046525327,0.9505580789348302,0.9459659770805215
5,2,3,0.4,beta_bimodal,log_uniform,4.031793148539859,3.89345686733194,3.8303241799778194,3.89345686733194,0.9656886461900908,0.9837849269928131,0.950029934289907
5,2,3,0.4,beta_bimodal,log_uniform,2.720116702917116,2.467849099717858,2.4337760004722035,2.467849099717858,0.9072585367647203,0.9861931998801912,0.8947321994906197
5,3,2,0.4,homogeneous,flat,2.0592,2.0591999999999997,2.04,2.0591999999999997,0.9999999999999998,0.9906759906759909,0.9906759906759907
5,3,2,0.4,homogeneous,log_uniform,2.632897144392711,2.632897144392711,2.632897144392711,2.632897144392711,1.0,1.0,1.0
5,3,2,0.4,homogeneous,log_uniform,2.485931696745801,2.485931696745801,2.45979978739386,2.485931696745801,1.0,0.9894880823209469,0.9894880823209469
5,3,2,0.4,homogeneous,log_uniform,2.5560466877685006,2.546571448527418,2.5304342358625647,2.546571448527418,0.9962930101056351,0.9936631612381484,0.9899796619410358
5,3,2,0.4,beta_bimodal,flat,2.7007040464311074,2.7007040464311074,2.593762568080716,2.648471237755921,1.0,0.9604023704516195,0.9604023704516195
5,3,2,0.4,beta_bimodal,flat,2.899170108405593,2.899170108405593,2.898130215069294,2.899170108405593,1.0,0.9996413134457739,0.9996413134457739
5,3,2,0.4,beta_bimodal,flat,2.6662239150576337,2.6662239150576337,2.6662239150576337,2.6662239150576337,1.0,1.0,1.0
5,3,2,0.4,beta_bimodal,log_uniform,3.3522247114463375,3.3522247114463375,3.1553601717791273,3.181077879243199,1.0,0.9412734656495412,0.9412734656495412
5,3,2,0.4,beta_bimodal,log_uniform,2.920364171951943,2.9125282193728577,2.8631789072948677,2.9125282193728577,0.9973167892366492,0.9830561943572804,0.9804184473956022
5,3,2,0.4,beta_bimodal,log_uniform,2.4772063219150025,2.40952373566455,2.402953115580737,2.40952373566455,0.9726778566437169,0.997273062727477,0.9700254251422772
5,3,3,0.4,homogeneous,flat,2.11296,2.11296,2.0399999999999996,2.04,1.0,0.9654702407996363,0.9654702407996363
5,3,3,0.4,homogeneous,log_uniform,2.4330691071544432,2.3825223534554887,2.3276272622175993,2.3647629368220335,0.9792251056288036,0.9769592544815907,0.956663029164773
5,3,3,0.4,homogeneous,log_uniform,2.5926662191216403,2.5085993624688743,2.4695373806148666,2.5085993624688743,0.9675751332613703,0.9844287683245027,0.9525087966979073
5,3,3,0.4,homogeneous,log_uniform,2.624044802797323,2.578654725977412,2.5786547259774117,2.5786547259774117,0.9827022477773537,0.9999999999999998,0.9827022477773536
5,3,3,0.4,beta_bimodal,flat,2.9069893960776154,2.7958242434292826,2.706293481526915,2.7958242434292826,0.9617593539218522,0.9679769706150942,0.9309609058700047
5,3,3,0.4,beta_bimodal,flat,2.901961047504084,2.69530685196824,2.6875001840525337,2.69530685196824,0.9287880877265452,0.997103606993762,0.9260979524049768
5,3,3,0.4,beta_bimodal,flat,2.933650192027258,2.8635851571277633,2.7990881503004177,2.8635851571277633,0.9761167725143544,0.9774768329599678,0.9541315313964365
5,3,3,0.4,beta_bimodal,log_uniform,3.81742151076447,3.81742151076447,3.787058307222961,3.809106876713394,1.0,0.992046148570209,0.992046148570209
5,3,3,0.4,beta_bimodal,log_uniform,2.8284447423262846,2.8030697633488617,2.7896128868167462,2.7902075044455534,0.9910286460266666,0.9951992359562116,0.9862709513364576
5,3,3,0.4,beta_bimodal,log_uniform,2.478445565355029,2.303851925049978,2.2401404889664853,2.303851925049978,0.9295551846102212,0.9723456896726944,0.9038489770686543
6,2,2,0.4,homogeneous,flat,1.4399999999999995,1.4399999999999997,1.4399999999999995,1.4399999999999995,1.0000000000000002,0.9999999999999999,1.0
6,2,2,0.4,homogeneous,log_uniform,2.0749117509826647,2.0143244176398136,2.0143244176398136,2.0143244176398136,0.970800043272126,1.0,0.970800043272126
6,2,2,0.4,homogeneous,log_uniform,2.1627506344519616,2.1627506344519616,2.162750634451961,2.1627506344519616,1.0,0.9999999999999998,0.9999999999999998
6,2,2,0.4,homogeneous,log_uniform,2.270903944241944,2.2529224093918603,2.210921288231636,2.2529224093918603,0.9920817721525927,0.98135704941052,0.9735864406936283
6,2,2,0.4,beta_bimodal,flat,2.6447828312998887,2.6447828312998887,2.6447828312998887,2.6447828312998887,1.0,1.0,1.0
6,2,2,0.4,beta_bimodal,flat,2.7247037513958254,2.7247037513958254,2.7247037513958254,2.7247037513958254,1.0,1.0,1.0
6,2,2,0.4,beta_bimodal,flat,1.936890138893706,1.936890138893706,1.936890138893706,1.936890138893706,1.0,1.0,1.0
6,2,2,0.4,beta_bimodal,log_uniform,2.678477907039022,2.373158973297079,2.373158973297079,2.373158973297079,0.8860102848190134,1.0,0.8860102848190134
6,2,2,0.4,beta_bimodal,log_uniform,3.956654986273403,3.956654986273403,3.956654986273403,3.956654986273403,1.0,1.0,1.0
6,2,2,0.4,beta_bimodal,log_uniform,4.394342478377017,4.388733231881987,4.388733231881987,4.388733231881987,0.9987235299654883,1.0,0.9987235299654883
6,2,3,0.4,homogeneous,flat,1.4399999999999995,1.4399999999999997,1.4399999999999995,1.4399999999999995,1.0000000000000002,0.9999999999999999,1.0
6,2,3,0.4,homogeneous,log_uniform,2.114691701181595,2.114691701181595,2.1146917011815947,2.114691701181595,1.0,0.9999999999999998,0.9999999999999998
6,2,3,0.4,homogeneous,log_uniform,1.899145029185254,1.899145029185254,1.899145029185254,1.899145029185254,1.0,1.0,1.0
6,2,3,0.4,homogeneous,log_uniform,2.4677924133827207,2.4677924133827207,2.46779241338272,2.4677924133827207,1.0,0.9999999999999997,0.9999999999999997
6,2,3,0.4,beta_bimodal,flat,2.8419917019870287,2.586335791837604,2.586335791837604,2.586335791837604,0.9100434002074396,1.0,0.9100434002074396
6,2,3,0.4,beta_bimodal,flat,2.8015733499670414,2.378815949448358,2.378815949448358,2.378815949448358,0.8491000064218712,1.0,0.8491000064218712
6,2,3,0.4,beta_bimodal,flat,3.1339529787959215,3.0621821840797625,3.0621821840797625,3.0621821840797625,0.9770989561101412,1.0,0.9770989561101412
6,2,3,0.4,beta_bimodal,log_uniform,3.3695852251148986,3.3074895996494815,3.3074895996494815,3.3074895996494815,0.9815717302525566,1.0,0.9815717302525566
6,2,3,0.4,beta_bimodal,log_uniform,3.264176769658564,3.264176769658564,3.264176769658564,3.264176769658564,1.0,1.0,1.0
6,2,3,0.4,beta_bimodal,log_uniform,2.9001716657225884,2.7089028816865226,2.7089028816865226,2.7089028816865226,0.9340491508496928,1.0,0.9340491508496928
6,3,2,0.4,homogeneous,flat,2.16,2.16,2.16,2.16,1.0,1.0,1.0
6,3,2,0.4,homogeneous,log_uniform,2.8478916224231643,2.845316638832342,2.784170893340085,2.845316638832342,0.9990958280959332,0.9785100383353643,0.9776252970508542
6,3,2,0.4,homogeneous,log_uniform,2.6414805700966246,2.6414805700966246,2.6414805700966246,2.6414805700966246,1.0,1.0,1.0
6,3,2,0.4,homogeneous,log_uniform,3.0608987513183417,3.0565445945124066,3.0547745691771455,3.0547745691771464,0.9985774907438347,0.9994209064253671,0.9979992209351719
6,3,2,0.4,beta_bimodal,flat,3.4289802391398654,3.4287286008775886,3.428728600877589,3.428728600877589,0.9999266142570888,1.0000000000000002,0.9999266142570891
6,3,2,0.4,beta_bimodal,flat,3.0271416629706676,3.0271416629706676,3.0055224762195594,3.017532360506297,1.0,0.9928582176990381,0.9928582176990381
6,3,2,0.4,beta_bimodal,flat,3.474133503376139,3.474133503376139,3.424748416283571,3.427883629425407,1.0,0.9857849195937415,0.9857849195937415
6,3,2,0.4,beta_bimodal,log_uniform,3.1758718225069513,3.0940886769556117,3.0940886769556117,3.0940886769556117,0.9742486000310988,1.0,0.9742486000310988
6,3,2,0.4,beta_bimodal,log_uniform,2.9777100759834836,2.9777100759834836,2.956592348765965,2.967128419552205,1.0,0.9929080646944637,0.9929080646944637
6,3,2,0.4,beta_bimodal,log_uniform,2.2859351385329547,2.285227104640227,2.285227104640227,2.285227104640227,0.9996902650994804,1.0,0.9996902650994804
6,3,3,0.4,homogeneous,flat,2.1811200000000004,2.1811200000000004,2.04,2.04,1.0,0.9352992957746478,0.9352992957746478
6,3,3,0.4,homogeneous,log_uniform,2.509597692024023,2.4358021738304103,2.3342832173726893,2.4358021738304103,0.9705946819969796,0.9583221669032023,0.93014239883607
6,3,3,0.4,homogeneous,log_uniform,2.716136495400621,2.604143524522401,2.5930138335528827,2.5930138335528827,0.958767546819586,0.9957261606878755,0.9546699283867992
6,3,3,0.4,homogeneous,log_uniform,3.094111903268037,3.0614888740887003,3.036917186200592,3.0614888740887003,0.9894564158636667,0.9919739417980337,0.981514981081636
6,3,3,0.4,beta_bimodal,flat,3.3380941788534035,3.1942266928543748,3.1942266928543748,3.1942266928543748,0.9569013100617654,1.0,0.9569013100617654
6,3,3,0.4,beta_bimodal,flat,3.4829205293819183,3.4273751614148975,3.4273751614148975,3.4273751614148975,0.9840520713870902,1.0,0.9840520713870902
6,3,3,0.4,beta_bimodal,flat,2.886380069877297,2.735053430535675,2.735053430535675,2.735053430535675,0.9475721714818884,1.0,0.9475721714818884
6,3,3,0.4,beta_bimodal,log_uniform,4.073181418625891,4.050825041689447,4.050187756929514,4.050825041689447,0.9945113230571532,0.999842677787025,0.9943548643349811
6,3,3,0.4,beta_bimodal,log_uniform,3.6660855450511383,3.6660855450511387,3.6432245807766312,3.6660855450511383,1.0000000000000002,0.9937642032643326,0.9937642032643327
6,3,3,0.4,beta_bimodal,log_uniform,2.7391013909336803,2.430383512806006,2.340257881375699,2.3622524143847485,0.8872922779895923,0.9629171153624835,0.8543889208051451
4,2,2,0.45,homogeneous,flat,1.2100000000000002,1.2100000000000002,1.2100000000000002,1.2100000000000002,1.0,1.0,1.0
4,2,2,0.45,homogeneous,log_uniform,1.7710415379368465,1.7710415379368463,1.7710415379368465,1.7710415379368465,0.9999999999999999,1.0000000000000002,1.0
4,2,2,0.45,homogeneous,log_uniform,1.769175998426573,1.7566578472262344,1.7510988864139283,1.7566578472262344,0.9929243041893675,0.99683549029136,0.9897821855888156
4,2,2,0.45,homogeneous,log_uniform,1.521026371744168,1.498777138687472,1.498777138687472,1.498777138687472,0.9853722239995203,1.0,0.9853722239995203
4,2,2,0.45,beta_bimodal,flat,1.8494597391595855,1.8494597391595857,1.8494597391595855,1.8494597391595855,1.0000000000000002,0.9999999999999999,1.0
4,2,2,0.45,beta_bimodal,flat,1.4892166298668874,1.4892166298668874,1.4892166298668874,1.4892166298668874,1.0,1.0,1.0
4,2,2,0.45,beta_bimodal,flat,1.9045245133809297,1.9045245133809297,1.9045245133809297,1.9045245133809297,1.0,1.0,1.0
4,2,2,0.45,beta_bimodal,log_uniform,2.5352287385240277,2.5352287385240277,2.5352287385240277,2.5352287385240277,1.0,1.0,1.0
4,2,2,0.45,beta_bimodal,log_uniform,2.121702382390339,2.121702382390339,2.0095669162429735,2.121702382390339,1.0,0.9471483526256722,0.9471483526256722
4,2,2,0.45,beta_bimodal,log_uniform,1.8864442253131868,1.8864442253131868,1.8864442253131868,1.8864442253131868,1.0,1.0,1.0
4,2,3,0.45,homogeneous,flat,1.2100000000000002,1.155,1.155,1.155,0.9545454545454545,1.0,0.9545454545454545
4,2,3,0.45,homogeneous,log_uniform,1.728581906975132,1.728581906975132,1.728581906975132,1.728581906975132,1.0,1.0,1.0
4,2,3,0.45,homogeneous,log_uniform,1.7099794076360302,1.7099794076360302,1.7099794076360302,1.7099794076360302,1.0,1.0,1.0
4,2,3,0.45,homogeneous,log_uniform,1.6691830276791768,1.6691830276791768,1.6691830276791768,1.6691830276791768,1.0,1.0,1.0
4,2,3,0.45,beta_bimodal,flat,1.965272514959858,1.8063945465120663,1.806394546512066,1.8063945465120663,0.9191572836650408,0.9999999999999999,0.9191572836650407
4,2,3,0.45,beta_bimodal,flat,2.0051723131131505,1.7080943244483688,1.6586693468315488,1.7080943244483688,0.8518441598649693,0.9710642574538254,0.8271954165656541
4,2,3,0.45,beta_bimodal,flat,1.9936613263021223,1.7417630617308184,1.7417630617308182,1.7417630617308184,0.8736504233452081,0.9999999999999999,0.873650423345208
4,2,3,0.45,beta_bimodal,log_uniform,2.4511039927445384,2.243290223078645,2.2394611233447996,2.243290223078645,0.915216257539036,0.9982930876734307,0.9136540636275661
4,2,3,0.45,beta_bimodal,log_uniform,1.0993562336424918,0.9094793279675082,0.909479327967508,0.9094793279675082,0.8272835502593501,0.9999999999999998,0.8272835502593499
4,2,3,0.45,beta_bimodal,log_uniform,2.1028394381634965,2.0471581453545173,2.0471581453545173,2.0471581453545173,0.9735209014067151,1.0,0.9735209014067151
4,3,2,0.45,homogeneous,flat,1.8052375,1.8052375,1.5824875000000005,1.705,1.0,0.8766090334374288,0.8766090334374288
4,3,2,0.45,homogeneous,log_uniform,2.0166286152168755,2.0166286152168755,2.016628615216875,2.016628615216875,1.0,0.9999999999999998,0.9999999999999998
4,3,2,0.45,homogeneous,log_uniform,2.05361969445647,2.05361969445647,2.016451027531623,2.016451027531623,1.0,0.9819009006267423,0.9819009006267423
4,3,2,0.45,homogeneous,log_uniform,2.0947425634152763,2.0947425634152763,2.0947425634152763,2.0947425634152763,1.0,1.0,1.0
4,3,2,0.45,beta_bimodal,flat,2.1815943184788975,2.1815943184788975,2.1815943184788975,2.1815943184788975,1.0,1.0,1.0
4,3,2,0.45,beta_bimodal,flat,2.1999540261798805,2.1999540261798805,2.1999540261798805,2.1999540261798805,1.0,1.0,1.0
4,3,2,0.45,beta_bimodal,flat,2.195617711065285,2.195617711065285,2.1741641023898324,2.195617711065285,1.0,0.9902288961473883,0.9902288961473883
4,3,2,0.45,beta_bimodal,log_uniform,1.2347524150635305,1.2347524150635305,1.2347524150635305,1.2347524150635305,1.0,1.0,1.0
4,3,2,0.45,beta_bimodal,log_uniform,2.352936708298009,2.352936708298009,2.350252053707713,2.352936708298009,1.0,0.9988590196324331,0.9988590196324331
4,3,2,0.45,beta_bimodal,log_uniform,1.183855161411738,1.1789158557029629,1.1789158557029629,1.1789158557029629,0.9958277787099521,1.0,0.9958277787099521
4,3,3,0.45,homogeneous,flat,1.8052375,1.7916250000000002,1.705,1.705,0.9924594409322874,0.9516500383729853,0.9444740650468428
4,3,3,0.45,homogeneous,log_uniform,2.0135923332229972,2.0059627566959355,2.0059627566959355,2.0059627566959355,0.9962109626654916,1.0,0.9962109626654916
4,3,3,0.45,homogeneous,log_uniform,2.048675526645,2.0008000454613875,1.9899689198315995,2.0008000454613875,0.9766310083949626,0.9945866026670894,0.9713441166988797
4,3,3,0.45,homogeneous,log_uniform,2.10521850474889,2.075497266447518,2.0743452523303487,2.075497266447518,0.9858821123630029,0.9994449454905131,0.9853348940507133
4,3,3,0.45,beta_bimodal,flat,2.135166647275065,2.1351666472750646,1.958106254099444,2.135166647275064,0.9999999999999998,0.9170742043008269,0.9170742043008266
4,3,3,0.45,beta_bimodal,flat,2.1752264231411083,2.152829720278494,2.1374051744846763,2.1526334101873283,0.9897037372181822,0.9928352225684518,0.9826127302178425
4,3,3,0.45,beta_bimodal,flat,2.1994765727970305,2.1994765727970305,2.1501069680364915,2.1994765727970305,1.0,0.9775539301617764,0.9775539301617764
4,3,3,0.45,beta_bimodal,log_uniform,2.4806588620045145,2.479226715708423,2.478909918660904,2.479226715708423,0.99942267503282,0.9998722194119999,0.9992949682157436
4,3,3,0.45,beta_bimodal,log_uniform,2.654015452621551,2.654015452621551,2.6540154526215507,2.6540154526215507,1.0,0.9999999999999998,0.9999999999999998
4,3,3,0.45,beta_bimodal,log_uniform,1.7604742784532794,1.7412984313624997,1.7412984313624995,1.7412984313624995,0.9891075675881915,0.9999999999999999,0.9891075675881914
5,2,2,0.45,homogeneous,flat,1.2100000000000002,1.2100000000000002,1.2100000000000002,1.2100000000000002,1.0,1.0,1.0
5,2,2,0.45,homogeneous,log_uniform,1.933236456101033,1.9332364561010327,1.933236456101033,1.933236456101033,0.9999999999999999,1.0000000000000002,1.0
5,2,2,0.45,homogeneous,log_uniform,1.9866109991335608,1.986260677025956,1.9742529134677151,1.986260677025956,0.9998236584274639,0.9939545882888744,0.9937793127737461
5,2,2,0.45,homogeneous,log_uniform,1.8676883816149947,1.8676883816149947,1.714652916996589,1.8676883816149947,1.0,0.9180615641641056,0.9180615641641056
5,2,2,0.45,beta_bimodal,flat,2.594643893953246,2.594643893953246,2.594643893953246,2.594643893953246,1.0,1.0,1.0
5,2,2,0.45,beta_bimodal,flat,2.0493845277341256,2.0493845277341256,2.0493845277341256,2.0493845277341256,1.0,1.0,1.0
5,2,2,0.45,beta_bimodal,flat,1.7445410366124012,1.7445410366124012,1.7445410366124012,1.7445410366124012,1.0,1.0,1.0
5,2,2,0.45,beta_bimodal,log_uniform,2.225966671578571,2.225966671578571,2.225966671578571,2.225966671578571,1.0,1.0,1.0
5,2,2,0.45,beta_bimodal,log_uniform,2.5277617056295365,2.5277617056295365,2.5277617056295365,2.5277617056295365,1.0,1.0,1.0
5,2,2,0.45,beta_bimodal,log_uniform,3.856482166680032,3.856482166680032,3.856482166680032,3.856482166680032,1.0,1.0,1.0
5,2,3,0.45,homogeneous,flat,1.2100000000000002,1.2100000000000002,1.2100000000000002,1.2100000000000002,1.0,1.0,1.0
5,2,3,0.45,homogeneous,log_uniform,1.771482629266497,1.771482629266497,1.771482629266497,1.771482629266497,1.0,1.0,1.0
5,2,3,0.45,homogeneous,log_uniform,2.171895061373581,2.1718950613735806,2.171895061373581,2.171895061373581,0.9999999999999998,1.0000000000000002,1.0
5,2,3,0.45,homogeneous,log_uniform,1.584652421348085,1.584652421348085,1.584652421348085,1.584652421348085,1.0,1.0,1.0
5,2,3,0.45,beta_bimodal,flat,2.2172528980123234,2.1637362163288083,2.1637362163288083,2.1637362163288083,0.9758635193434675,1.0,0.9758635193434675
5,2,3,0.45,beta_bimodal,flat,2.18341257955158,2.0687222790448088,2.0687222790448088,2.0687222790448088,0.9474719979261428,1.0,0.9474719979261428
5,2,3,0.45,beta_bimodal,flat,2.4999455773459145,2.081973255273258,2.081973255273258,2.081973255273258,0.83280743154561,1.0,0.83280743154561
5,2,3,0.45,beta_bimodal,log_uniform,3.1256035697098583,2.8355418522018137,2.660081057950882,2.8355418522018137,0.9071981743561387,0.9381208942076853,0.8510615625505605
5,2,3,0.45,beta_bimodal,log_uniform,2.518873905344003,2.518873905344003,2.518873905344003,2.518873905344003,1.0,1.0,1.0
5,2,3,0.45,beta_bimodal,log_uniform,2.613360657573378,2.2240874563298725,2.2240874563298725,2.2240874563298725,0.8510449753211777,1.0,0.8510449753211777
5,3,2,0.45,homogeneous,flat,1.8330125000000004,1.8330125000000004,1.7600000000000005,1.8330125000000004,1.0,0.9601680294051459,0.9601680294051459
5,3,2,0.45,homogeneous,log_uniform,2.5556244624384257,2.5556244624384257,2.5155937820836836,2.5556244624384257,1.0,0.9843362430814474,0.9843362430814474
5,3,2,0.45,homogeneous,log_uniform,2.2101351842054533,2.2101351842054533,2.1493651230865467,2.2101351842054533,1.0,0.9725039167046456,0.9725039167046456
5,3,2,0.45,homogeneous,log_uniform,2.1958571900444075,2.1958571900444075,2.1935858292325867,2.1958571900444075,1.0,0.9989656154224789,0.9989656154224789
5,3,2,0.45,beta_bimodal,flat,2.7042953601350783,2.7042953601350783,2.704295360135078,2.7042953601350783,1.0,0.9999999999999999,0.9999999999999999
5,3,2,0.45,beta_bimodal,flat,2.7425325457177627,2.7425325457177627,2.7425325457177627,2.7425325457177627,1.0,1.0,1.0
5,3,2,0.45,beta_bimodal,flat,2.3956077884694538,2.3956077884694538,2.3956077884694533,2.3956077884694538,1.0,0.9999999999999998,0.9999999999999998
5,3,2,0.45,beta_bimodal,log_uniform,2.455102288633683,2.4257594643905027,2.4087938483593225,2.419206456985952,0.9880482274082723,0.9930060600483144,0.9811378774364093
5,3,2,0.45,beta_bimodal,log_uniform,1.9299752710199427,1.8461595085457503,1.8425752578180643,1.8461595085457505,0.9565715873499778,0.9980585368105547,0.9547144388250686
5,3,2,0.45,beta_bimodal,log_uniform,3.5227572974137957,3.4209488334344966,3.315439728206567,3.4209488334344966,0.971099779126413,0.9691579411545882,0.9411490625938298
5,3,3,0.45,homogeneous,flat,1.85912375,1.8591237500000002,1.7600000000000005,1.85912375,1.0000000000000002,0.9466825433218204,0.9466825433218206
5,3,3,0.45,homogeneous,log_uniform,2.2723738164436305,2.170674007974902,2.1614725822675824,2.170674007974902,0.9552451239612093,0.9957610282918973,0.9511958669064347
5,3,3,0.45,homogeneous,log_uniform,2.0195983140971396,1.9514749766926442,1.9126134446750416,1.9197578386242595,0.9662688679580573,0.980086072083043,0.9470266593731409
5,3,3,0.45,homogeneous,log_uniform,2.421551441268035,2.3962337813206256,2.3962337813206256,2.3962337813206256,0.9895448597473726,1.0,0.9895448597473726
5,3,3,0.45,beta_bimodal,flat,2.64941115432233,2.4771961528641557,2.4771961528641557,2.4771961528641557,0.9349987633375749,1.0,0.9349987633375749
5,3,3,0.45,beta_bimodal,flat,2.7161814244528864,2.67146934204922,2.67146934204922,2.67146934204922,0.9835386244817308,1.0,0.9835386244817308
5,3,3,0.45,beta_bimodal,flat,2.639694579822561,2.455492312053377,2.4055822004975287,2.455395280636741,0.9302183407212337,0.9796740917041962,0.9113108080326591
5,3,3,0.45,beta_bimodal,log_uniform,1.8429012834485607,1.6701186560625472,1.521591245392367,1.6701186560625472,0.9062442308018305,0.9110677495092794,0.8256498918623917
5,3,3,0.45,beta_bimodal,log_uniform,2.4992241425666295,2.3946707794733246,2.3599635401736725,2.3946707794733246,0.958165671772868,0.9855064672784434,0.9442784662563557
5,3,3,0.45,beta_bimodal,log_uniform,3.9426191316918553,3.9391207514286983,3.893270468007109,3.9391207514286983,0.9991126760799601,0.9883602747123302,0.9874832789989608
6,2,2,0.45,homogeneous,flat,1.2100000000000002,1.2100000000000002,1.2100000000000002,1.2100000000000002,1.0,1.0,1.0
6,2,2,0.45,homogeneous,log_uniform,2.2535868616674692,2.2535868616674692,2.2535868616674692,2.2535868616674692,1.0,1.0,1.0
6,2,2,0.45,homogeneous,log_uniform,1.9064595339978028,1.9064595339978028,1.760834239306759,1.9064595339978028,1.0,0.9236147990061605,0.9236147990061605
6,2,2,0.45,homogeneous,log_uniform,2.0204576091098208,2.015579329733906,2.015579329733906,2.015579329733906,0.9975855571758004,1.0,0.9975855571758004
6,2,2,0.45,beta_bimodal,flat,2.7230973401664484,2.7230973401664484,2.7230973401664484,2.7230973401664484,1.0,1.0,1.0
6,2,2,0.45,beta_bimodal,flat,2.9559453572936003,2.9559453572936003,2.9559453572936,2.9559453572936003,1.0,0.9999999999999999,0.9999999999999999
6,2,2,0.45,beta_bimodal,flat,2.627874348842456,2.627874348842456,2.627874348842456,2.627874348842456,1.0,1.0,1.0
6,2,2,0.45,beta_bimodal,log_uniform,3.63041192843412,3.63041192843412,3.63041192843412,3.63041192843412,1.0,1.0,1.0
6,2,2,0.45,beta_bimodal,log_uniform,4.192070055645612,4.016715838108827,4.016715838108827,4.016715838108827,0.958170017387799,1.0,0.958170017387799
6,2,2,0.45,beta_bimodal,log_uniform,2.652669276325116,2.5918354629209714,2.591835462920971,2.591835462920971,0.9770669438715629,0.9999999999999998,0.9770669438715627
6,2,3,0.45,homogeneous,flat,1.2100000000000002,1.2100000000000002,1.2100000000000002,1.2100000000000002,1.0,1.0,1.0
6,2,3,0.45,homogeneous,log_uniform,2.02196619853296,2.0219661985329602,2.02196619853296,2.02196619853296,1.0000000000000002,0.9999999999999998,1.0
6,2,3,0.45,homogeneous,log_uniform,2.2826055826073515,2.2826055826073515,2.282605582607351,2.2826055826073515,1.0,0.9999999999999998,0.9999999999999998
6,2,3,0.45,homogeneous,log_uniform,2.260814679450065,2.260814679450065,2.260814679450065,2.260814679450065,1.0,1.0,1.0
6,2,3,0.45,beta_bimodal,flat,2.805735956202548,2.5982475894931625,2.5982475894931625,2.5982475894931625,0.9260485056511829,1.0,0.9260485056511829
6,2,3,0.45,beta_bimodal,flat,3.0026749363109206,2.9561219631620426,2.9561219631620426,2.9561219631620426,0.984496166206365,1.0,0.984496166206365
6,2,3,0.45,beta_bimodal,flat,2.9536704123147492,2.8409954573335954,2.8409954573335954,2.8409954573335954,0.9618525633356458,1.0,0.9618525633356458
6,2,3,0.45,beta_bimodal,log_uniform,2.1837505605882974,2.079406744685795,2.079406744685795,2.079406744685795,0.952218070238575,1.0,0.952218070238575
6,2,3,0.45,beta_bimodal,log_uniform,3.4957774994146456,3.4358159162328277,3.4358159162328277,3.4358159162328277,0.9828474257323705,1.0,0.9828474257323705
6,2,3,0.45,beta_bimodal,log_uniform,3.561315752626355,3.4379298119455806,3.437929811945581,3.437929811945581,0.9653538328945471,1.0000000000000002,0.9653538328945472
6,3,2,0.45,homogeneous,flat,1.8607875000000005,1.8607875000000003,1.8150000000000004,1.8607875000000005,0.9999999999999999,0.9753934825980937,0.9753934825980936
6,3,2,0.45,homogeneous,log_uniform,2.662942068052116,2.662942068052116,2.617032006613059,2.662942068052116,1.0,0.9827596469371791,0.9827596469371791
6,3,2,0.45,homogeneous,log_uniform,2.6638264735493427,2.6638264735493427,2.6208276841970912,2.6638264735493427,1.0,0.9838582618728318,0.9838582618728318
6,3,2,0.45,homogeneous,log_uniform,2.6166386220778697,2.6102775210557736,2.5988068034671294,2.6102775210557736,0.9975689799239282,0.9956055563072831,0.9931852192120515
6,3,2,0.45,beta_bimodal,flat,2.2364606257196926,2.2347755961444618,2.132174314237362,2.1695900477742645,0.999246564166678,0.954088776482027,0.9533699318096551
6,3,2,0.45,beta_bimodal,flat,3.0483821582308543,3.0483821582308543,3.001450815316389,3.022576751687022,1.0,0.9846045080706999,0.9846045080706999
6,3,2,0.45,beta_bimodal,flat,3.0114374598056193,3.0114374598056193,2.9908853141249954,3.004238860754344,1.0,0.9931753038358132,0.9931753038358132
6,3,2,0.45,beta_bimodal,log_uniform,2.069710178568968,2.069710178568968,2.069710178568968,2.069710178568968,1.0,1.0,1.0
6,3,2,0.45,beta_bimodal,log_uniform,2.187372454888639,2.186390691417999,2.151225573426491,2.186390691417999,0.9995511676722244,0.9839163612754399,0.9834747478046721
6,3,2,0.45,beta_bimodal,log_uniform,2.928552278177479,2.7481241259640248,2.631281991585241,2.7481241259640248,0.9383899841713804,0.9574829487231418,0.8984924090966756
6,3,3,0.45,homogeneous,flat,1.8916631250000004,1.8916631250000004,1.7600000000000005,1.8916631250000004,1.0,0.9303982177059142,0.9303982177059142
6,3,3,0.45,homogeneous,log_uniform,2.613251778750276,2.613251778750276,2.4356250769402226,2.613251778750276,1.0,0.9320284776023384,0.9320284776023384
6,3,3,0.45,homogeneous,log_uniform,2.261854701240902,2.182282132008985,2.1066177338603276,2.182282132008985,0.9648197697277983,0.9653278569994057,0.9313674007019956
6,3,3,0.45,homogeneous,log_uniform,2.5009951997883975,2.45474242441024,2.4005484819356218,2.45474242441024,0.9815062518384398,0.9779227580312675,0.9598373008227787
6,3,3,0.45,beta_bimodal,flat,2.9166366198239895,2.7792138283135164,2.7792138283135164,2.7792138283135164,0.9528831289518794,1.0,0.9528831289518794
6,3,3,0.45,beta_bimodal,flat,2.967863763683153,2.873110553173348,2.865865331145142,2.873110553173348,0.9680735983675292,0.9974782654916624,0.9656323737679151
6,3,3,0.45,beta_bimodal,flat,3.20964341167644,3.0760632208769416,3.068036807584064,3.0760632208769416,0.958381610145992,0.9973906864987678,0.9558808920713056
6,3,3,0.45,beta_bimodal,log_uniform,2.445483148873887,2.364418203654952,2.355301940096564,2.364418203654952,0.9668511536232568,0.9961443946150067,0.96312335710886
6,3,3,0.45,beta_bimodal,log_uniform,2.0600732142994413,1.9830090793693984,1.9111013904370409,1.9830090793693984,0.9625915552927328,0.9637380939500164,0.9276861507502001
6,3,3,0.45,beta_bimodal,log_uniform,4.455332412457598,4.455332412457598,4.44548892949156,4.455332412457598,1.0,0.9977906288342224,0.9977906288342224
4,2,2,0.5,homogeneous,flat,1.0,1.0,1.0,1.0,1.0,1.0,1.0
4,2,2,0.5,homogeneous,log_uniform,1.5688758828703575,1.5688758828703575,1.5688758828703575,1.5688758828703575,1.0,1.0,1.0
4,2,2,0.5,homogeneous,log_uniform,1.3126721411235491,1.3126721411235491,1.3126721411235491,1.3126721411235491,1.0,1.0,1.0
4,2,2,0.5,homogeneous,log_uniform,1.1749861305432685,1.1749861305432685,1.1749861305432685,1.1749861305432685,1.0,1.0,1.0
4,2,2,0.5,beta_bimodal,flat,1.9591267202712304,1.9591267202712304,1.9591267202712304,1.9591267202712304,1.0,1.0,1.0
4,2,2,0.5,beta_bimodal,flat,1.7414553240138997,1.7414553240138997,1.7414553240138997,1.7414553240138997,1.0,1.0,1.0
4,2,2,0.5,beta_bimodal,flat,1.4864353640640464,1.4864353640640464,1.4864353640640464,1.4864353640640464,1.0,1.0,1.0
4,2,2,0.5,beta_bimodal,log_uniform,1.4774000183150622,1.4774000183150622,1.4774000183150622,1.4774000183150622,1.0,1.0,1.0
4,2,2,0.5,beta_bimodal,log_uniform,1.8501541533918529,1.8218002661543653,1.8218002661543653,1.8218002661543653,0.9846748514519685,1.0,0.9846748514519685
4,2,2,0.5,beta_bimodal,log_uniform,1.9808150412181291,1.9808150412181291,1.9808150412181291,1.9808150412181291,1.0,1.0,1.0
4,2,3,0.5,homogeneous,flat,1.0,1.0,1.0,1.0,1.0,1.0,1.0
4,2,3,0.5,homogeneous,log_uniform,1.4804700638762576,1.4804700638762576,1.4804700638762571,1.4804700638762576,1.0,0.9999999999999997,0.9999999999999997
4,2,3,0.5,homogeneous,log_uniform,1.3064197858917244,1.3064197858917244,1.306419785891724,1.3064197858917244,1.0,0.9999999999999997,0.9999999999999997
4,2,3,0.5,homogeneous,log_uniform,1.7389077199419165,1.7389077199419163,1.7389077199419165,1.7389077199419165,0.9999999999999999,1.0000000000000002,1.0
4,2,3,0.5,beta_bimodal,flat,1.7066170359140522,1.5334694357310739,1.533469435731074,1.533469435731074,0.8985433776065398,1.0000000000000002,0.8985433776065399
4,2,3,0.5,beta_bimodal,flat,1.817952395025945,1.6154183877000465,1.6154183877000463,1.6154183877000463,0.8885922382345947,0.9999999999999999,0.8885922382345945
4,2,3,0.5,beta_bimodal,flat,1.9816873006568971,1.955706243178566,1.9557062431785657,1.955706243178566,0.9868894262633066,0.9999999999999999,0.9868894262633064
4,2,3,0.5,beta_bimodal,log_uniform,2.4868671661753536,2.4562381222118406,2.456238122211841,2.456238122211841,0.9876836831576258,1.0000000000000002,0.9876836831576259
4,2,3,0.5,beta_bimodal,log_uniform,1.208423290782188,1.157653624718335,1.157653624718335,1.157653624718335,0.9579868524124601,1.0,0.9579868524124601
4,2,3,0.5,beta_bimodal,log_uniform,2.0519419535483125,1.9673229942494848,1.9673229942494843,1.9673229942494848,0.9587615238567052,0.9999999999999998,0.958761523856705
4,3,2,0.5,homogeneous,flat,1.625,1.625,1.5,1.625,1.0,0.9230769230769231,0.9230769230769231
4,3,2,0.5,homogeneous,log_uniform,1.815631500280473,1.815631500280473,1.7739911732307916,1.815631500280473,1.0,0.9770656506877915,0.9770656506877915
4,3,2,0.5,homogeneous,log_uniform,1.8413268216976884,1.8413268216976884,1.81901135893014,1.8413268216976884,1.0,0.9878807702659902,0.9878807702659902
4,3,2,0.5,homogeneous,log_uniform,1.8996765024246096,1.8996765024246096,1.8990516522140144,1.8996765024246096,1.0,0.9996710754647975,0.9996710754647975
4,3,2,0.5,beta_bimodal,flat,1.8325603971220017,1.8325603971220017,1.7316613474148403,1.8325603971220017,1.0,0.9449409417197812,0.9449409417197812
4,3,2,0.5,beta_bimodal,flat,1.7924922418732454,1.7924922418732454,1.6616274682440857,1.7924922418732454,1.0,0.926992836804471,0.926992836804471
4,3,2,0.5,beta_bimodal,flat,1.859975987732638,1.859975987732638,1.859975987732638,1.859975987732638,1.0,1.0,1.0
4,3,2,0.5,beta_bimodal,log_uniform,2.416640156156304,2.416640156156304,2.4166401561563036,2.416640156156304,1.0,0.9999999999999998,0.9999999999999998
4,3,2,0.5,beta_bimodal,log_uniform,1.1739355811719383,1.1739355811719383,1.1739355811719383,1.1739355811719383,1.0,1.0,1.0
4,3,2,0.5,beta_bimodal,log_uniform,2.202460387739685,2.202460387739685,2.2024603877396847,2.2024603877396847,1.0,0.9999999999999998,0.9999999999999998
4,3,3,0.5,homogeneous,flat,1.625,1.625,1.5,1.5,1.0,0.9230769230769231,0.9230769230769231
4,3,3,0.5,homogeneous,log_uniform,1.7627589983613778,1.7215579756515544,1.7215579756515544,1.7215579756515544,0.9766269678679145,1.0,0.9766269678679145
4,3,3,0.5,homogeneous,log_uniform,1.8385614149859213,1.7865523769649994,1.7865523769649991,1.7865523769649994,0.9717121018656207,0.9999999999999999,0.9717121018656206
4,3,3,0.5,homogeneous,log_uniform,1.9394575954326168,1.921553181654684,1.9215531816546836,1.921553181654684,0.9907683396532633,0.9999999999999998,0.990768339653263
4,3,3,0.5,beta_bimodal,flat,1.9113024644141456,1.8496220114538389,1.8343707874706676,1.8441018727084877,0.9677285756133773,0.991754410420763,0.9597490829547697
4,3,3,0.5,beta_bimodal,flat,1.9804449151018713,1.9455624928106767,1.934872912757448,1.945558207293288,0.9823865728225012,0.9945056609115722,0.9769890078754959
4,3,3,0.5,beta_bimodal,flat,1.9969299817993629,1.9934755854979898,1.991590068865856,1.9934754272534303,0.9982701465084617,0.999054156145252,0.9973259388250082
4,3,3,0.5,beta_bimodal,log_uniform,1.643479082660864,1.6402144801982965,1.639210439178702,1.6402144801982963,0.9980136026694773,0.9993878599221528,0.9974026785450466
4,3,3,0.5,beta_bimodal,log_uniform,2.373257618463994,2.3294990797511224,2.3258771126592164,2.3294972745944404,0.9815618252428943,0.9984451734180153,0.9800356668251452
4,3,3,0.5,beta_bimodal,log_uniform,1.9058074950947468,1.9058074950947468,1.9057101097197928,1.9058074950947463,1.0,0.999948900728324,0.999948900728324
5,2,2,0.5,homogeneous,flat,1.0,1.0,1.0,1.0,1.0,1.0,1.0
5,2,2,0.5,homogeneous,log_uniform,1.887991642191157,1.8879916421911567,1.887991642191157,1.887991642191157,0.9999999999999999,1.0000000000000002,1.0
5,2,2,0.5,homogeneous,log_uniform,1.5423192277881288,1.5423192277881288,1.5423192277881288,1.5423192277881288,1.0,1.0,1.0
5,2,2,0.5,homogeneous,log_uniform,1.8032283824303752,1.8032283824303752,1.8032283824303752,1.8032283824303752,1.0,1.0,1.0
5,2,2,0.5,beta_bimodal,flat,1.8903142464189544,1.8903142464189546,1.8903142464189544,1.8903142464189544,1.0000000000000002,0.9999999999999999,1.0
5,2,2,0.5,beta_bimodal,flat,1.8124468234371789,1.8124468234371787,1.8124468234371789,1.8124468234371789,0.9999999999999999,1.0000000000000002,1.0
5,2,2,0.5,beta_bimodal,flat,2.2541748615402133,2.2541748615402133,2.2541748615402133,2.2541748615402133,1.0,1.0,1.0
5,2,2,0.5,beta_bimodal,log_uniform,1.3572722144252094,1.3572722144252094,1.3572722144252094,1.3572722144252094,1.0,1.0,1.0
5,2,2,0.5,beta_bimodal,log_uniform,1.8849115121440885,1.8849115121440885,1.8849115121440885,1.8849115121440885,1.0,1.0,1.0
5,2,2,0.5,beta_bimodal,log_uniform,2.985851890937248,2.9858518909372482,2.985851890937248,2.985851890937248,1.0000000000000002,0.9999999999999999,1.0
5,2,3,0.5,homogeneous,flat,1.0,1.0,1.0,1.0,1.0,1.0,1.0
5,2,3,0.5,homogeneous,log_uniform,1.747755818872037,1.747755818872037,1.747755818872037,1.747755818872037,1.0,1.0,1.0
5,2,3,0.5,homogeneous,log_uniform,1.7291362366458878,1.7291362366458878,1.7291362366458878,1.7291362366458878,1.0,1.0,1.0
5,2,3,0.5,homogeneous,log_uniform,1.473580205272239,1.4735802052722393,1.473580205272239,1.473580205272239,1.0000000000000002,0.9999999999999999,1.0
5,2,3,0.5,beta_bimodal,flat,2.183622612524229,1.8198021051354272,1.7926333355072157,1.8198021051354272,0.8333867284108074,0.985070481261923,0.8209446656329334
5,2,3,0.5,beta_bimodal,flat,2.2848572237092757,1.9329490571771568,1.9329490571771568,1.9329490571771568,0.8459824259999821,1.0,0.8459824259999821
5,2,3,0.5,beta_bimodal,flat,2.183593095482834,1.8679525607916398,1.8679525607916396,1.86795256079164,0.8554490141298967,0.9999999999999999,0.8554490141298966
5,2,3,0.5,beta_bimodal,log_uniform,2.0370965109282175,2.001919359892503,1.9433252914329056,2.001919359892503,0.9827317209336901,0.9707310545901591,0.9539681998411629
5,2,3,0.5,beta_bimodal,log_uniform,3.239561355910646,3.1506968070865984,3.1506968070865984,3.1506968070865984,0.972568956392225,1.0,0.972568956392225
5,2,3,0.5,beta_bimodal,log_uniform,2.9460690082756087,2.7536765356804147,2.7536765356804147,2.7536765356804147,0.9346951914382328,1.0,0.9346951914382328
5,3,2,0.5,homogeneous,flat,1.625,1.625,1.5,1.625,1.0,0.9230769230769231,0.9230769230769231
5,3,2,0.5,homogeneous,log_uniform,2.128855503988337,2.1288555039883366,2.128855503988337,2.128855503988337,0.9999999999999998,1.0000000000000002,1.0
5,3,2,0.5,homogeneous,log_uniform,1.913266407736971,1.913266407736971,1.8635199255044093,1.913266407736971,1.0,0.9739991869237895,0.9739991869237895
5,3,2,0.5,homogeneous,log_uniform,2.197219219804889,2.197219219804889,2.170482283547454,2.197219219804889,1.0,0.9878314662385809,0.9878314662385809
5,3,2,0.5,beta_bimodal,flat,2.4705402659176383,2.4705402659176383,2.4705402659176383,2.4705402659176383,1.0,1.0,1.0
5,3,2,0.5,beta_bimodal,flat,2.3869821812315237,2.3869821812315237,2.3869821812315237,2.3869821812315237,1.0,1.0,1.0
5,3,2,0.5,beta_bimodal,flat,2.165979250024076,2.1659792500240758,2.165979250024076,2.165979250024076,0.9999999999999998,1.0000000000000002,1.0
5,3,2,0.5,beta_bimodal,log_uniform,2.0865044685454963,2.0241161983402427,2.0241161983402423,2.0241161983402427,0.970099143737399,0.9999999999999998,0.9700991437373988
5,3,2,0.5,beta_bimodal,log_uniform,2.22722592719285,2.1437294562046203,2.143125883627684,2.1437294562046203,0.9625110008065204,0.999718447411734,0.9622400033430089
5,3,2,0.5,beta_bimodal,log_uniform,2.299004514664444,2.299004514664444,2.19395305803897,2.2155521148532165,1.0,0.9543056762370878,0.9543056762370878
5,3,3,0.5,homogeneous,flat,1.625,1.625,1.5,1.625,1.0,0.9230769230769231,0.9230769230769231
5,3,3,0.5,homogeneous,log_uniform,2.0350270115512616,1.9854102422683946,1.9854102422683944,1.9854102422683944,0.9756186188187029,0.9999999999999999,0.9756186188187028
5,3,3,0.5,homogeneous,log_uniform,2.225309321110794,2.207296256790113,2.2072962567901127,2.207296256790113,0.9919053660766183,0.9999999999999998,0.9919053660766181
5,3,3,0.5,homogeneous,log_uniform,2.1004570042109374,2.087278922253048,2.087278922253048,2.087278922253048,0.9937260882124841,1.0,0.9937260882124841
5,3,3,0.5,beta_bimodal,flat,2.4743662789585095,2.3696061209294768,2.3556477857274687,2.368568389327212,0.9576618227786682,0.9941094281118193,0.9520206469670243
5,3,3,0.5,beta_bimodal,flat,2.379691103008546,2.3033519828427163,2.289066743955349,2.3018860078748906,0.9679205758809127,0.9937980651703362,0.9619175955490087
5,3,3,0.5,beta_bimodal,flat,2.1679787885419963,2.114696783294999,2.0965563659566593,2.114696783294999,0.9754231888574747,0.9914217407045589,0.9670557558206693
5,3,3,0.5,beta_bimodal,log_uniform,3.069992822335127,3.0420031879741787,2.997591462023297,3.0328830041110493,0.9908828339410714,0.9854004998658605,0.9764164398740321
5,3,3,0.5,beta_bimodal,log_uniform,2.744539829633373,2.6390154709981086,2.6390154709981086,2.6390154709981086,0.9615511651549393,1.0,0.9615511651549393
5,3,3,0.5,beta_bimodal,log_uniform,2.1749747428945043,2.1087808208273007,2.1087808208273007,2.1087808208273007,0.9695656594250325,1.0,0.9695656594250325
6,2,2,0.5,homogeneous,flat,1.0,1.0,1.0,1.0,1.0,1.0,1.0
6,2,2,0.5,homogeneous,log_uniform,1.735743824975463,1.7357438249754633,1.735743824975463,1.735743824975463,1.0000000000000002,0.9999999999999999,1.0
6,2,2,0.5,homogeneous,log_uniform,1.6763155002880712,1.6763155002880712,1.6763155002880712,1.6763155002880712,1.0,1.0,1.0
6,2,2,0.5,homogeneous,log_uniform,1.603198830137735,1.603198830137735,1.603198830137735,1.603198830137735,1.0,1.0,1.0
6,2,2,0.5,beta_bimodal,flat,2.1894087081932336,2.1894087081932336,2.1894087081932336,2.1894087081932336,1.0,1.0,1.0
6,2,2,0.5,beta_bimodal,flat,2.413084561937875,2.413084561937875,2.413084561937875,2.413084561937875,1.0,1.0,1.0
6,2,2,0.5,beta_bimodal,flat,2.573485679961099,2.573485679961099,2.573485679961099,2.573485679961099,1.0,1.0,1.0
6,2,2,0.5,beta_bimodal,log_uniform,2.643966263539481,2.448620102394324,2.3976543582615704,2.448620102394324,0.9261162429192092,0.9791859324838026,0.9068399969112417
6,2,2,0.5,beta_bimodal,log_uniform,3.037250168556038,2.8218814229845104,2.753789886111892,2.8218814229845104,0.9290908770699262,0.975870163672362,0.9066720662727273
6,2,2,0.5,beta_bimodal,log_uniform,2.337651961240898,2.3245889623932254,2.2699625040080744,2.3245889623932254,0.9944119145774213,0.9765005946131174,0.9710438258752205
6,2,3,0.5,homogeneous,flat,1.0,1.0,1.0,1.0,1.0,1.0,1.0
6,2,3,0.5,homogeneous,log_uniform,1.6646317940851982,1.6646317940851982,1.6646317940851982,1.6646317940851982,1.0,1.0,1.0
6,2,3,0.5,homogeneous,log_uniform,1.5876496419381727,1.5876496419381727,1.5876496419381725,1.5876496419381727,1.0,0.9999999999999999,0.9999999999999999
6,2,3,0.5,homogeneous,log_uniform,1.804131564886518,1.804131564886518,1.804131564886518,1.804131564886518,1.0,1.0,1.0
6,2,3,0.5,beta_bimodal,flat,2.2986090767746195,2.096271133330021,2.096271133330021,2.096271133330021,0.9119737473026441,1.0,0.9119737473026441
6,2,3,0.5,beta_bimodal,flat,2.2422165392336577,1.870300922790568,1.870300922790568,1.870300922790568,0.834130375039423,1.0,0.834130375039423
6,2,3,0.5,beta_bimodal,flat,2.870971821398935,2.8544893469658184,2.8544893469658184,2.8544893469658184,0.99425892155741,1.0,0.99425892155741
6,2,3,0.5,beta_bimodal,log_uniform,1.9730230843988368,1.606341818976845,1.606341818976845,1.606341818976845,0.8141525721004342,1.0,0.8141525721004342
6,2,3,0.5,beta_bimodal,log_uniform,1.6351970207993998,1.6351970207993998,1.541832631076929,1.6351970207993998,1.0,0.9429032779934814,0.9429032779934814
6,2,3,0.5,beta_bimodal,log_uniform,2.9753373906956826,2.9753373906956826,2.9753373906956826,2.9753373906956826,1.0,1.0,1.0
6,3,2,0.5,homogeneous,flat,1.625,1.625,1.5,1.625,1.0,0.9230769230769231,0.9230769230769231
6,3,2,0.5,homogeneous,log_uniform,2.4440841060344267,2.4440841060344267,2.4440841060344267,2.4440841060344267,1.0,1.0,1.0
6,3,2,0.5,homogeneous,log_uniform,2.2691366954621697,2.2691366954621697,2.2043129281473615,2.2691366954621697,1.0,0.971432409759869,0.971432409759869
6,3,2,0.5,homogeneous,log_uniform,2.511437797160897,2.511437797160897,2.511437797160897,2.511437797160897,1.0,1.0,1.0
6,3,2,0.5,beta_bimodal,flat,2.53363894143029,2.53363894143029,2.4611265578738135,2.485790382356165,1.0,0.9713801432513736,0.9713801432513736
6,3,2,0.5,beta_bimodal,flat,2.9184194799867385,2.9184194799867385,2.9157409023430225,2.9157409023430225,1.0,0.9990821820981923,0.9990821820981923
6,3,2,0.5,beta_bimodal,flat,2.684457260121773,2.684457260121773,2.666938912529034,2.684457260121773,1.0,0.9934741566375528,0.9934741566375528
6,3,2,0.5,beta_bimodal,log_uniform,1.1803921213148076,1.144052372491745,1.144052372491745,1.144052372491745,0.9692138331264151,1.0,0.9692138331264151
6,3,2,0.5,beta_bimodal,log_uniform,2.4953886396387572,2.3931427316666114,2.3931427316666114,2.3931427316666114,0.9590260585673952,1.0,0.9590260585673952
6,3,2,0.5,beta_bimodal,log_uniform,2.197928494991268,2.197928494991268,2.1979284949912676,2.197928494991268,1.0,0.9999999999999998,0.9999999999999998
6,3,3,0.5,homogeneous,flat,1.625,1.625,1.5,1.625,1.0,0.9230769230769231,0.9230769230769231
6,3,3,0.5,homogeneous,log_uniform,2.6675250682267624,2.6675250682267624,2.6675250682267624,2.6675250682267624,1.0,1.0,1.0
6,3,3,0.5,homogeneous,log_uniform,2.1275191543772447,2.0828985544830254,2.049231821143274,2.049231821143274,0.9790269338809876,0.9838365947936877,0.9632025248407756
6,3,3,0.5,homogeneous,log_uniform,1.991913388197939,1.9365325033881544,1.9018701464560752,1.9365325033881544,0.9721971421358401,0.9821008132466489,0.9547956039276764
6,3,3,0.5,beta_bimodal,flat,2.615907672170141,2.564068812333164,2.564068812333164,2.564068812333164,0.9801832226769794,1.0,0.9801832226769794
6,3,3,0.5,beta_bimodal,flat,2.7413992727560896,2.5823397960757233,2.5823397960757233,2.5823397960757233,0.9419787266083082,1.0,0.9419787266083082
6,3,3,0.5,beta_bimodal,flat,2.5887982961544185,2.46663565540527,2.4068566383785415,2.46663565540527,0.9528110625958703,0.9757649586813797,0.929719647125021
6,3,3,0.5,beta_bimodal,log_uniform,3.3003532651292127,3.2672015520178883,3.2672015520178883,3.2672015520178883,0.9899551016366648,1.0,0.9899551016366648
6,3,3,0.5,beta_bimodal,log_uniform,3.156670320929446,2.9668948723337705,2.8852912807450837,2.9668948723337705,0.9398811312865265,0.9724952871267403,0.9140299706354961
6,3,3,0.5,beta_bimodal,log_uniform,2.1875360340221905,2.135943640743779,2.1358012920078058,2.135943640743779,0.9764152944335508,0.9999333555749047,0.976350221797599
4,2,2,0.55,homogeneous,flat,0.8999999999999999,0.8999999999999999,0.8999999999999999,0.8999999999999999,1.0,1.0,1.0
4,2,2,0.55,homogeneous,log_uniform,1.0744470695086623,1.0744470695086625,1.0744470695086623,1.0744470695086623,1.0000000000000002,0.9999999999999998,1.0
4,2,2,0.55,homogeneous,log_uniform,1.4033039929837212,1.4033039929837212,1.403303992983721,1.4033039929837212,1.0,0.9999999999999999,0.9999999999999999
4,2,2,0.55,homogeneous,log_uniform,1.395583723512824,1.3955837235128241,1.395583723512824,1.395583723512824,1.0000000000000002,0.9999999999999999,1.0
4,2,2,0.55,beta_bimodal,flat,1.6851443598013929,1.6851443598013929,1.6851443598013929,1.6851443598013929,1.0,1.0,1.0
4,2,2,0.55,beta_bimodal,flat,1.741962820205834,1.741962820205834,1.741962820205834,1.741962820205834,1.0,1.0,1.0
4,2,2,0.55,beta_bimodal,flat,1.406539061251303,1.406539061251303,1.406539061251303,1.406539061251303,1.0,1.0,1.0
4,2,2,0.55,beta_bimodal,log_uniform,1.899583473859197,1.899583473859197,1.883302936877301,1.899583473859197,1.0,0.9914294174454885,0.9914294174454885
4,2,2,0.55,beta_bimodal,log_uniform,1.9388841398726635,1.9388841398726635,1.9388841398726635,1.9388841398726635,1.0,1.0,1.0
4,2,2,0.55,beta_bimodal,log_uniform,1.407962205813291,1.281395011610731,1.281395011610731,1.281395011610731,0.9101061138715367,1.0,0.9101061138715367
4,2,3,0.55,homogeneous,flat,0.8999999999999999,0.8999999999999999,0.8999999999999999,0.8999999999999999,1.0,1.0,1.0
4,2,3,0.55,homogeneous,log_uniform,1.2273023888931975,1.2273023888931975,1.2273023888931975,1.2273023888931975,1.0,1.0,1.0
4,2,3,0.55,homogeneous,log_uniform,1.344582177408783,1.344582177408783,1.344582177408783,1.344582177408783,1.0,1.0,1.0
4,2,3,0.55,homogeneous,log_uniform,1.4559207855030396,1.4559207855030396,1.4559207855030394,1.4559207855030396,1.0,0.9999999999999999,0.9999999999999999
4,2,3,0.55,beta_bimodal,flat,1.731050395259442,1.6269347475367881,1.626934747536788,1.626934747536788,0.9398540631700965,0.9999999999999999,0.9398540631700963
4,2,3,0.55,beta_bimodal,flat,1.2932711283203089,1.2831444646899812,1.2831444646899812,1.2831444646899812,0.9921697288305816,1.0,0.9921697288305816
4,2,3,0.55,beta_bimodal,flat,1.7315477867608753,1.66967488885162,1.6696748888516195,1.66967488885162,0.964267288271034,0.9999999999999998,0.9642672882710338
4,2,3,0.55,beta_bimodal,log_uniform,2.643789500622217,2.643789500622217,2.6437895006222165,2.643789500622217,1.0,0.9999999999999998,0.9999999999999998
4,2,3,0.55,beta_bimodal,log_uniform,1.5951275502137476,1.5951275502137476,1.5951275502137476,1.5951275502137476,1.0,1.0,1.0
4,2,3,0.55,beta_bimodal,log_uniform,1.82580966661366,1.82580966661366,1.82580966661366,1.82580966661366,1.0,1.0,1.0
4,3,2,0.55,homogeneous,flat,1.465875,1.465875,1.35,1.465875,1.0,0.920951650038373,0.920951650038373
4,3,2,0.55,homogeneous,log_uniform,1.6747251751636467,1.6747251751636467,1.6747251751636465,1.6747251751636467,1.0,0.9999999999999999,0.9999999999999999
4,3,2,0.55,homogeneous,log_uniform,1.6971457063975175,1.6971457063975177,1.6971457063975175,1.6971457063975175,1.0000000000000002,0.9999999999999999,1.0
4,3,2,0.55,homogeneous,log_uniform,1.7222970868677625,1.7222970868677625,1.7222970868677625,1.7222970868677625,1.0,1.0,1.0
4,3,2,0.55,beta_bimodal,flat,1.7478126005482335,1.7478126005482335,1.7478126005482335,1.7478126005482335,1.0,1.0,1.0
4,3,2,0.55,beta_bimodal,flat,1.7893707382534108,1.7893707382534108,1.778603457728388,1.7893707382534108,1.0,0.9939826441246421,0.9939826441246421
4,3,2,0.55,beta_bimodal,flat,1.7999493466918202,1.7999493466918202,1.79994934669182,1.7999493466918202,1.0,0.9999999999999999,0.9999999999999999
4,3,2,0.55,beta_bimodal,log_uniform,2.5875946342281484,2.5875946342281484,2.5875946342281484,2.5875946342281484,1.0,1.0,1.0
4,3,2,0.55,beta_bimodal,log_uniform,1.737755949307848,1.737755949307848,1.737755949307848,1.737755949307848,1.0,1.0,1.0
4,3,2,0.55,beta_bimodal,log_uniform,2.481601828156821,2.481601828156821,2.481601828156821,2.481601828156821,1.0,1.0,1.0
4,3,3,0.55,homogeneous,flat,1.465875,1.4658749999999996,1.35,1.4658749999999996,0.9999999999999997,0.9209516500383733,0.920951650038373
4,3,3,0.55,homogeneous,log_uniform,1.566459577794128,1.501026286496573,1.5003771275690343,1.5003771275690343,0.9582285478507544,0.9995675232783204,0.9578141363097602
4,3,3,0.55,homogeneous,log_uniform,1.570141624143605,1.5686887601797064,1.5686887601797062,1.5686887601797062,0.999074692408915,0.9999999999999999,0.9990746924089148
4,3,3,0.55,homogeneous,log_uniform,1.7184194923375562,1.6983721980261781,1.698372198026178,1.698372198026178,0.988333876331845,0.9999999999999999,0.9883338763318449
4,3,3,0.55,beta_bimodal,flat,1.7771793070377138,1.7771793070377138,1.7771793070377135,1.7771793070377138,1.0,0.9999999999999999,0.9999999999999999
4,3,3,0.55,beta_bimodal,flat,1.798998295815936,1.798998295815936,1.7989982958159356,1.798998295815936,1.0,0.9999999999999998,0.9999999999999998
4,3,3,0.55,beta_bimodal,flat,1.799963673655372,1.7999175675013968,1.7999173346369606,1.799917564137007,0.9999743849530688,0.999999870624944,0.9999742555813267
4,3,3,0.55,beta_bimodal,log_uniform,1.2324758837681196,1.229297350688535,1.229297350688535,1.229297350688535,0.9974210180325259,1.0,0.9974210180325259
4,3,3,0.55,beta_bimodal,log_uniform,1.573869488804666,1.5737531084184677,1.573536149567827,1.5737531084184675,0.9999260546144225,0.9998621392075542,0.9997882040161461
4,3,3,0.55,beta_bimodal,log_uniform,1.2300040786944586,1.2300040786944586,1.2300040786944584,1.2300040786944584,1.0,0.9999999999999998,0.9999999999999998
5,2,2,0.55,homogeneous,flat,0.8999999999999999,0.8999999999999999,0.8999999999999999,0.8999999999999999,1.0,1.0,1.0
5,2,2,0.55,homogeneous,log_uniform,1.2753189999402983,1.2753189999402983,1.275318999940298,1.2753189999402983,1.0,0.9999999999999998,0.9999999999999998
5,2,2,0.55,homogeneous,log_uniform,1.6361424707379413,1.6361424707379413,1.6361424707379413,1.6361424707379413,1.0,1.0,1.0
5,2,2,0.55,homogeneous,log_uniform,1.3664343937437975,1.3664343937437975,1.3664343937437975,1.3664343937437975,1.0,1.0,1.0
5,2,2,0.55,beta_bimodal,flat,2.0093389892507565,2.0093389892507565,2.0093389892507565,2.0093389892507565,1.0,1.0,1.0
5,2,2,0.55,beta_bimodal,flat,2.0757259603943305,2.0757259603943305,2.0757259603943305,2.0757259603943305,1.0,1.0,1.0
5,2,2,0.55,beta_bimodal,flat,2.078575369871044,2.078575369871044,2.078575369871044,2.078575369871044,1.0,1.0,1.0
5,2,2,0.55,beta_bimodal,log_uniform,2.100136123955898,2.100136123955898,2.100136123955898,2.100136123955898,1.0,1.0,1.0
5,2,2,0.55,beta_bimodal,log_uniform,1.2826371963519858,1.2826371963519858,1.2826371963519858,1.2826371963519858,1.0,1.0,1.0
5,2,2,0.55,beta_bimodal,log_uniform,1.1776136361618856,1.1436589023734982,1.143658902373498,1.1436589023734982,0.9711664906504872,0.9999999999999998,0.9711664906504871
5,2,3,0.55,homogeneous,flat,0.8999999999999999,0.8999999999999999,0.8999999999999999,0.8999999999999999,1.0,1.0,1.0
5,2,3,0.55,homogeneous,log_uniform,1.3864104359265337,1.3864104359265337,1.3864104359265337,1.3864104359265337,1.0,1.0,1.0
5,2,3,0.55,homogeneous,log_uniform,1.7379507431013193,1.7379507431013193,1.7379507431013193,1.7379507431013193,1.0,1.0,1.0
5,2,3,0.55,homogeneous,log_uniform,1.6901611118902986,1.6901611118902986,1.6901611118902986,1.6901611118902986,1.0,1.0,1.0
5,2,3,0.55,beta_bimodal,flat,2.155634112466489,1.923960624461877,1.923960624461877,1.923960624461877,0.8925265254131973,1.0,0.8925265254131973
5,2,3,0.55,beta_bimodal,flat,1.6616293951984265,1.5112027185632197,1.5112027185632195,1.5112027185632195,0.90947038065775,0.9999999999999999,0.9094703806577499
5,2,3,0.55,beta_bimodal,flat,2.157841124793204,1.9959554142822793,1.995955414282279,1.9959554142822793,0.9249779287961067,0.9999999999999999,0.9249779287961066
5,2,3,0.55,beta_bimodal,log_uniform,1.1624384818388158,1.0422215346526373,1.0422215346526371,1.0422215346526371,0.8965820995567766,0.9999999999999998,0.8965820995567764
5,2,3,0.55,beta_bimodal,log_uniform,2.478484012814395,2.369030368156132,2.369030368156132,2.369030368156132,0.9558384705762235,1.0,0.9558384705762235
5,2,3,0.55,beta_bimodal,log_uniform,2.031632157847318,1.8856185328152535,1.8856185328152535,1.8856185328152535,0.9281298908032751,1.0,0.9281298908032751
5,3,2,0.55,homogeneous,flat,1.465875,1.465875,1.35,1.4658749999999998,1.0,0.920951650038373,0.920951650038373
5,3,2,0.55,homogeneous,log_uniform,1.9286566946596664,1.9286566946596666,1.8474147458981205,1.9286566946596664,1.0000000000000002,0.9578764074568065,0.9578764074568066
5,3,2,0.55,homogeneous,log_uniform,1.9251993757528796,1.9251993757528796,1.9251993757528796,1.9251993757528796,1.0,1.0,1.0
5,3,2,0.55,homogeneous,log_uniform,1.8629946003889528,1.8629946003889528,1.8629946003889528,1.8629946003889528,1.0,1.0,1.0
5,3,2,0.55,beta_bimodal,flat,2.249439714006285,2.249439714006285,2.096632880948856,2.249439714006285,1.0,0.932068936052846,0.932068936052846
5,3,2,0.55,beta_bimodal,flat,2.032925637971089,2.032925637971089,1.922548700701616,2.032925637971089,1.0,0.9457053739655564,0.9457053739655564
5,3,2,0.55,beta_bimodal,flat,2.239809419222728,2.239809419222728,2.236248843782031,2.239809419222728,1.0,0.9984103221416346,0.9984103221416346
5,3,2,0.55,beta_bimodal,log_uniform,2.351934512933925,2.351934512933925,2.351934512933925,2.351934512933925,1.0,1.0,1.0
5,3,2,0.55,beta_bimodal,log_uniform,2.060115279804291,2.0516957321601375,2.0516957321601375,2.0516957321601375,0.9959130696584352,1.0,0.9959130696584352
5,3,2,0.55,beta_bimodal,log_uniform,3.2754873483230464,3.2754873483230464,3.2754873483230464,3.2754873483230464,1.0,1.0,1.0
5,3,3,0.55,homogeneous,flat,1.465875,1.4658749999999998,1.35,1.4658749999999998,0.9999999999999999,0.9209516500383732,0.920951650038373
5,3,3,0.55,homogeneous,log_uniform,1.7195547867145742,1.6662456346220305,1.6393008222681245,1.639300822268125,0.968998282285383,0.9838290274890844,0.9533286376994216
5,3,3,0.55,homogeneous,log_uniform,1.746471663434246,1.7358273002899511,1.6758779200237544,1.7358273002899511,0.9939052185230627,0.9654635111130105,0.9595792219888201
5,3,3,0.55,homogeneous,log_uniform,1.806936382041291,1.7384199960143634,1.7384199960143631,1.7384199960143634,0.9620814619109475,0.9999999999999999,0.9620814619109473
5,3,3,0.55,beta_bimodal,flat,2.158031840924063,2.0932407821221464,2.078392502513431,2.0932407821221464,0.9699767827456275,0.9929065591806108,0.9630963098410398
5,3,3,0.55,beta_bimodal,flat,2.190628647352205,2.144342889941297,2.1350060441977474,2.14322687243153,0.9788710161045081,0.9956458242814864,0.9746088396946292
5,3,3,0.55,beta_bimodal,flat,2.240257079973104,2.2327154672247063,2.1119286693395223,2.2327147032646355,0.9966335949495189,0.9459013924262711,0.9427171052015503
5,3,3,0.55,beta_bimodal,log_uniform,2.6400120356987564,2.5722119651015616,2.561204339484416,2.5716424248645966,0.9743182721592216,0.9957205604489477,0.9701487360100305
5,3,3,0.55,beta_bimodal,log_uniform,2.052827134972662,2.031493097423594,2.030953053380545,2.031493097423594,0.9896074846315044,0.99973416397834,0.989344411314785
5,3,3,0.55,beta_bimodal,log_uniform,1.526584512074299,1.4626551984548883,1.452719359642263,1.4527193596422632,0.9581226501947512,0.9932069849250039,0.951614108588283
6,2,2,0.55,homogeneous,flat,0.9,0.9,0.9,0.9,1.0,1.0,1.0
6,2,2,0.55,homogeneous,log_uniform,1.9295152897095016,1.9295152897095016,1.9295152897095016,1.9295152897095016,1.0,1.0,1.0
6,2,2,0.55,homogeneous,log_uniform,1.8050801412866615,1.8050801412866617,1.8050801412866615,1.8050801412866615,1.0000000000000002,0.9999999999999999,1.0
6,2,2,0.55,homogeneous,log_uniform,1.4982406220473994,1.4982406220473994,1.4982406220473992,1.4982406220473994,1.0,0.9999999999999999,0.9999999999999999
6,2,2,0.55,beta_bimodal,flat,2.539638493007459,2.539638493007459,2.539638493007459,2.539638493007459,1.0,1.0,1.0
6,2,2,0.55,beta_bimodal,flat,2.2758550080364883,2.2758550080364883,2.2758550080364883,2.2758550080364883,1.0,1.0,1.0
6,2,2,0.55,beta_bimodal,flat,2.1826517260241807,2.1826517260241807,2.1826517260241807,2.1826517260241807,1.0,1.0,1.0
6,2,2,0.55,beta_bimodal,log_uniform,2.392120245676456,2.3184550056148967,2.3184550056148967,2.3184550056148967,0.9692050430179242,1.0,0.9692050430179242
6,2,2,0.55,beta_bimodal,log_uniform,2.259080445554432,2.259080445554432,2.259080445554432,2.259080445554432,1.0,1.0,1.0
6,2,2,0.55,beta_bimodal,log_uniform,2.279798508964378,2.195925876636741,2.195925876636741,2.195925876636741,0.9632105065435203,1.0,0.9632105065435203
6,2,3,0.55,homogeneous,flat,0.9,0.9,0.9,0.9,1.0,1.0,1.0
6,2,3,0.55,homogeneous,log_uniform,1.5000070494351436,1.5000070494351436,1.5000070494351432,1.5000070494351436,1.0,0.9999999999999997,0.9999999999999997
6,2,3,0.55,homogeneous,log_uniform,1.8010536192332822,1.8010536192332822,1.8010536192332822,1.8010536192332822,1.0,1.0,1.0
6,2,3,0.55,homogeneous,log_uniform,1.832658980160066,1.8326589801600661,1.832658980160066,1.832658980160066,1.0000000000000002,0.9999999999999999,1.0
6,2,3,0.55,beta_bimodal,flat,1.8070483117323135,1.7418866099819328,1.7418866099819328,1.7418866099819328,0.9639402547639061,1.0,0.9639402547639061
6,2,3,0.55,beta_bimodal,flat,2.202586433679416,1.8818949609315159,1.881894960931516,1.881894960931516,0.854402320905888,1.0000000000000002,0.8544023209058881
6,2,3,0.55,beta_bimodal,flat,2.1148863431250393,1.7673593932446674,1.7673593932446674,1.7673593932446674,0.8356758267364607,1.0,0.8356758267364607
6,2,3,0.55,beta_bimodal,log_uniform,0.9640747933451698,0.7853622124366122,0.7853622124366122,0.7853622124366122,0.8146278876471229,1.0,0.8146278876471229
6,2,3,0.55,beta_bimodal,log_uniform,2.4962484891529457,2.198216899286149,2.11865619692469,2.198216899286149,0.8806082042064939,0.963806709707629,0.8487360958378048
6,2,3,0.55,beta_bimodal,log_uniform,2.0145514660043924,1.9178216412348643,1.917821641234864,1.9178216412348643,0.9519844360385692,0.9999999999999999,0.9519844360385691
6,3,2,0.55,homogeneous,flat,1.4658750000000005,1.465875,1.35,1.465875,0.9999999999999997,0.920951650038373,0.9209516500383728
6,3,2,0.55,homogeneous,log_uniform,1.916159462345654,1.916159462345654,1.845752111710075,1.916159462345654,1.0,0.9632560066011467,0.9632560066011467
6,3,2,0.55,homogeneous,log_uniform,2.0894911386313217,2.0894911386313217,2.05356974314917,2.0894911386313217,1.0,0.9828085437559304,0.9828085437559304
6,3,2,0.55,homogeneous,log_uniform,2.0613296555422163,2.0613296555422163,2.024317371914762,2.0613296555422163,1.0,0.9820444616765005,0.9820444616765005
6,3,2,0.55,beta_bimodal,flat,2.5194615457883027,2.5194615457883027,2.5194615457883027,2.5194615457883027,1.0,1.0,1.0
6,3,2,0.55,beta_bimodal,flat,2.2358458375506594,2.2358458375506594,2.138488524889233,2.20297941877042,1.0,0.9564561603370294,0.9564561603370294
6,3,2,0.55,beta_bimodal,flat,2.623982601937594,2.623982601937594,2.613007699558178,2.6206247772040263,1.0,0.9958174637395417,0.9958174637395417
6,3,2,0.55,beta_bimodal,log_uniform,1.378916053700262,1.378916053700262,1.3421523178666035,1.378916053700262,1.0,0.9733386700843719,0.9733386700843719
6,3,2,0.55,beta_bimodal,log_uniform,1.772293522905554,1.7358750154239193,1.713770219842248,1.730596910584438,0.9794511986807191,0.9872659060213081,0.9669787750691764
6,3,2,0.55,beta_bimodal,log_uniform,2.706299309778544,2.706299309778544,2.706299309778544,2.706299309778544,1.0,1.0,1.0
6,3,3,0.55,homogeneous,flat,1.4658750000000005,1.465875,1.35,1.465875,0.9999999999999997,0.920951650038373,0.9209516500383728
6,3,3,0.55,homogeneous,log_uniform,2.260654569626739,2.2357227101795223,2.235722710179522,2.2357227101795223,0.988971398026841,0.9999999999999998,0.9889713980268408
6,3,3,0.55,homogeneous,log_uniform,2.237215260544689,2.211385259578515,2.2113852595785146,2.211385259578515,0.9884543962211821,0.9999999999999998,0.9884543962211819
6,3,3,0.55,homogeneous,log_uniform,1.90789028859063,1.8877642795515612,1.865456881535676,1.8877642795515612,0.9894511706677138,0.9881831655267975,0.9777589899646171
6,3,3,0.55,beta_bimodal,flat,2.2457996726625744,2.1671041235616944,2.1671041235616944,2.1671041235616944,0.9649587850337603,1.0,0.9649587850337603
6,3,3,0.55,beta_bimodal,flat,2.393274100174004,2.2996981919518733,2.1753807212152085,2.2996981919518733,0.9609004634214997,0.9459418322057512,0.908955944936289
6,3,3,0.55,beta_bimodal,flat,2.4178160510050395,2.37621606695608,2.37621606695608,2.37621606695608,0.9827943966077705,1.0,0.9827943966077705
6,3,3,0.55,beta_bimodal,log_uniform,2.3725317904208363,2.238316041317191,2.236803130462458,2.238316041317191,0.9434293147743921,0.9993240852378277,0.94279163697347
6,3,3,0.55,beta_bimodal,log_uniform,1.7411145385868552,1.6400621587260598,1.6031235256477343,1.6388859382406602,0.9419610958261179,0.9774772968928093,0.9207455857263022
6,3,3,0.55,beta_bimodal,log_uniform,1.9824237450629956,1.9824237450629956,1.9824237450629956,1.9824237450629956,1.0,1.0,1.0
4,2,2,0.6,homogeneous,flat,0.8,0.8,0.8,0.8,1.0,1.0,1.0
4,2,2,0.6,homogeneous,log_uniform,1.071124936722716,1.071124936722716,1.071124936722716,1.071124936722716,1.0,1.0,1.0
4,2,2,0.6,homogeneous,log_uniform,1.2611605487748072,1.2611605487748072,1.2611605487748072,1.2611605487748072,1.0,1.0,1.0
4,2,2,0.6,homogeneous,log_uniform,1.1356209071227674,1.1356209071227674,1.1356209071227674,1.1356209071227674,1.0,1.0,1.0
4,2,2,0.6,beta_bimodal,flat,1.5645978327570138,1.5645978327570138,1.5645978327570138,1.5645978327570138,1.0,1.0,1.0
4,2,2,0.6,beta_bimodal,flat,1.3894385029329974,1.3894385029329974,1.3435495690477492,1.3894385029329974,1.0,0.9669730371021242,0.9669730371021242
4,2,2,0.6,beta_bimodal,flat,1.115131676657853,1.115131676657853,1.110425910074654,1.115131676657853,1.0,0.9957800798939704,0.9957800798939704
4,2,2,0.6,beta_bimodal,log_uniform,1.4550928327264152,1.4550928327264152,1.4550928327264152,1.4550928327264152,1.0,1.0,1.0
4,2,2,0.6,beta_bimodal,log_uniform,1.5244293623039191,1.5244293623039193,1.4626583811892797,1.5244293623039191,1.0000000000000002,0.9594792762182938,0.959479276218294
4,2,2,0.6,beta_bimodal,log_uniform,1.9351506004411931,1.9351506004411931,1.9351506004411931,1.9351506004411931,1.0,1.0,1.0
4,2,3,0.6,homogeneous,flat,0.8,0.8,0.8,0.8,1.0,1.0,1.0
4,2,3,0.6,homogeneous,log_uniform,1.415320076556855,1.415320076556855,1.415320076556855,1.415320076556855,1.0,1.0,1.0
4,2,3,0.6,homogeneous,log_uniform,1.219275320826874,1.219275320826874,1.219275320826874,1.219275320826874,1.0,1.0,1.0
4,2,3,0.6,homogeneous,log_uniform,1.2403397402388938,1.2403397402388938,1.2403397402388936,1.2403397402388938,1.0,0.9999999999999998,0.9999999999999998
4,2,3,0.6,beta_bimodal,flat,1.3168257299132713,1.3168257299132713,1.3168257299132713,1.3168257299132713,1.0,1.0,1.0
4,2,3,0.6,beta_bimodal,flat,1.486971924844214,1.4752653091616366,1.4752653091616366,1.4752653091616366,0.9921272113568628,1.0,0.9921272113568628
4,2,3,0.6,beta_bimodal,flat,1.2650792059489548,1.2650792059489548,1.2650792059489546,1.2650792059489548,1.0,0.9999999999999998,0.9999999999999998
4,2,3,0.6,beta_bimodal,log_uniform,1.711979054460354,1.711979054460354,1.711979054460354,1.711979054460354,1.0,1.0,1.0
4,2,3,0.6,beta_bimodal,log_uniform,1.0429138132727342,1.0316903656979493,1.031690365697949,1.0316903656979493,0.9892383747995771,0.9999999999999998,0.9892383747995769
4,2,3,0.6,beta_bimodal,log_uniform,1.4772760615470073,1.4241237158914015,1.4241237158914015,1.4241237158914015,0.964020031841615,1.0,0.964020031841615
4,3,2,0.6,homogeneous,flat,1.312,1.312,1.2000000000000002,1.312,1.0,0.9146341463414636,0.9146341463414636
4,3,2,0.6,homogeneous,log_uniform,1.4484955952372416,1.4484955952372416,1.4075031973729264,1.4484955952372416,1.0,0.9717000189720278,0.9717000189720278
4,3,2,0.6,homogeneous,log_uniform,1.4640931045367136,1.4640931045367136,1.4640931045367136,1.4640931045367136,1.0,1.0,1.0
4,3,2,0.6,homogeneous,log_uniform,1.3513837284757555,1.3513837284757557,1.2564830487148455,1.3513837284757555,1.0000000000000002,0.9297751794984612,0.9297751794984613
4,3,2,0.6,beta_bimodal,flat,1.5038996925754935,1.5038996925754935,1.4925123092799082,1.5038996925754935,1.0,0.9924280965334304,0.9924280965334304
4,3,2,0.6,beta_bimodal,flat,1.5983374937203243,1.5983374937203243,1.5838717031947809,1.5983374937203243,1.0,0.9909494768267793,0.9909494768267793
4,3,2,0.6,beta_bimodal,flat,1.5021525568712404,1.5021525568712404,1.4626904303998964,1.5021525568712404,1.0,0.9737296146847177,0.9737296146847177
4,3,2,0.6,beta_bimodal,log_uniform,1.5941578613824336,1.5941578613824336,1.5801404987371412,1.5801404987371412,1.0,0.9912070422980966,0.9912070422980966
4,3,2,0.6,beta_bimodal,log_uniform,0.973469440107202,0.9734694401072019,0.9734694401072018,0.973469440107202,0.9999999999999999,0.9999999999999999,0.9999999999999998
4,3,2,0.6,beta_bimodal,log_uniform,1.6559587993400833,1.6559587993400833,1.649186077111228,1.6559587993400833,1.0,0.9959100901353619,0.9959100901353619
4,3,3,0.6,homogeneous,flat,1.312,1.312,1.2000000000000002,1.312,1.0,0.9146341463414636,0.9146341463414636
4,3,3,0.6,homogeneous,log_uniform,1.4816364139102487,1.4471343029394699,1.4471343029394697,1.44713430293947,0.9767135103815903,0.9999999999999999,0.9767135103815902
4,3,3,0.6,homogeneous,log_uniform,1.4749175935988068,1.4744853258806696,1.4744853258806692,1.4744853258806696,0.9997069207662765,0.9999999999999997,0.9997069207662762
4,3,3,0.6,homogeneous,log_uniform,1.4022651438279568,1.35887368387803,1.3588736838780298,1.3588736838780298,0.9690561659177557,0.9999999999999999,0.9690561659177556
4,3,3,0.6,beta_bimodal,flat,1.587212471367723,1.5737543851219007,1.571747751250887,1.571747751250887,0.9915209296243589,0.9987249383449005,0.9902566793067662
4,3,3,0.6,beta_bimodal,flat,1.5828458606656226,1.5828458606656226,1.5828458606656226,1.5828458606656226,1.0,1.0,1.0
4,3,3,0.6,beta_bimodal,flat,1.5289743241909388,1.5115746897454165,1.5115746897454163,1.5115746897454163,0.9886200610630075,0.9999999999999999,0.9886200610630074
4,3,3,0.6,beta_bimodal,log_uniform,0.8727603426824471,0.8343553309186331,0.7755189007240473,0.8343553309186331,0.9559959247852906,0.929482765898066,0.8885817363567114
4,3,3,0.6,beta_bimodal,log_uniform,1.2246650418457878,1.2172062023220542,1.1967520739163755,1.2172062023220542,0.9939094860481265,0.9831958394833525,0.9772076715055551
4,3,3,0.6,beta_bimodal,log_uniform,1.3459693119405365,1.3459693119405365,1.3459693119405365,1.3459693119405365,1.0,1.0,1.0
5,2,2,0.6,homogeneous,flat,0.8,0.8,0.8,0.8,1.0,1.0,1.0
5,2,2,0.6,homogeneous,log_uniform,1.216474064369478,1.216474064369478,1.216474064369478,1.216474064369478,1.0,1.0,1.0
5,2,2,0.6,homogeneous,log_uniform,1.450814172238036,1.450814172238036,1.450814172238036,1.450814172238036,1.0,1.0,1.0
5,2,2,0.6,homogeneous,log_uniform,1.439068506746212,1.439068506746212,1.4390685067462117,1.439068506746212,1.0,0.9999999999999999,0.9999999999999999
5,2,2,0.6,beta_bimodal,flat,1.796069416688181,1.796069416688181,1.796069416688181,1.796069416688181,1.0,1.0,1.0
5,2,2,0.6,beta_bimodal,flat,1.6412247627462968,1.6412247627462968,1.6412247627462968,1.6412247627462968,1.0,1.0,1.0
5,2,2,0.6,beta_bimodal,flat,1.7722707937294235,1.7722707937294235,1.7722707937294235,1.7722707937294235,1.0,1.0,1.0
5,2,2,0.6,beta_bimodal,log_uniform,1.8020063626626857,1.6746155061839156,1.658986887269243,1.6746155061839156,0.9293061006230109,0.9906673389461879,0.9206332017706564
5,2,2,0.6,beta_bimodal,log_uniform,1.276965436915367,1.2769654369153667,1.276965436915367,1.276965436915367,0.9999999999999998,1.0000000000000002,1.0
5,2,2,0.6,beta_bimodal,log_uniform,1.9054510996765808,1.9054510996765808,1.9054510996765808,1.9054510996765808,1.0,1.0,1.0
5,2,3,0.6,homogeneous,flat,0.8,0.8,0.8,0.8,1.0,1.0,1.0
5,2,3,0.6,homogeneous,log_uniform,1.3851123296459409,1.3851123296459409,1.3851123296459409,1.3851123296459409,1.0,1.0,1.0
5,2,3,0.6,homogeneous,log_uniform,1.4143205883548018,1.4143205883548018,1.4143205883548018,1.4143205883548018,1.0,1.0,1.0
5,2,3,0.6,homogeneous,log_uniform,1.3299826783924096,1.3299826783924096,1.3299826783924094,1.3299826783924096,1.0,0.9999999999999998,0.9999999999999998
5,2,3,0.6,beta_bimodal,flat,1.5088550047418234,1.3708435046942036,1.3708435046942036,1.3708435046942036,0.9085322979253168,1.0,0.9085322979253168
5,2,3,0.6,beta_bimodal,flat,1.984666312825101,1.8998465842346726,1.8998465842346728,1.8998465842346728,0.9572624737759112,1.0000000000000002,0.9572624737759113
5,2,3,0.6,beta_bimodal,flat,1.6053209176578704,1.5309305193622735,1.5309305193622735,1.5309305193622735,0.9536601077844729,1.0,0.9536601077844729
5,2,3,0.6,beta_bimodal,log_uniform,1.5821193097181847,1.5821193097181847,1.5821193097181847,1.5821193097181847,1.0,1.0,1.0
5,2,3,0.6,beta_bimodal,log_uniform,1.4045627826508773,1.3378589550987574,1.3378589550987574,1.3378589550987574,0.9525091876446935,1.0,0.9525091876446935
5,2,3,0.6,beta_bimodal,log_uniform,2.756770594344539,2.7350134798634635,2.735013479863463,2.7350134798634635,0.992107752989781,0.9999999999999999,0.9921077529897808
5,3,2,0.6,homogeneous,flat,1.3120000000000005,1.3120000000000003,1.2000000000000002,1.3120000000000005,0.9999999999999998,0.9146341463414633,0.9146341463414632
5,3,2,0.6,homogeneous,log_uniform,1.5960936166508295,1.5960936166508297,1.557880306276181,1.5960936166508295,1.0000000000000002,0.9760582274272647,0.9760582274272649
5,3,2,0.6,homogeneous,log_uniform,1.873466864831585,1.873466864831585,1.873466864831585,1.873466864831585,1.0,1.0,1.0
5,3,2,0.6,homogeneous,log_uniform,1.7167164997339432,1.7167164997339432,1.6931634018800743,1.7167164997339432,1.0,0.9862801470962042,0.9862801470962042
5,3,2,0.6,beta_bimodal,flat,1.8951320798470217,1.8951320798470217,1.8951320798470217,1.8951320798470217,1.0,1.0,1.0
5,3,2,0.6,beta_bimodal,flat,1.984451651133953,1.984451651133953,1.984451651133953,1.984451651133953,1.0,1.0,1.0
5,3,2,0.6,beta_bimodal,flat,1.985734218241798,1.9857342182417979,1.985734218241798,1.985734218241798,0.9999999999999999,1.0000000000000002,1.0
5,3,2,0.6,beta_bimodal,log_uniform,1.699068500711764,1.699068500711764,1.699068500711764,1.699068500711764,1.0,1.0,1.0
5,3,2,0.6,beta_bimodal,log_uniform,1.336410157130954,1.3364101571309541,1.2638044969219362,1.336410157130954,1.0000000000000002,0.9456711251245725,0.9456711251245727
5,3,2,0.6,beta_bimodal,log_uniform,1.8374089648132284,1.8374089648132284,1.8364076815989812,1.8374089648132284,1.0,0.9994550569669454,0.9994550569669454
5,3,3,0.6,homogeneous,flat,1.3120000000000005,1.312,1.2000000000000002,1.312,0.9999999999999997,0.9146341463414636,0.9146341463414632
5,3,3,0.6,homogeneous,log_uniform,1.6268610024247374,1.5911846175092683,1.5911846175092683,1.5911846175092683,0.9780704160574901,1.0,0.9780704160574901
5,3,3,0.6,homogeneous,log_uniform,1.7883508157256398,1.7883508157256398,1.7883508157256394,1.7883508157256398,1.0,0.9999999999999998,0.9999999999999998
5,3,3,0.6,homogeneous,log_uniform,1.6416229709626569,1.5744276911624766,1.5744276911624764,1.5744276911624766,0.9590677756167261,0.9999999999999999,0.959067775616726
5,3,3,0.6,beta_bimodal,flat,1.8716387645645405,1.7856324943180097,1.7616721327467506,1.783505668985624,0.9540476122450151,0.9865815829138961,0.94124580346391
5,3,3,0.6,beta_bimodal,flat,1.9875519390988208,1.984256691593,1.9842566915929991,1.984256691593,0.9983420571603704,0.9999999999999996,0.99834205716037
5,3,3,0.6,beta_bimodal,flat,1.9728207135560376,1.9558523877201577,1.944152349847923,1.9558363236407732,0.991398951907143,0.9940179341009099,0.9854683380445456
5,3,3,0.6,beta_bimodal,log_uniform,1.853258687841518,1.8137599913852234,1.7020601064327383,1.8137599913852231,0.9786868952966848,0.938415288967105,0.9184147456581574
5,3,3,0.6,beta_bimodal,log_uniform,2.946616207540859,2.9348584194770417,2.9340042423040305,2.9348584194770417,0.9960097321009342,0.9997089545555784,0.9957198480058067
5,3,3,0.6,beta_bimodal,log_uniform,2.3192188489188403,2.2632827567316594,2.2531484651912126,2.259230227245012,0.9758814946621976,0.9955223042678585,0.9715117942584728
6,2,2,0.6,homogeneous,flat,0.7999999999999999,0.7999999999999999,0.7999999999999999,0.7999999999999999,1.0,1.0,1.0
6,2,2,0.6,homogeneous,log_uniform,1.0053210575659048,1.0053210575659048,1.0053210575659048,1.0053210575659048,1.0,1.0,1.0
6,2,2,0.6,homogeneous,log_uniform,1.5935441855678905,1.5935441855678905,1.5935441855678902,1.5935441855678905,1.0,0.9999999999999999,0.9999999999999999
6,2,2,0.6,homogeneous,log_uniform,1.5480944731321733,1.5480944731321733,1.548094473132173,1.5480944731321733,1.0,0.9999999999999999,0.9999999999999999
6,2,2,0.6,beta_bimodal,flat,2.2279278077985807,2.2279278077985807,2.2279278077985807,2.2279278077985807,1.0,1.0,1.0
6,2,2,0.6,beta_bimodal,flat,2.1223779148149573,2.1223779148149573,2.1223779148149573,2.1223779148149573,1.0,1.0,1.0
6,2,2,0.6,beta_bimodal,flat,1.7408271886125988,1.7408271886125988,1.7408271886125988,1.7408271886125988,1.0,1.0,1.0
6,2,2,0.6,beta_bimodal,log_uniform,2.314162685442604,2.314162685442604,2.314162685442604,2.314162685442604,1.0,1.0,1.0
6,2,2,0.6,beta_bimodal,log_uniform,1.3747576899528302,1.1939993828728908,1.1166955722463754,1.1939993828728908,0.8685162422432847,0.9352564065481223,0.812285379749133
6,2,2,0.6,beta_bimodal,log_uniform,0.7160746663940071,0.7160746663940071,0.7160746663940071,0.7160746663940071,1.0,1.0,1.0
6,2,3,0.6,homogeneous,flat,0.7999999999999999,0.7999999999999999,0.7999999999999999,0.7999999999999999,1.0,1.0,1.0
6,2,3,0.6,homogeneous,log_uniform,1.8066623465312583,1.8066623465312586,1.8066623465312583,1.8066623465312583,1.0000000000000002,0.9999999999999999,1.0
6,2,3,0.6,homogeneous,log_uniform,1.48221899373714,1.48221899373714,1.48221899373714,1.48221899373714,1.0,1.0,1.0
6,2,3,0.6,homogeneous,log_uniform,1.288627628102835,1.288627628102835,1.288627628102835,1.288627628102835,1.0,1.0,1.0
6,2,3,0.6,beta_bimodal,flat,1.5720000725719008,1.408978770497559,1.408978770497559,1.408978770497559,0.8962968864195866,1.0,0.8962968864195866
6,2,3,0.6,beta_bimodal,flat,1.810829206152664,1.5953855757697828,1.5953855757697828,1.5953855757697828,0.8810248754267562,1.0,0.8810248754267562
6,2,3,0.6,beta_bimodal,flat,2.1331033603844944,1.8672549501571756,1.8672549501571756,1.8672549501571756,0.8753701226276258,1.0,0.8753701226276258
6,2,3,0.6,beta_bimodal,log_uniform,2.130798411399929,2.05281551781861,2.028095731169131,2.05281551781861,0.9634020312930097,0.9879581061060241,0.9518008462549384
6,2,3,0.6,beta_bimodal,log_uniform,2.2179310001635795,2.1034877544562764,2.1034877544562764,2.1034877544562764,0.9484008989915095,1.0,0.9484008989915095
6,2,3,0.6,beta_bimodal,log_uniform,1.3158719806115795,1.2320101841723867,1.1773861796355145,1.2320101841723867,0.9362690309735022,0.9556627004884977,0.8947573905238861
6,3,2,0.6,homogeneous,flat,1.312,1.312,1.1999999999999995,1.312,1.0,0.914634146341463,0.914634146341463
6,3,2,0.6,homogeneous,log_uniform,1.912369567893219,1.912369567893219,1.859384413868208,1.912369567893219,1.0,0.9722934547199563,0.9722934547199563
6,3,2,0.6,homogeneous,log_uniform,1.891753044878314,1.891753044878314,1.854205055609336,1.891753044878314,1.0,0.9801517489977698,0.9801517489977698
6,3,2,0.6,homogeneous,log_uniform,2.040094780159107,2.040094780159107,2.040094780159107,2.040094780159107,1.0,1.0,1.0
6,3,2,0.6,beta_bimodal,flat,2.203301400427705,2.203301400427705,2.203301400427705,2.203301400427705,1.0,1.0,1.0
6,3,2,0.6,beta_bimodal,flat,2.1514324759312493,2.1514324759312493,2.1514324759312493,2.1514324759312493,1.0,1.0,1.0
6,3,2,0.6,beta_bimodal,flat,2.211626867149485,2.211626867149485,2.211626867149485,2.211626867149485,1.0,1.0,1.0
6,3,2,0.6,beta_bimodal,log_uniform,1.62244585176514,1.587420507561322,1.5095510476132958,1.587420507561322,0.9784120103819106,0.9509459153531705,0.9304169048051618
6,3,2,0.6,beta_bimodal,log_uniform,2.923821431082298,2.923821431082298,2.923821431082298,2.923821431082298,1.0,1.0,1.0
6,3,2,0.6,beta_bimodal,log_uniform,2.378781484401995,2.3390226613373923,2.2990482332475177,2.3390226613373923,0.9832860549296744,0.982909773064354,0.9664814731082702
6,3,3,0.6,homogeneous,flat,1.312,1.312,1.1999999999999995,1.312,1.0,0.914634146341463,0.914634146341463
6,3,3,0.6,homogeneous,log_uniform,1.9462953504367144,1.8967118788006367,1.8967118788006367,1.8967118788006367,0.9745241791668711,1.0,0.9745241791668711
6,3,3,0.6,homogeneous,log_uniform,2.0594458968327256,2.0213793573368486,2.01398026044625,2.0213793573368486,0.9815161255003492,0.9963395802654545,0.9779233645047931
6,3,3,0.6,homogeneous,log_uniform,1.9388922800656203,1.9388922800656203,1.9388922800656203,1.9388922800656203,1.0,1.0,1.0
6,3,3,0.6,beta_bimodal,flat,2.3601563442894444,2.316994491602813,2.2640442691598293,2.3161817172435764,0.9817122908865489,0.9771470227335954,0.9592772422207687
6,3,3,0.6,beta_bimodal,flat,2.24719939065395,2.149405586902028,2.1133433941568973,2.149371572185555,0.9564819196023976,0.9832222485300656,0.9404343036698227
6,3,3,0.6,beta_bimodal,flat,2.2158129029652778,2.086298298976838,2.02867475426074,2.0860112465399725,0.9415498466431355,0.9723800068550323,0.9155442463332067
6,3,3,0.6,beta_bimodal,log_uniform,1.3320235969034944,1.2801294207162488,1.2608251810995368,1.2801294207162488,0.9610410984400862,0.9849200875284071,0.9465486827940062
6,3,3,0.6,beta_bimodal,log_uniform,2.478611631709286,2.426996229413694,2.39978962364846,2.426210100541238,0.9791756797897389,0.9887900090508972,0.9681991292817144
6,3,3,0.6,beta_bimodal,log_uniform,1.8841320061823852,1.8750939854829223,1.8533380520075304,1.8750939854829225,0.9952030852032625,0.9883974170661165,0.9836561588711349
4,2,2,0.65,homogeneous,flat,0.7,0.7,0.7,0.7,1.0,1.0,1.0
4,2,2,0.65,homogeneous,log_uniform,1.211830674241974,1.211830674241974,1.2118306742419738,1.211830674241974,1.0,0.9999999999999998,0.9999999999999998
4,2,2,0.65,homogeneous,log_uniform,0.9365717216757375,0.9365717216757375,0.9365717216757375,0.9365717216757375,1.0,1.0,1.0
4,2,2,0.65,homogeneous,log_uniform,1.0102840843778018,1.0102840843778018,1.0102840843778018,1.0102840843778018,1.0,1.0,1.0
4,2,2,0.65,beta_bimodal,flat,1.1557462650700343,1.1557462650700345,1.1557462650700343,1.1557462650700343,1.0000000000000002,0.9999999999999998,1.0
4,2,2,0.65,beta_bimodal,flat,1.1089165663292306,1.1089165663292306,1.1089165663292306,1.1089165663292306,1.0,1.0,1.0
4,2,2,0.65,beta_bimodal,flat,1.3222846217749389,1.3222846217749389,1.1749660409820373,1.3222846217749389,1.0,0.888587843822042,0.888587843822042
4,2,2,0.65,beta_bimodal,log_uniform,1.3474346890006106,1.3474346890006106,1.3083111117988575,1.3474346890006106,1.0,0.9709643981106268,0.9709643981106268
4,2,2,0.65,beta_bimodal,log_uniform,1.281353119629321,1.281353119629321,1.1218863375806043,1.281353119629321,1.0,0.8755481376633723,0.8755481376633723
4,2,2,0.65,beta_bimodal,log_uniform,0.595510099632665,0.5605506700634469,0.5605506700634469,0.5605506700634469,0.9412949846009624,1.0,0.9412949846009624
4,2,3,0.65,homogeneous,flat,0.7,0.7,0.7,0.7,1.0,1.0,1.0
4,2,3,0.65,homogeneous,log_uniform,1.0883892110432307,1.0883892110432307,1.0883892110432305,1.0883892110432307,1.0,0.9999999999999998,0.9999999999999998
4,2,3,0.65,homogeneous,log_uniform,1.0250688084693067,1.0250688084693067,1.0250688084693067,1.0250688084693067,1.0,1.0,1.0
4,2,3,0.65,homogeneous,log_uniform,0.9769301681399674,0.9769301681399674,0.9769301681399674,0.9769301681399674,1.0,1.0,1.0
4,2,3,0.65,beta_bimodal,flat,1.3836371968553185,1.3767616134708491,1.3767616134708491,1.3767616134708491,0.9950307902966934,1.0,0.9950307902966934
4,2,3,0.65,beta_bimodal,flat,1.264786243328103,1.2251003024786116,1.2251003024786116,1.2251003024786116,0.9686224126338823,1.0,0.9686224126338823
4,2,3,0.65,beta_bimodal,flat,1.3308791317082018,1.3056420223180258,1.3056420223180256,1.3056420223180258,0.9810372641745582,0.9999999999999998,0.981037264174558
4,2,3,0.65,beta_bimodal,log_uniform,1.1349669640038087,1.1290339230053381,1.129033923005338,1.129033923005338,0.994772498947863,0.9999999999999998,0.9947724989478629
4,2,3,0.65,beta_bimodal,log_uniform,0.9365413435270558,0.913775931391912,0.9137759313919118,0.913775931391912,0.9756920372042432,0.9999999999999998,0.975692037204243
4,2,3,0.65,beta_bimodal,log_uniform,0.6007871317921039,0.585003907392549,0.585003907392549,0.585003907392549,0.9737290904476023,1.0,0.9737290904476023
4,3,2,0.65,homogeneous,flat,1.1611250000000002,1.1611250000000002,1.0499999999999998,1.1611250000000002,1.0,0.9042954031650337,0.9042954031650337
4,3,2,0.65,homogeneous,log_uniform,1.3016190731317858,1.3016190731317858,1.2960913747497018,1.3016190731317858,1.0,0.9957532134430206,0.9957532134430206
4,3,2,0.65,homogeneous,log_uniform,1.297792551841143,1.297792551841143,1.2591962351667825,1.297792551841143,1.0,0.9702600260576276,0.9702600260576276
4,3,2,0.65,homogeneous,log_uniform,1.2973368623490955,1.2973368623490955,1.250826219203956,1.2973368623490955,1.0,0.9641491392906832,0.9641491392906832
4,3,2,0.65,beta_bimodal,flat,1.3998990616342686,1.3998990616342686,1.3998990616342686,1.3998990616342686,1.0,1.0,1.0
4,3,2,0.65,beta_bimodal,flat,1.2403606904501912,1.2403073242960396,1.2229176255426015,1.2403073242960396,0.9999569752939106,0.9859795242575803,0.9859371027783389
4,3,2,0.65,beta_bimodal,flat,1.3994211665027714,1.3994211665027714,1.3994211665027714,1.3994211665027714,1.0,1.0,1.0
4,3,2,0.65,beta_bimodal,log_uniform,1.342984228542085,1.342984228542085,1.2772802840864923,1.342984228542085,1.0,0.9510761607923576,0.9510761607923576
4,3,2,0.65,beta_bimodal,log_uniform,1.774937155316076,1.774937155316076,1.7749371553160758,1.7749371553160758,1.0,0.9999999999999999,0.9999999999999999
4,3,2,0.65,beta_bimodal,log_uniform,0.6151130207783783,0.6151130207783783,0.6151130207783782,0.6151130207783783,1.0,0.9999999999999998,0.9999999999999998
4,3,3,0.65,homogeneous,flat,1.1611250000000002,1.161125,1.0499999999999998,1.161125,0.9999999999999998,0.9042954031650338,0.9042954031650337
4,3,3,0.65,homogeneous,log_uniform,1.2712088713811385,1.224906291883055,1.224906291883055,1.224906291883055,0.9635759468483124,1.0,0.9635759468483124
4,3,3,0.65,homogeneous,log_uniform,1.2659543577120238,1.2195486033069898,1.2195486033069898,1.2195486033069898,0.963343264216173,1.0,0.963343264216173
4,3,3,0.65,homogeneous,log_uniform,1.1885872550966052,1.1651186655758432,1.0959232839567974,1.1651186655758432,0.9802550553860225,0.9406108719536761,0.9220385623836457
4,3,3,0.65,beta_bimodal,flat,1.3920666995656572,1.391994369315595,1.3919943693155947,1.391994369315595,0.999948041103142,0.9999999999999999,0.9999480411031418
4,3,3,0.65,beta_bimodal,flat,1.3657976738775366,1.3643258340563453,1.364325834056345,1.364325834056345,0.9989223588168717,0.9999999999999999,0.9989223588168715
4,3,3,0.65,beta_bimodal,flat,1.385930355913325,1.356951738415741,1.3560068389460906,1.3569258699111584,0.9790908559193171,0.9993036602239417,0.9784090760119655
4,3,3,0.65,beta_bimodal,log_uniform,1.205221887338095,1.205221887338095,1.2052218873380949,1.205221887338095,1.0,0.9999999999999998,0.9999999999999998
4,3,3,0.65,beta_bimodal,log_uniform,1.2035528865900005,1.1941454813776395,1.1621542561565923,1.1941454813776395,0.9921836378632145,0.9732099432439838,0.9656029818924684
4,3,3,0.65,beta_bimodal,log_uniform,1.680841919002157,1.680841919002157,1.6808419190021566,1.680841919002157,1.0,0.9999999999999998,0.9999999999999998
5,2,2,0.65,homogeneous,flat,0.7,0.7,0.7,0.7,1.0,1.0,1.0
5,2,2,0.65,homogeneous,log_uniform,1.0977572461229357,1.0977572461229355,1.0977572461229357,1.0977572461229357,0.9999999999999998,1.0000000000000002,1.0
5,2,2,0.65,homogeneous,log_uniform,1.275145460967444,1.275145460967444,1.275145460967444,1.275145460967444,1.0,1.0,1.0
5,2,2,0.65,homogeneous,log_uniform,1.0914530591445653,1.0914530591445653,1.0914530591445653,1.0914530591445653,1.0,1.0,1.0
5,2,2,0.65,beta_bimodal,flat,1.7129556963161494,1.7129556963161494,1.6328591182640195,1.7129556963161494,1.0,0.9532407182366806,0.9532407182366806
5,2,2,0.65,beta_bimodal,flat,1.3505085170424458,1.3505085170424458,1.3291997561787685,1.3505085170424458,1.0,0.984221676061442,0.984221676061442
5,2,2,0.65,beta_bimodal,flat,1.6321456698711834,1.6321456698711834,1.546527826510837,1.6321456698711834,1.0,0.9475427684300363,0.9475427684300363
5,2,2,0.65,beta_bimodal,log_uniform,0.7104452659529488,0.6588040060627314,0.6363147706340068,0.6588040060627314,0.9273114167057628,0.9658635417790961,0.8956562892716192
5,2,2,0.65,beta_bimodal,log_uniform,1.0410490272488906,1.0410490272488906,1.0410490272488906,1.0410490272488906,1.0,1.0,1.0
5,2,2,0.65,beta_bimodal,log_uniform,0.9107949660594477,0.829571292671219,0.8295712926712189,0.829571292671219,0.9108211217507682,0.9999999999999999,0.9108211217507681
5,2,3,0.65,homogeneous,flat,0.7,0.7,0.7,0.7,1.0,1.0,1.0
5,2,3,0.65,homogeneous,log_uniform,1.396890362788331,1.3968903627883307,1.3968903627883305,1.396890362788331,0.9999999999999999,0.9999999999999999,0.9999999999999997
5,2,3,0.65,homogeneous,log_uniform,1.420454317623309,1.420454317623309,1.4204543176233089,1.420454317623309,1.0,0.9999999999999999,0.9999999999999999
5,2,3,0.65,homogeneous,log_uniform,1.24046606445853,1.2404660644585301,1.24046606445853,1.24046606445853,1.0000000000000002,0.9999999999999998,1.0
5,2,3,0.65,beta_bimodal,flat,1.2516805846766217,1.2516805846766217,1.2516805846766217,1.2516805846766217,1.0,1.0,1.0
5,2,3,0.65,beta_bimodal,flat,1.3436912088512256,1.2617216705555059,1.261721670555506,1.261721670555506,0.938996744374179,1.0000000000000002,0.9389967443741791
5,2,3,0.65,beta_bimodal,flat,1.4268526404007529,1.2954240179499255,1.2954240179499257,1.2954240179499257,0.9078891409459678,1.0000000000000002,0.907889140945968
5,2,3,0.65,beta_bimodal,log_uniform,1.1666023425322452,1.1666023425322452,1.1666023425322452,1.1666023425322452,1.0,1.0,1.0
5,2,3,0.65,beta_bimodal,log_uniform,1.2864279394834508,1.2864279394834508,1.2864279394834508,1.2864279394834508,1.0,1.0,1.0
5,2,3,0.65,beta_bimodal,log_uniform,2.447620243439948,2.283580723635154,2.283580723635154,2.283580723635154,0.9329799954692938,1.0,0.9329799954692938
5,3,2,0.65,homogeneous,flat,1.1611250000000002,1.1611250000000002,1.05,1.1611250000000002,1.0,0.9042954031650338,0.9042954031650338
5,3,2,0.65,homogeneous,log_uniform,1.4576248144067003,1.4576248144067003,1.4284616882453085,1.4576248144067003,1.0,0.9799927074010042,0.9799927074010042
5,3,2,0.65,homogeneous,log_uniform,1.525059587561043,1.525059587561043,1.4988553409256868,1.525059587561043,1.0,0.9828175588356758,0.9828175588356758
5,3,2,0.65,homogeneous,log_uniform,1.483067234034268,1.4830672340342679,1.451986407797354,1.483067234034268,0.9999999999999999,0.9790428744404479,0.9790428744404478
5,3,2,0.65,beta_bimodal,flat,1.7115410128083424,1.7115410128083424,1.7115410128083424,1.7115410128083424,1.0,1.0,1.0
5,3,2,0.65,beta_bimodal,flat,1.7420052953857246,1.7420052953857246,1.7420052953857246,1.7420052953857246,1.0,1.0,1.0
5,3,2,0.65,beta_bimodal,flat,1.496996777592929,1.496996777592929,1.4950521482101096,1.496996777592929,1.0,0.9987009795799653,0.9987009795799653
5,3,2,0.65,beta_bimodal,log_uniform,1.3290939996191975,1.3290939996191975,1.310179093142925,1.3290939996191975,1.0,0.9857685713112151,0.9857685713112151
5,3,2,0.65,beta_bimodal,log_uniform,1.5629331472685444,1.5629331472685444,1.5573910604744805,1.5629331472685444,1.0,0.9964540474403851,0.9964540474403851
5,3,2,0.65,beta_bimodal,log_uniform,1.5667696187627458,1.5619017787710228,1.5345983679879942,1.5619017787710228,0.9968930722593619,0.9825191243430735,0.9794665084199445
5,3,3,0.65,homogeneous,flat,1.1611250000000002,1.1611250000000002,1.05,1.1611250000000002,1.0,0.9042954031650338,0.9042954031650338
5,3,3,0.65,homogeneous,log_uniform,1.4433878822615842,1.3672160348414621,1.367216034841462,1.367216034841462,0.947227042462923,0.9999999999999999,0.9472270424629229
5,3,3,0.65,homogeneous,log_uniform,1.5363667848088471,1.5115198075049232,1.5115198075049232,1.5115198075049232,0.9838274443644554,1.0,0.9838274443644554
5,3,3,0.65,homogeneous,log_uniform,1.4956826781740715,1.4816941086102766,1.4816941086102764,1.4816941086102764,0.9906473680761804,0.9999999999999999,0.9906473680761801
5,3,3,0.65,beta_bimodal,flat,1.7024110619052295,1.7024110619052295,1.7024110619052293,1.7024110619052295,1.0,0.9999999999999999,0.9999999999999999
5,3,3,0.65,beta_bimodal,flat,1.7499415617662066,1.7499415617662066,1.749941561766206,1.7499415617662064,1.0,0.9999999999999997,0.9999999999999997
5,3,3,0.65,beta_bimodal,flat,1.588046161203948,1.5553946857940932,1.555394685794093,1.5553946857940932,0.9794392151767801,0.9999999999999999,0.9794392151767799
5,3,3,0.65,beta_bimodal,log_uniform,1.50488329742038,1.4745705190206877,1.4689059398000586,1.4689059398000586,0.9798570570544217,0.9961584887616015,0.9760929251577231
5,3,3,0.65,beta_bimodal,log_uniform,3.082842233041448,3.072955019505047,3.0729550195050463,3.072955019505047,0.9967928253251394,0.9999999999999999,0.9967928253251392
5,3,3,0.65,beta_bimodal,log_uniform,1.3888550923326743,1.3684521625144344,1.3684521625144344,1.3684521625144344,0.9853095330600892,1.0,0.9853095330600892
6,2,2,0.65,homogeneous,flat,0.6999999999999998,0.6999999999999998,0.6999999999999998,0.6999999999999998,1.0,1.0,1.0
6,2,2,0.65,homogeneous,log_uniform,0.956654397285588,0.9566543972855879,0.956654397285588,0.956654397285588,0.9999999999999999,1.0000000000000002,1.0
6,2,2,0.65,homogeneous,log_uniform,1.3741438040240417,1.3741438040240417,1.3741438040240417,1.3741438040240417,1.0,1.0,1.0
6,2,2,0.65,homogeneous,log_uniform,1.312493646396366,1.3124936463963661,1.312493646396366,1.312493646396366,1.0000000000000002,0.9999999999999998,1.0
6,2,2,0.65,beta_bimodal,flat,1.673389229886607,1.6733892298866073,1.673389229886607,1.673389229886607,1.0000000000000002,0.9999999999999999,1.0
6,2,2,0.65,beta_bimodal,flat,1.9143502772398011,1.9143502772398013,1.9143502772398011,1.9143502772398011,1.0000000000000002,0.9999999999999999,1.0
6,2,2,0.65,beta_bimodal,flat,1.503612660506625,1.5036126605066247,1.503612660506625,1.503612660506625,0.9999999999999999,1.0000000000000002,1.0
6,2,2,0.65,beta_bimodal,log_uniform,3.0605226118040023,3.0605226118040023,2.8963549847721475,3.0605226118040023,1.0,0.9463596098265429,0.9463596098265429
6,2,2,0.65,beta_bimodal,log_uniform,1.223839460282809,1.223839460282809,1.223839460282809,1.223839460282809,1.0,1.0,1.0
6,2,2,0.65,beta_bimodal,log_uniform,2.956709935011053,2.956709935011053,2.956709935011053,2.956709935011053,1.0,1.0,1.0
6,2,3,0.65,homogeneous,flat,0.6999999999999998,0.6999999999999998,0.6999999999999998,0.6999999999999998,1.0,1.0,1.0
6,2,3,0.65,homogeneous,log_uniform,1.2941348470468808,1.2941348470468808,1.2941348470468808,1.2941348470468808,1.0,1.0,1.0
6,2,3,0.65,homogeneous,log_uniform,1.2740306293560963,1.2740306293560963,1.274030629356096,1.2740306293560963,1.0,0.9999999999999997,0.9999999999999997
6,2,3,0.65,homogeneous,log_uniform,1.100249761792442,1.100249761792442,1.1002497617924418,1.100249761792442,1.0,0.9999999999999998,0.9999999999999998
6,2,3,0.65,beta_bimodal,flat,1.3487985251615713,1.3142851682012067,1.3142851682012069,1.3142851682012069,0.9744117773584974,1.0000000000000002,0.9744117773584976
6,2,3,0.65,beta_bimodal,flat,1.859312267825609,1.64724957393153,1.64724957393153,1.64724957393153,0.8859456275507299,1.0,0.8859456275507299
6,2,3,0.65,beta_bimodal,flat,1.4902919646745671,1.381229406818208,1.3812294068182078,1.381229406818208,0.9268179924192406,0.9999999999999999,0.9268179924192403
6,2,3,0.65,beta_bimodal,log_uniform,1.5605071685055394,1.5605071685055394,1.5605071685055394,1.5605071685055394,1.0,1.0,1.0
6,2,3,0.65,beta_bimodal,log_uniform,0.8012433245160724,0.7647665192569708,0.7647665192569708,0.7647665192569708,0.9544747467554472,1.0,0.9544747467554472
6,2,3,0.65,beta_bimodal,log_uniform,3.2036413964657693,3.1039819680287564,3.103981968028756,3.1039819680287564,0.968891827734853,0.9999999999999999,0.9688918277348529
6,3,2,0.65,homogeneous,flat,1.1611250000000002,1.1611250000000002,1.0499999999999998,1.1611250000000002,1.0,0.9042954031650337,0.9042954031650337
6,3,2,0.65,homogeneous,log_uniform,1.7084648270255194,1.7084648270255194,1.6287936914181202,1.7084648270255194,1.0,0.9533668271379584,0.9533668271379584
6,3,2,0.65,homogeneous,log_uniform,1.5409186002346302,1.5409186002346302,1.4764448450049117,1.5409186002346302,1.0,0.9581588831363959,0.9581588831363959
6,3,2,0.65,homogeneous,log_uniform,1.6320173987926698,1.6320173987926698,1.5593556664895214,1.6320173987926698,1.0,0.9554773543732427,0.9554773543732427
6,3,2,0.65,beta_bimodal,flat,2.06394103930623,2.06394103930623,2.06394103930623,2.06394103930623,1.0,1.0,1.0
6,3,2,0.65,beta_bimodal,flat,1.921652005921864,1.9216520059218638,1.921652005921864,1.921652005921864,0.9999999999999999,1.0000000000000002,1.0
6,3,2,0.65,beta_bimodal,flat,1.9141230286594104,1.9141230286594102,1.9141230286594104,1.9141230286594104,0.9999999999999999,1.0000000000000002,1.0
6,3,2,0.65,beta_bimodal,log_uniform,2.675117156278995,2.675117156278995,2.675117156278995,2.675117156278995,1.0,1.0,1.0
6,3,2,0.65,beta_bimodal,log_uniform,1.1189119489406516,1.1189119489406516,1.1058299040419617,1.1189119489406516,1.0,0.9883082445307019,0.9883082445307019
6,3,2,0.65,beta_bimodal,log_uniform,2.4628120359929913,2.4628120359929913,2.4628120359929913,2.4628120359929913,1.0,1.0,1.0
6,3,3,0.65,homogeneous,flat,1.161125,1.1611250000000002,1.0499999999999998,1.1611250000000002,1.0000000000000002,0.9042954031650337,0.9042954031650338
6,3,3,0.65,homogeneous,log_uniform,1.572532004415671,1.4933397162877307,1.4841327190728677,1.4933397162877309,0.9496402693836639,0.9938346264319879,0.9437853823676859
6,3,3,0.65,homogeneous,log_uniform,1.4844818442425376,1.436993881001181,1.4002105209715985,1.436993881001181,0.9680104115617612,0.9744025632148448,0.9432318262444369
6,3,3,0.65,homogeneous,log_uniform,1.6736679377376682,1.6228777322534245,1.6228777322534242,1.6228777322534245,0.96965335575891,0.9999999999999999,0.9696533557589099
6,3,3,0.65,beta_bimodal,flat,1.839356578276868,1.746500615146894,1.7043353068084448,1.745201945505923,0.9495171495148795,0.9758572611009915,0.926593204894011
6,3,3,0.65,beta_bimodal,flat,1.9988217385517928,1.9080204896242299,1.881934689662842,1.8983791094007971,0.9545726128667426,0.9863283439023628,0.9415220243834055
6,3,3,0.65,beta_bimodal,flat,2.0009931185249825,1.9765619523333635,1.9752169938435724,1.9759881779027055,0.9877904796546085,0.9993195465043717,0.9871183341697792
6,3,3,0.65,beta_bimodal,log_uniform,2.3328375464964717,2.304829202879402,2.282122626345438,2.304829202879402,0.9879938731013939,0.9901482606582749,0.9782604149923774
6,3,3,0.65,beta_bimodal,log_uniform,1.1556340640106917,1.1460443741518878,1.1429588401186714,1.1460443741518878,0.9917017937100934,0.9973076661752301,0.9890318014268027
6,3,3,0.65,beta_bimodal,log_uniform,1.6470055896644191,1.6130153917881216,1.5907178280277334,1.6130153917881216,0.9793624271286031,0.9861764717969181,0.9658241829961521
4,2,2,0.7,homogeneous,flat,0.6000000000000001,0.6000000000000001,0.6000000000000001,0.6000000000000001,1.0,1.0,1.0
4,2,2,0.7,homogeneous,log_uniform,0.897397770686216,0.897397770686216,0.8973977706862158,0.897397770686216,1.0,0.9999999999999999,0.9999999999999999
4,2,2,0.7,homogeneous,log_uniform,0.9161216239953685,0.9161216239953683,0.9161216239953685,0.9161216239953685,0.9999999999999999,1.0000000000000002,1.0
4,2,2,0.7,homogeneous,log_uniform,0.8037184089785621,0.8037184089785621,0.803718408978562,0.8037184089785621,1.0,0.9999999999999999,0.9999999999999999
4,2,2,0.7,beta_bimodal,flat,1.071742584640414,1.071742584640414,1.066010078125009,1.071742584640414,1.0,0.9946512281983007,0.9946512281983007
4,2,2,0.7,beta_bimodal,flat,1.1935431427843826,1.1935431427843826,1.1935431427843826,1.1935431427843826,1.0,1.0,1.0
4,2,2,0.7,beta_bimodal,flat,0.9074730901171132,0.9074730901171131,0.9074730901171132,0.9074730901171132,0.9999999999999999,1.0000000000000002,1.0
4,2,2,0.7,beta_bimodal,log_uniform,1.949922169059929,1.9499221690599293,1.9485910873427552,1.949922169059929,1.0000000000000002,0.9993173667450451,0.9993173667450452
4,2,2,0.7,beta_bimodal,log_uniform,0.4168436870633213,0.4168436870633213,0.4168436870633213,0.4168436870633213,1.0,1.0,1.0
4,2,2,0.7,beta_bimodal,log_uniform,0.5191878180445669,0.5158617692792703,0.5158617692792703,0.5158617692792703,0.9935937465215889,1.0,0.9935937465215889
4,2,3,0.7,homogeneous,flat,0.6000000000000001,0.6000000000000001,0.6000000000000001,0.6000000000000001,1.0,1.0,1.0
4,2,3,0.7,homogeneous,log_uniform,1.008072565435827,1.008072565435827,1.008072565435827,1.008072565435827,1.0,1.0,1.0
4,2,3,0.7,homogeneous,log_uniform,0.9512953457698092,0.9512953457698091,0.9512953457698092,0.9512953457698092,0.9999999999999999,1.0000000000000002,1.0
4,2,3,0.7,homogeneous,log_uniform,0.6865172482241153,0.6865172482241153,0.6865172482241152,0.6865172482241153,1.0,0.9999999999999999,0.9999999999999999
4,2,3,0.7,beta_bimodal,flat,1.0420545439436786,1.035647073090919,1.035647073090919,1.035647073090919,0.9938511175926451,1.0,0.9938511175926451
4,2,3,0.7,beta_bimodal,flat,1.1885336320744406,1.1875567401250162,1.1875567401250162,1.1875567401250162,0.9991780695782926,1.0,0.9991780695782926
4,2,3,0.7,beta_bimodal,flat,1.1361619005446852,1.1361619005446852,1.1361619005446852,1.1361619005446852,1.0,1.0,1.0
4,2,3,0.7,beta_bimodal,log_uniform,1.0258816556258104,1.0258816556258104,1.02588165562581,1.0258816556258104,1.0,0.9999999999999996,0.9999999999999996
4,2,3,0.7,beta_bimodal,log_uniform,2.1142979045063264,2.105453194128153,2.105453194128153,2.105453194128153,0.9958167151566852,1.0,0.9958167151566852
4,2,3,0.7,beta_bimodal,log_uniform,0.5884833855723327,0.573358832975941,0.573358832975941,0.573358832975941,0.974299100081335,1.0,0.974299100081335
4,3,2,0.7,homogeneous,flat,1.011,1.0110000000000001,0.9000000000000001,1.011,1.0000000000000002,0.8902077151335311,0.8902077151335314
4,3,2,0.7,homogeneous,log_uniform,1.0912317283847024,1.0912317283847024,1.0430067154337723,1.0912317283847024,1.0,0.955806808309803,0.955806808309803
4,3,2,0.7,homogeneous,log_uniform,1.124848500564052,1.124848500564052,1.0836091764610556,1.124848500564052,1.0,0.9633378858732379,0.9633378858732379
4,3,2,0.7,homogeneous,log_uniform,1.1158371472003057,1.1158371472003057,1.099915316858738,1.1158371472003057,1.0,0.9857310447303923,0.9857310447303923
4,3,2,0.7,beta_bimodal,flat,1.170090850893593,1.170090850893593,1.170090850893593,1.170090850893593,1.0,1.0,1.0
4,3,2,0.7,beta_bimodal,flat,1.1998879716779962,1.1998879716779962,1.199887971677996,1.1998879716779962,1.0,0.9999999999999998,0.9999999999999998
4,3,2,0.7,beta_bimodal,flat,1.1860148287238954,1.1860148287238954,1.1860148287238952,1.1860148287238954,1.0,0.9999999999999998,0.9999999999999998
4,3,2,0.7,beta_bimodal,log_uniform,0.376442873438283,0.37644287343828303,0.3568003455148515,0.376442873438283,1.0000000000000002,0.9478206938969934,0.9478206938969936
4,3,2,0.7,beta_bimodal,log_uniform,0.9941014337297134,0.9941014337297134,0.9941014337297134,0.9941014337297134,1.0,1.0,1.0
4,3,2,0.7,beta_bimodal,log_uniform,0.9398431415905693,0.9398431415905693,0.9398431415905693,0.9398431415905693,1.0,1.0,1.0
4,3,3,0.7,homogeneous,flat,1.011,1.0110000000000001,0.9000000000000001,1.011,1.0000000000000002,0.8902077151335311,0.8902077151335314
4,3,3,0.7,homogeneous,log_uniform,1.1500476425526625,1.1266485707911063,1.126648570791106,1.1266485707911065,0.979653823984527,0.9999999999999998,0.9796538239845268
4,3,3,0.7,homogeneous,log_uniform,1.0864181336298202,1.049932486416031,1.049932486416031,1.049932486416031,0.9664165701175409,1.0,0.9664165701175409
4,3,3,0.7,homogeneous,log_uniform,1.1552563967540126,1.139575973526359,1.139575973526359,1.139575973526359,0.9864268890683388,1.0,0.9864268890683388
4,3,3,0.7,beta_bimodal,flat,1.1999860661165336,1.1999860661165336,1.1999860661165336,1.1999860661165336,1.0,1.0,1.0
4,3,3,0.7,beta_bimodal,flat,1.1920941566142822,1.1917363284497686,1.1917363284497682,1.1917363284497686,0.9996998322971988,0.9999999999999997,0.9996998322971985
4,3,3,0.7,beta_bimodal,flat,1.1991827567342128,1.1991827567342128,1.1991827567342126,1.1991827567342128,1.0,0.9999999999999998,0.9999999999999998
4,3,3,0.7,beta_bimodal,log_uniform,1.4357380106496924,1.4357380106496924,1.4357380106496924,1.4357380106496924,1.0,1.0,1.0
4,3,3,0.7,beta_bimodal,log_uniform,0.4592733236485316,0.4592650159824815,0.4592650159824814,0.4592650159824815,0.9999819112810993,0.9999999999999998,0.999981911281099
4,3,3,0.7,beta_bimodal,log_uniform,1.1846865150057198,1.1816300240915332,1.158701827824493,1.1816300240915332,0.9974200002486128,0.9805961292455581,0.9780661914758932
5,2,2,0.7,homogeneous,flat,0.6000000000000001,0.6000000000000001,0.6000000000000001,0.6000000000000001,1.0,1.0,1.0
5,2,2,0.7,homogeneous,log_uniform,1.0503707846170445,1.0503707846170443,1.0503707846170445,1.0503707846170445,0.9999999999999998,1.0000000000000002,1.0
5,2,2,0.7,homogeneous,log_uniform,1.1063791979691082,1.1063791979691082,1.1063791979691082,1.1063791979691082,1.0,1.0,1.0
5,2,2,0.7,homogeneous,log_uniform,0.8547187427102964,0.8547187427102964,0.8547187427102962,0.8547187427102964,1.0,0.9999999999999999,0.9999999999999999
5,2,2,0.7,beta_bimodal,flat,1.396770755175249,1.396770755175249,1.3774566607931968,1.396770755175249,1.0,0.9861723233318778,0.9861723233318778
5,2,2,0.7,beta_bimodal,flat,0.9929342021332191,0.9929342021332193,0.9929342021332191,0.9929342021332191,1.0000000000000002,0.9999999999999999,1.0
5,2,2,0.7,beta_bimodal,flat,1.3110892613594496,1.3110892613594496,1.2124420223789474,1.3110892613594496,1.0,0.9247593265478994,0.9247593265478994
5,2,2,0.7,beta_bimodal,log_uniform,0.6556770656941805,0.6556770656941805,0.6432843852220341,0.6556770656941805,1.0,0.9810994144517988,0.9810994144517988
5,2,2,0.7,beta_bimodal,log_uniform,0.8888022843222483,0.8888022843222483,0.8888022843222483,0.8888022843222483,1.0,1.0,1.0
5,2,2,0.7,beta_bimodal,log_uniform,1.2315222166234745,1.2315222166234743,1.2315222166234745,1.2315222166234745,0.9999999999999998,1.0000000000000002,1.0
5,2,3,0.7,homogeneous,flat,0.6000000000000001,0.6000000000000001,0.6000000000000001,0.6000000000000001,1.0,1.0,1.0
5,2,3,0.7,homogeneous,log_uniform,0.9410698955774394,0.9410698955774394,0.9410698955774394,0.9410698955774394,1.0,1.0,1.0
5,2,3,0.7,homogeneous,log_uniform,1.141896555697227,1.141896555697227,1.141896555697227,1.141896555697227,1.0,1.0,1.0
5,2,3,0.7,homogeneous,log_uniform,1.0230932290864585,1.0230932290864583,1.0230932290864585,1.0230932290864585,0.9999999999999998,1.0000000000000002,1.0
5,2,3,0.7,beta_bimodal,flat,1.2454099136344727,1.2068586231316725,1.2068586231316725,1.2068586231316725,0.9690452997998897,1.0,0.9690452997998897
5,2,3,0.7,beta_bimodal,flat,1.109700288888468,1.109700288888468,1.109700288888468,1.109700288888468,1.0,1.0,1.0
5,2,3,0.7,beta_bimodal,flat,1.3124680695488125,1.249072405936257,1.249072405936257,1.249072405936257,0.95169736690482,1.0,0.95169736690482
5,2,3,0.7,beta_bimodal,log_uniform,0.6425672318595401,0.6288096318122873,0.6288096318122873,0.6288096318122873,0.9785896333253108,1.0,0.9785896333253108
5,2,3,0.7,beta_bimodal,log_uniform,1.4472763405425244,1.444734276123013,1.444734276123013,1.444734276123013,0.9982435528390118,1.0,0.9982435528390118
5,2,3,0.7,beta_bimodal,log_uniform,1.4515124932498906,1.4515124932498906,1.4515124932498906,1.4515124932498906,1.0,1.0,1.0
5,3,2,0.7,homogeneous,flat,1.011,1.0110000000000001,0.9000000000000001,1.011,1.0000000000000002,0.8902077151335311,0.8902077151335314
5,3,2,0.7,homogeneous,log_uniform,1.3291848099204595,1.3291848099204597,1.3291848099204595,1.3291848099204595,1.0000000000000002,0.9999999999999998,1.0
5,3,2,0.7,homogeneous,log_uniform,1.3003572737205262,1.3003572737205262,1.23587255192526,1.3003572737205262,1.0,0.950409996469074,0.950409996469074
5,3,2,0.7,homogeneous,log_uniform,1.3158576720347663,1.3158576720347663,1.2692938803243865,1.3158576720347663,1.0,0.964613352416469,0.964613352416469
5,3,2,0.7,beta_bimodal,flat,1.484620209670821,1.484620209670821,1.476171522298628,1.484620209670821,1.0,0.9943091928042215,0.9943091928042215
5,3,2,0.7,beta_bimodal,flat,1.3972349904945902,1.3972349904945902,1.3544326132189235,1.3972349904945902,1.0,0.969366371750742,0.969366371750742
5,3,2,0.7,beta_bimodal,flat,1.480932604057117,1.480932604057117,1.4801706285168457,1.480932604057117,1.0,0.9994854758831133,0.9994854758831133
5,3,2,0.7,beta_bimodal,log_uniform,0.7972101995006291,0.7896004397737124,0.7660823180335304,0.7896004397737124,0.9904545128352805,0.9702151612948419,0.9609539849256857
5,3,2,0.7,beta_bimodal,log_uniform,1.792396760828627,1.7923967608286273,1.7923967608286269,1.792396760828627,1.0000000000000002,0.9999999999999998,0.9999999999999999
5,3,2,0.7,beta_bimodal,log_uniform,1.2562844051705346,1.2562844051705346,1.2562844051705346,1.2562844051705346,1.0,1.0,1.0
5,3,3,0.7,homogeneous,flat,1.011,1.0110000000000001,0.9000000000000001,1.011,1.0000000000000002,0.8902077151335311,0.8902077151335314
5,3,3,0.7,homogeneous,log_uniform,1.3723124125933002,1.362759983426081,1.362759983426081,1.362759983426081,0.9930391730923955,1.0,0.9930391730923955
5,3,3,0.7,homogeneous,log_uniform,1.3236076674183428,1.272795834512071,1.272795834512071,1.272795834512071,0.9616111071603424,1.0,0.9616111071603424
5,3,3,0.7,homogeneous,log_uniform,1.396762904502755,1.390873232040685,1.390873232040685,1.390873232040685,0.9957833412935843,1.0,0.9957833412935843
5,3,3,0.7,beta_bimodal,flat,1.4327844604096869,1.3873028639751366,1.3848240492094783,1.3873027933185715,0.9682564979651264,0.9982132129688283,0.9665264298117144
5,3,3,0.7,beta_bimodal,flat,1.4793573130624011,1.4653880607837113,1.4653880607837113,1.4653880607837113,0.99055721551829,1.0,0.99055721551829
5,3,3,0.7,beta_bimodal,flat,1.2800221742664464,1.264684639738444,1.264684639738444,1.264684639738444,0.9880177587261001,1.0,0.9880177587261001
5,3,3,0.7,beta_bimodal,log_uniform,1.86816276958672,1.8511653523779075,1.8500591676210325,1.8511653523779077,0.9909015330540107,0.9994024387095113,0.9903094086551717
5,3,3,0.7,beta_bimodal,log_uniform,0.9008118500710804,0.8671181960754111,0.8487437054952457,0.8671181960754111,0.9625963468475568,0.9788097047630547,0.9421986460638521
5,3,3,0.7,beta_bimodal,log_uniform,1.3200864929300828,1.3144463994639306,1.3030564688399533,1.3144463994639306,0.9957274818761054,0.9913348078486711,0.9870993119152901
6,2,2,0.7,homogeneous,flat,0.6000000000000001,0.6000000000000001,0.6000000000000001,0.6000000000000001,1.0,1.0,1.0
6,2,2,0.7,homogeneous,log_uniform,0.723969958082519,0.723969958082519,0.723969958082519,0.723969958082519,1.0,1.0,1.0
6,2,2,0.7,homogeneous,log_uniform,1.3783529267281769,1.3783529267281769,1.3783529267281769,1.3783529267281769,1.0,1.0,1.0
6,2,2,0.7,homogeneous,log_uniform,1.0238564522321751,1.0238564522321751,1.0238564522321747,1.0238564522321751,1.0,0.9999999999999996,0.9999999999999996
6,2,2,0.7,beta_bimodal,flat,1.621700851582337,1.621700851582337,1.5926666026913148,1.621700851582337,1.0,0.9820964212587712,0.9820964212587712
6,2,2,0.7,beta_bimodal,flat,1.6189013891691562,1.6189013891691562,1.6189013891691562,1.6189013891691562,1.0,1.0,1.0
6,2,2,0.7,beta_bimodal,flat,1.413190338072252,1.4131903380722521,1.413190338072252,1.413190338072252,1.0000000000000002,0.9999999999999999,1.0
6,2,2,0.7,beta_bimodal,log_uniform,0.8866535379692178,0.8866535379692178,0.8866535379692178,0.8866535379692178,1.0,1.0,1.0
6,2,2,0.7,beta_bimodal,log_uniform,2.0942719811256265,2.0942719811256265,1.9643633817482489,2.0942719811256265,1.0,0.9379695662511063,0.9379695662511063
6,2,2,0.7,beta_bimodal,log_uniform,1.2222361103152557,1.2222361103152555,1.2222361103152557,1.2222361103152557,0.9999999999999998,1.0000000000000002,1.0
6,2,3,0.7,homogeneous,flat,0.6000000000000001,0.6000000000000001,0.6000000000000001,0.6000000000000001,1.0,1.0,1.0
6,2,3,0.7,homogeneous,log_uniform,0.9406806586580704,0.9406806586580703,0.9406806586580702,0.9406806586580704,0.9999999999999999,0.9999999999999999,0.9999999999999998
6,2,3,0.7,homogeneous,log_uniform,1.0639052403221445,1.0639052403221445,1.0639052403221445,1.0639052403221445,1.0,1.0,1.0
6,2,3,0.7,homogeneous,log_uniform,0.9995078422955288,0.9995078422955289,0.9995078422955288,0.9995078422955288,1.0000000000000002,0.9999999999999999,1.0
6,2,3,0.7,beta_bimodal,flat,1.3085486814119611,1.307151206586635,1.307151206586635,1.307151206586635,0.9989320421584789,1.0,0.9989320421584789
6,2,3,0.7,beta_bimodal,flat,1.4255849985854183,1.371651114032002,1.371651114032002,1.371651114032002,0.962167191288535,1.0,0.962167191288535
6,2,3,0.7,beta_bimodal,flat,1.424976253239203,1.3294985205573489,1.3294985205573486,1.3294985205573489,0.9329969657635924,0.9999999999999998,0.9329969657635923
6,2,3,0.7,beta_bimodal,log_uniform,1.3586391008714842,1.321236867488842,1.321236867488842,1.321236867488842,0.9724708104170924,1.0,0.9724708104170924
6,2,3,0.7,beta_bimodal,log_uniform,1.2660948702048318,1.1305205180228273,1.0765483743273252,1.1305205180228273,0.8929192785055112,0.9522590321581299,0.8502904479449938
6,2,3,0.7,beta_bimodal,log_uniform,1.7343328276722716,1.722156112165533,1.7221561121655329,1.722156112165533,0.9929790203400108,0.9999999999999999,0.9929790203400107
6,3,2,0.7,homogeneous,flat,1.011,1.0110000000000001,0.9,1.011,1.0000000000000002,0.890207715133531,0.8902077151335313
6,3,2,0.7,homogeneous,log_uniform,1.5262201416826326,1.5262201416826326,1.516733707741471,1.5262201416826326,1.0,0.9937843606685056,0.9937843606685056
6,3,2,0.7,homogeneous,log_uniform,1.3727438627752668,1.3727438627752668,1.3053491628778315,1.3727438627752668,1.0,0.95090511658804,0.95090511658804
6,3,2,0.7,homogeneous,log_uniform,1.4879944623357677,1.4879944623357677,1.4252909492212962,1.4879944623357677,1.0,0.9578603854371587,0.9578603854371587
6,3,2,0.7,beta_bimodal,flat,1.44463001069189,1.4446300106918901,1.3900341100668507,1.44463001069189,1.0000000000000002,0.9622076931664383,0.9622076931664385
6,3,2,0.7,beta_bimodal,flat,1.5781774008113556,1.5781774008113556,1.5781774008113556,1.5781774008113556,1.0,1.0,1.0
6,3,2,0.7,beta_bimodal,flat,1.4711351218141522,1.4711351218141522,1.4137998746487586,1.4711351218141522,1.0,0.961026525493668,0.961026525493668
6,3,2,0.7,beta_bimodal,log_uniform,1.596301501370272,1.596301501370272,1.5844373913878358,1.596301501370272,1.0,0.9925677511596325,0.9925677511596325
6,3,2,0.7,beta_bimodal,log_uniform,0.8356394773920759,0.8356394773920759,0.8078813383260239,0.8356394773920759,1.0,0.9667821592719846,0.9667821592719846
6,3,2,0.7,beta_bimodal,log_uniform,2.2130416038495184,2.2130416038495184,2.2130416038495184,2.2130416038495184,1.0,1.0,1.0
6,3,3,0.7,homogeneous,flat,1.011,1.0110000000000001,0.9,1.011,1.0000000000000002,0.890207715133531,0.8902077151335313
6,3,3,0.7,homogeneous,log_uniform,1.403505549379434,1.3226330749330324,1.3145812075494334,1.3145812075494336,0.9423782296534847,0.9939122440409207,0.9366412609702051
6,3,3,0.7,homogeneous,log_uniform,1.4698071950948508,1.458589650283146,1.458589650283146,1.458589650283146,0.9923680161254205,1.0,0.9923680161254205
6,3,3,0.7,homogeneous,log_uniform,1.562632314855408,1.5316404584958463,1.531640458495846,1.5316404584958463,0.9801668914274121,0.9999999999999999,0.980166891427412
6,3,3,0.7,beta_bimodal,flat,1.6534471989134212,1.6520507970286564,1.6520507970286564,1.6520507970286564,0.9991554602495426,1.0,0.9991554602495426
6,3,3,0.7,beta_bimodal,flat,1.7759311259170771,1.7759311259170771,1.7759311259170771,1.7759311259170771,1.0,1.0,1.0
6,3,3,0.7,beta_bimodal,flat,1.6009720446227849,1.5296969445054427,1.5207462380445451,1.5296969445054427,0.9554801095017648,0.9941487060603423,0.9498893145275736
6,3,3,0.7,beta_bimodal,log_uniform,2.3490530592166348,2.3031968195748074,2.2994704366156835,2.2994704366156835,0.9804788404153291,0.9983820822747524,0.978892506320191
6,3,3,0.7,beta_bimodal,log_uniform,1.5193951019656873,1.4894313901514034,1.4853894550558675,1.4894313901514034,0.9802791836201664,0.9972862562705054,0.977618957132463
6,3,3,0.7,beta_bimodal,log_uniform,2.517081479880634,2.4832608640276845,2.4802356277195856,2.4832608640276845,0.9865635593749021,0.9987817484856616,0.9853616768247027
4,2,2,0.75,homogeneous,flat,0.5,0.5,0.5,0.5,1.0,1.0,1.0
4,2,2,0.75,homogeneous,log_uniform,0.8310870691256899,0.8310870691256899,0.8310870691256899,0.8310870691256899,1.0,1.0,1.0
4,2,2,0.75,homogeneous,log_uniform,0.7139524563948458,0.7139524563948458,0.7139524563948458,0.7139524563948458,1.0,1.0,1.0
4,2,2,0.75,homogeneous,log_uniform,0.6873783355949762,0.6873783355949762,0.6873783355949762,0.6873783355949762,1.0,1.0,1.0
4,2,2,0.75,beta_bimodal,flat,0.9804383379949144,0.9804383379949145,0.9800751267168032,0.9804383379949144,1.0000000000000002,0.9996295419466622,0.9996295419466623
4,2,2,0.75,beta_bimodal,flat,0.982335973683005,0.982335973683005,0.982335973683005,0.982335973683005,1.0,1.0,1.0
4,2,2,0.75,beta_bimodal,flat,0.9507917281739572,0.9507917281739571,0.9507917281739572,0.9507917281739572,0.9999999999999999,1.0000000000000002,1.0
4,2,2,0.75,beta_bimodal,log_uniform,0.7975402608997595,0.7975402608997595,0.7975402608997595,0.7975402608997595,1.0,1.0,1.0
4,2,2,0.75,beta_bimodal,log_uniform,0.4931090330689839,0.4931090330689839,0.4931090330689839,0.4931090330689839,1.0,1.0,1.0
4,2,2,0.75,beta_bimodal,log_uniform,1.0132167485993016,1.0132167485993016,1.0132167485993016,1.0132167485993016,1.0,1.0,1.0
4,2,3,0.75,homogeneous,flat,0.5,0.5,0.5,0.5,1.0,1.0,1.0
4,2,3,0.75,homogeneous,log_uniform,0.8198484091962359,0.8198484091962359,0.8198484091962359,0.8198484091962359,1.0,1.0,1.0
4,2,3,0.75,homogeneous,log_uniform,0.7405307767913341,0.7405307767913341,0.7405307767913341,0.7405307767913341,1.0,1.0,1.0
4,2,3,0.75,homogeneous,log_uniform,0.6801263603314883,0.6801263603314883,0.6801263603314883,0.6801263603314883,1.0,1.0,1.0
4,2,3,0.75,beta_bimodal,flat,0.9954855223631692,0.9954855223631691,0.9954855223631692,0.9954855223631692,0.9999999999999999,1.0000000000000002,1.0
4,2,3,0.75,beta_bimodal,flat,0.9929954240321468,0.9929954240321468,0.9929954240321468,0.9929954240321468,1.0,1.0,1.0
4,2,3,0.75,beta_bimodal,flat,0.8768765939468626,0.8768765939468626,0.8768765939468626,0.8768765939468626,1.0,1.0,1.0
4,2,3,0.75,beta_bimodal,log_uniform,0.6210522097727573,0.6210522097727573,0.6210522097727573,0.6210522097727573,1.0,1.0,1.0
4,2,3,0.75,beta_bimodal,log_uniform,0.8995475092005806,0.8995475092005806,0.8995475092005806,0.8995475092005806,1.0,1.0,1.0
4,2,3,0.75,beta_bimodal,log_uniform,0.3537884832560871,0.35378848325608714,0.3537884832560871,0.3537884832560871,1.0000000000000002,0.9999999999999999,1.0
4,3,2,0.75,homogeneous,flat,0.859375,0.859375,0.75,0.859375,1.0,0.8727272727272727,0.8727272727272727
4,3,2,0.75,homogeneous,log_uniform,0.942433461900123,0.942433461900123,0.9029615189881628,0.942433461900123,1.0,0.9581169976367591,0.9581169976367591
4,3,2,0.75,homogeneous,log_uniform,0.9295750796301456,0.9295750796301456,0.8753701892716659,0.9295750796301456,1.0,0.9416885289351276,0.9416885289351276
4,3,2,0.75,homogeneous,log_uniform,0.921780659513747,0.921780659513747,0.921780659513747,0.921780659513747,1.0,1.0,1.0
4,3,2,0.75,beta_bimodal,flat,0.9085586894456964,0.9026079810460539,0.8733075916786354,0.902607981046054,0.9934503863440314,0.9675380785648919,0.9612010779528536
4,3,2,0.75,beta_bimodal,flat,0.9697678671079246,0.9697678671079246,0.9697678671079246,0.9697678671079246,1.0,1.0,1.0
4,3,2,0.75,beta_bimodal,flat,0.9946302719912362,0.9946302719912362,0.9935508261945152,0.9946302719912362,1.0,0.9989147265801995,0.9989147265801995
4,3,2,0.75,beta_bimodal,log_uniform,0.87706570376498,0.8707012445539097,0.8369791212763132,0.8707012445539097,0.9927434635925797,0.9612701561086278,0.9542946642234588
4,3,2,0.75,beta_bimodal,log_uniform,0.6031174741326678,0.6031174741326678,0.6031174741326677,0.6031174741326678,1.0,0.9999999999999998,0.9999999999999998
4,3,2,0.75,beta_bimodal,log_uniform,0.8170649409345354,0.8170649409345354,0.8163390312442848,0.8170649409345354,1.0,0.9991115642663355,0.9991115642663355
4,3,3,0.75,homogeneous,flat,0.859375,0.859375,0.75,0.859375,1.0,0.8727272727272727,0.8727272727272727
4,3,3,0.75,homogeneous,log_uniform,0.9488529879839414,0.9119779656485916,0.9119779656485916,0.9119779656485916,0.9611372648847327,1.0,0.9611372648847327
4,3,3,0.75,homogeneous,log_uniform,0.9225660088095764,0.8869345815358162,0.8869345815358162,0.8869345815358162,0.9613779101619657,1.0,0.9613779101619657
4,3,3,0.75,homogeneous,log_uniform,0.8997981002189905,0.8761325006831018,0.8522887943377647,0.8761325006831018,0.9736989892175488,0.9727852735439598,0.9472000375754704
4,3,3,0.75,beta_bimodal,flat,0.9998355785685672,0.9997715947911621,0.999771594791162,0.999771594791162,0.9999360057005605,0.9999999999999999,0.9999360057005604
4,3,3,0.75,beta_bimodal,flat,0.9810857626282876,0.9630913968836823,0.963091396883682,0.963091396883682,0.9816587229882949,0.9999999999999997,0.9816587229882946
4,3,3,0.75,beta_bimodal,flat,0.9862862621655047,0.9862862621655047,0.9862862621655047,0.9862862621655047,1.0,1.0,1.0
4,3,3,0.75,beta_bimodal,log_uniform,0.7889079634080118,0.7889023054883144,0.7889023054883144,0.7889023054883144,0.9999928281625236,1.0,0.9999928281625236
4,3,3,0.75,beta_bimodal,log_uniform,0.5811659210597305,0.5811659210597305,0.5811659210597305,0.5811659210597305,1.0,1.0,1.0
4,3,3,0.75,beta_bimodal,log_uniform,0.5147087880925133,0.5138879100627325,0.5138879100627325,0.5138879100627325,0.9984051602599929,1.0,0.9984051602599929
5,2,2,0.75,homogeneous,flat,0.5,0.5,0.5,0.5,1.0,1.0,1.0
5,2,2,0.75,homogeneous,log_uniform,0.7842572776571666,0.7842572776571666,0.7842572776571666,0.7842572776571666,1.0,1.0,1.0
5,2,2,0.75,homogeneous,log_uniform,0.8050580888431755,0.8050580888431755,0.8050580888431755,0.8050580888431755,1.0,1.0,1.0
5,2,2,0.75,homogeneous,log_uniform,1.0003888799361464,1.0003888799361464,1.0003888799361464,1.0003888799361464,1.0,1.0,1.0
5,2,2,0.75,beta_bimodal,flat,1.09058418895157,1.09058418895157,1.0875107965087796,1.09058418895157,1.0,0.9971818842837388,0.9971818842837388
5,2,2,0.75,beta_bimodal,flat,1.0190006911830327,1.0190006911830327,1.0190006911830325,1.0190006911830327,1.0,0.9999999999999998,0.9999999999999998
5,2,2,0.75,beta_bimodal,flat,0.8731148244935731,0.8731148244935731,0.8731148244935731,0.8731148244935731,1.0,1.0,1.0
5,2,2,0.75,beta_bimodal,log_uniform,0.3994043230940665,0.3994043230940665,0.3872934767326977,0.3994043230940665,1.0,0.9696777284042655,0.9696777284042655
5,2,2,0.75,beta_bimodal,log_uniform,1.9146385477184875,1.9146385477184875,1.9146385477184875,1.9146385477184875,1.0,1.0,1.0
5,2,2,0.75,beta_bimodal,log_uniform,2.0453602761355034,2.0453602761355034,2.0453602761355034,2.0453602761355034,1.0,1.0,1.0
5,2,3,0.75,homogeneous,flat,0.5,0.5,0.5,0.5,1.0,1.0,1.0
5,2,3,0.75,homogeneous,log_uniform,0.7744157236013942,0.7744157236013942,0.7744157236013942,0.7744157236013942,1.0,1.0,1.0
5,2,3,0.75,homogeneous,log_uniform,0.8564802668136338,0.8564802668136338,0.8564802668136338,0.8564802668136338,1.0,1.0,1.0
5,2,3,0.75,homogeneous,log_uniform,0.9248902654132356,0.9248902654132355,0.9248902654132356,0.9248902654132356,0.9999999999999999,1.0000000000000002,1.0
5,2,3,0.75,beta_bimodal,flat,1.117898592874058,1.1178985928740581,1.117898592874058,1.117898592874058,1.0000000000000002,0.9999999999999998,1.0
5,2,3,0.75,beta_bimodal,flat,1.2421016696625289,1.241404210366703,1.241404210366703,1.241404210366703,0.9994384845356376,1.0,0.9994384845356376
5,2,3,0.75,beta_bimodal,flat,1.1347412396929974,1.1205946250570116,1.1205946250570114,1.1205946250570116,0.9875331801285259,0.9999999999999998,0.9875331801285256
5,2,3,0.75,beta_bimodal,log_uniform,1.876023861752293,1.8601164742495473,1.8601164742495473,1.8601164742495473,0.9915206902070598,1.0,0.9915206902070598
5,2,3,0.75,beta_bimodal,log_uniform,0.9592580931869584,0.9592580931869583,0.9592580931869582,0.9592580931869584,0.9999999999999999,0.9999999999999999,0.9999999999999998
5,2,3,0.75,beta_bimodal,log_uniform,1.9264855589599723,1.9210783983991095,1.9210783983991095,1.9210783983991095,0.9971932514439497,1.0,0.9971932514439497
5,3,2,0.75,homogeneous,flat,0.859375,0.859375,0.75,0.859375,1.0,0.8727272727272727,0.8727272727272727
5,3,2,0.75,homogeneous,log_uniform,1.108638955344562,1.1086389553445621,1.0796009809650546,1.108638955344562,1.0000000000000002,0.9738075464157918,0.973807546415792
5,3,2,0.75,homogeneous,log_uniform,1.039210889948976,1.039210889948976,0.9860889977726156,1.039210889948976,1.0,0.9488824716040373,0.9488824716040373
5,3,2,0.75,homogeneous,log_uniform,1.0789333862938804,1.0789333862938804,1.030048962395253,1.0789333862938804,1.0,0.9546918980174071,0.9546918980174071
5,3,2,0.75,beta_bimodal,flat,1.2380427291826672,1.2380427291826672,1.2340397204348452,1.2380427291826672,1.0,0.99676666349758,0.99676666349758
5,3,2,0.75,beta_bimodal,flat,1.249059127101798,1.2490591271017981,1.2488338265379753,1.249059127101798,1.0000000000000002,0.9998196237800643,0.9998196237800644
5,3,2,0.75,beta_bimodal,flat,1.2357564492340298,1.2357564492340298,1.2357564492340298,1.2357564492340298,1.0,1.0,1.0
5,3,2,0.75,beta_bimodal,log_uniform,0.982340974741018,0.9823409747410181,0.976198491216098,0.982340974741018,1.0000000000000002,0.9937470962905325,0.9937470962905326
5,3,2,0.75,beta_bimodal,log_uniform,1.190054281472597,1.190054281472597,1.1900542814725967,1.190054281472597,1.0,0.9999999999999998,0.9999999999999998
5,3,2,0.75,beta_bimodal,log_uniform,1.8301235082079488,1.8301235082079486,1.8275365096093017,1.8301235082079488,0.9999999999999999,0.9985864349662499,0.9985864349662498
5,3,3,0.75,homogeneous,flat,0.859375,0.859375,0.75,0.859375,1.0,0.8727272727272727,0.8727272727272727
5,3,3,0.75,homogeneous,log_uniform,1.1130159969639413,1.1006189922256344,1.1006189922256344,1.1006189922256344,0.9888617910505122,1.0,0.9888617910505122
5,3,3,0.75,homogeneous,log_uniform,1.0493719910769006,1.0122533560992863,0.9949487523308334,1.0122533560992863,0.9646277628017097,0.9829048689597472,0.9481373247915486
5,3,3,0.75,homogeneous,log_uniform,1.073758264554724,1.0363348903102474,1.0363348903102472,1.0363348903102474,0.9651473003935429,0.9999999999999998,0.9651473003935427
5,3,3,0.75,beta_bimodal,flat,1.218435670417105,1.2139439283703137,1.2139439283703135,1.2139439283703135,0.9963135172780573,0.9999999999999998,0.9963135172780571
5,3,3,0.75,beta_bimodal,flat,1.093922632977715,1.0461055503196608,1.040565269238376,1.0405652692383762,0.9562884236813954,0.9947038985888261,0.9512238232112472
5,3,3,0.75,beta_bimodal,flat,1.2046679264462905,1.1629032900526877,1.1622005026188729,1.1629032900526877,0.9653309966367193,0.999395661324698,0.9647476097809838
5,3,3,0.75,beta_bimodal,log_uniform,0.8970244084049446,0.8970054053749821,0.8970054053749821,0.8970054053749821,0.9999788154817367,1.0,0.9999788154817367
5,3,3,0.75,beta_bimodal,log_uniform,2.412562227708861,2.372505906268625,2.3722103265235552,2.3722103265235552,0.9833967717059566,0.9998754145377304,0.9832742547645593
5,3,3,0.75,beta_bimodal,log_uniform,0.7258128420635706,0.66326376740866,0.6624916460568513,0.6624916460568514,0.913822033684226,0.9988358758766134,0.912758231410332
6,2,2,0.75,homogeneous,flat,0.5,0.5,0.5,0.5,1.0,1.0,1.0
6,2,2,0.75,homogeneous,log_uniform,1.0532636936369195,1.0532636936369197,1.0532636936369195,1.0532636936369195,1.0000000000000002,0.9999999999999998,1.0
6,2,2,0.75,homogeneous,log_uniform,1.085071010281586,1.0850710102815861,1.085071010281586,1.085071010281586,1.0000000000000002,0.9999999999999998,1.0
6,2,2,0.75,homogeneous,log_uniform,0.9116985951474182,0.9116985951474182,0.911698595147418,0.9116985951474182,1.0,0.9999999999999998,0.9999999999999998
6,2,2,0.75,beta_bimodal,flat,0.8437243856833677,0.8437243856833677,0.8437243856833677,0.8437243856833677,1.0,1.0,1.0
6,2,2,0.75,beta_bimodal,flat,1.2684707885168174,1.2684707885168174,1.2223104774661675,1.2684707885168174,1.0,0.9636094804322426,0.9636094804322426
6,2,2,0.75,beta_bimodal,flat,1.4583248613969075,1.4583248613969075,1.422011212883343,1.4583248613969075,1.0,0.975099067790163,0.975099067790163
6,2,2,0.75,beta_bimodal,log_uniform,1.2295238368605188,1.2295238368605188,1.209234876528954,1.2295238368605188,1.0,0.9834985221731277,0.9834985221731277
6,2,2,0.75,beta_bimodal,log_uniform,1.1298456310591882,1.1298456310591882,1.1298456310591882,1.1298456310591882,1.0,1.0,1.0
6,2,2,0.75,beta_bimodal,log_uniform,1.281751810954899,1.281751810954899,1.281751810954899,1.281751810954899,1.0,1.0,1.0
6,2,3,0.75,homogeneous,flat,0.5,0.5,0.5,0.5,1.0,1.0,1.0
6,2,3,0.75,homogeneous,log_uniform,0.6854851047887972,0.6854851047887972,0.6854851047887972,0.6854851047887972,1.0,1.0,1.0
6,2,3,0.75,homogeneous,log_uniform,0.8509990129824015,0.8509990129824015,0.8509990129824015,0.8509990129824015,1.0,1.0,1.0
6,2,3,0.75,homogeneous,log_uniform,1.0557916700448131,1.0557916700448131,1.0557916700448131,1.0557916700448131,1.0,1.0,1.0
6,2,3,0.75,beta_bimodal,flat,1.1583324585481451,1.1583324585481451,1.1583324585481451,1.1583324585481451,1.0,1.0,1.0
6,2,3,0.75,beta_bimodal,flat,1.3520827373498456,1.2992420797598383,1.2992420797598383,1.2992420797598383,0.960919064987415,1.0,0.960919064987415
6,2,3,0.75,beta_bimodal,flat,1.3243796007128472,1.294911858346027,1.294911858346027,1.294911858346027,0.9777497763096327,1.0,0.9777497763096327
6,2,3,0.75,beta_bimodal,log_uniform,1.0796988387621131,1.0629955671689262,1.0629955671689262,1.0629955671689262,0.9845296938428336,1.0,0.9845296938428336
6,2,3,0.75,beta_bimodal,log_uniform,1.7208564788236465,1.7208564788236465,1.7208564788236465,1.7208564788236465,1.0,1.0,1.0
6,2,3,0.75,beta_bimodal,log_uniform,2.490935579619774,2.490935579619774,2.4909355796197734,2.490935579619774,1.0,0.9999999999999998,0.9999999999999998
6,3,2,0.75,homogeneous,flat,0.859375,0.859375,0.75,0.859375,1.0,0.8727272727272727,0.8727272727272727
6,3,2,0.75,homogeneous,log_uniform,1.190898703436071,1.190898703436071,1.1120274873724632,1.190898703436071,1.0,0.9337716836570209,0.9337716836570209
6,3,2,0.75,homogeneous,log_uniform,1.213507350655283,1.213507350655283,1.1498485748623175,1.213507350655283,1.0,0.9475414996385557,0.9475414996385557
6,3,2,0.75,homogeneous,log_uniform,1.2649834215638216,1.2649834215638216,1.2013753416405013,1.2649834215638216,1.0,0.9497162738744153,0.9497162738744153
6,3,2,0.75,beta_bimodal,flat,1.3917305721027755,1.3917305721027757,1.3917305721027755,1.3917305721027755,1.0000000000000002,0.9999999999999999,1.0
6,3,2,0.75,beta_bimodal,flat,1.4728249678709244,1.4728249678709244,1.4638738915817164,1.4728249678709244,1.0,0.9939225118500351,0.9939225118500351
6,3,2,0.75,beta_bimodal,flat,1.4568535011442123,1.4568535011442125,1.4400716280375276,1.4568535011442123,1.0000000000000002,0.9884807407927397,0.9884807407927398
6,3,2,0.75,beta_bimodal,log_uniform,2.004255912552416,2.004255912552416,2.004255912552416,2.004255912552416,1.0,1.0,1.0
6,3,2,0.75,beta_bimodal,log_uniform,2.950683769172944,2.950683769172944,2.950353432527854,2.950683769172944,1.0,0.9998880474252981,0.9998880474252981
6,3,2,0.75,beta_bimodal,log_uniform,1.656305717030003,1.6511323963922953,1.64188022065325,1.6511323963922953,0.9968765907256637,0.9943964664740021,0.9912905593282499
6,3,3,0.75,homogeneous,flat,0.859375,0.859375,0.75,0.859375,1.0,0.8727272727272727,0.8727272727272727
6,3,3,0.75,homogeneous,log_uniform,1.1523008059250963,1.1066154384613196,1.070291468798463,1.1066154384613196,0.9603529154636845,0.967175616388144,0.9288299229637402
6,3,3,0.75,homogeneous,log_uniform,1.303397194826814,1.2824016954196427,1.2824016954196429,1.2824016954196429,0.9838917104544168,1.0000000000000002,0.9838917104544169
6,3,3,0.75,homogeneous,log_uniform,1.198098838237312,1.1517451549877158,1.1326216887103553,1.1517451549877158,0.961310635007548,0.9833960957469238,0.9453491252664187
6,3,3,0.75,beta_bimodal,flat,1.4081167048781826,1.4081167048781826,1.4081167048781826,1.4081167048781826,1.0,1.0,1.0
6,3,3,0.75,beta_bimodal,flat,1.4144441283450269,1.3536969053795846,1.3509806027195377,1.3509806027195377,0.9570522286825711,0.9979934188744524,0.9551318257443333
6,3,3,0.75,beta_bimodal,flat,1.4953588164024292,1.4953588164024292,1.495358816402429,1.4953588164024292,1.0,0.9999999999999999,0.9999999999999999
6,3,3,0.75,beta_bimodal,log_uniform,1.5970805289430203,1.5970805289430203,1.59708052894302,1.5970805289430203,1.0,0.9999999999999999,0.9999999999999999
6,3,3,0.75,beta_bimodal,log_uniform,1.2571596759689896,1.2564979813665484,1.25354188366635,1.2564979813665484,0.9994736590624965,0.9976473518111161,0.9971222491686659
6,3,3,0.75,beta_bimodal,log_uniform,2.4788015787502324,2.4772159331293238,2.477215933129324,2.477215933129324,0.9993603176492617,1.0000000000000002,0.9993603176492619
4,2,2,0.8,homogeneous,flat,0.3999999999999999,0.3999999999999999,0.3999999999999999,0.3999999999999999,1.0,1.0,1.0
4,2,2,0.8,homogeneous,log_uniform,0.6202905365774143,0.6202905365774143,0.6202905365774143,0.6202905365774143,1.0,1.0,1.0
4,2,2,0.8,homogeneous,log_uniform,0.6384237600176385,0.6384237600176385,0.6384237600176385,0.6384237600176385,1.0,1.0,1.0
4,2,2,0.8,homogeneous,log_uniform,0.7201945464123525,0.7201945464123525,0.7201945464123525,0.7201945464123525,1.0,1.0,1.0
4,2,2,0.8,beta_bimodal,flat,0.6840606818696094,0.6840606818696094,0.6840606818696094,0.6840606818696094,1.0,1.0,1.0
4,2,2,0.8,beta_bimodal,flat,0.7801080962415075,0.7801080962415075,0.7801080962415075,0.7801080962415075,1.0,1.0,1.0
4,2,2,0.8,beta_bimodal,flat,0.6821850880156025,0.6821850880156025,0.6821850880156025,0.6821850880156025,1.0,1.0,1.0
4,2,2,0.8,beta_bimodal,log_uniform,0.5895788588661146,0.5895788588661146,0.5895788588661146,0.5895788588661146,1.0,1.0,1.0
4,2,2,0.8,beta_bimodal,log_uniform,0.5370819721377778,0.5370819721377778,0.5370819721377778,0.5370819721377778,1.0,1.0,1.0
4,2,2,0.8,beta_bimodal,log_uniform,0.4903293458020047,0.4903293458020047,0.4903293458020047,0.4903293458020047,1.0,1.0,1.0
4,2,3,0.8,homogeneous,flat,0.3999999999999999,0.3999999999999999,0.3999999999999999,0.3999999999999999,1.0,1.0,1.0
4,2,3,0.8,homogeneous,log_uniform,0.6055467922322996,0.6055467922322996,0.6055467922322996,0.6055467922322996,1.0,1.0,1.0
4,2,3,0.8,homogeneous,log_uniform,0.6381692434071338,0.6381692434071338,0.6381692434071338,0.6381692434071338,1.0,1.0,1.0
4,2,3,0.8,homogeneous,log_uniform,0.5121543586085137,0.5121543586085137,0.5121543586085137,0.5121543586085137,1.0,1.0,1.0
4,2,3,0.8,beta_bimodal,flat,0.7136427620831036,0.7136427620831036,0.7136427620831036,0.7136427620831036,1.0,1.0,1.0
4,2,3,0.8,beta_bimodal,flat,0.7722961388375252,0.7722961388375252,0.7722961388375252,0.7722961388375252,1.0,1.0,1.0
4,2,3,0.8,beta_bimodal,flat,0.7408961515365122,0.7408961515365122,0.7408961515365121,0.7408961515365122,1.0,0.9999999999999999,0.9999999999999999
4,2,3,0.8,beta_bimodal,log_uniform,0.6647101611742764,0.6647101611742764,0.6647101611742764,0.6647101611742764,1.0,1.0,1.0
4,2,3,0.8,beta_bimodal,log_uniform,1.0108243330504971,1.0108243330504971,1.0108243330504971,1.0108243330504971,1.0,1.0,1.0
4,2,3,0.8,beta_bimodal,log_uniform,1.1886382892503102,1.1886382892503102,1.18863828925031,1.1886382892503102,1.0,0.9999999999999998,0.9999999999999998
4,3,2,0.8,homogeneous,flat,0.704,0.704,0.5999999999999999,0.704,1.0,0.8522727272727272,0.8522727272727272
4,3,2,0.8,homogeneous,log_uniform,0.7562055143461162,0.7562055143461162,0.727978949675645,0.7562055143461162,1.0,0.9626734212658071,0.9626734212658071
4,3,2,0.8,homogeneous,log_uniform,0.7709324839361084,0.7709324839361084,0.74961525720072,0.7709324839361084,1.0,0.9723487760866553,0.9723487760866553
4,3,2,0.8,homogeneous,log_uniform,0.7769973826072751,0.7769973826072751,0.7602615541523714,0.7769973826072751,1.0,0.9784608946831386,0.9784608946831386
4,3,2,0.8,beta_bimodal,flat,0.7989282188829321,0.7989282188829321,0.7989282188829319,0.7989282188829321,1.0,0.9999999999999997,0.9999999999999997
4,3,2,0.8,beta_bimodal,flat,0.7952123432727225,0.7952123432727225,0.7937458920040447,0.7952123432727225,1.0,0.9981558997655361,0.9981558997655361
4,3,2,0.8,beta_bimodal,flat,0.7951087650441013,0.7951087650441013,0.7951087650441013,0.7951087650441013,1.0,1.0,1.0
4,3,2,0.8,beta_bimodal,log_uniform,0.9052855548519214,0.9052855548519214,0.8996975892403376,0.9052855548519214,1.0,0.9938274000047446,0.9938274000047446
4,3,2,0.8,beta_bimodal,log_uniform,0.4314116801926906,0.4314116629696378,0.4314039007032846,0.4314116629696378,0.9999999600774536,0.9999820072867299,0.9999819673649019
4,3,2,0.8,beta_bimodal,log_uniform,0.8366302116722344,0.8366302116722344,0.8363333922950329,0.8366302116722344,1.0,0.9996452203457866,0.9996452203457866
4,3,3,0.8,homogeneous,flat,0.704,0.704,0.5999999999999999,0.704,1.0,0.8522727272727272,0.8522727272727272
4,3,3,0.8,homogeneous,log_uniform,0.7385728779397717,0.7270357555419735,0.7140041269445061,0.7270357555419735,0.9843791686069212,0.9820756702842587,0.9667348318235034
4,3,3,0.8,homogeneous,log_uniform,0.7736215881411679,0.7468478771101844,0.7468478771101843,0.7468478771101844,0.9653917219459782,0.9999999999999999,0.9653917219459781
4,3,3,0.8,homogeneous,log_uniform,0.7370652651492129,0.7137837382364793,0.6830129208653273,0.7137837382364793,0.9684132084178185,0.9568905598113282,0.9266654571316107
4,3,3,0.8,beta_bimodal,flat,0.7999978492729553,0.7999916785072148,0.7999916785072148,0.7999916785072148,0.9999922865220874,1.0,0.9999922865220874
4,3,3,0.8,beta_bimodal,flat,0.7996262957256598,0.7996262957256598,0.7996262957256597,0.7996262957256598,1.0,0.9999999999999999,0.9999999999999999
4,3,3,0.8,beta_bimodal,flat,0.7999988939540265,0.7999988505253677,0.7999988505253677,0.7999988505253677,0.9999999457141014,1.0,0.9999999457141014
4,3,3,0.8,beta_bimodal,log_uniform,1.2762531540094115,1.2762531540094117,1.2762531540094115,1.2762531540094115,1.0000000000000002,0.9999999999999998,1.0
4,3,3,0.8,beta_bimodal,log_uniform,0.2773772940197259,0.27731199359048986,0.2773119935904898,0.2773119935904898,0.9997645790385734,0.9999999999999998,0.9997645790385732
4,3,3,0.8,beta_bimodal,log_uniform,0.7492260751861086,0.7455812883373859,0.7455812883373857,0.7455812883373859,0.995135264282123,0.9999999999999997,0.9951352642821226
5,2,2,0.8,homogeneous,flat,0.3999999999999999,0.3999999999999999,0.3999999999999999,0.3999999999999999,1.0,1.0,1.0
5,2,2,0.8,homogeneous,log_uniform,0.6154004858369932,0.6154004858369932,0.6154004858369932,0.6154004858369932,1.0,1.0,1.0
5,2,2,0.8,homogeneous,log_uniform,0.6312041955372949,0.6312041955372949,0.6312041955372949,0.6312041955372949,1.0,1.0,1.0
5,2,2,0.8,homogeneous,log_uniform,0.7923744990888892,0.7923744990888892,0.7923744990888892,0.7923744990888892,1.0,1.0,1.0
5,2,2,0.8,beta_bimodal,flat,0.9682129502108068,0.9682129502108069,0.9682129502108068,0.9682129502108068,1.0000000000000002,0.9999999999999999,1.0
5,2,2,0.8,beta_bimodal,flat,0.7535982605123115,0.7535982605123115,0.7535982605123115,0.7535982605123115,1.0,1.0,1.0
5,2,2,0.8,beta_bimodal,flat,0.967938546236956,0.9679385462369561,0.967938546236956,0.967938546236956,1.0000000000000002,0.9999999999999999,1.0
5,2,2,0.8,beta_bimodal,log_uniform,0.7330385927350789,0.7330385927350789,0.7330385927350789,0.7330385927350789,1.0,1.0,1.0
5,2,2,0.8,beta_bimodal,log_uniform,1.3218138360842473,1.3218138360842473,1.3218138360842473,1.3218138360842473,1.0,1.0,1.0
5,2,2,0.8,beta_bimodal,log_uniform,0.9920145862991224,0.9920145862991225,0.9920145862991224,0.9920145862991224,1.0000000000000002,0.9999999999999999,1.0
5,2,3,0.8,homogeneous,flat,0.3999999999999999,0.3999999999999999,0.3999999999999999,0.3999999999999999,1.0,1.0,1.0
5,2,3,0.8,homogeneous,log_uniform,0.7264423417971899,0.7264423417971899,0.7264423417971898,0.7264423417971899,1.0,0.9999999999999999,0.9999999999999999
5,2,3,0.8,homogeneous,log_uniform,0.789150199732437,0.789150199732437,0.789150199732437,0.789150199732437,1.0,1.0,1.0
5,2,3,0.8,homogeneous,log_uniform,0.7641094100979953,0.7641094100979953,0.7641094100979953,0.7641094100979953,1.0,1.0,1.0
5,2,3,0.8,beta_bimodal,flat,0.9123916960671852,0.9123916960671852,0.9123916960671852,0.9123916960671852,1.0,1.0,1.0
5,2,3,0.8,beta_bimodal,flat,0.6998507969907367,0.6998507969907367,0.6998507969907367,0.6998507969907367,1.0,1.0,1.0
5,2,3,0.8,beta_bimodal,flat,0.965813588093958,0.9658135880939579,0.965813588093958,0.965813588093958,0.9999999999999999,1.0000000000000002,1.0
5,2,3,0.8,beta_bimodal,log_uniform,1.4788794138527812,1.4788794138527812,1.4788794138527812,1.4788794138527812,1.0,1.0,1.0
5,2,3,0.8,beta_bimodal,log_uniform,0.4286429013725593,0.42864290137255934,0.4286429013725593,0.4286429013725593,1.0000000000000002,0.9999999999999999,1.0
5,2,3,0.8,beta_bimodal,log_uniform,0.2249158190559569,0.22491581905595692,0.2249158190559569,0.2249158190559569,1.0000000000000002,0.9999999999999999,1.0
5,3,2,0.8,homogeneous,flat,0.704,0.704,0.5999999999999999,0.704,1.0,0.8522727272727272,0.8522727272727272
5,3,2,0.8,homogeneous,log_uniform,0.9192943496867996,0.9192943496867996,0.8917872495100609,0.9192943496867996,1.0,0.9700780275804912,0.9700780275804912
5,3,2,0.8,homogeneous,log_uniform,0.9362768058366736,0.9362768058366735,0.9198187971397414,0.9362768058366736,0.9999999999999999,0.9824218558076689,0.9824218558076688
5,3,2,0.8,homogeneous,log_uniform,0.9013599199542842,0.9013599199542842,0.872130657775321,0.9013599199542842,1.0,0.9675720413878113,0.9675720413878113
5,3,2,0.8,beta_bimodal,flat,0.999756684808353,0.999756684808353,0.999756684808353,0.999756684808353,1.0,1.0,1.0
5,3,2,0.8,beta_bimodal,flat,0.9863850672332128,0.9863850672332127,0.983122937022046,0.9863850672332128,0.9999999999999999,0.9966928430695764,0.9966928430695763
5,3,2,0.8,beta_bimodal,flat,0.9920292834187168,0.9920292834187169,0.9914250802521232,0.9920292834187168,1.0000000000000002,0.9993909422063515,0.9993909422063516
5,3,2,0.8,beta_bimodal,log_uniform,0.9800962795884872,0.9746638147764137,0.9722662609598846,0.9746638147764136,0.9944572131073139,0.9975401222655638,0.9920109699509417
5,3,2,0.8,beta_bimodal,log_uniform,0.91845768622599,0.9184576862259901,0.9184038177565408,0.91845768622599,1.0000000000000002,0.9999413489916223,0.9999413489916225
5,3,2,0.8,beta_bimodal,log_uniform,0.3870489598500014,0.36286723773135227,0.3426292323110774,0.3619812963833111,0.9375228339897346,0.9442275209335431,0.8852348613567167
5,3,3,0.8,homogeneous,flat,0.704,0.704,0.5999999999999999,0.704,1.0,0.8522727272727272,0.8522727272727272
5,3,3,0.8,homogeneous,log_uniform,0.9043003421947337,0.8962324834304223,0.8962324834304222,0.8962324834304223,0.9910783415776104,0.9999999999999999,0.9910783415776103
5,3,3,0.8,homogeneous,log_uniform,0.904185086037104,0.8908655427257035,0.8908655427257035,0.8908655427257035,0.9852690079530311,1.0,0.9852690079530311
5,3,3,0.8,homogeneous,log_uniform,0.8659274556443078,0.8310068027912436,0.8310068027912435,0.8310068027912436,0.9596725422834862,0.9999999999999999,0.9596725422834861
5,3,3,0.8,beta_bimodal,flat,0.8726535602425691,0.8562074641767774,0.8562074641767773,0.8562074641767774,0.9811539231430852,0.9999999999999999,0.9811539231430851
5,3,3,0.8,beta_bimodal,flat,0.9818100991980176,0.9779730259226638,0.9779730259226638,0.9779730259226638,0.9960918376389811,1.0,0.9960918376389811
5,3,3,0.8,beta_bimodal,flat,0.9815372215580488,0.9680663872329903,0.9680663872329902,0.9680663872329904,0.9862757784124829,0.9999999999999999,0.9862757784124828
5,3,3,0.8,beta_bimodal,log_uniform,1.2885790313168632,1.2613095065662452,1.2613095065662452,1.2613095065662452,0.9788375225051195,1.0,0.9788375225051195
5,3,3,0.8,beta_bimodal,log_uniform,1.8612361776257471,1.8612361776257471,1.8612361776257471,1.8612361776257471,1.0,1.0,1.0
5,3,3,0.8,beta_bimodal,log_uniform,0.9954914510327424,0.9954703164057799,0.99547031640578,0.99547031640578,0.9999787696549874,1.0000000000000002,0.9999787696549876
6,2,2,0.8,homogeneous,flat,0.3999999999999999,0.3999999999999999,0.3999999999999999,0.3999999999999999,1.0,1.0,1.0
6,2,2,0.8,homogeneous,log_uniform,0.764686586562142,0.764686586562142,0.764686586562142,0.764686586562142,1.0,1.0,1.0
6,2,2,0.8,homogeneous,log_uniform,0.7157954502010726,0.7157954502010726,0.7157954502010726,0.7157954502010726,1.0,1.0,1.0
6,2,2,0.8,homogeneous,log_uniform,0.682401093254067,0.682401093254067,0.682401093254067,0.682401093254067,1.0,1.0,1.0
6,2,2,0.8,beta_bimodal,flat,1.160769582829771,1.160769582829771,0.9358505892526428,1.160769582829771,1.0,0.8062328674836468,0.8062328674836468
6,2,2,0.8,beta_bimodal,flat,0.9615965472698108,0.9615965472698109,0.9615965472698108,0.9615965472698108,1.0000000000000002,0.9999999999999999,1.0
6,2,2,0.8,beta_bimodal,flat,1.0781895987018828,1.0781895987018828,1.0781895987018828,1.0781895987018828,1.0,1.0,1.0
6,2,2,0.8,beta_bimodal,log_uniform,0.5697213651214132,0.5697213651214132,0.5697213651214132,0.5697213651214132,1.0,1.0,1.0
6,2,2,0.8,beta_bimodal,log_uniform,0.7730956113588849,0.7730956113588849,0.7585118533440635,0.7730956113588849,1.0,0.9811358934127341,0.9811358934127341
6,2,2,0.8,beta_bimodal,log_uniform,0.5813848686931182,0.5813848686931182,0.5813848686931182,0.5813848686931182,1.0,1.0,1.0
6,2,3,0.8,homogeneous,flat,0.3999999999999999,0.3999999999999999,0.3999999999999999,0.3999999999999999,1.0,1.0,1.0
6,2,3,0.8,homogeneous,log_uniform,0.706669955825425,0.706669955825425,0.706669955825425,0.706669955825425,1.0,1.0,1.0
6,2,3,0.8,homogeneous,log_uniform,0.7831585311360401,0.7831585311360401,0.78315853113604,0.7831585311360401,1.0,0.9999999999999999,0.9999999999999999
6,2,3,0.8,homogeneous,log_uniform,0.8222883895742797,0.8222883895742797,0.8222883895742797,0.8222883895742797,1.0,1.0,1.0
6,2,3,0.8,beta_bimodal,flat,1.1367042115218364,1.1338850044210327,1.133885004421033,1.133885004421033,0.9975198410701502,1.0000000000000002,0.9975198410701505
6,2,3,0.8,beta_bimodal,flat,1.1538135042908115,1.1505818549207993,1.1505818549207991,1.1505818549207991,0.9971991579592419,0.9999999999999998,0.9971991579592416
6,2,3,0.8,beta_bimodal,flat,0.9466471729624024,0.9466471729624024,0.9466471729624024,0.9466471729624024,1.0,1.0,1.0
6,2,3,0.8,beta_bimodal,log_uniform,0.9452577123559218,0.9452577123559218,0.9452577123559218,0.9452577123559218,1.0,1.0,1.0
6,2,3,0.8,beta_bimodal,log_uniform,1.041751435574402,1.041751435574402,1.041751435574402,1.041751435574402,1.0,1.0,1.0
6,2,3,0.8,beta_bimodal,log_uniform,1.6257863642324324,1.6257863642324324,1.6257863642324324,1.6257863642324324,1.0,1.0,1.0
6,3,2,0.8,homogeneous,flat,0.704,0.704,0.5999999999999999,0.704,1.0,0.8522727272727272,0.8522727272727272
6,3,2,0.8,homogeneous,log_uniform,0.9908379582308662,0.9908379582308662,0.9401403729278924,0.9908379582308662,1.0,0.948833626243494,0.948833626243494
6,3,2,0.8,homogeneous,log_uniform,0.9907330907153704,0.9907330907153704,0.938567616727664,0.9907330907153704,1.0,0.9473465916536211,0.9473465916536211
6,3,2,0.8,homogeneous,log_uniform,0.967448935508654,0.967448935508654,0.9046329029140454,0.967448935508654,1.0,0.9350704411477988,0.9350704411477988
6,3,2,0.8,beta_bimodal,flat,1.1902579940264872,1.1902579940264872,1.1902579940264872,1.1902579940264872,1.0,1.0,1.0
6,3,2,0.8,beta_bimodal,flat,1.0350702612686358,1.0350702612686358,1.0101249654623314,1.0350702612686358,1.0,0.9758999009635055,0.9758999009635055
6,3,2,0.8,beta_bimodal,flat,1.1729640227762477,1.1729640227762477,1.1729640227762477,1.1729640227762477,1.0,1.0,1.0
6,3,2,0.8,beta_bimodal,log_uniform,0.8683169092179316,0.8679113983093107,0.8612266640838606,0.8679113983093107,0.9995329920397542,0.9922979070922769,0.9918344960707296
6,3,2,0.8,beta_bimodal,log_uniform,1.5235044529833637,1.5235044529833637,1.5222491524045287,1.5235044529833637,1.0,0.9991760440369066,0.9991760440369066
6,3,2,0.8,beta_bimodal,log_uniform,0.8356347514627536,0.8356347514627536,0.8156679011150321,0.8356347514627536,1.0,0.9761057683242946,0.9761057683242946
6,3,3,0.8,homogeneous,flat,0.704,0.704,0.5999999999999999,0.704,1.0,0.8522727272727272,0.8522727272727272
6,3,3,0.8,homogeneous,log_uniform,1.0362234774292407,1.0083967161599383,1.008396716159938,1.0083967161599383,0.9731459845531221,0.9999999999999998,0.9731459845531218
6,3,3,0.8,homogeneous,log_uniform,0.8575520480337233,0.839630370129341,0.759532284871325,0.839630370129341,0.9791013525704069,0.9046031585950406,0.8856981761198666
6,3,3,0.8,homogeneous,log_uniform,0.9402306242326426,0.894579347984666,0.8614608874686116,0.894579347984666,0.9514467248019768,0.9629787334229606,0.9162229619692318
6,3,3,0.8,beta_bimodal,flat,1.1936073548574,1.193497613095377,1.193497613095377,1.193497613095377,0.9999080587417827,1.0,0.9999080587417827
6,3,3,0.8,beta_bimodal,flat,1.122708475764186,1.092884738979632,1.0859329762866248,1.092884738979632,0.9734359030608954,0.9936390705761912,0.9672439459829235
6,3,3,0.8,beta_bimodal,flat,1.0767793126098937,1.024153798048604,1.0241537980486035,1.024153798048604,0.951126926432366,0.9999999999999996,0.9511269264323655
6,3,3,0.8,beta_bimodal,log_uniform,1.1816759170597868,1.1797442249240615,1.179728023990103,1.179728023990103,0.9983652944873992,0.999986267418296,0.9983515843544222
6,3,3,0.8,beta_bimodal,log_uniform,2.0317328663426406,2.0283898865698133,2.0283898865698133,2.0283898865698133,0.9983546164812281,1.0,0.9983546164812281
6,3,3,0.8,beta_bimodal,log_uniform,0.8223038887534765,0.8223038887534765,0.820200634183852,0.8223038887534765,1.0,0.9974422417327823,0.9974422417327823
4,2,2,0.85,homogeneous,flat,0.3,0.30000000000000004,0.3,0.3,1.0000000000000002,0.9999999999999998,1.0
4,2,2,0.85,homogeneous,log_uniform,0.4778787638696846,0.4778787638696846,0.4778787638696846,0.4778787638696846,1.0,1.0,1.0
4,2,2,0.85,homogeneous,log_uniform,0.3679690049839063,0.3679690049839063,0.3679690049839062,0.3679690049839063,1.0,0.9999999999999999,0.9999999999999999
4,2,2,0.85,homogeneous,log_uniform,0.3832511938377653,0.3832511938377653,0.3832511938377652,0.3832511938377653,1.0,0.9999999999999997,0.9999999999999997
4,2,2,0.85,beta_bimodal,flat,0.5996147278313739,0.5996147278313739,0.5996147278313738,0.5996147278313739,1.0,0.9999999999999998,0.9999999999999998
4,2,2,0.85,beta_bimodal,flat,0.5999847541131076,0.5999847541131076,0.5999847541131076,0.5999847541131076,1.0,1.0,1.0
4,2,2,0.85,beta_bimodal,flat,0.5694572933261504,0.5694572933261504,0.5694572933261504,0.5694572933261504,1.0,1.0,1.0
4,2,2,0.85,beta_bimodal,log_uniform,0.387532962659016,0.38753296265901604,0.3875329626590159,0.387532962659016,1.0000000000000002,0.9999999999999996,0.9999999999999997
4,2,2,0.85,beta_bimodal,log_uniform,0.8140922052451744,0.8140922052451744,0.8140922052451744,0.8140922052451744,1.0,1.0,1.0
4,2,2,0.85,beta_bimodal,log_uniform,0.2069972547181869,0.20699725471818692,0.2069972547181869,0.2069972547181869,1.0000000000000002,0.9999999999999999,1.0
4,2,3,0.85,homogeneous,flat,0.3,0.30000000000000004,0.3,0.3,1.0000000000000002,0.9999999999999998,1.0
4,2,3,0.85,homogeneous,log_uniform,0.4960029245177824,0.49600292451778244,0.4960029245177824,0.4960029245177824,1.0000000000000002,0.9999999999999999,1.0
4,2,3,0.85,homogeneous,log_uniform,0.5330455938563519,0.5330455938563519,0.5330455938563519,0.5330455938563519,1.0,1.0,1.0
4,2,3,0.85,homogeneous,log_uniform,0.3671343047948673,0.36713430479486736,0.3671343047948673,0.3671343047948673,1.0000000000000002,0.9999999999999999,1.0
4,2,3,0.85,beta_bimodal,flat,0.5880143727136745,0.5880143727136745,0.5880143727136744,0.5880143727136745,1.0,0.9999999999999998,0.9999999999999998
4,2,3,0.85,beta_bimodal,flat,0.4958768190759685,0.49587681907596853,0.4958768190759685,0.4958768190759685,1.0000000000000002,0.9999999999999999,1.0
4,2,3,0.85,beta_bimodal,flat,0.4786702095907929,0.4786702095907929,0.4786702095907929,0.4786702095907929,1.0,1.0,1.0
4,2,3,0.85,beta_bimodal,log_uniform,0.7642365538604029,0.7642365538604029,0.7642365538604028,0.7642365538604029,1.0,0.9999999999999999,0.9999999999999999
4,2,3,0.85,beta_bimodal,log_uniform,0.4275315450669582,0.42753154506695823,0.4275315450669582,0.4275315450669582,1.0000000000000002,0.9999999999999999,1.0
4,2,3,0.85,beta_bimodal,log_uniform,0.6566090608362678,0.6566090608362678,0.6566090608362678,0.6566090608362678,1.0,1.0,1.0
4,3,2,0.85,homogeneous,flat,0.5426250000000001,0.5426250000000001,0.45,0.5426250000000001,1.0,0.8293020041465098,0.8293020041465098
4,3,2,0.85,homogeneous,log_uniform,0.5722455804891193,0.5722455804891193,0.5719134545543305,0.5722455804891193,1.0,0.99941960943673,0.99941960943673
4,3,2,0.85,homogeneous,log_uniform,0.5648253692841061,0.5648253692841061,0.5142451453662222,0.5648253692841061,1.0,0.9104498015342471,0.9104498015342471
4,3,2,0.85,homogeneous,log_uniform,0.5847703725281089,0.5847703725281089,0.5634053190472599,0.5847703725281089,1.0,0.9634641998217479,0.9634641998217479
4,3,2,0.85,beta_bimodal,flat,0.5998615936893963,0.5998615936893963,0.5998583211062207,0.5998615936893963,1.0,0.9999945444362333,0.9999945444362333
4,3,2,0.85,beta_bimodal,flat,0.5858569399167266,0.5858082539938461,0.577757587125786,0.5858082539938461,0.9999168979326464,0.9862571638190938,0.9861752038098381
4,3,2,0.85,beta_bimodal,flat,0.5820101965703262,0.5819782983205857,0.5782791580782659,0.5819782983205857,0.9999451929709677,0.9936438519219799,0.99358939325454
4,3,2,0.85,beta_bimodal,log_uniform,0.5505046854169399,0.5498426950490259,0.5492715932069197,0.5498426950490259,0.9987974845892319,0.9989613359470833,0.9977600695458454
4,3,2,0.85,beta_bimodal,log_uniform,0.2014763081676647,0.20141870298857803,0.2013554933394843,0.201418702988578,0.9997140846007624,0.999686177856595,0.9994003521839409
4,3,2,0.85,beta_bimodal,log_uniform,0.6772982506328733,0.6772982506328733,0.6707062395625052,0.6772982506328733,1.0,0.9902671960776387,0.9902671960776387
4,3,3,0.85,homogeneous,flat,0.5426250000000001,0.5426250000000001,0.45,0.5426250000000001,1.0,0.8293020041465098,0.8293020041465098
4,3,3,0.85,homogeneous,log_uniform,0.5808598989043526,0.5649675392367974,0.5649675392367974,0.5649675392367974,0.9726399434742661,1.0,0.9726399434742661
4,3,3,0.85,homogeneous,log_uniform,0.569089815688964,0.5563558517994237,0.550827029773133,0.5563558517994237,0.977623982122885,0.9900624357443014,0.967908780982627
4,3,3,0.85,homogeneous,log_uniform,0.5777864105487667,0.5517351126948578,0.5434949072183772,0.5517351126948578,0.954911888929395,0.9850649246588048,0.9406502079240315
4,3,3,0.85,beta_bimodal,flat,0.5999999823328963,0.5999999558370754,0.5999999558370754,0.5999999558370754,0.9999999558402972,1.0,0.9999999558402972
4,3,3,0.85,beta_bimodal,flat,0.5999971686727775,0.5999971686727775,0.5999971686727774,0.5999971686727775,1.0,0.9999999999999998,0.9999999999999998
4,3,3,0.85,beta_bimodal,flat,0.5946046635008004,0.5946046635008004,0.5946046635008004,0.5946046635008004,1.0,1.0,1.0
4,3,3,0.85,beta_bimodal,log_uniform,0.8067155490160095,0.8064612465470046,0.8064612465470044,0.8064612465470044,0.9996847681077734,0.9999999999999998,0.9996847681077732
4,3,3,0.85,beta_bimodal,log_uniform,0.2065575532943553,0.20655217961822006,0.206546839523797,0.20655217961822,0.9999739846059874,0.9999741465113903,0.9999481317899663
4,3,3,0.85,beta_bimodal,log_uniform,0.6993410481903359,0.6993410481903359,0.6993410481903359,0.6993410481903359,1.0,1.0,1.0
5,2,2,0.85,homogeneous,flat,0.3,0.30000000000000004,0.3,0.3,1.0000000000000002,0.9999999999999998,1.0
5,2,2,0.85,homogeneous,log_uniform,0.5776406119584416,0.5776406119584416,0.5776406119584416,0.5776406119584416,1.0,1.0,1.0
5,2,2,0.85,homogeneous,log_uniform,0.5101082964104593,0.5101082964104593,0.5101082964104593,0.5101082964104593,1.0,1.0,1.0
5,2,2,0.85,homogeneous,log_uniform,0.4390128670863633,0.43901286708636333,0.4390128670863633,0.4390128670863633,1.0000000000000002,0.9999999999999999,1.0
5,2,2,0.85,beta_bimodal,flat,0.7119358716391057,0.7119358716391057,0.7119358716391055,0.7119358716391057,1.0,0.9999999999999999,0.9999999999999999
5,2,2,0.85,beta_bimodal,flat,0.6331344992294831,0.6331344992294831,0.6331344992294831,0.6331344992294831,1.0,1.0,1.0
5,2,2,0.85,beta_bimodal,flat,0.6597149376669681,0.6597149376669681,0.6597149376669681,0.6597149376669681,1.0,1.0,1.0
5,2,2,0.85,beta_bimodal,log_uniform,0.5398778871073467,0.5398778871073467,0.5398778871073466,0.5398778871073467,1.0,0.9999999999999998,0.9999999999999998
5,2,2,0.85,beta_bimodal,log_uniform,0.4200890096239774,0.4200890096239774,0.4200890096239774,0.4200890096239774,1.0,1.0,1.0
5,2,2,0.85,beta_bimodal,log_uniform,0.4867358455213197,0.48673584552131977,0.4867358455213197,0.4867358455213197,1.0000000000000002,0.9999999999999999,1.0
5,2,3,0.85,homogeneous,flat,0.3,0.30000000000000004,0.3,0.3,1.0000000000000002,0.9999999999999998,1.0
5,2,3,0.85,homogeneous,log_uniform,0.6014130503357425,0.6014130503357425,0.6014130503357425,0.6014130503357425,1.0,1.0,1.0
5,2,3,0.85,homogeneous,log_uniform,0.4475125060333038,0.44751250603330384,0.4475125060333038,0.4475125060333038,1.0000000000000002,0.9999999999999999,1.0
5,2,3,0.85,homogeneous,log_uniform,0.4052866377426631,0.40528663774266316,0.4052866377426631,0.4052866377426631,1.0000000000000002,0.9999999999999999,1.0
5,2,3,0.85,beta_bimodal,flat,0.7429988882574268,0.7429988882574268,0.7429988882574268,0.7429988882574268,1.0,1.0,1.0
5,2,3,0.85,beta_bimodal,flat,0.7031090516486905,0.7031090516486905,0.7031090516486905,0.7031090516486905,1.0,1.0,1.0
5,2,3,0.85,beta_bimodal,flat,0.631173907779072,0.631173907779072,0.631173907779072,0.631173907779072,1.0,1.0,1.0
5,2,3,0.85,beta_bimodal,log_uniform,0.7806923144624544,0.7806923144624544,0.7806923144624544,0.7806923144624544,1.0,1.0,1.0
5,2,3,0.85,beta_bimodal,log_uniform,0.8452055140563126,0.8452055140563126,0.8452055140563126,0.8452055140563126,1.0,1.0,1.0
5,2,3,0.85,beta_bimodal,log_uniform,0.1685005529912442,0.1685005529912442,0.1685005529912442,0.1685005529912442,1.0,1.0,1.0
5,3,2,0.85,homogeneous,flat,0.5426250000000001,0.5426250000000001,0.45,0.5426250000000001,1.0,0.8293020041465098,0.8293020041465098
5,3,2,0.85,homogeneous,log_uniform,0.667448481783069,0.667448481783069,0.6009436299216784,0.667448481783069,1.0,0.900359572796203,0.900359572796203
5,3,2,0.85,homogeneous,log_uniform,0.696771488754358,0.696771488754358,0.6618775996992465,0.696771488754358,1.0,0.9499206129724216,0.9499206129724216
5,3,2,0.85,homogeneous,log_uniform,0.6621638563480223,0.6621638563480223,0.6004928393117229,0.6621638563480223,1.0,0.9068644166469181,0.9068644166469181
5,3,2,0.85,beta_bimodal,flat,0.737193595562661,0.737193595562661,0.737193595562661,0.737193595562661,1.0,1.0,1.0
5,3,2,0.85,beta_bimodal,flat,0.6691419501437234,0.6678378336804888,0.66706574154867,0.6678378336804888,0.9980510615677967,0.9988438927942077,0.9968972075437695
5,3,2,0.85,beta_bimodal,flat,0.6674801767948139,0.6668690593488495,0.6510756977999159,0.6668690593488495,0.9990844410557645,0.9763171475306491,0.975423271633817
5,3,2,0.85,beta_bimodal,log_uniform,0.494606769410024,0.494606769410024,0.4946067555668247,0.494606769410024,1.0,0.9999999720117068,0.9999999720117068
5,3,2,0.85,beta_bimodal,log_uniform,1.4304123416691368,1.4304123416691368,1.4302955996915916,1.4304123416691368,1.0,0.99991838578699,0.99991838578699
5,3,2,0.85,beta_bimodal,log_uniform,0.4408329119406012,0.4408329119406012,0.4404690420160203,0.4408329119406012,1.0,0.999174585393411,0.999174585393411
5,3,3,0.85,homogeneous,flat,0.5426250000000001,0.5426250000000001,0.45,0.5426250000000001,1.0,0.8293020041465098,0.8293020041465098
5,3,3,0.85,homogeneous,log_uniform,0.6911395978796194,0.6685889279750072,0.6490165923402378,0.6685889279750072,0.9673717582181711,0.9707259052373941,0.9390528256974238
5,3,3,0.85,homogeneous,log_uniform,0.658175232066736,0.6395161290000859,0.6090179944384777,0.6395161290000859,0.9716502503321819,0.9523106092581378,0.9253128418796622
5,3,3,0.85,homogeneous,log_uniform,0.638219868380328,0.6242041316970207,0.5928864705548391,0.6242041316970207,0.9780393287992172,0.949827853498761,0.9289689963107295
5,3,3,0.85,beta_bimodal,flat,0.7253432716627544,0.7144905122467445,0.7144905122467444,0.7144905122467445,0.9850377609609153,0.9999999999999999,0.9850377609609152
5,3,3,0.85,beta_bimodal,flat,0.7422389879166114,0.7401576142607915,0.7401576142607915,0.7401576142607915,0.997195817398838,1.0,0.997195817398838
5,3,3,0.85,beta_bimodal,flat,0.7485772105766706,0.7469052348218777,0.7464506929818805,0.7464506929818806,0.9977664618543424,0.9993914330509338,0.9971592541627711
5,3,3,0.85,beta_bimodal,log_uniform,1.1096805705352892,1.1084176319673849,1.1084176319673849,1.1084176319673849,0.9988618899875888,1.0,0.9988618899875888
5,3,3,0.85,beta_bimodal,log_uniform,0.9879605789206912,0.9879605789206913,0.9879605789206912,0.9879605789206912,1.0000000000000002,0.9999999999999999,1.0
5,3,3,0.85,beta_bimodal,log_uniform,0.6785771965584844,0.6721288827237071,0.6690672354480764,0.6690672354480764,0.9904973024919185,0.9954448508993934,0.985985439595319
6,2,2,0.85,homogeneous,flat,0.3,0.30000000000000004,0.3,0.3,1.0000000000000002,0.9999999999999998,1.0
6,2,2,0.85,homogeneous,log_uniform,0.6812692582234434,0.6812692582234434,0.6812692582234434,0.6812692582234434,1.0,1.0,1.0
6,2,2,0.85,homogeneous,log_uniform,0.4431867298666813,0.4431867298666813,0.4431867298666813,0.4431867298666813,1.0,1.0,1.0
6,2,2,0.85,homogeneous,log_uniform,0.5525783763796739,0.5525783763796739,0.5525783763796739,0.5525783763796739,1.0,1.0,1.0
6,2,2,0.85,beta_bimodal,flat,0.8603409704129769,0.8603409704129769,0.8603409704129767,0.8603409704129769,1.0,0.9999999999999999,0.9999999999999999
6,2,2,0.85,beta_bimodal,flat,0.8779858537042624,0.8779858537042624,0.8779858537042624,0.8779858537042624,1.0,1.0,1.0
6,2,2,0.85,beta_bimodal,flat,0.6798936045471563,0.6798936045471563,0.6798936045471563,0.6798936045471563,1.0,1.0,1.0
6,2,2,0.85,beta_bimodal,log_uniform,0.905653825313554,0.905653825313554,0.905653825313554,0.905653825313554,1.0,1.0,1.0
6,2,2,0.85,beta_bimodal,log_uniform,0.96699292587853,0.9669929258785301,0.96699292587853,0.96699292587853,1.0000000000000002,0.9999999999999999,1.0
6,2,2,0.85,beta_bimodal,log_uniform,1.5954159087070778,1.5954159087070778,1.5954159087070778,1.5954159087070778,1.0,1.0,1.0
6,2,3,0.85,homogeneous,flat,0.3,0.30000000000000004,0.3,0.3,1.0000000000000002,0.9999999999999998,1.0
6,2,3,0.85,homogeneous,log_uniform,0.4921635915317485,0.49216359153174855,0.4921635915317485,0.4921635915317485,1.0000000000000002,0.9999999999999999,1.0
6,2,3,0.85,homogeneous,log_uniform,0.483910988861233,0.483910988861233,0.483910988861233,0.483910988861233,1.0,1.0,1.0
6,2,3,0.85,homogeneous,log_uniform,0.4648905777717919,0.4648905777717919,0.4648905777717919,0.4648905777717919,1.0,1.0,1.0
6,2,3,0.85,beta_bimodal,flat,0.7216944946978059,0.7216944946978059,0.7216944946978059,0.7216944946978059,1.0,1.0,1.0
6,2,3,0.85,beta_bimodal,flat,0.6768020951655317,0.6768020951655317,0.6768020951655317,0.6768020951655317,1.0,1.0,1.0
6,2,3,0.85,beta_bimodal,flat,0.8900100054973641,0.8900100054973641,0.890010005497364,0.8900100054973641,1.0,0.9999999999999999,0.9999999999999999
6,2,3,0.85,beta_bimodal,log_uniform,0.4540293445930886,0.45402934459308864,0.4540293445930886,0.4540293445930886,1.0000000000000002,0.9999999999999999,1.0
6,2,3,0.85,beta_bimodal,log_uniform,0.8957848904153805,0.8957848904153805,0.8957848904153805,0.8957848904153805,1.0,1.0,1.0
6,2,3,0.85,beta_bimodal,log_uniform,0.3540921503335212,0.3540921503335212,0.3540921503335211,0.3540921503335212,1.0,0.9999999999999997,0.9999999999999997
6,3,2,0.85,homogeneous,flat,0.5426250000000001,0.5426250000000001,0.45,0.5426250000000001,1.0,0.8293020041465098,0.8293020041465098
6,3,2,0.85,homogeneous,log_uniform,0.7104268226342009,0.7104268226342009,0.6441202854339336,0.7104268226342009,1.0,0.906666619153809,0.906666619153809
6,3,2,0.85,homogeneous,log_uniform,0.797670515256895,0.797670515256895,0.771651141404158,0.797670515256895,1.0,0.9673808002739611,0.9673808002739611
6,3,2,0.85,homogeneous,log_uniform,0.7252243726572991,0.7252243726572991,0.6489393413526805,0.7252243726572991,1.0,0.8948118207540349,0.8948118207540349
6,3,2,0.85,beta_bimodal,flat,0.876617404864606,0.876617404864606,0.876617404864606,0.876617404864606,1.0,1.0,1.0
6,3,2,0.85,beta_bimodal,flat,0.8894773157491069,0.8894773157491069,0.8867472176941609,0.8894773157491069,1.0,0.9969306715229193,0.9969306715229193
6,3,2,0.85,beta_bimodal,flat,0.8456480754529923,0.845399608966589,0.842811624710345,0.845399608966589,0.9997061821653527,0.9969387444366015,0.996645826053435
6,3,2,0.85,beta_bimodal,log_uniform,0.5766474735429347,0.5761908607420719,0.5471510696649584,0.5620473925925715,0.9992081595397319,0.9496003962303161,0.9488484642154943
6,3,2,0.85,beta_bimodal,log_uniform,0.4468273713383344,0.4466200881789065,0.4464933422895497,0.4466200881789065,0.9995361001301084,0.9997162109526384,0.999252442732449
6,3,2,0.85,beta_bimodal,log_uniform,0.9416899080171915,0.9416899080171917,0.9416899080171914,0.9416899080171914,1.0000000000000002,0.9999999999999998,0.9999999999999999
6,3,3,0.85,homogeneous,flat,0.5426250000000001,0.5426250000000001,0.45,0.5426250000000001,1.0,0.8293020041465098,0.8293020041465098
6,3,3,0.85,homogeneous,log_uniform,0.7903654130539821,0.7639167704138001,0.7372384922524026,0.7639167704138001,0.9665361841455282,0.965076983259647,0.932781824806457
6,3,3,0.85,homogeneous,log_uniform,0.7516071495949728,0.7269835476815116,0.6831534227340722,0.7269835476815116,0.9672387337896794,0.9397096054137374,0.9089235288703826
6,3,3,0.85,homogeneous,log_uniform,0.7655870931501356,0.7470608945813155,0.7019049680363574,0.7470608945813155,0.9758013180543693,0.939555226525054,0.9168192284280192
6,3,3,0.85,beta_bimodal,flat,0.8989531523345058,0.8962822664777131,0.8962822664777131,0.8962822664777131,0.9970288931632794,1.0,0.9970288931632794
6,3,3,0.85,beta_bimodal,flat,0.8756132920295631,0.8756132920295631,0.875613292029563,0.8756132920295631,1.0,0.9999999999999999,0.9999999999999999
6,3,3,0.85,beta_bimodal,flat,0.839515149543585,0.839211102599354,0.839211102599354,0.839211102599354,0.9996378303067,1.0,0.9996378303067
6,3,3,0.85,beta_bimodal,log_uniform,0.972107575583731,0.9628554698556328,0.9628554698556324,0.9628554698556328,0.9904824260601585,0.9999999999999997,0.9904824260601581
6,3,3,0.85,beta_bimodal,log_uniform,0.4380933855862576,0.43139046583868096,0.4164969986153816,0.4313904658386809,0.9846997924001825,0.9654756690221596,0.9507036908535479
6,3,3,0.85,beta_bimodal,log_uniform,0.9744747667161032,0.9744747667161033,0.9744747667161032,0.9744747667161032,1.0000000000000002,0.9999999999999999,1.0
4,2,2,0.9,homogeneous,flat,0.1999999999999999,0.19999999999999998,0.1999999999999999,0.1999999999999999,1.0000000000000004,0.9999999999999996,1.0
4,2,2,0.9,homogeneous,log_uniform,0.3098609179567475,0.30986091795674753,0.3098609179567474,0.3098609179567475,1.0000000000000002,0.9999999999999997,0.9999999999999998
4,2,2,0.9,homogeneous,log_uniform,0.3161179497840156,0.31611794978401564,0.3161179497840156,0.3161179497840156,1.0000000000000002,0.9999999999999998,1.0
4,2,2,0.9,homogeneous,log_uniform,0.307452589912115,0.307452589912115,0.307452589912115,0.307452589912115,1.0,1.0,1.0
4,2,2,0.9,beta_bimodal,flat,0.3473649968499955,0.3473649968499955,0.3473649968499955,0.3473649968499955,1.0,1.0,1.0
4,2,2,0.9,beta_bimodal,flat,0.3860042751633388,0.3860042751633388,0.3860042751633388,0.3860042751633388,1.0,1.0,1.0
4,2,2,0.9,beta_bimodal,flat,0.3998331187603116,0.3998331187603116,0.3998331187603116,0.3998331187603116,1.0,1.0,1.0
4,2,2,0.9,beta_bimodal,log_uniform,0.5209985914420044,0.5209985914420044,0.5209985914420044,0.5209985914420044,1.0,1.0,1.0
4,2,2,0.9,beta_bimodal,log_uniform,0.1829050719093616,0.1829050719093616,0.1829050719093615,0.1829050719093616,1.0,0.9999999999999996,0.9999999999999996
4,2,2,0.9,beta_bimodal,log_uniform,0.4228325742061721,0.4228325742061721,0.4228325742061721,0.4228325742061721,1.0,1.0,1.0
4,2,3,0.9,homogeneous,flat,0.1999999999999999,0.19999999999999998,0.1999999999999999,0.1999999999999999,1.0000000000000004,0.9999999999999996,1.0
4,2,3,0.9,homogeneous,log_uniform,0.2983696088059796,0.2983696088059796,0.2983696088059796,0.2983696088059796,1.0,1.0,1.0
4,2,3,0.9,homogeneous,log_uniform,0.3011419103032324,0.30114191030323245,0.3011419103032324,0.3011419103032324,1.0000000000000002,0.9999999999999998,1.0
4,2,3,0.9,homogeneous,log_uniform,0.2840690012124287,0.28406900121242873,0.2840690012124287,0.2840690012124287,1.0000000000000002,0.9999999999999998,1.0
4,2,3,0.9,beta_bimodal,flat,0.3979456880203013,0.3979456880203013,0.3979456880203013,0.3979456880203013,1.0,1.0,1.0
4,2,3,0.9,beta_bimodal,flat,0.3841252833582398,0.3841252833582398,0.3841252833582397,0.3841252833582398,1.0,0.9999999999999997,0.9999999999999997
4,2,3,0.9,beta_bimodal,flat,0.287130149816637,0.287130149816637,0.287130149816637,0.287130149816637,1.0,1.0,1.0
4,2,3,0.9,beta_bimodal,log_uniform,0.3334386401367812,0.33343864013678126,0.3334386401367812,0.3334386401367812,1.0000000000000002,0.9999999999999999,1.0
4,2,3,0.9,beta_bimodal,log_uniform,0.3193144026661871,0.3193144026661871,0.3193144026661871,0.3193144026661871,1.0,1.0,1.0
4,2,3,0.9,beta_bimodal,log_uniform,0.4331249034770293,0.4331249034770293,0.4331249034770293,0.4331249034770293,1.0,1.0,1.0
4,3,2,0.9,homogeneous,flat,0.373,0.373,0.2999999999999999,0.373,1.0,0.8042895442359246,0.8042895442359246
4,3,2,0.9,homogeneous,log_uniform,0.385250594825168,0.385250594825168,0.3550639451143513,0.385250594825168,1.0,0.9216441191362318,0.9216441191362318
4,3,2,0.9,homogeneous,log_uniform,0.390632292536142,0.390632292536142,0.3677436872259839,0.390632292536142,1.0,0.9414062642861498,0.9414062642861498
4,3,2,0.9,homogeneous,log_uniform,0.3945736225190211,0.3945736225190211,0.3858855997217156,0.3945736225190211,1.0,0.9779812377172103,0.9779812377172103
4,3,2,0.9,beta_bimodal,flat,0.3998059487055155,0.39980594870551556,0.3998059487055155,0.3998059487055155,1.0000000000000002,0.9999999999999999,1.0
4,3,2,0.9,beta_bimodal,flat,0.3999991924527222,0.3999991920952293,0.39999798908281,0.3999991920952293,0.9999999991062659,0.9999969924628772,0.9999969915691458
4,3,2,0.9,beta_bimodal,flat,0.3939919246134995,0.3930964475993353,0.3860950889826086,0.3930964475993353,0.9977271691163654,0.9821892091381531,0.9799568591700512
4,3,2,0.9,beta_bimodal,log_uniform,0.2583450786941741,0.25834507869417417,0.2583421312053706,0.2583450786941741,1.0000000000000002,0.9999885908846474,0.9999885908846476
4,3,2,0.9,beta_bimodal,log_uniform,0.5404505707652578,0.5404505707652578,0.5371234686877726,0.5404505707652578,1.0,0.9938438364996559,0.9938438364996559
4,3,2,0.9,beta_bimodal,log_uniform,0.3428790330227653,0.3428790330227653,0.3428790330227652,0.3428790330227653,1.0,0.9999999999999997,0.9999999999999997
4,3,3,0.9,homogeneous,flat,0.3729999999999999,0.37299999999999994,0.2999999999999999,0.3729999999999999,1.0000000000000002,0.8042895442359247,0.8042895442359248
4,3,3,0.9,homogeneous,log_uniform,0.3908865069215944,0.3870253096855446,0.3870253096855446,0.3870253096855446,0.9901219480138662,1.0,0.9901219480138662
4,3,3,0.9,homogeneous,log_uniform,0.3804798493139233,0.3769886898609458,0.3370725602368359,0.3769886898609458,0.9908243249694492,0.8941184956004034,0.885914354845969
4,3,3,0.9,homogeneous,log_uniform,0.3849941426400703,0.37936464053115215,0.3645364375832762,0.3793646405311521,0.9853776941375932,0.9609130599859944,0.946862295315698
4,3,3,0.9,beta_bimodal,flat,0.3999341538502957,0.39993415385029574,0.3999341538502957,0.3999341538502957,1.0000000000000002,0.9999999999999999,1.0
4,3,3,0.9,beta_bimodal,flat,0.3991033932397334,0.3979284724001249,0.3979284724001248,0.3979284724001249,0.9970560990973517,0.9999999999999997,0.9970560990973514
4,3,3,0.9,beta_bimodal,flat,0.3994562560532806,0.3989488913295035,0.3989488913295034,0.3989488913295035,0.998729861615412,0.9999999999999997,0.9987298616154117
4,3,3,0.9,beta_bimodal,log_uniform,0.3552538614982553,0.3552538614982553,0.3552538614982552,0.3552538614982552,1.0,0.9999999999999999,0.9999999999999999
4,3,3,0.9,beta_bimodal,log_uniform,0.0962059413776427,0.09620590301053085,0.096205310106708,0.0962059030105308,0.9999996011981038,0.999993837136763,0.9999934383373246
4,3,3,0.9,beta_bimodal,log_uniform,0.2931428858716719,0.29086660715028273,0.2908666071502827,0.2908666071502827,0.9922349174034342,0.9999999999999998,0.9922349174034341
5,2,2,0.9,homogeneous,flat,0.1999999999999999,0.19999999999999996,0.1999999999999999,0.1999999999999999,1.0000000000000002,0.9999999999999997,1.0
5,2,2,0.9,homogeneous,log_uniform,0.3350402490403705,0.33504024904037055,0.3350402490403705,0.3350402490403705,1.0000000000000002,0.9999999999999999,1.0
5,2,2,0.9,homogeneous,log_uniform,0.3380550569934992,0.3380550569934992,0.3380550569934991,0.3380550569934992,1.0,0.9999999999999997,0.9999999999999997
5,2,2,0.9,homogeneous,log_uniform,0.3795557112863722,0.3795557112863722,0.3795557112863722,0.3795557112863722,1.0,1.0,1.0
5,2,2,0.9,beta_bimodal,flat,0.3784249223867631,0.3784249223867631,0.3784249223867631,0.3784249223867631,1.0,1.0,1.0
5,2,2,0.9,beta_bimodal,flat,0.4884946226460502,0.48849462264605026,0.4884946226460502,0.4884946226460502,1.0000000000000002,0.9999999999999999,1.0
5,2,2,0.9,beta_bimodal,flat,0.4999306584336498,0.49993065843364987,0.4999306584336498,0.4999306584336498,1.0000000000000002,0.9999999999999999,1.0
5,2,2,0.9,beta_bimodal,log_uniform,0.4563440866507059,0.45634408665070597,0.4563440866507059,0.4563440866507059,1.0000000000000002,0.9999999999999999,1.0
5,2,2,0.9,beta_bimodal,log_uniform,0.464728795790142,0.464728795790142,0.4647287957901419,0.464728795790142,1.0,0.9999999999999999,0.9999999999999999
5,2,2,0.9,beta_bimodal,log_uniform,0.6048255769736954,0.6048255769736954,0.6048255769736954,0.6048255769736954,1.0,1.0,1.0
5,2,3,0.9,homogeneous,flat,0.1999999999999999,0.19999999999999996,0.1999999999999999,0.1999999999999999,1.0000000000000002,0.9999999999999997,1.0
5,2,3,0.9,homogeneous,log_uniform,0.2420478068623682,0.2420478068623682,0.2420478068623681,0.2420478068623682,1.0,0.9999999999999996,0.9999999999999996
5,2,3,0.9,homogeneous,log_uniform,0.3811881257902851,0.38118812579028516,0.3811881257902851,0.3811881257902851,1.0000000000000002,0.9999999999999999,1.0
5,2,3,0.9,homogeneous,log_uniform,0.3531910138339374,0.3531910138339374,0.3531910138339374,0.3531910138339374,1.0,1.0,1.0
5,2,3,0.9,beta_bimodal,flat,0.4642291831611722,0.46422918316117223,0.4642291831611722,0.4642291831611722,1.0000000000000002,0.9999999999999999,1.0
5,2,3,0.9,beta_bimodal,flat,0.4367778609547972,0.4367778609547972,0.4367778609547972,0.4367778609547972,1.0,1.0,1.0
5,2,3,0.9,beta_bimodal,flat,0.4696973100119014,0.46969731001190146,0.4696973100119014,0.4696973100119014,1.0000000000000002,0.9999999999999999,1.0
5,2,3,0.9,beta_bimodal,log_uniform,0.2808921251713426,0.2808921251713426,0.2808921251713426,0.2808921251713426,1.0,1.0,1.0
5,2,3,0.9,beta_bimodal,log_uniform,0.8526102798919699,0.8526102798919699,0.8526102798919699,0.8526102798919699,1.0,1.0,1.0
5,2,3,0.9,beta_bimodal,log_uniform,0.3525922236631174,0.3525922236631174,0.3525922236631174,0.3525922236631174,1.0,1.0,1.0
5,3,2,0.9,homogeneous,flat,0.3729999999999999,0.3729999999999999,0.2999999999999999,0.3729999999999999,1.0,0.8042895442359248,0.8042895442359248
5,3,2,0.9,homogeneous,log_uniform,0.457067204078269,0.45706720407826906,0.4333072111569374,0.457067204078269,1.0000000000000002,0.9480164126646397,0.9480164126646398
5,3,2,0.9,homogeneous,log_uniform,0.4170636519402689,0.4170636519402689,0.3714662312512309,0.4170636519402689,1.0,0.8906703557672574,0.8906703557672574
5,3,2,0.9,homogeneous,log_uniform,0.4641304876090674,0.4641304876090674,0.4400523072238306,0.4641304876090674,1.0,0.9481219591730039,0.9481219591730039
5,3,2,0.9,beta_bimodal,flat,0.4930333836631095,0.4928440903895504,0.4852975896760849,0.4928440903895504,0.9996160639830255,0.9846878539062918,0.9843097967736998
5,3,2,0.9,beta_bimodal,flat,0.4680026167164634,0.4673249592443566,0.4443705621962863,0.4673249592443566,0.9985520220445319,0.9508812944954053,0.9495044393427089
5,3,2,0.9,beta_bimodal,flat,0.4992139585890013,0.4992139222687284,0.49884558035568,0.4992139222687284,0.9999999272450775,0.9992621561686933,0.9992620834674525
5,3,2,0.9,beta_bimodal,log_uniform,0.5857888127999631,0.5857888127999631,0.5854388847006942,0.5857888127999631,1.0,0.9994026377909193,0.9994026377909193
5,3,2,0.9,beta_bimodal,log_uniform,0.8091062473601583,0.8091062473601583,0.8019343659764473,0.8091062473601583,1.0,0.991136044979123,0.991136044979123
5,3,2,0.9,beta_bimodal,log_uniform,1.19905905410751,1.19905905410751,1.198748350376207,1.19905905410751,1.0,0.9997408770400102,0.9997408770400102
5,3,3,0.9,homogeneous,flat,0.3729999999999999,0.3729999999999999,0.2999999999999999,0.3729999999999999,1.0,0.8042895442359248,0.8042895442359248
5,3,3,0.9,homogeneous,log_uniform,0.4610764033737855,0.45677548503756693,0.3924661728844624,0.4567754850375669,0.9906720051064251,0.8592102372836067,0.8511955285777177
5,3,3,0.9,homogeneous,log_uniform,0.4202697549582967,0.41816587719515097,0.3711945398409005,0.4181658771951509,0.9949939824640617,0.8876729548826153,0.8832292485042947
5,3,3,0.9,homogeneous,log_uniform,0.4319060774256628,0.4186683045544507,0.3870809366276665,0.4186683045544507,0.9693503435975834,0.9245527603041275,0.8962155358749002
5,3,3,0.9,beta_bimodal,flat,0.4867621209191615,0.4844310827870742,0.4844310827870741,0.4844310827870741,0.9952111349016116,0.9999999999999998,0.9952111349016114
5,3,3,0.9,beta_bimodal,flat,0.499923477253584,0.4998485366212416,0.4998485366212416,0.4998485366212416,0.9998500957931521,1.0,0.9998500957931521
5,3,3,0.9,beta_bimodal,flat,0.4996788433396746,0.49967884333967466,0.4996788433396746,0.4996788433396746,1.0000000000000002,0.9999999999999999,1.0
5,3,3,0.9,beta_bimodal,log_uniform,0.269659711036176,0.26910176367745137,0.2664703408911114,0.2691017636774513,0.9979309205791971,0.9902214584164003,0.9881726115747534
5,3,3,0.9,beta_bimodal,log_uniform,0.2466369635417102,0.24071827047220107,0.240718270472201,0.240718270472201,0.9760024086231172,0.9999999999999998,0.9760024086231169
5,3,3,0.9,beta_bimodal,log_uniform,0.305610489265843,0.30227019815461537,0.3022701981546153,0.3022701981546153,0.9890701031916415,0.9999999999999998,0.9890701031916412
6,2,2,0.9,homogeneous,flat,0.1999999999999999,0.19999999999999996,0.1999999999999999,0.1999999999999999,1.0000000000000002,0.9999999999999997,1.0
6,2,2,0.9,homogeneous,log_uniform,0.3338816689744108,0.3338816689744108,0.3338816689744108,0.3338816689744108,1.0,1.0,1.0
6,2,2,0.9,homogeneous,log_uniform,0.3247338765434661,0.3247338765434661,0.324733876543466,0.3247338765434661,1.0,0.9999999999999998,0.9999999999999998
6,2,2,0.9,homogeneous,log_uniform,0.3607162686195242,0.3607162686195242,0.3607162686195242,0.3607162686195242,1.0,1.0,1.0
6,2,2,0.9,beta_bimodal,flat,0.5270384926242075,0.5270384926242075,0.5270384926242075,0.5270384926242075,1.0,1.0,1.0
6,2,2,0.9,beta_bimodal,flat,0.5786626925807933,0.5786626925807933,0.5786626925807933,0.5786626925807933,1.0,1.0,1.0
6,2,2,0.9,beta_bimodal,flat,0.5101877806032323,0.5101877806032323,0.5101877806032323,0.5101877806032323,1.0,1.0,1.0
6,2,2,0.9,beta_bimodal,log_uniform,1.3893438089479209,1.3893438089479209,1.3893438089479209,1.3893438089479209,1.0,1.0,1.0
6,2,2,0.9,beta_bimodal,log_uniform,1.3526406838879033,1.3526406838879033,1.3526406838879033,1.3526406838879033,1.0,1.0,1.0
6,2,2,0.9,beta_bimodal,log_uniform,0.4643068999836858,0.46430689998368585,0.4643068999836858,0.4643068999836858,1.0000000000000002,0.9999999999999999,1.0
6,2,3,0.9,homogeneous,flat,0.1999999999999999,0.19999999999999996,0.1999999999999999,0.1999999999999999,1.0000000000000002,0.9999999999999997,1.0
6,2,3,0.9,homogeneous,log_uniform,0.3653395033273266,0.3653395033273266,0.3653395033273266,0.3653395033273266,1.0,1.0,1.0
6,2,3,0.9,homogeneous,log_uniform,0.3929179269327604,0.3929179269327604,0.3929179269327603,0.3929179269327604,1.0,0.9999999999999997,0.9999999999999997
6,2,3,0.9,homogeneous,log_uniform,0.2965482020031963,0.2965482020031963,0.2965482020031963,0.2965482020031963,1.0,1.0,1.0
6,2,3,0.9,beta_bimodal,flat,0.5859980919815126,0.5859980919815126,0.5859980919815125,0.5859980919815126,1.0,0.9999999999999998,0.9999999999999998
6,2,3,0.9,beta_bimodal,flat,0.5999241504621562,0.5999241504621562,0.5999241504621562,0.5999241504621562,1.0,1.0,1.0
6,2,3,0.9,beta_bimodal,flat,0.5313960341756804,0.5313960341756804,0.5313960341756804,0.5313960341756804,1.0,1.0,1.0
6,2,3,0.9,beta_bimodal,log_uniform,0.2259964960570495,0.2259964960570495,0.2259964960570495,0.2259964960570495,1.0,1.0,1.0
6,2,3,0.9,beta_bimodal,log_uniform,0.64489482387038,0.64489482387038,0.64489482387038,0.64489482387038,1.0,1.0,1.0
6,2,3,0.9,beta_bimodal,log_uniform,0.4705703546467998,0.47057035464679986,0.4705703546467998,0.4705703546467998,1.0000000000000002,0.9999999999999999,1.0
6,3,2,0.9,homogeneous,flat,0.3729999999999999,0.3729999999999999,0.2999999999999999,0.3729999999999999,1.0,0.8042895442359248,0.8042895442359248
6,3,2,0.9,homogeneous,log_uniform,0.4477402310427536,0.4477402310427536,0.3842969997867714,0.4477402310427536,1.0,0.8583034830079315,0.8583034830079315
6,3,2,0.9,homogeneous,log_uniform,0.5005257490815452,0.5005257490815452,0.4582240595686195,0.5005257490815452,1.0,0.9154854878284514,0.9154854878284514
6,3,2,0.9,homogeneous,log_uniform,0.5005592399867571,0.5005592399867571,0.4704533929087623,0.5005592399867571,1.0,0.9398555761775743,0.9398555761775743
6,3,2,0.9,beta_bimodal,flat,0.5697605072502918,0.5695969193031072,0.5458180416402918,0.5695969193031072,0.9997128829655567,0.9582531491007562,0.9579780182983405
6,3,2,0.9,beta_bimodal,flat,0.5749522814122602,0.5749522814122602,0.5749522814122602,0.5749522814122602,1.0,1.0,1.0
6,3,2,0.9,beta_bimodal,flat,0.5694643373190849,0.5694040925783271,0.5544820901610679,0.5694040925783271,0.9998942080534114,0.9737936509207534,0.973690631394847
6,3,2,0.9,beta_bimodal,log_uniform,0.5042362666153748,0.5018908529506856,0.5005285203773598,0.50052852037736,0.9953485819644975,0.9972855999161643,0.9926468076901672
6,3,2,0.9,beta_bimodal,log_uniform,0.5613479237780704,0.5613479237780704,0.5613479211073322,0.5613479237780704,1.0,0.9999999952422766,0.9999999952422766
6,3,2,0.9,beta_bimodal,log_uniform,0.7868960953645745,0.7868960953645745,0.7711791061711805,0.7868960953645745,1.0,0.9800266016237986,0.9800266016237986
6,3,3,0.9,homogeneous,flat,0.3729999999999999,0.3729999999999999,0.2999999999999999,0.3729999999999999,1.0,0.8042895442359248,0.8042895442359248
6,3,3,0.9,homogeneous,log_uniform,0.4797967814134805,0.47136548307855125,0.4338348992447477,0.4713654830785512,0.9824273553688905,0.9203790154750274,0.9042055221101544
6,3,3,0.9,homogeneous,log_uniform,0.4595884290470189,0.4448239496926783,0.4107398246586451,0.4448239496926783,0.9678745624972422,0.9233761467709161,0.8937122840762898
6,3,3,0.9,homogeneous,log_uniform,0.4825684750836314,0.4785798682338208,0.432994037434355,0.4785798682338208,0.9917346303048095,0.9047477049803653,0.8972696307178274
6,3,3,0.9,beta_bimodal,flat,0.5943318597623557,0.5910051336181666,0.5910051336181665,0.5910051336181666,0.9944025781395612,0.9999999999999998,0.994402578139561
6,3,3,0.9,beta_bimodal,flat,0.5764237798146086,0.5673899622455095,0.5629479171859424,0.5673899622455095,0.9843278194178516,0.9921710898057003,0.9766216053178786
6,3,3,0.9,beta_bimodal,flat,0.5959479285973028,0.5933685303952498,0.5933685303952498,0.5933685303952498,0.9956717725185753,1.0,0.9956717725185753
6,3,3,0.9,beta_bimodal,log_uniform,1.394569064130309,1.3945561463205596,1.3945561463205596,1.3945561463205596,0.9999907370598691,1.0,0.9999907370598691
6,3,3,0.9,beta_bimodal,log_uniform,0.5704869403755467,0.5649526614381226,0.5206568414021615,0.5649526614381226,0.9902990260674839,0.921593749247586,0.9126533923097653
6,3,3,0.9,beta_bimodal,log_uniform,0.2183778374512926,0.21836359768361757,0.2182238210221348,0.2183635976836175,0.9999347929815533,0.9993598902794902,0.9992947250006899
