base_p,n,B,G,rate_mode,utility_mode,instances,ratio_laminar_opt_min,ratio_laminar_opt_max,ratio_laminar_opt_mean,ratio_laminar_opt_median,ratio_laminar_opt_worst_instance,ratio_laminar_opt_best_instance,ratio_greedy_laminar_min,ratio_greedy_laminar_max,ratio_greedy_laminar_mean,ratio_greedy_laminar_median,ratio_greedy_laminar_worst_instance,ratio_greedy_laminar_best_instance,ratio_static_opt_min,ratio_static_opt_max,ratio_static_opt_mean,ratio_static_opt_median,ratio_static_opt_worst_instance,ratio_static_opt_best_instance,ratio_greedy_static_min,ratio_greedy_static_max,ratio_greedy_static_mean,ratio_greedy_static_median,ratio_greedy_static_worst_instance,ratio_greedy_static_best_instance
0.05,4,2,2,beta_bimodal,flat,3,0.999938195188607,1.0,0.9999793983962023,1.0,6,7,0.9999999999999999,1.0,1.0,1.0,8,6,0.9999381951886072,0.9999999999999999,0.9999793983962023,0.9999999999999998,6,8,0.9999999999999999,1.0000000000000002,1.0,1.0,6,7
0.05,4,2,2,beta_bimodal,log_uniform,3,0.995818199953273,0.999849356298004,0.998461184893111,0.9997159984280558,9,11,0.9731115769454061,1.0,0.9910371923151353,1.0,11,9,0.9958181999532733,0.9998493562980038,0.9982951128166825,0.9992177821987708,9,11,0.9731115769454062,1.000498606247968,0.9912033943977914,0.9999999999999998,11,10
0.05,4,2,2,homogeneous,flat,3,1.0,1.0,1.0,1.0,0,0,1.0,1.0,1.0,1.0,0,0,1.0,1.0,1.0,1.0,0,0,1.0,1.0,1.0,1.0,0,0
0.05,4,2,2,homogeneous,log_uniform,3,0.9957131635859422,0.9999999999999998,0.9980503288956832,0.9984378231011081,5,3,1.0,1.0,1.0,1.0,3,3,0.9774052724259836,0.9999999999999998,0.9868960226973827,0.9832827956661646,4,3,1.0,1.0215187612226813,1.011386821018373,1.0126417018324378,3,4
0.05,4,2,3,beta_bimodal,flat,3,0.9891917392695193,0.9964544681457829,0.9934100074382788,0.9945838148995341,20,19,0.9837964661101618,0.9951199952943112,0.9909032927568999,0.9937934168662266,20,18,0.9989729582104889,0.9997703103902281,0.9994853425518221,0.9997127590547497,18,19,0.9734429500718436,0.9907477805761395,0.9848960427529789,0.9904973976109533,20,18
0.05,4,2,3,beta_bimodal,log_uniform,3,0.9897163906092291,1.0,0.9946524116394939,0.9942408443092529,21,22,0.9507953652744826,0.9952683257383973,0.9727129198804748,0.9720750686285446,21,22,0.9989199306967821,0.9996821007525467,0.9992648880069339,0.9991926325714727,22,23,0.9417781181049021,0.9963444467908077,0.9683022139304747,0.9667840768957141,21,22
0.05,4,2,3,homogeneous,flat,3,1.0,1.0,1.0,1.0,12,12,0.9756578947368422,0.9756578947368422,0.9756578947368423,0.9756578947368422,12,12,1.0,1.0,1.0,1.0,12,12,0.9756578947368422,0.9756578947368422,0.9756578947368423,0.9756578947368422,12,12
0.05,4,2,3,homogeneous,log_uniform,3,0.9943797208781462,0.9972652022854042,0.9962635351350375,0.9971456822415621,15,16,0.9813059602893178,0.9964876649817114,0.9881459572372201,0.9866442464406311,16,15,0.9991187815481174,0.9995207634419824,0.9992827799500589,0.9992087948600767,17,15,0.9793971910834108,0.9913622231826166,0.9851517322018903,0.9846957823396436,16,15
0.05,4,3,2,beta_bimodal,flat,3,0.9991889466797604,0.9999999669488765,0.999720766991827,0.9999733873468443,31,32,0.9886207376586245,0.9999997890458611,0.9959918138092947,0.9993549147233984,31,32,0.9989161292643134,0.9999999795389322,0.9996383666013697,0.9999989910008636,31,32,0.9888907432643043,0.9999997764558078,0.996073282426738,0.9993293275601018,31,32
0.05,4,3,2,beta_bimodal,log_uniform,3,0.9991132209368732,0.9999887441509309,0.9996935006869198,0.9999785369729556,34,33,0.9861405473159779,0.9999763718482214,0.995321728122105,0.9998482652021154,34,33,0.9976300890632233,0.9999999994791998,0.999202748606415,0.9999781572768222,34,35,0.9876065982036334,0.9999869587034276,0.9958067876198432,0.999826805952469,34,33
0.05,4,3,2,homogeneous,flat,3,0.9976265071679483,0.9976265071679483,0.9976265071679483,0.9976265071679483,24,24,0.9885166856997842,0.9885166856997842,0.9885166856997842,0.9885166856997842,24,24,0.9873730181334848,0.9873730181334848,0.9873730181334848,0.9873730181334848,24,24,0.9987820512820516,0.9987820512820516,0.9987820512820514,0.9987820512820516,24,24
0.05,4,3,2,homogeneous,log_uniform,3,0.9976950451118068,0.9987902712204831,0.9982502608887499,0.9982654663339601,28,27,0.9870463078947226,0.9937117247053907,0.9913221575073677,0.9932084399219896,28,27,0.9863215127315274,0.9950785786136934,0.9915884184408034,0.9933651639771893,28,29,0.9963893382438711,0.9991387246354678,0.9979854203192353,0.9984281980783667,29,27
0.05,4,3,3,beta_bimodal,flat,3,0.9984514035336224,0.9999996576933528,0.9994821600628047,0.9999954189614388,44,42,0.9759869024194584,0.9998959691731365,0.9919167646546709,0.9998674223714179,44,42,0.9999949349101275,0.9999993971169406,0.9999977753162935,0.9999989939218126,44,42,0.9744804283820896,0.9998962297225976,0.9914135019953649,0.9998638478814078,44,42
0.05,4,3,3,beta_bimodal,log_uniform,3,0.9999549860201349,0.9999925873004599,0.99997266736048,0.9999704287608451,46,47,0.9783108158317085,0.9900171290226504,0.9856754954132083,0.9886985413852659,45,46,0.9999176097365997,0.9999992859400355,0.9999716980277888,0.999998198406731,46,45,0.9782825845210332,0.9900541352325208,0.9856765711454131,0.9886929936826855,45,46
0.05,4,3,3,homogeneous,flat,3,0.9875321095169476,0.9875321095169476,0.9875321095169477,0.9875321095169476,36,36,0.9656135008247684,0.9656135008247684,0.9656135008247683,0.9656135008247684,36,36,0.9773823695257186,0.9773823695257186,0.9773823695257186,0.9773823695257186,36,36,0.975641025641026,0.975641025641026,0.9756410256410261,0.975641025641026,36,36
0.05,4,3,3,homogeneous,log_uniform,3,0.9941982301595054,0.997764279715577,0.9963179470081078,0.996991331149241,40,41,0.9841741182555486,0.9884915167210861,0.9858652342398079,0.9849300677427889,40,41,0.9869664647200946,0.995529552322189,0.9917348974144318,0.9927086752010119,40,41,0.9891791659108433,0.9913854234307263,0.9904250115792489,0.9907104453961773,39,40
0.05,5,2,2,beta_bimodal,flat,3,0.9999926970438853,1.0,0.9999961001760816,0.99999560348436,55,54,1.0,1.0,1.0,1.0,54,54,0.999992697043885,1.0000000000000002,0.9999961001760816,0.9999956034843599,55,54,0.9999999999999999,1.0000000000000002,1.0,1.0000000000000002,54,55
0.05,5,2,2,beta_bimodal,log_uniform,3,0.9962907076927499,0.9999796037385736,0.998096543782571,0.9980193199163895,59,57,0.9731094069936442,1.0,0.9885789571018883,0.9926274643120204,57,58,0.9865691928695989,0.9999796037385734,0.9948560388415207,0.9980193199163899,59,57,0.9731094069936445,1.0024086764945213,0.9918393611627218,0.9999999999999996,57,59
0.05,5,2,2,homogeneous,flat,3,1.0,1.0,1.0,1.0,48,48,1.0,1.0,1.0,1.0,48,48,0.9999999999999999,0.9999999999999999,0.9999999999999999,0.9999999999999999,48,48,1.0000000000000002,1.0000000000000002,1.0000000000000002,1.0000000000000002,48,48
0.05,5,2,2,homogeneous,log_uniform,3,0.9999999999999998,1.0,0.9999999999999999,0.9999999999999999,52,51,0.9999999999999998,1.0,1.0,1.0,51,52,0.9999999999999999,1.0000000000000002,1.0,1.0,53,51,0.9999999999999996,1.0,0.9999999999999997,0.9999999999999998,51,53
0.05,5,2,3,beta_bimodal,flat,3,0.9913267650273118,0.9997512211200471,0.9958632204011361,0.9965116750560494,67,68,0.9995822036044498,0.9999999999999998,0.9998252307012828,0.9998934884993989,66,67,0.9994612487220846,0.9999999940832749,0.9997665662752668,0.9998384560204412,66,67,0.9913267708927196,0.9998062487974763,0.9959217642236545,0.9966322729807674,67,68
0.05,5,2,3,beta_bimodal,log_uniform,3,0.9840116985837164,0.9992944158546418,0.9909969795261032,0.9896848241399515,71,69,0.9608780503183975,0.9984553737741183,0.9823552146767863,0.9877322199378432,71,69,0.9965472144487783,0.998920050987105,0.9978067435197359,0.9979529651233242,70,71,0.946537454615396,0.9997974998443302,0.9757551618703286,0.9809305311512597,71,69
0.05,5,2,3,homogeneous,flat,3,1.0,1.0,1.0,1.0,60,60,1.0,1.0,1.0,1.0,60,60,0.9999999999999996,0.9999999999999996,0.9999999999999996,0.9999999999999996,60,60,1.0000000000000004,1.0000000000000004,1.0000000000000004,1.0000000000000004,60,60
0.05,5,2,3,homogeneous,log_uniform,3,0.9910405195019901,1.0,0.9967619046720362,0.9992451945141182,64,63,0.981555827679776,0.9914291317882213,0.985403483031309,0.9832254896259294,65,64,0.9991594011445091,0.9999999999999998,0.9994681985528756,0.9992451945141179,64,63,0.9815558276797763,0.9833730640889998,0.9827181271315686,0.9832254896259296,65,64
0.05,5,3,2,beta_bimodal,flat,3,0.9879660770329327,0.9993430086877392,0.9947593258995148,0.9969688919778726,78,80,0.9994016995881712,0.9998868513418301,0.999595980297061,0.9994993899611817,78,80,0.998037065777956,0.999905596970338,0.9989526435083199,0.9989152677766655,78,80,0.9893169406013252,0.9993242736062978,0.9953976967380447,0.9975518760065111,78,80
0.05,5,3,2,beta_bimodal,log_uniform,3,0.9921483729138234,0.9955521181685327,0.9941584143450294,0.9947747519527318,81,82,0.9739577857433477,0.9999435201442822,0.9881942981216024,0.9906815884771772,81,83,0.9958324484632982,0.9998907111063977,0.9976997206668526,0.9973760024308616,81,83,0.9703546353637685,0.9948272907922058,0.9846839574433165,0.9888699461739751,81,83
0.05,5,3,2,homogeneous,flat,3,0.9989620160302185,0.9989620160302185,0.9989620160302185,0.9989620160302185,72,72,1.0,1.0,1.0,1.0,72,72,0.9989620160302184,0.9989620160302184,0.9989620160302183,0.9989620160302184,72,72,1.0000000000000002,1.0000000000000002,1.0000000000000002,1.0000000000000002,72,72
0.05,5,3,2,homogeneous,log_uniform,3,0.989659922449928,0.993551860244402,0.9911871562978208,0.9903496861991322,77,75,0.9947492915529321,0.9988112228248996,0.9964470610682009,0.9957806688267707,76,75,0.9803622369355484,0.9903496861991322,0.9863282502638336,0.9882728276568202,77,76,0.9947492915529321,1.0052245816492296,1.001373473766727,1.0041465480980196,76,77
0.05,5,3,3,beta_bimodal,flat,3,0.9976418680635094,0.9995309995121094,0.9988556462003686,0.999394071025487,92,90,0.9856108750965795,0.9981434451734225,0.9911449198712182,0.9896804393436526,92,90,0.9981145428755405,0.9996538819018843,0.9991041183775474,0.9995439303552173,92,90,0.9851441216177855,0.9980207484539864,0.9908989762987622,0.9895320588245148,92,90
0.05,5,3,3,beta_bimodal,log_uniform,3,0.9947085302557596,0.9999284627856744,0.99725670530495,0.9971331228734158,94,95,0.9797382435139816,0.9975369423971977,0.9863634265979059,0.9818150938825382,95,94,0.9950302656800321,0.999923029875153,0.9968936113504515,0.9957275384961696,94,95,0.9797435667539235,0.9972143964581852,0.9867196674833768,0.9832010392380217,95,94
0.05,5,3,3,homogeneous,flat,3,0.9899081042338604,0.9899081042338604,0.9899081042338604,0.9899081042338604,84,84,0.9822144071576797,0.9822144071576797,0.9822144071576796,0.9822144071576797,84,84,0.982951927507295,0.982951927507295,0.982951927507295,0.982951927507295,84,84,0.9891653645833335,0.9891653645833335,0.9891653645833335,0.9891653645833335,84,84
0.05,5,3,3,homogeneous,log_uniform,3,0.9934163319273784,0.9958599177389443,0.99446796460639,0.994127644152847,89,87,0.9873203855182486,0.9888489242976151,0.9879434364483043,0.9876609995290493,88,87,0.9885219161650431,0.9923445989101715,0.9904257757740341,0.9904108122468877,88,87,0.9906581745750319,0.9929192998442967,0.9919764447788327,0.9923518599171698,89,88
0.05,6,2,2,beta_bimodal,flat,3,0.9999703992867903,1.0,0.9999891835843897,0.9999971514663788,103,104,0.9999999999999999,1.0,1.0,1.0,103,102,0.9999703992867902,1.0000000000000002,0.9999891835843897,0.9999971514663787,103,104,0.9999999999999998,1.0000000000000002,1.0,1.0,104,102
0.05,6,2,2,beta_bimodal,log_uniform,3,0.9963782994697413,0.9998279999236801,0.9979960742603909,0.9977819233877514,107,106,0.9444545677880061,0.9999999999999998,0.9700263165861097,0.9656243819703232,106,107,0.9963782994697411,0.9998279999236799,0.9979960742603907,0.9977819233877513,107,106,0.9444545677880063,1.0,0.9700263165861099,0.9656243819703234,106,107
0.05,6,2,2,homogeneous,flat,3,1.0,1.0,1.0,1.0,96,96,1.0,1.0,1.0,1.0,96,96,0.9999999999999999,0.9999999999999999,0.9999999999999999,0.9999999999999999,96,96,1.0000000000000002,1.0000000000000002,1.0000000000000002,1.0000000000000002,96,96
0.05,6,2,2,homogeneous,log_uniform,3,0.9959171168089006,0.9999999999999998,0.9981681076993437,0.998587206289131,100,99,0.9999999999999998,1.0,1.0,1.0,101,99,0.9959171168089009,1.0000000000000002,0.9981681076993438,0.9985872062891303,100,99,0.9999999999999997,1.0000000000000007,1.0,0.9999999999999997,99,101
0.05,6,2,3,beta_bimodal,flat,3,0.9997686720960741,1.0,0.9999024445335486,0.9999386615045717,114,115,0.9999999999999998,1.0,1.0,1.0,115,114,0.9997686720960745,1.0000000000000002,0.9999024445335488,0.9999386615045716,114,115,0.9999999999999997,1.0000000000000002,0.9999999999999999,0.9999999999999997,114,116
0.05,6,2,3,beta_bimodal,log_uniform,3,0.9904930712329181,0.999796551084816,0.9946304080536382,0.9936016018431805,119,118,0.9846059251415954,1.0,0.991502426930048,0.9899013556485486,117,119,0.9781653621353947,0.9999935236196533,0.9890713989639677,0.9890553111368552,117,118,0.989706371006493,1.0014536700626078,0.997101281068757,1.0001438021371702,118,119
0.05,6,2,3,homogeneous,flat,3,1.0,1.0,1.0,1.0,108,108,1.0,1.0,1.0,1.0,108,108,0.9999999999999994,0.9999999999999994,0.9999999999999994,0.9999999999999994,108,108,1.0000000000000004,1.0000000000000004,1.0000000000000004,1.0000000000000004,108,108
0.05,6,2,3,homogeneous,log_uniform,3,0.98642726318483,0.9883875805043507,0.9870820536411827,0.9864313172343679,112,111,0.9999999999999997,1.0,0.9999999999999999,1.0,111,112,0.9771573895398687,0.9883875805043505,0.9824070891118212,0.981676297291244,113,111,0.9999999999999998,1.0094907205264714,1.004776788885656,1.004839646130497,111,113
0.05,6,3,2,beta_bimodal,flat,3,0.9977299613096362,1.0,0.9992365563555105,0.9999797077568953,127,128,0.9999999999999997,0.9999999999999999,0.9999999999999997,0.9999999999999997,127,126,0.9977299613096356,0.9999999999999999,0.9992365563555103,0.9999797077568954,127,128,0.9999999999999997,1.0000000000000002,1.0,0.9999999999999999,126,127
0.05,6,3,2,beta_bimodal,log_uniform,3,0.9981923233057645,0.9994641847667208,0.9988754329113694,0.998969790661623,129,131,0.9999223041496728,1.0,0.9999666823258814,0.9999777428279712,131,130,0.9908277870120945,0.9992348222865216,0.9954322818319251,0.9962342361971596,130,131,1.0001518244331646,1.008217375164741,1.0034374624514562,1.0019431877564628,131,130
0.05,6,3,2,homogeneous,flat,3,1.0,1.0,1.0,1.0,120,120,1.0,1.0,1.0,1.0,120,120,1.0,1.0,1.0,1.0,120,120,1.0,1.0,1.0,1.0,120,120
0.05,6,3,2,homogeneous,log_uniform,3,0.9884233090635117,0.991757239689567,0.990391511186019,0.990993984804978,125,124,0.9937559965837487,1.0,0.9972301879876907,0.9979345673793231,123,125,0.9801394251715996,0.9884233090635122,0.9840147109704738,0.9834813986763096,123,125,0.9999999999999996,1.0063320295299858,1.0036977941815295,1.0047613530146027,125,124
0.05,6,3,3,beta_bimodal,flat,3,0.99115368131962,0.9934671156748484,0.9920942681636532,0.9916620074964914,138,140,0.9625612134012401,0.9631952778830348,0.962831671581818,0.9627385234611789,140,139,0.9991653969869144,0.999552915846974,0.9993811983034812,0.9994252820765546,139,140,0.9547705554277451,0.9567006380326664,0.9558110683707876,0.9559620116519512,138,140
0.05,6,3,3,beta_bimodal,log_uniform,3,0.9997873868936111,0.9999436315379726,0.9998877397454288,0.9999322008047026,141,142,0.966990821286103,0.9997560478755185,0.9862182027881655,0.991907739202875,143,142,0.9998832145368775,0.9999649653189318,0.9999321710695336,0.9999483333527919,141,143,0.9669591371915374,0.9997513469648367,0.9861743866920847,0.9918126759198801,143,142
0.05,6,3,3,homogeneous,flat,3,0.9992287203314942,0.9992287203314942,0.9992287203314941,0.9992287203314942,132,132,0.9818324013157895,0.9818324013157895,0.9818324013157896,0.9818324013157895,132,132,0.9992287203314942,0.9992287203314942,0.9992287203314941,0.9992287203314942,132,132,0.9818324013157895,0.9818324013157895,0.9818324013157896,0.9818324013157895,132,132
0.05,6,3,3,homogeneous,log_uniform,3,0.9912626693696486,0.9961868675604317,0.9934221135013906,0.9928168035740915,136,135,0.9876668664877565,0.9894805472970145,0.9887219956235208,0.9890185730857913,136,137,0.9947256522919377,0.9956352844132508,0.9952792808860926,0.9954769059530894,135,137,0.9834856928049577,0.9904714048655764,0.9868788623945676,0.9866794895131685,136,135
0.1,4,2,2,beta_bimodal,flat,3,0.9974794138136984,1.0,0.9991231366898291,0.9998899962557888,152,150,0.9999999999999999,1.0,1.0,1.0,152,150,0.9974794138136983,1.0000000000000002,0.9991231366898291,0.9998899962557888,152,150,0.9999999999999998,1.0,1.0,1.0,150,151
0.1,4,2,2,beta_bimodal,log_uniform,3,0.9628697679402952,0.9999835121993651,0.9875922812244374,0.9999235635336522,155,154,0.9898501063314531,1.0,0.9966167021104844,0.9999999999999999,155,153,0.9628697679402952,0.9999835121993651,0.9875809732286295,0.9998896395462279,155,154,0.9898501063314531,1.000033927731704,0.9966280113543857,0.9999999999999999,155,153
0.1,4,2,2,homogeneous,flat,3,1.0,1.0,1.0,1.0,144,144,1.0,1.0,1.0,1.0,144,144,1.0000000000000002,1.0000000000000002,1.0000000000000002,1.0000000000000002,144,144,0.9999999999999998,0.9999999999999998,0.9999999999999997,0.9999999999999998,144,144
0.1,4,2,2,homogeneous,log_uniform,3,0.9854335230888387,0.9949116957860928,0.9899798498918982,0.9895943308007634,147,148,0.9999999999999999,1.0,1.0,1.0,149,147,0.963678877985998,0.9895943308007639,0.9795689106252005,0.9854335230888391,148,149,0.9999999999999994,1.0324099848129582,1.0108033282709858,0.9999999999999996,149,148
0.1,4,2,3,beta_bimodal,flat,3,0.999791992984122,0.9999998593184547,0.9999304734667351,0.9999995680976288,164,163,0.9961025338962127,0.9998913788459574,0.9980233661280051,0.9980761856418451,162,164,0.9993728191519385,0.9998629641831094,0.9996231485978297,0.9996336624584412,162,164,0.9967272319077602,0.999820405630071,0.9983298164958517,0.998441811949724,162,164
0.1,4,2,3,beta_bimodal,log_uniform,3,0.9916289917375056,1.0,0.9971969637460444,0.9999618995006274,167,165,0.9628900297086095,1.0,0.9876300099028699,1.0,165,166,0.9878510094327867,0.9997417772959939,0.993852493624792,0.9939646941455953,165,166,0.974732040068968,1.0002201790598657,0.9908674448159909,0.9976501153191387,165,166
0.1,4,2,3,homogeneous,flat,3,1.0,1.0,1.0,1.0,156,156,0.9527777777777781,0.9527777777777781,0.9527777777777781,0.9527777777777781,156,156,1.0000000000000002,1.0000000000000002,1.0000000000000002,1.0000000000000002,156,156,0.9527777777777777,0.9527777777777777,0.9527777777777778,0.9527777777777777,156,156
0.1,4,2,3,homogeneous,log_uniform,3,0.9914448245186194,0.9974928911630471,0.995032179979746,0.9961588242575719,159,161,0.9699727069692369,0.9858665940358672,0.979583308726657,0.9829106251748667,160,161,0.9952405487170868,0.9978941948238119,0.9968133439981385,0.9973052884535166,161,159,0.9688576632685177,0.9880977221572682,0.9778378262692199,0.976558093381874,160,161
0.1,4,3,2,beta_bimodal,flat,3,0.9996268888821102,0.9998616076728918,0.9997645822967062,0.9998052503351166,175,176,0.9937113267694304,0.999388582235713,0.9970746613138809,0.9981240749364988,174,175,0.9998120233297223,0.9999209506327763,0.9998543098295801,0.9998299555262415,176,174,0.993596344983898,0.9991856052350179,0.9969851752623454,0.9981735755681201,174,175
0.1,4,3,2,beta_bimodal,log_uniform,3,0.9996720413775266,1.0,0.9998786506456465,0.9999639105594127,179,177,0.9848932335274947,0.9999278499518341,0.9937019908689718,0.9962848891275866,179,178,0.9994939495319279,0.9998917631151018,0.9996874766074635,0.9996767171753608,179,178,0.9850687237880997,1.0,0.9938919329553243,0.9966070750778733,179,178
0.1,4,3,2,homogeneous,flat,3,0.9910233393177739,0.9910233393177739,0.9910233393177738,0.9910233393177739,168,168,0.9787784679089028,0.9787784679089028,0.9787784679089028,0.9787784679089028,168,168,0.9746088740702751,0.9746088740702751,0.9746088740702751,0.9746088740702751,168,168,0.9952631578947362,0.9952631578947362,0.9952631578947363,0.9952631578947362,168,168
0.1,4,3,2,homogeneous,log_uniform,3,0.9928522865074687,0.9939859433486921,0.993325888761718,0.9931394364289934,172,171,0.9790955015109023,0.9895827032029804,0.9836204097185565,0.9821830244417865,172,171,0.9830897367698436,0.990263220527297,0.9865121199668417,0.9861834026033851,172,171,0.9888183865883029,0.993302867737527,0.9904106986565634,0.9891108416438602,172,171
0.1,4,3,3,beta_bimodal,flat,3,0.99791034101656,0.999999820648514,0.9992457416261767,0.9998270632134564,187,188,0.9948672426360182,0.9999973071742573,0.9979086622273753,0.9988614368718505,187,188,0.9970796869585705,0.9999999990403284,0.9990235903845451,0.9999910851547364,187,188,0.9956960535355535,0.9999971287829231,0.9981302608459344,0.9986976002193265,187,188
0.1,4,3,3,beta_bimodal,log_uniform,3,0.9983891968858868,0.9999460082575358,0.9994003221885303,0.9998657614221682,189,191,0.9579203450145544,0.9998438996696435,0.9809512875671577,0.985089618017275,189,190,0.9998308610901203,0.9999347538845585,0.9998937671561469,0.9999156864937621,190,189,0.9564397279166329,0.9998788004568191,0.9804793395213495,0.9851194901905962,189,190
0.1,4,3,3,homogeneous,flat,3,0.9752650176678445,0.9752650176678445,0.9752650176678445,0.9752650176678445,180,180,0.9368530020703936,0.9368530020703936,0.9368530020703935,0.9368530020703936,180,180,0.9591115598182742,0.9591115598182742,0.9591115598182741,0.9591115598182742,180,180,0.9526315789473679,0.9526315789473679,0.9526315789473679,0.9526315789473679,180,180
0.1,4,3,3,homogeneous,log_uniform,3,0.9918015884847236,0.994016724214471,0.9929689699370621,0.9930885971119915,184,183,0.9785194951263158,0.9851065105251382,0.9818142224476943,0.9818166616916288,184,185,0.9867927977031244,0.9878348658026683,0.9873212222025671,0.9873360031019086,184,183,0.9834862920447891,0.9908461146659138,0.987431088322334,0.9879608582562993,184,185
0.1,5,2,2,beta_bimodal,flat,3,1.0,1.0,1.0,1.0,198,198,1.0,1.0,1.0,1.0,198,198,1.0,1.0000000000000002,1.0,1.0000000000000002,198,199,0.9999999999999998,1.0,1.0,0.9999999999999999,200,198
0.1,5,2,2,beta_bimodal,log_uniform,3,0.993338791710417,0.9994917574501774,0.9955702388021175,0.9938801672457581,201,202,0.9380696812646414,0.9999999999999999,0.9757268232830096,0.9891107885843878,201,202,0.9873055780991692,0.9994917574501774,0.9933787090865877,0.9933387917104167,203,202,0.9380696812646416,0.9999999999999999,0.9779223600380101,0.995697398849389,201,202
0.1,5,2,2,homogeneous,flat,3,1.0,1.0,1.0,1.0,192,192,1.0,1.0,1.0,1.0,192,192,1.0000000000000002,1.0000000000000002,1.0000000000000002,1.0000000000000002,192,192,0.9999999999999999,0.9999999999999999,0.9999999999999999,0.9999999999999999,192,192
0.1,5,2,2,homogeneous,log_uniform,3,0.9890810407407555,1.0,0.9937049399758697,0.9920337791868533,197,196,0.9999999999999998,1.0,1.0,1.0,196,195,0.989081040740756,1.0000000000000004,0.9934814312529682,0.9913632530181482,197,196,0.9999999999999994,1.0006763677861406,1.0002254559287131,0.9999999999999996,196,195
0.1,5,2,3,beta_bimodal,flat,3,0.9787321609793775,0.9982300047823549,0.986441760762384,0.9823631165254195,210,211,0.9984014745424422,1.0,0.999467158180814,1.0,211,210,0.9976306991209632,0.9999999031300708,0.9992081804438807,0.9999939390806082,211,210,0.9787322557891018,0.9990012432309583,0.9867008565350766,0.9823690705851694,210,211
0.1,5,2,3,beta_bimodal,log_uniform,3,0.9908853181915105,0.999998398477993,0.9964034152999975,0.998326529230489,214,213,0.8414772477747343,1.0,0.9471588979938819,0.9999994462069113,215,214,0.9897824594108501,0.9999909216536678,0.9959566912006306,0.998096692537374,214,213,0.8416710189287779,1.0011142436099716,0.9475973952112411,1.0000069230949737,215,214
0.1,5,2,3,homogeneous,flat,3,1.0,1.0,1.0,1.0,204,204,0.9999999999999998,0.9999999999999998,0.9999999999999997,0.9999999999999998,204,204,1.0000000000000002,1.0000000000000002,1.0000000000000002,1.0000000000000002,204,204,0.9999999999999997,0.9999999999999997,0.9999999999999997,0.9999999999999997,204,204
0.1,5,2,3,homogeneous,log_uniform,3,0.9927557674431545,0.9985648664437392,0.9953158355090128,0.9946268726401446,207,208,0.9782215120230658,0.9993300281807233,0.9860014920915958,0.9804529360709983,209,207,0.994626872640145,0.9985648664437398,0.9960319177029425,0.9949040140249429,209,208,0.9782215120230654,0.9971722247274709,0.9852822242738446,0.9804529360709977,209,207
0.1,5,3,2,beta_bimodal,flat,3,0.9633440389521216,0.9947237436885605,0.9830422474279733,0.9910589596432375,222,223,0.9923952561924853,0.9977008786910525,0.9955980925880393,0.9966981428805803,224,222,0.982570980677138,0.9972052641343593,0.9910463126670406,0.9933626931896246,222,223,0.9781778752329504,0.9942178843933823,0.9874965086270046,0.9900937662546809,222,223
0.1,5,3,2,beta_bimodal,log_uniform,3,0.999668770983165,0.9999999948808479,0.9998880337799497,0.999995335475836,227,226,0.9698728854099994,0.9999994780849883,0.9898499234155019,0.9996774067515183,225,226,0.9992243564340624,0.9999933680452433,0.9997352989409517,0.9999881723435496,227,225,0.96987479358024,1.0001220227990644,0.9900027057117518,1.0000113007559508,225,227
0.1,5,3,2,homogeneous,flat,3,0.995714100177497,0.995714100177497,0.995714100177497,0.995714100177497,216,216,0.9999999999999998,0.9999999999999998,0.9999999999999997,0.9999999999999998,216,216,0.9957141001774974,0.9957141001774974,0.9957141001774974,0.9957141001774974,216,216,0.9999999999999993,0.9999999999999993,0.9999999999999994,0.9999999999999993,216,216
0.1,5,3,2,homogeneous,log_uniform,3,0.9809186960217811,0.9854263452826032,0.9826600035368992,0.9816349693063134,221,220,0.9946976784283352,0.9990653820154961,0.9972333410404777,0.9979369626776017,219,221,0.9668307517752471,0.9805780255622178,0.9759548638646821,0.9804558142565812,219,220,0.9995370495203985,1.0099285973684506,1.0041122526418687,1.0028711110367567,221,219
0.1,5,3,3,beta_bimodal,flat,3,0.9863617937666737,0.998207830996533,0.992577178091164,0.9931619095102854,236,235,0.9849389336902691,0.9893066778281825,0.986469252033969,0.9851621445834551,235,234,0.9883965979591944,0.9998052318092756,0.9945820889237242,0.9955444370027028,236,235,0.9831339991343001,0.9869390784817844,0.9844794541854851,0.9833652849403706,236,234
0.1,5,3,3,beta_bimodal,log_uniform,3,0.9974045422182976,0.9992764034536403,0.9983178787316856,0.9982726905231188,238,237,0.8963491685509962,0.9905567621088565,0.9504827400529217,0.9645422894989123,237,238,0.9967958570033217,0.9998253229390272,0.998770622630342,0.9996906879486772,239,237,0.8958570590664298,0.9882915043249306,0.9500399667154747,0.9659713367550639,237,238
0.1,5,3,3,homogeneous,flat,3,0.9800464527027027,0.9800464527027027,0.9800464527027027,0.9800464527027027,228,228,0.9681999353657224,0.9681999353657224,0.9681999353657224,0.9681999353657224,228,228,0.9712837837837844,0.9712837837837844,0.9712837837837845,0.9712837837837844,228,228,0.976934782608695,0.976934782608695,0.976934782608695,0.976934782608695,228,228
0.1,5,3,3,homogeneous,log_uniform,3,0.9834340035692798,0.9954387169479596,0.9898445000342698,0.99066077958557,232,233,0.9812295356002828,0.9890968782183012,0.9841767107903735,0.9822037185525365,231,233,0.9758707281189531,0.9905537291496721,0.9823696047401648,0.9806843569518688,232,233,0.9898160764783318,0.9939746814502051,0.9916674207402701,0.9912115042922736,232,233
0.1,6,2,2,beta_bimodal,flat,3,0.9999954018160382,1.0,0.9999984672720128,1.0,248,246,1.0,1.0,1.0,1.0,246,246,0.9999954018160382,1.0000000000000002,0.9999984672720128,0.9999999999999999,248,246,0.9999999999999998,1.0000000000000002,1.0,1.0,246,247
0.1,6,2,2,beta_bimodal,log_uniform,3,0.9898595429778935,1.0,0.993711606828137,0.9912752775065177,249,251,0.960716470021438,1.0,0.9854674320615974,0.9956858261633543,249,250,0.9876386317402901,0.9999999999999993,0.9924993915727276,0.989859542977893,250,251,0.9607164700214385,1.0036821623307906,0.9866948195051947,0.995685826163355,249,250
0.1,6,2,2,homogeneous,flat,3,1.0,1.0,1.0,1.0,240,240,1.0,1.0,1.0,1.0,240,240,1.0000000000000004,1.0000000000000004,1.0000000000000004,1.0000000000000004,240,240,0.9999999999999996,0.9999999999999996,0.9999999999999996,0.9999999999999996,240,240
0.1,6,2,2,homogeneous,log_uniform,3,0.9939501626309367,0.9999999999999998,0.9964504511467484,0.9954011908093086,243,245,1.0,1.0,1.0,1.0,243,243,0.960385518636667,1.0000000000000002,0.9847785604225351,0.993950162630938,244,245,0.9999999999999987,1.0364600168298548,1.0121533389432844,0.9999999999999996,243,244
0.1,6,2,3,beta_bimodal,flat,3,0.9930411301395284,0.9999999963364942,0.9976292397091507,0.9998465926514297,259,260,0.840005606523781,0.9538102728823049,0.8812932114025065,0.8500637548014335,260,259,0.9999964521847206,1.0,0.99999881732856,0.9999999998009592,259,260,0.8400056034464155,0.9471761917279015,0.8790383813727275,0.8499333489438652,260,259
0.1,6,2,3,beta_bimodal,log_uniform,3,0.9856335548773291,0.9980727342998341,0.9915526511532216,0.9909516642825017,263,261,0.9412540656875485,1.0,0.9628017959998606,0.9471513223120335,262,263,0.9701725867587994,0.9999999454308691,0.9831462701928476,0.979266278388874,262,261,0.945325961641291,1.0065020889914955,0.9710806064375769,0.9614137686799441,261,263
0.1,6,2,3,homogeneous,flat,3,1.0,1.0,1.0,1.0,252,252,1.0,1.0,1.0,1.0,252,252,1.0000000000000002,1.0000000000000002,1.0000000000000002,1.0000000000000002,252,252,0.9999999999999998,0.9999999999999998,0.9999999999999997,0.9999999999999998,252,252
0.1,6,2,3,homogeneous,log_uniform,3,0.984000029545988,0.9999999999999996,0.9929181527884835,0.9947544288194629,257,256,0.9999999999999998,1.0,1.0,1.0,257,255,0.981597624482518,1.0000000000000002,0.9885325513428355,0.9840000295459881,255,256,0.9999999999999994,1.0134034598381194,1.0044678199460395,0.9999999999999996,256,255
0.1,6,3,2,beta_bimodal,flat,3,0.9949871720624409,1.0,0.9969692255162439,0.9959205044862911,271,270,0.9999033214924419,1.0,0.9999677738308139,0.9999999999999998,272,271,0.9949871720624411,0.9999999999999997,0.9977350942012646,0.9982181105413531,271,270,0.9976018365747902,1.0000000000000002,0.9992006121915967,0.9999999999999998,272,270
0.1,6,3,2,beta_bimodal,log_uniform,3,0.9735380916778708,0.9994900226421333,0.9895922355691398,0.9957485923874154,274,273,0.9849804380948218,0.9999952251631752,0.9948953750320632,0.9997104618381927,274,273,0.9761664944953732,0.997381910285741,0.9862314394849662,0.9851459136737846,274,273,0.9823283030612263,1.010469892178819,0.9983023521274456,1.0021088611422915,274,275
0.1,6,3,2,homogeneous,flat,3,1.0,1.0,1.0,1.0,264,264,1.0,1.0,1.0,1.0,264,264,1.0000000000000016,1.0000000000000016,1.0000000000000016,1.0000000000000016,264,264,0.9999999999999983,0.9999999999999983,0.9999999999999983,0.9999999999999983,264,264
0.1,6,3,2,homogeneous,log_uniform,3,0.9734182533713636,0.9885032359084184,0.9813050346480722,0.9819936146644346,267,269,0.9874396636886291,0.9999999999999998,0.9957865052295952,0.999919852000157,268,269,0.9500891742433768,0.9601348451384532,0.9566041019773808,0.9595882865503124,269,267,1.0104952907402858,1.0404320591229064,1.0215603444299344,1.0137536834266105,268,269
0.1,6,3,3,beta_bimodal,flat,3,0.9787130554298333,0.9997131143029012,0.9921275723045465,0.9979565471809051,283,284,0.9030023671812755,0.9479893444126176,0.9187924313955403,0.9053855825927277,284,283,0.9940741334248623,0.9988695337985517,0.9968405306643269,0.9975779247695666,283,284,0.9037649844866994,0.9333403984554304,0.9142781990362846,0.9057292141667239,284,283
0.1,6,3,3,beta_bimodal,log_uniform,3,0.9966319119049863,0.9997237305638358,0.9986771413332761,0.9996757815310067,285,287,0.9005981090348932,0.9846618253287928,0.9433086773868133,0.9446660977967541,286,287,0.997957365471987,0.9998798720988845,0.9987762037887767,0.9984913737954588,287,286,0.9004142833727996,0.9864046575736496,0.9432419380409223,0.9429068731763176,286,287
0.1,6,3,3,homogeneous,flat,3,0.9971580994166623,0.9971580994166623,0.9971580994166623,0.9971580994166623,276,276,0.9613203703703703,0.9613203703703703,0.9613203703703702,0.9613203703703703,276,276,0.997158099416664,0.997158099416664,0.997158099416664,0.997158099416664,276,276,0.9613203703703688,0.9613203703703688,0.9613203703703688,0.9613203703703688,276,276
0.1,6,3,3,homogeneous,log_uniform,3,0.9800336892939154,0.9876138669881657,0.9842284982835491,0.9850379385685661,280,281,0.9612287858507986,0.9861567341277804,0.9772104236212789,0.9842457508852577,280,279,0.9778736797288031,0.9810398073515473,0.9790922124473486,0.9783631502616951,279,280,0.9602429852423903,0.9935520893631904,0.98239225074912,0.9933816776417792,280,281
0.15,4,2,2,beta_bimodal,flat,3,0.9980507552101722,0.9998818747386718,0.9988913986260469,0.9987415659292966,296,294,1.0,1.0,1.0,1.0,294,294,0.9980507552101722,0.9999985362773428,0.9993103887420623,0.9998818747386717,296,295,0.9987430278120952,1.0000000000000002,0.9995810092706985,1.0,295,294
0.15,4,2,2,beta_bimodal,log_uniform,3,0.9716385887237924,0.9947821661386919,0.9835439998584753,0.9842112447129416,299,298,0.934979161191668,1.0,0.9760041688891382,0.9930333454757462,299,298,0.9716385887237923,0.9842147318214207,0.9780314129249529,0.9782409182296453,299,297,0.9349791611916681,1.0169091760534632,0.9816393881225768,0.9930298271225991,299,298
0.15,4,2,2,homogeneous,flat,3,1.0,1.0,1.0,1.0,288,288,1.0,1.0,1.0,1.0,288,288,1.0,1.0,1.0,1.0,288,288,1.0,1.0,1.0,1.0,288,288
0.15,4,2,2,homogeneous,log_uniform,3,0.9909721477770193,1.0,0.9969907159256731,1.0,291,292,0.9818303644028197,1.0,0.9923379295152134,0.9951834241428206,293,292,0.9909721477770191,0.9999999999999999,0.9969907159256729,0.9999999999999997,291,292,0.98183036440282,1.0000000000000002,0.9923379295152136,0.9951834241428207,293,292
0.15,4,2,3,beta_bimodal,flat,3,0.9947895024277394,1.0,0.997939194718929,0.9990280817290473,307,308,0.9259581613618951,0.9964931206358365,0.9527264911726875,0.9357281915203306,307,308,0.9959774846687423,0.9973029333609531,0.996701904274194,0.9968252947928865,306,308,0.9240670992417893,0.9991879972493538,0.9539497821485875,0.9385942499546194,307,308
0.15,4,2,3,beta_bimodal,log_uniform,3,0.9949572699212373,1.0,0.9983040679375267,0.9999549338913428,309,310,0.9811514189589865,1.0,0.992016624763874,0.9948984553326355,309,310,0.9691758164905755,0.9899119449699514,0.9829694361679046,0.9898205470431864,310,311,0.9862431529663822,1.0318045322478642,1.007679906429834,1.0049920340752563,309,310
0.15,4,2,3,homogeneous,flat,3,1.0,1.0,1.0,1.0,300,300,0.9316176470588236,0.9316176470588236,0.9316176470588236,0.9316176470588236,300,300,1.0,1.0,1.0,1.0,300,300,0.9316176470588236,0.9316176470588236,0.9316176470588236,0.9316176470588236,300,300
0.15,4,2,3,homogeneous,log_uniform,3,0.9837526150050814,1.0,0.9945842050016939,0.9999999999999999,304,303,0.9420785355384549,0.9813904862310215,0.9597703949355912,0.9558421630372973,305,304,0.9932163865579596,1.0,0.9977387955193199,0.9999999999999999,304,303,0.9420785355384549,0.9720393966884443,0.9566533650880654,0.9558421630372973,305,304
0.15,4,3,2,beta_bimodal,flat,3,0.9955729689091687,0.9982142915029258,0.9972945297995611,0.9980963289865886,320,318,0.9813389326447168,0.999661148490511,0.9890289789384156,0.9860868556800187,318,320,0.9967939363620048,0.9994719846946584,0.9983269819191941,0.9987150247009193,320,319,0.9808469114275474,0.998436669005186,0.9880044011538235,0.9847296230287372,318,320
0.15,4,3,2,beta_bimodal,log_uniform,3,0.9976816231296853,0.999835467423707,0.9984865042289218,0.997942422133373,322,321,0.9898371300752726,0.9992804752338954,0.9959778798903006,0.9988160343617339,323,321,0.9969277246115763,0.9998899058488644,0.9980613055899547,0.9973662863094231,322,321,0.9904089166278564,0.9995713608609164,0.9964021158258688,0.9992260699888338,323,322
0.15,4,3,2,homogeneous,flat,3,0.9809898287459786,0.9809898287459786,0.9809898287459786,0.9809898287459786,312,312,0.9703855836756325,0.9703855836756325,0.9703855836756325,0.9703855836756325,312,312,0.9618821694342444,0.9618821694342444,0.9618821694342444,0.9618821694342444,312,312,0.9896621621621619,0.9896621621621619,0.9896621621621619,0.9896621621621619,312,312
0.15,4,3,2,homogeneous,log_uniform,3,0.9883155352031664,0.9913536674429623,0.9898855578157764,0.9899874708012004,316,317,0.980936514243691,0.9937071987802014,0.9865016625134074,0.9848612745163302,316,317,0.9782430949909013,0.9909301629883067,0.9838692853448278,0.9824345980552756,316,317,0.9910366871376679,0.9941318900864359,0.9925337935221364,0.9924328033423058,316,317
0.15,4,3,3,beta_bimodal,flat,3,0.9877202456764227,0.9931224241990143,0.9908792478494385,0.9917950736728786,331,330,0.9413805365961199,0.9805098265101692,0.9618349641670102,0.9636145293947418,331,330,0.9940309783560304,0.9998173328443754,0.9978671388323962,0.9997531052967827,330,331,0.929990493599946,0.9796136308198253,0.9551827617143132,0.9559441607231681,331,330
0.15,4,3,3,beta_bimodal,log_uniform,3,0.9974780226608637,0.9997335142052836,0.9984243997312577,0.998061662327626,334,333,0.9897129478257555,0.9999064421246499,0.9952144187023135,0.996023866156535,335,333,0.9997081601136718,0.9999995577924502,0.9998534701445462,0.9998526925275165,335,333,0.9880829119388517,0.9996404233103204,0.9937938750257361,0.9936582898280362,335,333
0.15,4,3,3,homogeneous,flat,3,0.963426310078509,0.963426310078509,0.9634263100785091,0.963426310078509,324,324,0.9129455412746786,0.9129455412746786,0.9129455412746786,0.9129455412746786,324,324,0.9446607518988959,0.9446607518988959,0.9446607518988959,0.9446607518988959,324,324,0.9310810810810809,0.9310810810810809,0.9310810810810809,0.9310810810810809,324,324
0.15,4,3,3,homogeneous,log_uniform,3,0.9826184592769105,0.9883822901428638,0.9847154420505868,0.9831455767319863,329,328,0.9698461037007248,0.9808505460525294,0.9765801609432444,0.979043833076479,329,328,0.9683862618212923,0.9877943873551759,0.9777970928601869,0.9772106294040924,329,328,0.981434316093857,0.9849899141015612,0.983507995461132,0.9840997561879778,328,327
0.15,5,2,2,beta_bimodal,flat,3,0.9996237115296074,1.0,0.9998745705098692,1.0,343,342,0.9999999999999999,1.0,1.0,1.0,342,343,0.9996237115296073,1.0,0.9998745705098689,0.9999999999999996,343,344,1.0,1.0000000000000002,1.0000000000000002,1.0000000000000002,344,342
0.15,5,2,2,beta_bimodal,log_uniform,3,0.9940277224162809,0.999186430475365,0.9963014500761355,0.9956901973367603,346,345,0.9895496119365831,1.0,0.9965165373121944,1.0,345,346,0.9889860096901266,0.999186430475365,0.9927729264173256,0.9901463390864854,346,345,0.9895496119365831,1.0055990291853119,1.0000821672114448,1.0050978605124394,345,347
0.15,5,2,2,homogeneous,flat,3,1.0,1.0,1.0,1.0,336,336,1.0,1.0,1.0,1.0,336,336,0.9999999999999992,0.9999999999999992,0.9999999999999992,0.9999999999999992,336,336,1.0000000000000007,1.0000000000000007,1.0000000000000007,1.0000000000000007,336,336
0.15,5,2,2,homogeneous,log_uniform,3,0.9898763628871005,1.0,0.9952209414749955,0.995786461537886,339,341,0.9999999999999999,1.0,1.0,1.0,341,339,0.9728638735265576,1.0,0.9830701303137229,0.976346517414611,340,341,0.9999999999999999,1.0235619685704185,1.0124731983908044,1.0138576266019945,341,340
0.15,5,2,3,beta_bimodal,flat,3,0.9633586161203092,0.9999911672836115,0.9876746097338739,0.9996740457977009,356,354,0.9996669748462078,0.9999999999999999,0.9998879195155647,0.9999967837004862,355,356,0.9998032369804789,0.999999995886182,0.9999342393506375,0.9999994851852516,356,354,0.9635482067749281,0.9999879551262747,0.9876259351906255,0.9993416436706739,356,354
0.15,5,2,3,beta_bimodal,log_uniform,3,0.9820609948410786,0.9976115853023549,0.9922799956515952,0.9971674068113522,359,357,0.9662055089272219,0.9754313629546385,0.9719496101923303,0.9742119586951303,359,357,0.9701102125035844,0.9999821919473612,0.989972983017409,0.9998265446012814,359,358,0.9714697125204088,0.9781081892429745,0.9742827830425685,0.9732704473643222,358,359
0.15,5,2,3,homogeneous,flat,3,1.0,1.0,1.0,1.0,348,348,1.0,1.0,1.0,1.0,348,348,0.9999999999999994,0.9999999999999994,0.9999999999999994,0.9999999999999994,348,348,1.0000000000000004,1.0000000000000004,1.0000000000000004,1.0000000000000004,348,348
0.15,5,2,3,homogeneous,log_uniform,3,0.9817440341903324,0.9985080207251872,0.9875520759991158,0.9824041730818278,353,351,0.9708985069503385,0.9929562915727482,0.9853819357261516,0.9922910086553683,351,353,0.9887572484291813,0.9985080207251867,0.9941967053889981,0.9953248470126261,352,351,0.970898506950339,0.9859152277905462,0.9787405104970069,0.9794077967501356,351,352
0.15,5,3,2,beta_bimodal,flat,3,0.9599699464382472,0.999032006864099,0.9799126368429141,0.9807359572263962,366,367,0.9948863863112575,1.0,0.9966778523482119,0.9951471707333784,367,368,0.9810911761785452,0.9897777799667872,0.98578430708994,0.9864839651244878,366,367,0.9737233392600005,1.004188377669641,0.9906949847682333,0.9941732373750584,366,367
0.15,5,3,2,beta_bimodal,log_uniform,3,0.9882590586596576,0.997603819890723,0.9935294714320975,0.9947255357459118,371,369,0.9369732956171872,1.0,0.9630820334064598,0.9522728046021921,371,369,0.9820778923884677,0.9962403022151897,0.9901289380376141,0.9920686195091852,369,370,0.933375301774985,1.0158092628116242,0.9666698181844456,0.950824889966728,371,369
0.15,5,3,2,homogeneous,flat,3,0.9901017948407822,0.9901017948407822,0.9901017948407822,0.9901017948407822,360,360,0.9999999999999999,0.9999999999999999,0.9999999999999999,0.9999999999999999,360,360,0.9901017948407816,0.9901017948407816,0.9901017948407816,0.9901017948407816,360,360,1.0000000000000004,1.0000000000000004,1.0000000000000004,1.0000000000000004,360,360
0.15,5,3,2,homogeneous,log_uniform,3,0.965540953741986,0.9782973210475586,0.9722991912893959,0.9730592990786432,363,364,0.9861148518957826,0.9994125074672733,0.9919800816379697,0.9904128855508532,364,365,0.9602121476368481,0.9782973210475585,0.9670015044493724,0.9624950446637107,363,364,0.9861148518957827,1.0103819644560503,0.9974687034748717,0.9959092940727818,364,365
0.15,5,3,3,beta_bimodal,flat,3,0.9805110483960916,0.999999943576771,0.9925474771695008,0.9971314395356397,378,380,0.9764128092705746,0.9999999045115993,0.9917823269555068,0.9989342670843466,378,380,0.9796559963380611,0.9999999558380113,0.9923487259451743,0.9973902256594502,378,380,0.9772650306474405,0.9999998922503597,0.9919800010787693,0.9986750803385076,378,380
0.15,5,3,3,beta_bimodal,log_uniform,3,0.9989184526045737,0.9999604523201092,0.9993691690305657,0.9992286021670145,382,383,0.9977495970540368,0.999023585992549,0.9983318131075417,0.9982222562760396,382,383,0.9991687297704593,0.9999262247285858,0.999437100683874,0.9992163475525768,381,383,0.9974521393862729,0.999057782686643,0.9982639980102429,0.9982820719578128,382,383
0.15,5,3,3,homogeneous,flat,3,0.9710084378938141,0.9710084378938141,0.9710084378938141,0.9710084378938141,372,372,0.9571207899841299,0.9571207899841299,0.9571207899841299,0.9571207899841299,372,372,0.9643307216042953,0.9643307216042953,0.9643307216042953,0.9643307216042953,372,372,0.963748579545455,0.963748579545455,0.963748579545455,0.963748579545455,372,372
0.15,5,3,3,homogeneous,log_uniform,3,0.9677096452554851,0.9855387058744718,0.9795658942673416,0.9854493316720679,376,377,0.97090602204083,0.9836078728917571,0.9754287100849642,0.9717722353223059,377,375,0.9570106230302441,0.975294614477593,0.9675661087648347,0.9703930887866674,376,375,0.9826362868734421,0.9938491473038229,0.9875150263403522,0.9860596448437914,376,375
0.15,6,2,2,beta_bimodal,flat,3,1.0,1.0,1.0,1.0,390,390,0.9999999999999999,1.0,1.0,1.0,392,390,0.9999999999999999,1.0,1.0,1.0,391,390,0.9999999999999999,1.0000000000000002,1.0,1.0,392,391
0.15,6,2,2,beta_bimodal,log_uniform,3,0.9997271210088156,1.0,0.9999088676746944,0.9999994820152679,393,395,0.9729377776765815,0.999910549377867,0.990833987871884,0.9996536365612033,394,393,0.9997271210088156,0.9999999999999994,0.9999088676746942,0.9999994820152673,393,395,0.9729377776765821,0.999910549377867,0.9908339878718845,0.9996536365612039,394,393
0.15,6,2,2,homogeneous,flat,3,1.0,1.0,1.0,1.0,384,384,1.0,1.0,1.0,1.0,384,384,0.9999999999999993,0.9999999999999993,0.9999999999999994,0.9999999999999993,384,384,1.0000000000000007,1.0000000000000007,1.0000000000000007,1.0000000000000007,384,384
0.15,6,2,2,homogeneous,log_uniform,3,0.9897541671408915,0.9999999999999999,0.9951909420739181,0.9958186590808631,388,389,0.9999999999999998,1.0000000000000002,1.0,1.0,387,389,0.9897541671408909,0.9999999999999998,0.995190942073918,0.9958186590808633,388,389,0.9999999999999994,1.0000000000000007,1.0,1.0000000000000002,387,388
0.15,6,2,3,beta_bimodal,flat,3,0.9957140894059403,0.9995076300528101,0.998163816719655,0.9992697307002145,403,404,0.8162004265125958,0.9402802880495505,0.8792927595526762,0.8813975640958822,404,403,0.999812652467172,0.9999999987658394,0.99993264930739,0.999985296689159,403,404,0.8157985549585238,0.9364257678588983,0.8776637265067372,0.8807668567027898,404,403
0.15,6,2,3,beta_bimodal,log_uniform,3,0.9923185816131644,0.9999922340058836,0.9971730619133771,0.9992083701210829,406,407,0.7932667496615702,0.9371134239160311,0.8776205509525924,0.902481479280176,407,405,0.9804962962338352,0.999999976984873,0.9934987496785798,0.9999999758170312,407,406,0.8090398629792249,0.9363715995739702,0.8803202082052758,0.8955491620626324,407,405
0.15,6,2,3,homogeneous,flat,3,1.0,1.0,1.0,1.0,396,396,1.0,1.0,1.0,1.0,396,396,1.0,1.0,1.0,1.0,396,396,1.0,1.0,1.0,1.0,396,396
0.15,6,2,3,homogeneous,log_uniform,3,0.990802536544213,0.9946302644339535,0.9926070023710599,0.9923882061350133,400,401,0.9736143590993058,1.0,0.9846792797725884,0.9804234802184594,401,400,0.9863433358054591,0.9946302644339531,0.9911206021248082,0.9923882061350126,400,401,0.9736143590993064,1.0045209417216903,0.9861862603464856,0.9804234802184602,401,400
0.15,6,3,2,beta_bimodal,flat,3,0.9947776119203378,0.9963281665890683,0.9957106622375655,0.9960262082032907,415,414,0.9995052739043836,0.9998412674243744,0.9997142675984826,0.9997962614666895,415,416,0.9981502749290656,0.9996468103419918,0.9988191379760666,0.9986603286571419,415,416,0.9961280324719096,0.997461446665415,0.9966031467075059,0.9962199609851933,415,414
0.15,6,3,2,beta_bimodal,log_uniform,3,0.9754484579679776,0.9957388797297961,0.9873578071385379,0.9908860837178399,419,417,0.9650063738914744,0.9999912213592417,0.9775636912347547,0.967693478453548,417,418,0.9754484579679781,0.9951106497661971,0.9857502114396528,0.9866915265847831,419,417,0.9656155985232127,1.0042423172666575,0.9791837980811392,0.9676934784535476,417,418
0.15,6,3,2,homogeneous,flat,3,1.0,1.0,1.0,1.0,408,408,1.0,1.0,1.0,1.0,408,408,0.9999999999999996,0.9999999999999996,0.9999999999999996,0.9999999999999996,408,408,1.0000000000000004,1.0000000000000004,1.0000000000000004,1.0000000000000004,408,408
0.15,6,3,2,homogeneous,log_uniform,3,0.9745166236855034,0.9771610685824427,0.9758427835295623,0.9758506583207409,412,411,0.9988071124416825,1.0,0.9996023708138941,0.9999999999999998,413,411,0.9352584490352737,0.9547589756436514,0.9464219331407429,0.9492483747433034,412,411,1.0234636107229984,1.0419757497948559,1.0307458730555608,1.026798258648828,411,412
0.15,6,3,3,beta_bimodal,flat,3,0.9931428415837125,0.9958868592288725,0.9948808447770663,0.9956128335186141,427,426,0.8887588694048943,0.9554149160652844,0.9180622138581026,0.9100128561041289,428,426,0.9836698606779346,0.9873853564184448,0.9855722845653622,0.9856616365997071,428,426,0.8995495050271959,0.963641149664207,0.9267035129968004,0.9169198842989982,428,426
0.15,6,3,3,beta_bimodal,log_uniform,3,0.9921664384697491,0.9993201220985631,0.9951368903751879,0.9939241105572518,430,431,0.8747642279487542,0.9681636025730883,0.9368040636390721,0.9674843603953736,429,431,0.9814445017369656,0.9968730120926247,0.9908820167671645,0.994328536471903,430,431,0.8744084327462474,0.9780537874834645,0.94100081911651,0.9705402371198183,429,430
0.15,6,3,3,homogeneous,flat,3,0.9941376942840189,0.9941376942840189,0.9941376942840189,0.9941376942840189,420,420,0.9394454044117645,0.9394454044117645,0.9394454044117645,0.9394454044117645,420,420,0.9941376942840185,0.9941376942840185,0.9941376942840185,0.9941376942840185,420,420,0.9394454044117648,0.9394454044117648,0.9394454044117649,0.9394454044117648,420,420
0.15,6,3,3,homogeneous,log_uniform,3,0.9734369320866167,0.9778624568884494,0.9757240750062411,0.9758728360436572,423,425,0.9777962097634707,0.9903776849261301,0.9835567927951394,0.9824964836958173,425,423,0.9578897405437753,0.9652925717769222,0.9623563790036616,0.9638868246902873,423,425,0.9905289152442437,1.0064521775483828,0.9972316668235917,0.9947139076781484,425,423
0.2,4,2,2,beta_bimodal,flat,3,0.9832173227056368,0.9881066128493731,0.9855394224239228,0.9852943317167585,439,440,1.0,1.0,1.0,1.0,438,438,0.9811602964772206,0.9998976598587311,0.9880917596805294,0.9832173227056366,438,440,0.9882077461697191,1.004213414723752,0.9974737202978238,1.0000000000000002,440,438
0.2,4,2,2,beta_bimodal,log_uniform,3,0.9848982177147527,1.0,0.9943645085219228,0.9981953078510156,443,442,1.0,1.0,1.0,1.0,441,441,0.9805853814560515,0.9997044499681926,0.9904055879650194,0.9909269324708146,443,442,1.0002956374074525,1.0073349256559994,1.0040095964016535,1.0043982261415088,442,441
0.2,4,2,2,homogeneous,flat,3,1.0,1.0,1.0,1.0,432,432,1.0,1.0,1.0,1.0,432,432,1.0000000000000002,1.0000000000000002,1.0000000000000002,1.0000000000000002,432,432,0.9999999999999998,0.9999999999999998,0.9999999999999997,0.9999999999999998,432,432
0.2,4,2,2,homogeneous,log_uniform,3,0.980920369981059,1.0,0.9888636358905526,0.9856705376905986,436,437,0.9984885444115634,1.0,0.9994961814705211,1.0,436,435,0.9739630119994627,0.9957936320671196,0.9835590046825472,0.9809203699810592,435,437,0.9984885444115633,1.0120205033937597,1.0049110613364254,1.0042241362039528,436,435
0.2,4,2,3,beta_bimodal,flat,3,0.9721005267985664,1.0,0.9907001755995221,1.0,451,450,0.9794348453097851,0.9975163193212778,0.9865727907465955,0.9827672076087238,452,450,0.9730885664408464,0.9960803090519339,0.9843496284656122,0.9838800099040563,452,450,0.9710010475057399,1.0065217895757943,0.992988166072327,1.0014416611354466,451,452
0.2,4,2,3,beta_bimodal,log_uniform,3,1.0,1.0,1.0,1.0,453,453,0.9149022350675445,1.0,0.9716166554686053,0.9999477313382714,455,453,0.9653803657560452,0.9998503377433179,0.9825278296761831,0.9823527855291865,455,454,0.947711666324425,1.0179642331459438,0.9885911025478831,1.0000974081732805,455,453
0.2,4,2,3,homogeneous,flat,3,1.0,1.0,1.0,1.0,444,444,0.9125,0.9125,0.9125,0.9125,444,444,1.0000000000000002,1.0000000000000002,1.0000000000000002,1.0000000000000002,444,444,0.9124999999999998,0.9124999999999998,0.9124999999999998,0.9124999999999998,444,444
0.2,4,2,3,homogeneous,log_uniform,3,0.985798809574025,1.0,0.9945245884133338,0.9977749556659763,447,449,0.9392780146895475,0.959270572425851,0.950604972121501,0.9532663292491044,449,447,0.9827688767123646,1.0000000000000002,0.9885917350947416,0.9830063285718605,448,449,0.9392780146895473,0.9678219283726595,0.9563651896671748,0.9619956259393175,449,448
0.2,4,3,2,beta_bimodal,flat,3,0.9775231331145413,0.9994257858892203,0.9887014402558819,0.9891554017638843,463,464,0.9462151708054523,0.9980812132698321,0.9726253896398926,0.9735797848443933,464,462,0.9771409672289633,0.9997285944560136,0.9880234398168007,0.9872007577654254,463,464,0.9459285709609159,1.000057400421378,0.9733155097705911,0.9739605579294796,464,462
0.2,4,3,2,beta_bimodal,log_uniform,3,0.9875866637562725,0.9997047677343562,0.9943918163688966,0.995884017616061,467,466,0.9882139914339366,0.9928090895089702,0.9910731667513585,0.9921964193111685,466,465,0.9854352157424239,0.9999301315348111,0.994907465018247,0.9993570477775062,467,465,0.9885578342348896,0.9943626286992372,0.9905707510282776,0.988791790150706,466,467
0.2,4,3,2,homogeneous,flat,3,0.9683544303797468,0.9683544303797468,0.9683544303797468,0.9683544303797468,456,456,0.9629629629629628,0.9629629629629628,0.9629629629629628,0.9629629629629628,456,456,0.949367088607595,0.949367088607595,0.949367088607595,0.949367088607595,456,456,0.982222222222222,0.982222222222222,0.982222222222222,0.982222222222222,456,456
0.2,4,3,2,homogeneous,log_uniform,3,0.9709632670046272,0.9804007519605296,0.9748197418638184,0.9730952066262982,461,460,0.9567200685143256,0.9839233364228407,0.9662069322729611,0.9579773918817169,461,460,0.9620028473361596,0.9762376987546661,0.9688253199860073,0.9682354138671962,461,460,0.9627856973059685,0.9881191641451711,0.9721787146821513,0.9656312825953145,459,460
0.2,4,3,3,beta_bimodal,flat,3,0.9956496606442842,0.9994420846828747,0.9972137820261886,0.9965496007514071,474,475,0.9665162713774932,0.9755202111151634,0.9714552696407871,0.9723293264297047,475,474,0.9975619639880887,0.9999218104653638,0.9990083279185109,0.9995412093020805,476,475,0.9660525723465067,0.9717221842475477,0.9697057756041855,0.971342570218502,475,474
0.2,4,3,3,beta_bimodal,log_uniform,3,0.9907974199337177,0.9976311666707294,0.9948955242905239,0.9962579862671246,479,477,0.945500583328563,0.9946888785455961,0.9635714669398864,0.9505249389455005,479,478,0.9908148189916897,0.9998856091765495,0.9949353067718016,0.9941054921471658,478,479,0.9369067120380516,1.0001533284601103,0.9636520306848909,0.9538960515565108,479,478
0.2,4,3,3,homogeneous,flat,3,0.9522821576763486,0.9522821576763486,0.9522821576763486,0.9522821576763486,468,468,0.8932461873638342,0.8932461873638342,0.8932461873638342,0.8932461873638342,468,468,0.9336099585062242,0.9336099585062242,0.9336099585062242,0.9336099585062242,468,468,0.9111111111111109,0.9111111111111109,0.9111111111111109,0.9111111111111109,468,468
0.2,4,3,3,homogeneous,log_uniform,3,0.972572783432651,0.9889866686328318,0.9801841631523676,0.9789930373916201,473,472,0.948692553005948,0.9928385629800475,0.9729135207715139,0.9772094463285463,473,472,0.9614681400681862,0.9880108198663171,0.9755696798587365,0.9772300796417066,473,472,0.9596496425075383,0.9938191800619164,0.977480396474895,0.9789723668552305,473,472
0.2,5,2,2,beta_bimodal,flat,3,0.9951476209599323,1.0,0.9983825403199774,1.0,487,486,1.0,1.0,1.0,1.0,486,486,0.9951476209599323,0.9999999999999999,0.9983825403199774,0.9999999999999999,487,486,1.0,1.0000000000000002,1.0,1.0000000000000002,487,486
0.2,5,2,2,beta_bimodal,log_uniform,3,0.9939988215288672,1.0,0.9979569552989315,0.9998720443679273,490,491,0.9975904731675929,0.9999999999999996,0.9989196880281962,0.9991685909169963,490,489,0.9939988215288669,1.0000000000000002,0.9979569552989315,0.9998720443679271,490,491,0.9975904731675932,0.9999999999999998,0.9989196880281964,0.9991685909169961,490,489
0.2,5,2,2,homogeneous,flat,3,1.0,1.0,1.0,1.0,480,480,1.0,1.0,1.0,1.0,480,480,1.0000000000000007,1.0000000000000007,1.0000000000000007,1.0000000000000007,480,480,0.9999999999999993,0.9999999999999993,0.9999999999999994,0.9999999999999993,480,480
0.2,5,2,2,homogeneous,log_uniform,3,0.9901277199919688,1.0,0.9953785225715227,0.9960078477225995,484,485,1.0,1.0,1.0,1.0,483,483,0.9715483906492928,0.9870942590146218,0.9780987406853051,0.9756535723920007,484,483,1.0090301292167132,1.024953967573049,1.0177025060830844,1.0191234214594904,483,485
0.2,5,2,3,beta_bimodal,flat,3,0.9862190372057044,0.9996679907723788,0.9950380601978588,0.9992271526154933,498,500,0.9996631995821633,0.9999386780909978,0.9998071363326502,0.9998195313247894,500,498,0.9995890752555617,0.9999995165743814,0.9998615228624178,0.9999959767573102,500,498,0.9861590371061911,0.9997421209509446,0.9949840002987208,0.9990508428390266,498,500
0.2,5,2,3,beta_bimodal,log_uniform,3,0.9854229062698823,0.9959872858621682,0.9908790745602918,0.9912270315488245,502,501,0.8990680607797227,1.0,0.9648099866893537,0.9953618992883382,502,501,0.9839885665492775,0.9999654157684015,0.9909663224497044,0.9889449850314344,503,501,0.8958660742486303,1.0026840293565238,0.9648572787045322,0.9960217325084425,502,503
0.2,5,2,3,homogeneous,flat,3,1.0,1.0,1.0,1.0,492,492,1.0,1.0,1.0,1.0,492,492,1.0000000000000009,1.0000000000000009,1.0000000000000009,1.0000000000000009,492,492,0.9999999999999992,0.9999999999999992,0.9999999999999992,0.9999999999999992,492,492
0.2,5,2,3,homogeneous,log_uniform,3,0.9854863769399967,0.9997837246094482,0.9946397450374698,0.9986491335629641,497,496,0.9537785277625845,0.9840470291496529,0.9645449024799172,0.9558091505275141,496,497,0.9816645187303242,0.9997837246094486,0.9889782067599234,0.9854863769399974,495,496,0.9537785277625841,0.9840470291496524,0.970057325500706,0.9723464195898813,496,497
0.2,5,3,2,beta_bimodal,flat,3,0.9982742700959834,0.9998074438226234,0.9988316941898295,0.9984133686508817,511,512,0.9962583995614865,0.9969768538175366,0.9965936433500975,0.9965456766712693,510,511,0.9692110815179048,0.9861480617156201,0.9752960378993308,0.9705289704644673,511,512,1.0103490787294285,1.026872639021622,1.0207012503938802,1.0248820334305897,512,511
0.2,5,3,2,beta_bimodal,log_uniform,3,0.9979464616175108,0.9999889419487458,0.998818908269491,0.9985213212422164,515,514,0.9961450720677884,0.999183352654851,0.9976435741995652,0.9976022978760559,515,514,0.9793635932929353,0.9994800188552212,0.9923236491904314,0.9981273354231374,513,515,0.9946166318226007,1.0171168005134545,1.0042601203644803,1.0010469287573862,515,513
0.2,5,3,2,homogeneous,flat,3,0.9820426487093153,0.9820426487093153,0.9820426487093153,0.9820426487093153,504,504,1.0,1.0,1.0,1.0,504,504,0.9820426487093159,0.9820426487093159,0.9820426487093159,0.9820426487093159,504,504,0.9999999999999994,0.9999999999999994,0.9999999999999994,0.9999999999999994,504,504
0.2,5,3,2,homogeneous,log_uniform,3,0.9600463712398501,0.9710249267146404,0.9642424978785957,0.9616561956812965,508,509,0.965641637357461,0.9817202176128498,0.9761850599612041,0.9811933249133016,509,507,0.9502069427903416,0.9637921477003707,0.9548852979466838,0.950656803349339,508,509,0.9728882958684778,0.9930790232256576,0.9857736458677816,0.9913536185092093,509,507
0.2,5,3,3,beta_bimodal,flat,3,0.9869571323359859,0.9998980712012338,0.9955433191112587,0.9997747537965562,523,524,0.9426675985622105,0.9999572055666698,0.9807884420613622,0.9997405220552061,523,524,0.9848915702195843,0.9998583003824421,0.9947548424280663,0.9995146566821725,523,524,0.9446446065281893,1.0000006779450477,0.9815474215975987,0.9999969803195591,523,522
0.2,5,3,3,beta_bimodal,log_uniform,3,0.9993373060869974,0.9999931101026929,0.999730503440511,0.9998610941318424,526,525,0.9574433513283164,0.998922921970236,0.983144158629507,0.9930662025899686,527,525,0.9989177065727523,0.9999860696221313,0.9995437337968496,0.999727425195665,526,525,0.9575713666562915,0.9989299549656229,0.9833282219258926,0.9934833441557636,527,525
0.2,5,3,3,homogeneous,flat,3,0.9637362637362638,0.9637362637362638,0.9637362637362638,0.9637362637362638,516,516,0.9479285442797414,0.9479285442797414,0.9479285442797414,0.9479285442797414,516,516,0.9615384615384622,0.9615384615384622,0.9615384615384622,0.9615384615384622,516,516,0.9500952380952373,0.9500952380952373,0.9500952380952373,0.9500952380952373,516,516
0.2,5,3,3,homogeneous,log_uniform,3,0.9702055148665165,0.9743293816437667,0.9720344554014169,0.9715684696939676,521,520,0.9654973175458703,0.9727542121868319,0.9682806746692515,0.9665904942750524,519,521,0.9501940147664808,0.955757243959867,0.9531482425963756,0.9534934690627792,519,521,0.9872160177016119,0.9877126054313297,0.987462683657212,0.9874594278386947,519,520
0.2,6,2,2,beta_bimodal,flat,3,0.984971896279477,0.9999996876177889,0.9949249254436685,0.9998031924337396,534,535,1.0,1.0,1.0,1.0,534,534,0.9849718962794769,0.999999687617789,0.9949249254436685,0.9998031924337398,534,535,0.9999999999999998,1.0000000000000002,1.0,0.9999999999999999,536,534
0.2,6,2,2,beta_bimodal,log_uniform,3,0.9916686113886253,1.0,0.9968826548247094,0.9989793530855027,538,537,0.8456734619821746,0.9881843532260033,0.9061131585006091,0.8844816602936495,538,539,0.9916686113886252,1.0000000000000004,0.9968826548247095,0.9989793530855029,538,537,0.8456734619821747,0.9881843532260031,0.906113158500609,0.8844816602936492,538,539
0.2,6,2,2,homogeneous,flat,3,1.0,1.0,1.0,1.0,528,528,1.0,1.0,1.0,1.0,528,528,1.0000000000000009,1.0000000000000009,1.0000000000000009,1.0000000000000009,528,528,0.9999999999999991,0.9999999999999991,0.9999999999999991,0.9999999999999991,528,528
0.2,6,2,2,homogeneous,log_uniform,3,0.9879160303863742,1.0,0.9959720101287913,1.0,532,531,1.0,1.0,1.0,1.0,531,531,0.9829172387731809,1.0000000000000007,0.9902972140345633,0.987974403330508,532,531,0.9999999999999992,1.0121719718941635,1.0057525469248392,1.0050856688803549,531,533
0.2,6,2,3,beta_bimodal,flat,3,0.9710473690239865,0.9964038655764101,0.9823572187877035,0.9796204217627142,547,546,0.8695148629859253,0.9769593772313125,0.9086363436538417,0.8794347907442872,547,546,0.9983475217103529,0.9999992078316777,0.9994057613991751,0.9998705546554948,546,547,0.844340788889761,0.9750573611047884,0.893673987935895,0.8616238138131359,547,546
0.2,6,2,3,beta_bimodal,log_uniform,3,0.9943915837076247,0.998995323669407,0.996704536999678,0.9967267036220023,550,549,0.8904199419567828,0.9627505232588638,0.9182683716028243,0.9016346495928261,551,549,0.9905938513438259,0.9959546648060472,0.9925466897783782,0.9910915531852617,550,549,0.8954826935347516,0.9656898095689705,0.9220879446141145,0.9050913307386215,551,549
0.2,6,2,3,homogeneous,flat,3,1.0,1.0,1.0,1.0,540,540,1.0,1.0,1.0,1.0,540,540,1.0000000000000002,1.0000000000000002,1.0000000000000002,1.0000000000000002,540,540,0.9999999999999999,0.9999999999999999,0.9999999999999999,0.9999999999999999,540,540
0.2,6,2,3,homogeneous,log_uniform,3,0.9980096689678677,1.0,0.9993365563226225,1.0,545,543,0.938685701313827,0.9671115192962889,0.9495288350580381,0.942789284563998,543,545,0.9980096689678686,1.0000000000000004,0.9993365563226231,1.0,545,543,0.9386857013138264,0.967111519296288,0.9495288350580374,0.942789284563998,543,545
0.2,6,3,2,beta_bimodal,flat,3,0.9615905751041124,0.9920963341935568,0.9758489950642654,0.9738600758951268,559,558,0.9974997626943141,1.0,0.999078075523918,0.99973446387744,560,559,0.9829000160931597,0.9996323251532317,0.9920730813727644,0.9936869028719018,559,558,0.977596858522834,0.9921977029181533,0.9827047966223087,0.9783198284259388,560,558
0.2,6,3,2,beta_bimodal,log_uniform,3,0.9823384238423238,0.9977958376083605,0.992625826028509,0.9977432166348427,562,561,0.9574580207187695,0.9969225736817616,0.9835916516956852,0.9963943606865245,562,563,0.9675845427386207,0.9971178800380295,0.9808497770960908,0.9778469085116223,562,561,0.9720574910239578,1.0172070154776223,0.9954454442750679,0.9970718263236235,562,563
0.2,6,3,2,homogeneous,flat,3,1.0,1.0,1.0,1.0,552,552,1.0,1.0,1.0,1.0,552,552,1.0000000000000009,1.0000000000000009,1.0000000000000009,1.0000000000000009,552,552,0.9999999999999992,0.9999999999999992,0.9999999999999992,0.9999999999999992,552,552
0.2,6,3,2,homogeneous,log_uniform,3,0.9466611000686252,0.9719207781258691,0.9632781182442938,0.9712524765383871,555,556,0.9854504429856433,1.0,0.9934774539605135,0.994981918895897,557,556,0.92816754683389,0.9712524765383869,0.944956477798724,0.9354494100238954,555,557,0.9854504429856435,1.038988071093061,1.0130817497485387,1.0148067351669117,557,556
0.2,6,3,3,beta_bimodal,flat,3,0.9912715084606654,0.9935790461803762,0.9921683455906786,0.9916544821309943,570,572,0.9559646779797574,0.9740613593895414,0.9658830360550588,0.9676230707958774,570,572,0.9703649270616624,0.9726698134516928,0.9714593757233355,0.9713433866566512,572,570,0.9742468978381341,0.997363908559652,0.986489059898064,0.9878563732964062,570,572
0.2,6,3,3,beta_bimodal,log_uniform,3,0.97907669888969,0.9880764535645319,0.9843231703379921,0.9858163585597547,575,574,0.8074204149287024,0.9661962774262463,0.8747504011037699,0.8506345109563608,575,574,0.9805798557870993,0.9866280718111508,0.9835687329108778,0.9834982711343835,575,574,0.8061826987359351,0.9676146650622681,0.8754789349096095,0.8526394409306254,575,574
0.2,6,3,3,homogeneous,flat,3,0.9904912836767037,0.9904912836767037,0.9904912836767036,0.9904912836767037,564,564,0.9172000000000002,0.9172000000000002,0.9172000000000002,0.9172000000000002,564,564,0.9904912836767045,0.9904912836767045,0.9904912836767045,0.9904912836767045,564,564,0.9171999999999995,0.9171999999999995,0.9171999999999995,0.9171999999999995,564,564
0.2,6,3,3,homogeneous,log_uniform,3,0.9580287684424252,0.9873166912813917,0.9733597472052321,0.9747337818918791,569,567,0.977402176093203,0.9883806787031233,0.9831112769921905,0.9835509761802447,569,568,0.9430049910051029,0.9712132447627381,0.9546895229701633,0.949850333142649,569,567,0.9929739629877002,1.0142735158218579,1.0023688234601833,0.9998589915709918,569,568
0.25,4,2,2,beta_bimodal,flat,3,0.9705640402040373,0.9859712539439155,0.9785586045363431,0.9791405194610763,584,582,0.9999999999999997,1.0,0.9999999999999999,1.0,582,583,0.9974293889213194,0.9994412019124138,0.9981247187574661,0.9975035654386653,583,582,0.9729930536912107,0.9865225208419224,0.9803931901124553,0.9816639958042326,584,582
0.25,4,2,2,beta_bimodal,log_uniform,3,0.9857429136283885,0.987841643640531,0.987035474220189,0.9875218653916477,585,587,0.9525071262488201,1.0,0.98416904208294,1.0,587,585,0.9857429136283883,0.9999659537608073,0.9911835036765754,0.9878416436405305,585,586,0.9525071262488204,1.0000000000000002,0.9800208713969423,0.9875554879420062,587,585
0.25,4,2,2,homogeneous,flat,3,1.0,1.0,1.0,1.0,576,576,1.0,1.0,1.0,1.0,576,576,1.0,1.0,1.0,1.0,576,576,1.0,1.0,1.0,1.0,576,576
0.25,4,2,2,homogeneous,log_uniform,3,0.995011631926117,1.0,0.9981558933206398,0.9994560480358023,579,580,0.9994541845224322,1.0,0.9998180615074773,1.0,580,579,0.9891237851723494,1.0000000000000002,0.9930066025964713,0.9898960226170646,579,580,0.9994541845224321,1.0096576056477762,1.0050214595180063,1.0059525883838105,580,581
0.25,4,2,3,beta_bimodal,flat,3,1.0,1.0,1.0,1.0,594,594,0.8657230671432927,0.96255288263956,0.9111173939481967,0.9050762320617375,594,595,0.9172689969297831,0.9667669434478167,0.9367717836982887,0.9262794107172666,594,595,0.9438050016309052,0.9956410789210189,0.9721851288123879,0.9771093058852399,594,595
0.25,4,2,3,beta_bimodal,log_uniform,3,0.9954256944015871,1.0,0.9984752314671956,1.0,598,597,0.8702745444916012,1.0,0.9364248410575783,0.9389999786811336,598,597,0.917295199822697,0.9907888894907116,0.9633210680651437,0.9818791148820225,599,597,0.8822813619726156,1.0236617163838118,0.9717466074002138,1.009296743844214,598,599
0.25,4,2,3,homogeneous,flat,3,1.0,1.0,1.0,1.0,588,588,0.8958333333333334,0.8958333333333334,0.8958333333333334,0.8958333333333334,588,588,1.0,1.0,1.0,1.0,588,588,0.8958333333333334,0.8958333333333334,0.8958333333333334,0.8958333333333334,588,588
0.25,4,2,3,homogeneous,log_uniform,3,0.9816960130729453,1.0,0.9892092683572266,0.9859317919987346,593,591,0.889488251199886,0.9588158812939045,0.924376581248597,0.9248256112520007,591,593,0.9782282112362752,0.9999999999999998,0.9866414081030733,0.9816960130729453,592,591,0.8894882511998861,0.9588158812939045,0.9268042590663893,0.9321086447053774,591,593
0.25,4,3,2,beta_bimodal,flat,3,0.9995486840223654,0.9999888245113239,0.99971114952703,0.9995959400474008,608,607,0.9998668234680913,1.0,0.9999549491769645,0.9999980240628024,606,608,0.999177355121925,0.9999776851338429,0.9994632281474684,0.9992346441866371,608,607,1.0000091636668513,1.0003716346237603,1.0002030487327227,1.0002283479075567,607,608
0.25,4,3,2,beta_bimodal,log_uniform,3,0.9921045300850871,0.9999126765765585,0.9952114744571986,0.99361721670995,609,611,0.9730077769433476,1.0,0.9845232777659542,0.9805620563545151,609,610,0.9963822920820944,0.9997600872290301,0.9984115138795743,0.9990921623275981,610,611,0.9662025784133708,0.9972248850726096,0.981379726356682,0.9807117155840658,609,610
0.25,4,3,2,homogeneous,flat,3,0.9539748953974896,0.9539748953974896,0.9539748953974896,0.9539748953974896,600,600,0.956140350877193,0.956140350877193,0.956140350877193,0.956140350877193,600,600,0.9372384937238494,0.9372384937238494,0.9372384937238495,0.9372384937238494,600,600,0.9732142857142857,0.9732142857142857,0.9732142857142857,0.9732142857142857,600,600
0.25,4,3,2,homogeneous,log_uniform,3,0.9569935141439367,0.9818213514211972,0.9682942538697926,0.9660678960442441,604,605,0.9510178654551726,0.9972349915260385,0.9763048134079017,0.9806615832424938,604,605,0.9424871113384187,0.9791066070646012,0.960915502780635,0.9611527899388853,604,605,0.9656555703803311,1.0,0.9837773410145779,0.985676452663403,604,605
0.25,4,3,3,beta_bimodal,flat,3,0.9947770391252189,0.9994013582871684,0.9972267432748124,0.99750183241205,620,618,0.9345042829098335,0.9926082632998204,0.9564287177957373,0.9421736071775582,620,618,0.9934823770961223,0.9993777927901586,0.9970302610154315,0.9982306131600137,620,618,0.9357220873108011,0.9926316691701824,0.9566131695302288,0.9414857521097029,620,618
0.25,4,3,3,beta_bimodal,log_uniform,3,0.9943043988758691,0.9999996315956942,0.9977036901260021,0.9988070399064432,623,621,0.9318309662712304,0.992365904229906,0.9627202207749722,0.9639637918237806,622,621,0.9929496387177702,0.999995032653687,0.9974882895861437,0.9995201973869738,623,621,0.9311661050448903,0.9923704680858197,0.9629385258055079,0.9652790042858136,622,621
0.25,4,3,3,homogeneous,flat,3,0.9421487603305785,0.9421487603305785,0.9421487603305785,0.9421487603305785,612,612,0.8771929824561403,0.8771929824561403,0.8771929824561403,0.8771929824561403,612,612,0.9256198347107438,0.9256198347107438,0.9256198347107438,0.9256198347107438,612,612,0.8928571428571429,0.8928571428571429,0.8928571428571429,0.8928571428571429,612,612
0.25,4,3,3,homogeneous,log_uniform,3,0.9564555747685408,0.9791994427381058,0.9688453323163225,0.9708809794423213,616,617,0.9367273167567803,0.9680643754725741,0.9559134182049319,0.9629485623854416,616,617,0.9469080353604912,0.9756948719183594,0.9630271958809974,0.9664786803641419,616,617,0.9461722054232148,0.971541538527912,0.9616828419228894,0.9673347818175416,616,617
0.25,5,2,2,beta_bimodal,flat,3,0.9954910648291283,0.9997359836838017,0.9976261622190247,0.997651438144144,631,632,0.9999999999999999,1.0,1.0,1.0,630,631,0.9954910648291286,0.9999685101635502,0.9977036710456076,0.9976514381441441,631,632,0.9997674661978001,0.9999999999999998,0.9999224887325999,0.9999999999999998,632,630
0.25,5,2,2,beta_bimodal,log_uniform,3,0.9740665639871934,0.9999939945644488,0.9893920725835121,0.9941156591988943,634,633,0.845661775122835,1.0,0.948553925040945,1.0,635,633,0.9659355189980667,0.9999881430607159,0.978693962583406,0.9701582256914353,635,633,0.8703330569182919,1.0040285576025216,0.9581224886979761,1.0000058515731145,635,634
0.25,5,2,2,homogeneous,flat,3,1.0,1.0,1.0,1.0,624,624,1.0,1.0,1.0,1.0,624,624,1.0,1.0,1.0,1.0,624,624,1.0,1.0,1.0,1.0,624,624
0.25,5,2,2,homogeneous,log_uniform,3,0.9936643710452913,1.0,0.9978881236817637,1.0,627,628,0.9804289114922695,1.0,0.9934292938461405,0.9998589700461518,629,627,0.976620416992568,1.0000000000000002,0.9922068056641894,1.0000000000000002,627,628,0.9804289114922693,1.0174519739257644,0.9992466184880616,0.9998589700461514,629,627
0.25,5,2,3,beta_bimodal,flat,3,0.9866231009466547,0.9959497628250397,0.9915575660005942,0.992099834230088,644,643,0.9655850421774691,0.9936590378696168,0.9817316727469794,0.9859509381938524,642,643,0.9920998342300876,0.9989167696688911,0.9954892401584207,0.995451116576283,642,643,0.9655850421774693,0.990707647668418,0.9778332877937338,0.9772071735353143,642,643
0.25,5,2,3,beta_bimodal,log_uniform,3,0.9975563513116906,1.0,0.9991854455920821,0.9999999854645559,646,647,0.8986158537119219,0.9951268680513937,0.9544557630704898,0.9696245674481538,647,645,0.9776587169720907,0.9999999825669462,0.9891913826926965,0.9899154485390527,647,646,0.919150863294123,1.0052644951196803,0.9638901736405904,0.967255162507968,647,645
0.25,5,2,3,homogeneous,flat,3,1.0,1.0,1.0,1.0,636,636,1.0,1.0,1.0,1.0,636,636,1.0,1.0,1.0,1.0,636,636,1.0,1.0,1.0,1.0,636,636
0.25,5,2,3,homogeneous,log_uniform,3,0.989394588739596,1.0,0.9955970247905054,0.9973964856319203,640,641,0.9460376624806739,0.9894819588846674,0.9640712609345883,0.9566941614384236,639,641,0.9893945887395961,0.9973964856319201,0.9931200334528832,0.9925690259871334,640,639,0.9460376624806741,0.996889821239993,0.9665405483863635,0.9566941614384235,639,641
0.25,5,3,2,beta_bimodal,flat,3,0.9834766649289166,0.9986215159959609,0.9924987419919046,0.9953980450508362,655,654,0.9612908855231678,0.9862696118804543,0.9770790882495194,0.9836767673449361,656,655,0.9573674765117364,0.9999969458645962,0.971585273828038,0.9573913991077816,656,654,0.9823237848058555,1.013141698909004,0.9983142638994676,0.9994773079835433,654,655
0.25,5,3,2,beta_bimodal,log_uniform,3,0.9961277287704228,0.999332085055682,0.9982523665108761,0.9992972857065234,659,657,0.9898756249623728,0.9943311075132677,0.9922015050506499,0.9923977826763091,658,657,0.9699310897803364,0.9991802009478287,0.9892302352423222,0.9985794149988015,659,657,0.9905872385854608,1.0192012192516036,1.0014235707845591,0.9944822545166133,658,659
0.25,5,3,2,homogeneous,flat,3,0.9715370018975332,0.9715370018975332,0.9715370018975332,0.9715370018975332,648,648,1.0,1.0,1.0,1.0,648,648,0.9715370018975332,0.9715370018975332,0.9715370018975332,0.9715370018975332,648,648,1.0,1.0,1.0,1.0,648,648
0.25,5,3,2,homogeneous,log_uniform,3,0.9558713053908637,0.9774482242063061,0.9660270700691345,0.9647616806102335,653,651,0.9871069473273393,0.999736255628827,0.9948703644231415,0.9977678903132583,653,652,0.9420203903260472,0.9632864976925436,0.9520257746596988,0.9507704359605055,652,651,0.9924027616077125,1.0238708631493836,1.0095700562354315,1.0124365439491987,653,652
0.25,5,3,3,beta_bimodal,flat,3,0.9951768861398783,0.9981886763516927,0.9969119498263952,0.9973702869876148,666,667,0.9931658507260355,0.9992583930662499,0.9955446954542942,0.9942098425705974,667,668,0.986467060998048,0.9938569827282058,0.9907953627869285,0.9920620446345316,666,668,0.9992992991674594,1.0029880311441879,1.0016927072435329,1.0027907914189513,667,666
0.25,5,3,3,beta_bimodal,log_uniform,3,0.991966324754564,0.9999637050074444,0.9970538846898389,0.9992316243075083,670,669,0.9504155407110875,0.9998807284531943,0.9831189940357422,0.9990607129429447,670,669,0.9792238440834337,0.999496287449746,0.9924536795009624,0.9986409069697078,670,669,0.9627831436143733,1.0003483257959276,0.9875943826717363,0.9996516786049079,670,669
0.25,5,3,3,homogeneous,flat,3,0.9625818521983162,0.9625818521983162,0.9625818521983162,0.9625818521983162,660,660,0.9319727891156463,0.9319727891156463,0.9319727891156463,0.9319727891156463,660,660,0.9579045837231057,0.9579045837231057,0.9579045837231058,0.9579045837231057,660,660,0.9365234375,0.9365234375,0.9365234375,0.9365234375,660,660
0.25,5,3,3,homogeneous,log_uniform,3,0.9664093676183715,0.9854330232544783,0.9734663513159751,0.9685566630750757,663,664,0.9688092979142275,0.9858368840509149,0.9794675660894221,0.9837565163031241,665,663,0.9433127185094596,0.9722871401440507,0.9601843461386227,0.9649531797623577,665,664,0.9873245870075692,0.9970574719966514,0.9930392047242037,0.9947355551683905,663,664
0.25,6,2,2,beta_bimodal,flat,3,0.9991942549236045,1.0,0.9997314183078682,1.0,678,679,1.0,1.0,1.0,1.0,678,678,0.9991942549236044,1.0000000000000002,0.9997314183078684,1.0000000000000002,678,679,0.9999999999999998,1.0000000000000002,1.0,0.9999999999999999,679,678
0.25,6,2,2,beta_bimodal,log_uniform,3,0.9907923541791678,0.9918381876862571,0.9912640675378156,0.9911616607480223,683,681,0.8992662890842511,1.0,0.9548034614764314,0.9651440953450428,681,683,0.9749892651692283,0.991838187686257,0.9859963712011691,0.9911616607480221,683,681,0.8992662890842512,1.0162084748771019,0.9602062864354654,0.965144095345043,681,683
0.25,6,2,2,homogeneous,flat,3,1.0,1.0,1.0,1.0,672,672,1.0,1.0,1.0,1.0,672,672,1.0,1.0,1.0,1.0,672,672,1.0,1.0,1.0,1.0,672,672
0.25,6,2,2,homogeneous,log_uniform,3,0.9931280525403547,1.0,0.9977093508467849,1.0,676,675,0.9985940065025035,1.0,0.9995313355008345,1.0,676,675,0.9931280525403546,1.0000000000000002,0.9977093508467849,1.0,676,675,0.9985940065025036,1.0,0.9995313355008344,0.9999999999999997,676,677
0.25,6,2,3,beta_bimodal,flat,3,0.9838267959777832,0.9988455478368893,0.9912128219665718,0.9909661220850431,690,691,0.9262040597495785,0.9992423009116481,0.9569006774405434,0.9452556716604037,690,691,0.9827724635728163,0.9999523203956036,0.9916354527668756,0.992181574332207,692,691,0.9184048525980211,0.9981363142204848,0.9565592362123221,0.9531365418184604,690,691
0.25,6,2,3,beta_bimodal,log_uniform,3,0.9747816802721233,1.0,0.9908615662353549,0.9978030184339417,695,694,0.8761249891286199,0.9728783694514198,0.9405995514703148,0.9727952958309046,695,693,0.9800227532616533,0.9967554174197238,0.9880551156185599,0.9873871761743023,694,693,0.8649399239112975,0.9926252146629303,0.9438220046657531,0.9739008754230315,695,694
0.25,6,2,3,homogeneous,flat,3,1.0,1.0,1.0,1.0,684,684,1.0,1.0,1.0,1.0,684,684,1.0,1.0,1.0,1.0,684,684,1.0,1.0,1.0,1.0,684,684
0.25,6,2,3,homogeneous,log_uniform,3,0.9847403697875844,1.0,0.9939759217435012,0.9971873954429191,688,689,0.9267309930245936,0.981144044734786,0.9513383660333159,0.9461400603405682,689,688,0.9784203126216243,0.9971873954429189,0.9854385986340214,0.9807080878375211,688,687,0.9449610995541518,0.9874816957123603,0.9595276185356935,0.9461400603405684,689,688
0.25,6,3,2,beta_bimodal,flat,3,0.9664463086565322,0.9999823570677816,0.9799563698442121,0.973440443808322,703,702,0.997667252142686,0.9999761299780224,0.9989405000500469,0.9991781180294321,703,702,0.9901159393589833,0.999811820807199,0.9935953483999068,0.9908582850335385,703,702,0.9738171003741619,1.0001466942645505,0.9851926069774345,0.9816140262935911,703,702
0.25,6,3,2,beta_bimodal,log_uniform,3,0.9693349403842121,0.9984828290676484,0.9842090527901872,0.984809388918701,705,706,0.9013069738968902,0.9804516225790052,0.9382598931128383,0.9330210828626198,707,706,0.988767756555555,0.9946649679671427,0.9913114679869338,0.990501679438104,705,706,0.8961272743071877,0.9842149280449879,0.9316753633963065,0.9146838878367441,707,706
0.25,6,3,2,homogeneous,flat,3,1.0,1.0,1.0,1.0,696,696,1.0,1.0,1.0,1.0,696,696,1.0,1.0,1.0,1.0,696,696,1.0,1.0,1.0,1.0,696,696
0.25,6,3,2,homogeneous,log_uniform,3,0.9524240511527953,0.9600740259164153,0.9560367000825298,0.9556120231783789,699,701,0.980752156497469,1.0,0.9875257418262294,0.9818250689812191,699,701,0.9185510816650306,0.951283959332531,0.9386931202537073,0.9462443197635604,699,701,0.9915450174758615,1.0169188853111562,1.005901371990736,1.00924021318519,700,699
0.25,6,3,3,beta_bimodal,flat,3,0.9409041640532535,0.9892801233083433,0.9693763581372196,0.9779447870500623,714,716,0.9035819188634234,0.998269271052457,0.9618022977718899,0.9835557033997891,714,716,0.9317346112732159,0.987624763754037,0.9647470739977031,0.9748818469658562,714,716,0.9124744103474349,0.9999424718836369,0.9663542592460361,0.9866458955070365,714,716
0.25,6,3,3,beta_bimodal,log_uniform,3,0.9789412823272181,0.9848552025919519,0.9821378548678942,0.9826170796845128,719,717,0.9660579024966549,0.9862549227293881,0.9742435484714388,0.9704178201882734,719,718,0.9524581493085542,0.9796657730805137,0.9697367501549223,0.9770863280756987,719,718,0.9781336729811646,0.9929191771407152,0.9867596432318094,0.9892260795735486,717,719
0.25,6,3,3,homogeneous,flat,3,0.9865125240847784,0.9865125240847784,0.9865125240847784,0.9865125240847784,708,708,0.8956163194444444,0.8956163194444444,0.8956163194444443,0.8956163194444444,708,708,0.9865125240847784,0.9865125240847784,0.9865125240847784,0.9865125240847784,708,708,0.8956163194444444,0.8956163194444444,0.8956163194444443,0.8956163194444444,708,708
0.25,6,3,3,homogeneous,log_uniform,3,0.9630529265057131,0.9679359820413649,0.9656603033822359,0.9659920015996296,711,712,0.9803912075099954,0.9859425930886081,0.9825157215236446,0.9812133639723305,711,712,0.9415220401511927,0.9543293120776309,0.9475340376573786,0.9467507607433123,713,712,0.9972726304140341,1.0067148946483817,1.0013291750208055,1.0000000000000007,711,713
0.3,4,2,2,beta_bimodal,flat,3,0.9519575732097284,0.9874528575629702,0.9657225666393909,0.9577572691454741,726,728,1.0,1.0,1.0,1.0,726,726,0.9885470971522947,0.9999996812768676,0.9944297587527031,0.994742497828947,728,727,0.956988944663973,0.9988930829977887,0.9712132006889099,0.9577575744049683,726,728
0.3,4,2,2,beta_bimodal,log_uniform,3,0.9640924919720387,1.0,0.9854791268149251,0.992344888472737,729,730,0.8855244712686715,1.0,0.9406808717385173,0.9365181439468807,731,729,0.9883367224931383,0.9999995337007207,0.993560381555532,0.9923448884727369,730,729,0.8855244712686716,0.9640929415278826,0.9323957758723802,0.9475699148205865,731,729
0.3,4,2,2,homogeneous,flat,3,1.0,1.0,1.0,1.0,720,720,1.0,1.0,1.0,1.0,720,720,0.9999999999999999,0.9999999999999999,0.9999999999999999,0.9999999999999999,720,720,1.0000000000000002,1.0000000000000002,1.0000000000000002,1.0000000000000002,720,720
0.3,4,2,2,homogeneous,log_uniform,3,1.0,1.0,1.0,1.0,723,723,0.9189433753527936,0.986663507269417,0.9588763934528665,0.9710222977363893,723,725,0.9936074585778497,1.0,0.9978691528592831,0.9999999999999998,725,724,0.9189433753527938,0.9930113736078717,0.9609923488990183,0.9710222977363893,723,725
0.3,4,2,3,beta_bimodal,flat,3,0.9883135866855896,1.0,0.9961045288951965,1.0,740,738,0.854916723619002,0.9592805100963534,0.9104856391767031,0.9172596838147541,739,740,0.9543670337530773,0.9986983682426379,0.9805538161209597,0.9885960463671638,739,740,0.8957944830271599,0.9493056078975903,0.9243136091592707,0.9278407365530619,739,740
0.3,4,2,3,beta_bimodal,log_uniform,3,1.0,1.0,1.0,1.0,741,741,0.867506614439699,0.9597175311437234,0.9180766800995036,0.9270058947150888,743,741,0.9598613709399784,0.9999999999999999,0.9817024671683378,0.9852460305650352,743,741,0.9037832344374505,0.9597175311437235,0.9347961630031524,0.9408877234282832,743,741
0.3,4,2,3,homogeneous,flat,3,1.0,1.0,1.0,1.0,732,732,0.8821428571428571,0.8821428571428571,0.8821428571428571,0.8821428571428571,732,732,0.9999999999999999,0.9999999999999999,0.9999999999999999,0.9999999999999999,732,732,0.8821428571428572,0.8821428571428572,0.8821428571428572,0.8821428571428572,732,732
0.3,4,2,3,homogeneous,log_uniform,3,0.9984382295192942,1.0,0.9994794098397648,1.0,736,735,0.8728351514394393,0.9340210079998971,0.9099561135061499,0.9230121810791133,735,736,0.9965416388008191,0.9999999999999998,0.9988472129336063,0.9999999999999998,736,735,0.8728351514394395,0.9357986111683557,0.9105486478956362,0.9230121810791135,735,736
0.3,4,3,2,beta_bimodal,flat,3,0.9758092235565851,0.9996718976090481,0.9907863104626191,0.9968778102222242,750,752,0.9387934337590101,1.0,0.9795978112530034,1.0,750,751,0.9826512069896776,0.9988547173454589,0.9906868291973892,0.9905545632570306,750,752,0.9322568223192781,1.0063835423102814,0.9798194939562106,1.0008181172390724,750,751
0.3,4,3,2,beta_bimodal,log_uniform,3,0.9915937076476453,0.9999944879904548,0.9969581917139284,0.999286379503685,754,755,0.9896780685088201,1.0,0.9944691719834945,0.9937294474416634,753,755,0.9814853574349259,0.9993800445441124,0.9913026906998449,0.9930426701204962,754,755,0.9959006231166044,1.0039638999430074,1.0001597825566086,1.0006148246102138,753,754
0.3,4,3,2,homogeneous,flat,3,0.940375714674653,0.940375714674653,0.9403757146746529,0.940375714674653,744,744,0.9478865083960624,0.9478865083960624,0.9478865083960623,0.9478865083960624,744,744,0.9256738361012793,0.9256738361012793,0.9256738361012792,0.9256738361012793,744,744,0.9629411764705885,0.9629411764705885,0.9629411764705885,0.9629411764705885,744,744
0.3,4,3,2,homogeneous,log_uniform,3,0.9596718067625258,0.9837669588014998,0.9723799691261058,0.9737011418142919,748,749,0.9681399460028777,0.9962023279527772,0.9808161492223545,0.9781061737114087,748,749,0.9495442817386182,0.9800309345210776,0.965362742126036,0.9665130101184122,748,749,0.978465806226938,1.0000000000000002,0.9879487773614141,0.985380525857304,748,749
0.3,4,3,3,beta_bimodal,flat,3,0.9944932076077023,0.9999263612153152,0.9977214494326434,0.9987447794749125,762,763,0.9348888067212938,0.9960474232574796,0.9666053063104992,0.9688796889527244,762,763,0.9896849563883556,0.9995110903277412,0.995218684978194,0.996460008218485,762,763,0.939430838219151,0.996461255081383,0.9689977716416379,0.97110122162438,762,763
0.3,4,3,3,beta_bimodal,log_uniform,3,0.9978128955888029,0.9999927153870445,0.9985503788496279,0.9978455255730363,767,766,0.993624096473605,0.9999392935163194,0.9960118471356018,0.9944721514168808,765,766,0.9942519853207722,0.9999731124109245,0.9967090326974503,0.9959020003606542,765,766,0.9963803031105024,0.9999588958294706,0.997851522092506,0.9972153673375453,767,766
0.3,4,3,3,homogeneous,flat,3,0.9350297780184084,0.9350297780184084,0.9350297780184084,0.9350297780184084,756,756,0.8627678054429646,0.8627678054429646,0.8627678054429646,0.8627678054429646,756,756,0.9204114780725497,0.9204114780725497,0.9204114780725497,0.9204114780725497,756,756,0.8764705882352944,0.8764705882352944,0.8764705882352944,0.8764705882352944,756,756
0.3,4,3,3,homogeneous,log_uniform,3,0.9589349872536587,0.9728977186327994,0.9647303142435285,0.9623582368441276,760,759,0.9501454331204311,0.9799989231022777,0.966337841983277,0.968869169727122,761,759,0.948978396185608,0.9662353380604697,0.9560495684814057,0.9529349711981393,760,759,0.9595411139268131,0.9867562062702547,0.9751105910320904,0.9790344528992038,761,759
0.3,5,2,2,beta_bimodal,flat,3,0.9884755905224368,0.9982446238261852,0.9942541260554686,0.9960421638177841,775,774,0.9999999999999997,1.0,0.9999999999999999,0.9999999999999999,775,776,0.9884755905224367,0.9999847039652054,0.9961167104052958,0.9998898367282454,775,776,0.996057399546425,0.9999999999999999,0.9981373351274533,0.9983546058359352,776,775
0.3,5,2,2,beta_bimodal,log_uniform,3,0.9867623310027438,0.9947188952780525,0.9905429402308288,0.9901475944116898,777,778,0.9172129061918882,1.0,0.9716352668302074,0.997692894298734,778,777,0.9522167610509407,0.9999928353508561,0.9826027512838924,0.9955986574498806,777,778,0.9123755456326389,1.036279102999275,0.980295004536111,0.9922303649764189,778,777
0.3,5,2,2,homogeneous,flat,3,1.0,1.0,1.0,1.0,768,768,1.0,1.0,1.0,1.0,768,768,0.9999999999999992,0.9999999999999992,0.9999999999999992,0.9999999999999992,768,768,1.0000000000000009,1.0000000000000009,1.0000000000000009,1.0000000000000009,768,768
0.3,5,2,2,homogeneous,log_uniform,3,1.0,1.0,1.0,1.0,771,771,0.9439317518562831,1.0,0.9727023627173749,0.9741753362958417,773,772,0.9829746822554325,1.0000000000000002,0.994324894085144,0.9999999999999997,772,773,0.9439317518562828,1.0173201996469563,0.9784757625996937,0.9741753362958421,773,772
0.3,5,2,3,beta_bimodal,flat,3,0.9755382811471552,0.9991425111047135,0.9889117812583342,0.9920545515231338,787,786,0.9902018691846772,0.9963815193482972,0.9926632651173515,0.9914064068190801,787,786,0.9811545771467975,0.996107637465847,0.9905627677027663,0.994426088495654,787,786,0.9845337849436472,0.9994172274320309,0.9909976945496984,0.9890420712734171,787,786
0.3,5,2,3,beta_bimodal,log_uniform,3,0.9674466057336322,0.996739232897324,0.9835689334752126,0.9865209617946813,789,790,0.7669362744966185,0.9746685360177445,0.9026823667633824,0.9664422897757847,790,791,0.940189906518518,0.9995004250499111,0.9785914942165456,0.9960841510812074,790,789,0.8130649655169795,0.9653109534365524,0.9046081861806624,0.9354486395884554,790,791
0.3,5,2,3,homogeneous,flat,3,1.0,1.0,1.0,1.0,780,780,1.0,1.0,1.0,1.0,780,780,0.9999999999999996,0.9999999999999996,0.9999999999999996,0.9999999999999996,780,780,1.0000000000000004,1.0000000000000004,1.0000000000000004,1.0000000000000004,780,780
0.3,5,2,3,homogeneous,log_uniform,3,0.996213233923872,0.9985082961214947,0.9973142800029038,0.9972213099633446,785,783,0.9240738607004892,0.9965213606028377,0.9548432782726942,0.9439346135147559,783,784,0.986565340349972,0.9985082961214943,0.9929419910327607,0.993752336626816,785,783,0.9240738607004897,1.0000000000000004,0.959079823398798,0.9531656094959042,783,784
0.3,5,3,2,beta_bimodal,flat,3,0.9488608568874131,0.9966381438971149,0.9673183368065112,0.9564560096350055,798,800,0.9890962695078774,1.0,0.9952285715123704,0.9965894450292341,800,798,0.9543037448298517,0.9863338578078676,0.967421654762829,0.9616273616507677,798,800,0.991230077106724,0.9994294146697682,0.9949853248169932,0.9942964826744873,799,800
0.3,5,3,2,beta_bimodal,log_uniform,3,0.9737119072937912,0.9922309586650413,0.9849722919603906,0.9889740099223392,801,803,0.9661354444106439,0.9965391047113364,0.9839288108049574,0.9891118832928917,801,802,0.9265284120938599,0.9896624678149422,0.962503706629105,0.9713202399785134,801,803,0.9916789451999388,1.0153359292622786,1.0072220342073797,1.0146512281599216,803,801
0.3,5,3,2,homogeneous,flat,3,0.9586760179625613,0.9586760179625613,0.9586760179625613,0.9586760179625613,792,792,0.9999999999999998,0.9999999999999998,0.9999999999999997,0.9999999999999998,792,792,0.9586760179625611,0.9586760179625611,0.9586760179625612,0.9586760179625611,792,792,1.0,1.0,1.0,1.0,792,792
0.3,5,3,2,homogeneous,log_uniform,3,0.9487475125217905,0.9639044722571052,0.958107169979355,0.9616695251591694,797,795,0.9845469098634706,0.9986047934852063,0.9935966774871203,0.9976383291126839,796,795,0.9300935223801237,0.9534564097989506,0.942424071085595,0.9437222810777106,797,795,1.0032705365651597,1.017647000400485,1.0101550443409184,1.0095475960571099,796,797
0.3,5,3,3,beta_bimodal,flat,3,0.9971780425912066,0.9980609920479421,0.9975359796227125,0.9973689042289889,810,811,0.9967459372754055,0.9968766986312494,0.9968316105461573,0.9968721957318171,811,812,0.9856102376629674,0.9980377440323657,0.9908479321135727,0.9888958146453853,810,812,0.9962086369080428,1.008572178806216,1.003588228683693,1.0059838703368198,812,810
0.3,5,3,3,beta_bimodal,log_uniform,3,0.9498507310974432,0.9840068410150282,0.9669763535150578,0.967071488432702,815,814,0.8345643716321214,0.9749506316053745,0.9092451579644772,0.9182204706559359,813,814,0.9321839985646968,0.954047841341132,0.9452621586902193,0.9495546361648292,813,815,0.8657983942117237,1.0103242663596246,0.9301012117059351,0.9141809745464566,813,814
0.3,5,3,3,homogeneous,flat,3,0.9620405402019493,0.9620405402019493,0.9620405402019493,0.9620405402019493,804,804,0.914131680383373,0.914131680383373,0.914131680383373,0.914131680383373,804,804,0.9521184635814687,0.9521184635814687,0.9521184635814687,0.9521184635814687,804,804,0.9236578947368418,0.9236578947368418,0.9236578947368418,0.9236578947368418,804,804
0.3,5,3,3,homogeneous,log_uniform,3,0.9431911503366928,0.9809562707484524,0.9672317942033494,0.9775479615249031,807,808,0.9488213193911142,0.9962023143791015,0.9670481975424042,0.956120958856997,809,808,0.929890695831318,0.9775479615249028,0.9615565215268406,0.977230907224301,807,809,0.9488213193911146,0.9999999999999999,0.9728726368778803,0.969796591242526,809,808
0.3,6,2,2,beta_bimodal,flat,3,0.991004084054925,1.0,0.9965319485182552,0.9985917614998407,824,823,1.0,1.0,1.0,1.0,822,822,0.991004084054925,1.0000000000000002,0.9965319485182554,0.9985917614998407,824,823,0.9999999999999999,1.0,1.0,1.0,823,822
0.3,6,2,2,beta_bimodal,log_uniform,3,0.9608393806499592,0.9888059977965064,0.9783040780458783,0.9852668556911691,826,827,0.9418235146923053,1.0,0.9645733010049327,0.9518963883224927,827,825,0.960839380649959,0.9833404714507932,0.9725801203163799,0.9735605088483873,826,825,0.951896388322493,1.00195902059999,0.9701424755036435,0.9565720175884476,826,825
0.3,6,2,2,homogeneous,flat,3,1.0,1.0,1.0,1.0,816,816,1.0,1.0,1.0,1.0,816,816,0.9999999999999992,0.9999999999999992,0.9999999999999992,0.9999999999999992,816,816,1.0000000000000009,1.0000000000000009,1.0000000000000009,1.0000000000000009,816,816
0.3,6,2,2,homogeneous,log_uniform,3,0.9942571898217002,1.0,0.9965145110112217,0.9952863432119646,819,820,0.9621369516143594,1.0,0.987378983871453,0.9999999999999998,820,821,0.9789677834512552,0.9999999999999999,0.9910749910909851,0.9942571898217002,821,820,0.9621369516143596,1.0166691489102735,0.9929353668415443,0.9999999999999998,820,821
0.3,6,2,3,beta_bimodal,flat,3,0.9812671590880605,0.9969378423348911,0.9904531440441641,0.9931544307095405,835,834,0.997111252488409,0.9983907860943131,0.9976500959687495,0.9974482493235263,836,835,0.9998687747963175,0.9999986512739232,0.9999548557102553,0.9999971410605252,834,836,0.979690891207424,0.9945244121898675,0.9881673657807056,0.9902867939448253,835,834
0.3,6,2,3,beta_bimodal,log_uniform,3,0.991903051953718,0.9998423171577037,0.9968879539178325,0.998918492642076,838,837,0.8781524448454261,0.9920436059433939,0.9331862844408914,0.9293628025338538,838,839,0.9922725685929656,0.9979013485533026,0.9952307966794587,0.9955184728921077,837,839,0.8749632616985089,0.9930547793334826,0.934823557491005,0.9364526314410232,838,839
0.3,6,2,3,homogeneous,flat,3,1.0,1.0,1.0,1.0,828,828,1.0,1.0,1.0,1.0,828,828,0.9999999999999998,0.9999999999999998,0.9999999999999997,0.9999999999999998,828,828,1.0000000000000002,1.0000000000000002,1.0000000000000002,1.0000000000000002,828,828
0.3,6,2,3,homogeneous,log_uniform,3,0.9863345120108605,1.0,0.9954448373369535,1.0,833,831,0.8674097915886386,0.9266219078645382,0.8959014196018164,0.8936725593522723,832,833,0.9863345120108599,1.0000000000000002,0.9954448373369532,1.0,833,832,0.8674097915886383,0.9266219078645389,0.8959014196018166,0.8936725593522723,832,833
0.3,6,3,2,beta_bimodal,flat,3,0.9486420450786207,0.9994581628478376,0.9684580274994975,0.9572738745720344,848,846,0.9935753285235267,0.9999999999999999,0.9978445154828711,0.9999582179250868,847,848,0.9738970296091701,0.9892666001094282,0.9806877539106139,0.978899632013243,848,846,0.9716253569927086,1.0102599272041064,0.9853178001577504,0.9740681162764359,847,846
0.3,6,3,2,beta_bimodal,log_uniform,3,0.9589658726014778,0.9835571290395552,0.972258950883452,0.9742538510093232,849,851,0.8673879799828672,1.0,0.9491399475425878,0.9800318626448962,849,851,0.9455232281494473,0.9811155860138762,0.9675281555503643,0.9759456524877692,849,850,0.8797197639832405,1.0077990782912793,0.953565516423034,0.9731777069945825,849,851
0.3,6,3,2,homogeneous,flat,3,1.0,1.0,1.0,1.0,840,840,1.0,1.0,1.0,1.0,840,840,0.9999999999999991,0.9999999999999991,0.9999999999999991,0.9999999999999991,840,840,1.0000000000000009,1.0000000000000009,1.0000000000000009,1.0000000000000009,840,840
0.3,6,3,2,homogeneous,log_uniform,3,0.9557941846552538,0.9748107292630156,0.9662550590505484,0.9681602632333761,845,844,0.9652049298859272,1.0,0.978252313050899,0.9695520092667698,843,844,0.9149185199261272,0.9446083246886455,0.9331211735669345,0.9398366760860308,844,845,0.9810332472810298,1.0654617958129478,1.0135960252945384,0.9942930327896373,845,844
0.3,6,3,3,beta_bimodal,flat,3,0.9613926038192858,0.994160058053226,0.9798640224270052,0.9840394054085037,859,860,0.9822561582210919,0.9915970907737517,0.986355661253728,0.9852137347663406,859,860,0.9510956036522857,0.9861120647753806,0.9698820504226023,0.9724384828401408,859,860,0.9928905169400258,0.9996898491994344,0.996515809567283,0.9969670625623888,859,860
0.3,6,3,3,beta_bimodal,log_uniform,3,0.9845791517830531,0.991402276792271,0.987855916712721,0.9875863215628388,862,861,0.8461206334259409,0.9882215474727967,0.929420575309097,0.9539195450285536,861,862,0.9771569596235048,0.9917465695492302,0.983791227591199,0.9824701536008619,863,861,0.8458268958779152,0.990342891759525,0.9334235592462279,0.9641008901012436,861,862
0.3,6,3,3,homogeneous,flat,3,0.9824630348283147,0.9824630348283147,0.9824630348283147,0.9824630348283147,852,852,0.8758071428571427,0.8758071428571427,0.8758071428571427,0.8758071428571427,852,852,0.9824630348283138,0.9824630348283138,0.9824630348283138,0.9824630348283138,852,852,0.8758071428571435,0.8758071428571435,0.8758071428571435,0.8758071428571435,852,852
0.3,6,3,3,homogeneous,log_uniform,3,0.9458975766303428,0.9495178944043967,0.9473249171222194,0.9465592803319185,855,856,0.9776405276378523,0.9797586874961153,0.978685934218574,0.9786585875217544,857,856,0.9274431067150442,0.9373610164144243,0.9316994048885663,0.9302940915362304,857,856,0.9924654318720088,0.9977913551397273,0.9951100199207065,0.9950732727503836,856,857
0.35,4,2,2,beta_bimodal,flat,3,0.9843596483470795,1.0,0.9902058009509495,0.9862577545057688,872,870,1.0,1.0,1.0,1.0,870,870,0.9939237973438488,0.994468958596928,0.9942741924331951,0.994429821358809,871,872,0.9898344637482588,1.0056013793246665,0.9959076450141948,0.9922870919696594,872,870
0.35,4,2,2,beta_bimodal,log_uniform,3,0.99957888225487,1.0,0.99985962741829,1.0,874,873,0.9917111390714833,1.0,0.997237046357161,1.0,875,873,0.9975572055079905,0.9999999999999998,0.9991857281106871,0.9999999788240707,873,875,0.9917111390714836,1.002448776349388,0.9979129396142513,0.9995789034218823,875,873
0.35,4,2,2,homogeneous,flat,3,0.9999999999999999,0.9999999999999999,0.9999999999999999,0.9999999999999999,864,864,1.0,1.0,1.0,1.0,864,864,0.9999999999999999,0.9999999999999999,0.9999999999999999,0.9999999999999999,864,864,1.0,1.0,1.0,1.0,864,864
0.35,4,2,2,homogeneous,log_uniform,3,1.0,1.0,1.0,1.0,867,867,0.953395976150515,0.9999999999999998,0.9813193453763418,0.9905620599785105,867,869,0.9999999999999999,1.0000000000000002,1.0,1.0,868,869,0.953395976150515,0.9999999999999996,0.9813193453763418,0.9905620599785107,867,869
0.35,4,2,3,beta_bimodal,flat,3,0.9664365631290961,0.9882113082230183,0.9775641670542683,0.9780446298106906,883,882,0.8921352503198435,0.9378339637071245,0.9211380484229438,0.9334449312418632,882,884,0.9780446298106906,0.9949091595562224,0.9865646142830421,0.9867400534822128,884,883,0.8934654468714487,0.9378339637071245,0.912676915451347,0.9067313357754679,882,884
0.35,4,2,3,beta_bimodal,log_uniform,3,0.989931130910516,0.9944073374820201,0.9928924858062173,0.9943389890261155,885,886,0.9379453921842213,0.9953801474519518,0.972331860380347,0.9836700415048676,887,885,0.9979294293147621,0.999950462869106,0.9987996088360155,0.9985189343241785,887,886,0.9345707678613762,0.9868193393046677,0.966535757390491,0.9782171650054292,887,885
0.35,4,2,3,homogeneous,flat,3,0.9999999999999999,0.9999999999999999,0.9999999999999999,0.9999999999999999,876,876,0.8846153846153847,0.8846153846153847,0.8846153846153847,0.8846153846153847,876,876,0.9999999999999999,0.9999999999999999,0.9999999999999999,0.9999999999999999,876,876,0.8846153846153847,0.8846153846153847,0.8846153846153847,0.8846153846153847,876,876
0.35,4,2,3,homogeneous,log_uniform,3,1.0,1.0,1.0,1.0,879,879,0.8638956733867461,1.0,0.9546318911289152,0.9999999999999999,880,881,1.0,1.0,1.0,1.0,879,879,0.8638956733867461,1.0,0.9546318911289152,0.9999999999999999,880,881
0.35,4,3,2,beta_bimodal,flat,3,0.9927116775499696,0.9997113785669187,0.9972449613068782,0.9993118278037463,895,896,0.9999999999999998,1.0,1.0,1.0,894,895,0.9735054850850546,0.9980189497357687,0.9875598342034112,0.9911550677894101,895,896,1.0016957882729562,1.019728900102948,1.0098847460668543,1.0082295498246587,896,895
0.35,4,3,2,beta_bimodal,log_uniform,3,0.993774062799058,1.0,0.9974613632139603,0.998610026842823,899,898,0.9949524657641178,0.9982596020303582,0.9966182859354866,0.9966427900119837,898,897,0.9720129970166059,1.0,0.9871693470962666,0.9894950442721939,899,898,0.9949524657641178,1.0189552584477188,1.007121015247298,1.0074553215300577,898,899
0.35,4,3,2,homogeneous,flat,3,0.9386284090515301,0.9386284090515301,0.9386284090515301,0.9386284090515301,888,888,0.9276378941150407,0.9276378941150407,0.9276378941150408,0.9276378941150407,888,888,0.9148560141386837,0.9148560141386837,0.9148560141386838,0.9148560141386837,888,888,0.9517424242424243,0.9517424242424243,0.9517424242424243,0.9517424242424243,888,888
0.35,4,3,2,homogeneous,log_uniform,3,0.9642812256773565,0.9795315966235948,0.9709789682138935,0.969124082340729,893,891,0.9696048010045799,0.9905336675430055,0.9778556668887162,0.9734285321185631,892,891,0.950227188412603,0.9702590248778254,0.9586063510356349,0.9553328398164764,893,891,0.9836020744217719,0.9999999999999998,0.9904759320012865,0.9878257215820878,892,891
0.35,4,3,3,beta_bimodal,flat,3,0.9752080267797132,0.9983824617660744,0.990298248419907,0.9973042567139336,906,907,0.9150821099296297,0.9667510419847635,0.9451317186649512,0.9535620040804603,906,907,0.9598380577797032,0.9908651379119218,0.9802204940811894,0.989958286551943,906,907,0.9297353981047378,0.9740854211963015,0.954819571830682,0.9606378961910069,906,907
0.35,4,3,3,beta_bimodal,log_uniform,3,0.9835015956316502,0.999418513934571,0.9940892888158439,0.9993477568813103,909,911,0.938973662221687,0.9999999999999998,0.9752788171028105,0.9868627890867446,910,909,0.9789145096501558,0.9966868786641114,0.9898777292786151,0.9940317995215779,909,910,0.9414804621182382,1.0046858902756826,0.9794590022071926,0.9922106542276573,910,909
0.35,4,3,3,homogeneous,flat,3,0.9386284090515301,0.9386284090515301,0.9386284090515301,0.9386284090515301,900,900,0.9746732629402642,0.9746732629402642,0.9746732629402642,0.9746732629402642,900,900,0.9148560141386837,0.9148560141386837,0.9148560141386838,0.9148560141386837,900,900,1.0000000000000002,1.0000000000000002,1.0000000000000002,1.0000000000000002,900,900
0.35,4,3,3,homogeneous,log_uniform,3,0.9715321111131096,0.9851657167451467,0.9774053128977106,0.9755181108348756,903,904,0.9906569966958123,0.9970261017692088,0.9931690047974788,0.991823915927415,903,905,0.9624550833888555,0.979695353705223,0.9715891521150125,0.9726170192509591,903,904,0.9973620016918131,1.0,0.9991206672306042,0.9999999999999998,904,905
0.35,5,2,2,beta_bimodal,flat,3,0.9795188703654383,1.0,0.9921599853862899,0.9969610857934318,920,918,1.0,1.0,1.0,1.0,918,918,0.9998191945749019,1.0000000000000002,0.9999368680436014,0.9999914095559019,920,918,0.9796960047180382,0.9999999999999998,0.9922218849745058,0.9969696502054793,920,918
0.35,5,2,2,beta_bimodal,log_uniform,3,0.9811784027963465,0.997764043149244,0.9869163129131984,0.9818064927940047,921,923,0.9237957561907687,1.0,0.9745985853969229,1.0,923,921,0.983286020826602,0.9996773804318909,0.993575814802579,0.9977640431492437,922,921,0.923795756190769,0.9984953228244275,0.9679287104404731,0.9814950523062227,923,922
0.35,5,2,2,homogeneous,flat,3,1.0,1.0,1.0,1.0,912,912,1.0,1.0,1.0,1.0,912,912,1.0000000000000002,1.0000000000000002,1.0000000000000002,1.0000000000000002,912,912,0.9999999999999999,0.9999999999999999,0.9999999999999999,0.9999999999999999,912,912
0.35,5,2,2,homogeneous,log_uniform,3,1.0,1.0,1.0,1.0,915,915,0.9684103975987042,1.0,0.9809009128898376,0.9742923410708088,915,917,0.9999999999999998,1.0,1.0,1.0,916,915,0.9684103975987042,1.0,0.9809009128898377,0.974292341070809,915,917
0.35,5,2,3,beta_bimodal,flat,3,1.0,1.0,1.0,1.0,930,930,0.9420252698392563,0.9786672472130558,0.9607651164567784,0.961602832318023,930,932,0.9410542456305707,0.9655346567420795,0.9564590737493873,0.9627883188755119,930,932,0.9987686944946804,1.0136013662267582,1.0044673026476643,1.001031847221554,931,932
0.35,5,2,3,beta_bimodal,log_uniform,3,0.9960745449287544,1.0,0.9986915149762514,1.0,933,934,0.9126549224354034,1.0,0.9540555717328932,0.9495117927632762,933,935,0.9663778517627918,0.9867589287782484,0.9786431791140228,0.9827927568010284,934,933,0.921270950816119,1.017508516500448,0.9737755352045716,0.9825471382971477,933,935
0.35,5,2,3,homogeneous,flat,3,1.0,1.0,1.0,1.0,924,924,1.0,1.0,1.0,1.0,924,924,1.0000000000000002,1.0000000000000002,1.0000000000000002,1.0000000000000002,924,924,0.9999999999999999,0.9999999999999999,0.9999999999999999,0.9999999999999999,924,924
0.35,5,2,3,homogeneous,log_uniform,3,1.0,1.0,1.0,1.0,927,927,0.8902705885074134,1.0,0.963423529502471,0.9999999999999998,929,927,0.9999999999999997,1.0,0.9999999999999999,1.0,928,927,0.8902705885074134,1.0000000000000002,0.9634235295024712,1.0,929,928
0.35,5,3,2,beta_bimodal,flat,3,0.9897577462097764,0.9930885129097443,0.9916006596150836,0.9919557197257302,942,943,0.999505753175919,1.0,0.9997834499968249,0.9998445968145553,942,944,0.987897114219898,0.9929772062356331,0.9908047640188142,0.9915399716009113,942,944,0.9989712890653598,1.0014061079032923,1.0005885487190735,1.0013882491885684,944,943
0.35,5,3,2,beta_bimodal,log_uniform,3,0.9664237441133657,0.9934082788146054,0.984195011385702,0.9927530112291348,947,945,0.9700111597418729,0.9843263940344565,0.9789738841405606,0.9825840986453527,946,947,0.9608891911647751,0.994199824941343,0.9779244280138969,0.9786842679355727,947,945,0.9818018005419281,0.989995941154531,0.9852509891369295,0.9839552257143295,945,947
0.35,5,3,2,homogeneous,flat,3,0.9436466043466722,0.9436466043466722,0.9436466043466721,0.9436466043466722,936,936,1.0,1.0,1.0,1.0,936,936,0.9436466043466722,0.9436466043466722,0.9436466043466721,0.9436466043466722,936,936,1.0,1.0,1.0,1.0,936,936
0.35,5,3,2,homogeneous,log_uniform,3,0.95359082666842,0.9713983261956036,0.9630771282724148,0.9642422319532209,941,940,0.9714298418422854,0.9977793991158774,0.9852861707697594,0.9866492713511154,941,940,0.935337582198032,0.9531427433071927,0.9436479405794356,0.9424634962330818,941,940,0.9903874318359519,1.0168899097427606,1.0055754690341145,1.009449065523631,941,940
0.35,5,3,3,beta_bimodal,flat,3,0.9932292693036338,0.9983718332791692,0.9953072123059273,0.9943205343349789,956,954,0.950035716212231,0.9982332473950651,0.979531286892672,0.9903248970707199,955,954,0.9855785304987736,0.9925539478834102,0.9886263229243141,0.9877464903907585,954,956,0.9563587723888087,1.0111908147366748,0.9861827629992819,0.9909987018723618,955,954
0.35,5,3,3,beta_bimodal,log_uniform,3,0.9905322411713855,0.9992365131273571,0.9960966292596578,0.9985211334802309,958,957,0.9637035204602504,0.9913715487102062,0.974451562676785,0.9682796188598985,958,959,0.9710894164529883,0.999662868559892,0.985903900062932,0.9869594151759157,958,957,0.9678666483588451,1.0029849528733925,0.9846166894976015,0.9829984672605669,957,959
0.35,5,3,3,homogeneous,flat,3,0.9632338244882848,0.9632338244882848,0.9632338244882849,0.9632338244882848,948,948,0.9796651450108511,0.9796651450108511,0.9796651450108511,0.9796651450108511,948,948,0.9436466043466722,0.9436466043466722,0.9436466043466721,0.9436466043466722,948,948,1.0,1.0,1.0,1.0,948,948
0.35,5,3,3,homogeneous,log_uniform,3,0.951511655254362,0.9698888368802453,0.9601590281788807,0.9590765924020347,952,951,0.9673683263312772,0.9799231695745514,0.9717242685511963,0.9678813097477601,953,951,0.9307950194125352,0.9590765924020349,0.9488203190286644,0.9565893452714231,952,953,0.9673683263312771,0.9935470720730152,0.9834462569374774,0.9894233724081403,953,951
0.35,6,2,2,beta_bimodal,flat,3,0.9929334481713611,0.9950864522844347,0.9941091578767848,0.9943075731745583,967,966,1.0,1.0,1.0,1.0,966,966,0.9887820114753306,0.9943075731745583,0.9920076776070834,0.992933448171361,966,968,1.0,1.006375966326185,1.0021253221087285,1.0000000000000002,968,966
0.35,6,2,2,beta_bimodal,log_uniform,3,0.9935749821474658,0.999884282718933,0.9970571102062862,0.9977120657524599,971,970,0.900283991182205,1.0,0.9381639801303967,0.9142079492089853,969,971,0.9887538499257866,0.9998842827189331,0.9954500661323932,0.9977120657524594,971,970,0.9002839911822055,1.004875968090583,0.9397893028272578,0.9142079492089852,969,971
0.35,6,2,2,homogeneous,flat,3,0.9999999999999999,0.9999999999999999,0.9999999999999999,0.9999999999999999,960,960,1.0,1.0,1.0,1.0,960,960,1.0000000000000004,1.0000000000000004,1.0000000000000004,1.0000000000000004,960,960,0.9999999999999993,0.9999999999999993,0.9999999999999994,0.9999999999999993,960,960
0.35,6,2,2,homogeneous,log_uniform,3,1.0,1.0,1.0,1.0,963,963,0.9650979772673626,0.9725150498463727,0.9696501879729862,0.9713375368052231,965,964,0.9999999999999991,1.0,0.9999999999999996,0.9999999999999996,964,965,0.9650979772673626,0.9725150498463735,0.9696501879729865,0.9713375368052235,965,964
0.35,6,2,3,beta_bimodal,flat,3,0.9874714966179744,0.9994525737215469,0.9948990671329302,0.9977731310592695,980,979,0.943615035798086,0.9920681125991736,0.9737576015512275,0.9855896562564226,979,978,0.9821736113008438,0.9956913544493997,0.9879870567721375,0.9860962045661689,979,980,0.9602156536069588,1.0038157558547989,0.9804948672414145,0.9774531922624863,979,978
0.35,6,2,3,beta_bimodal,log_uniform,3,0.9935451292019792,1.0,0.9973490032075335,0.998501880420621,982,983,0.878085118569354,0.961446665520247,0.9059655743074223,0.878364938832666,981,982,0.9350476147152835,0.9998727746407018,0.9781702031807308,0.9995902201862067,983,981,0.8768812035870521,0.9556322503207173,0.9239644527378766,0.9393799043058604,981,982
0.35,6,2,3,homogeneous,flat,3,0.9999999999999999,0.9999999999999999,0.9999999999999999,0.9999999999999999,972,972,1.0,1.0,1.0,1.0,972,972,1.0000000000000004,1.0000000000000004,1.0000000000000004,1.0000000000000004,972,972,0.9999999999999993,0.9999999999999993,0.9999999999999994,0.9999999999999993,972,972
0.35,6,2,3,homogeneous,log_uniform,3,1.0,1.0,1.0,1.0,975,975,0.8929122614062436,1.0,0.9643040871354146,1.0,975,976,0.9999999999999993,1.0000000000000002,0.9999999999999999,0.9999999999999999,976,975,0.8929122614062434,1.0000000000000007,0.9643040871354147,1.0000000000000002,975,976
0.35,6,3,2,beta_bimodal,flat,3,0.9931289391912773,0.9936058946473758,0.9933923694391087,0.9934422744786732,992,990,0.9874636649280473,0.9997243708562414,0.9950656302335642,0.9980088549164038,991,990,0.9586115992712384,0.9643193580348991,0.9618106469338978,0.9625009834955562,992,990,1.0192074253144852,1.0339447969752595,1.0277461285960452,1.030086163498391,991,992
0.35,6,3,2,beta_bimodal,log_uniform,3,0.9605347554898445,0.9982311735473861,0.9847473456977801,0.9954761080561096,994,995,0.9874150217023973,1.0,0.9958050038851075,0.9999999899529255,994,993,0.9725084394794672,0.9856856867231791,0.9783744213317918,0.9769291377927289,995,994,0.9622199644502641,1.0264498723038167,1.0025516022139163,1.0189849698876683,994,995
0.35,6,3,2,homogeneous,flat,3,0.9802720254870726,0.9802720254870726,0.9802720254870726,0.9802720254870726,984,984,1.0,1.0,1.0,1.0,984,984,0.9802720254870728,0.9802720254870728,0.9802720254870728,0.9802720254870728,984,984,0.9999999999999998,0.9999999999999998,0.9999999999999997,0.9999999999999998,984,984
0.35,6,3,2,homogeneous,log_uniform,3,0.9475933523812066,0.9727535270181994,0.9620745168300563,0.965876671090763,988,989,0.9565200459908327,1.0,0.9855066819969442,1.0,988,987,0.9166552430680917,0.9447645647888577,0.9298578458917791,0.9281537298183881,988,987,0.9888036356684536,1.0480521661088817,1.0197340741148964,1.0223464205673543,988,989
0.35,6,3,3,beta_bimodal,flat,3,0.9850066695846841,0.9942874280378726,0.988408271749046,0.9859307176245812,1002,1004,0.9710884462621767,0.995332610797859,0.9845977660851238,0.9873722411953362,1002,1004,0.9785231597882417,0.9888059129560824,0.9824979244563593,0.9801647006247537,1003,1004,0.975885578939115,1.0008503070878976,0.9905275579495152,0.994846787821533,1002,1004
0.35,6,3,3,beta_bimodal,log_uniform,3,0.9771852590284842,0.9872252316426245,0.9812183216727814,0.9792444743472357,1005,1006,0.893068761127369,0.9473873518754875,0.9289606826007867,0.9464259347995038,1007,1005,0.9628735216075346,0.9779152282480718,0.9709359952148185,0.9720192357888496,1007,1005,0.9082528804884566,0.9612315562425681,0.9387215356858398,0.9466801703264951,1007,1006
0.35,6,3,3,homogeneous,flat,3,0.9769620144956738,0.9769620144956738,0.9769620144956738,0.9769620144956738,996,996,0.9230769230769231,0.9230769230769231,0.923076923076923,0.9230769230769231,996,996,0.976962014495674,0.976962014495674,0.976962014495674,0.976962014495674,996,996,0.923076923076923,0.923076923076923,0.923076923076923,0.923076923076923,996,996
0.35,6,3,3,homogeneous,log_uniform,3,0.9434805789426689,0.9703580621412896,0.959868064035974,0.9657655510239638,999,1001,0.9672196505528816,0.9922906538153057,0.9761417227913514,0.9689148640058669,1001,999,0.9123204472340815,0.9554057439654936,0.9373776490078122,0.9444067558238616,999,1001,0.9823568590659082,1.0261821527506045,0.9997889829282899,0.9908279369683564,1001,999
0.4,4,2,2,beta_bimodal,flat,3,1.0,1.0,1.0,1.0,1014,1014,1.0,1.0,1.0,1.0,1014,1014,0.9883877181891088,0.9985608754804285,0.9927797842407209,0.9913907590526252,1015,1014,1.001441198583791,1.0117487111557466,1.0072913044555083,1.0086840036269873,1014,1015
0.4,4,2,2,beta_bimodal,log_uniform,3,0.9606114564727569,0.9807103668403506,0.9674018115415888,0.9608836113116589,1018,1017,0.8558247488923495,1.0,0.9412267545396075,0.9678555147264726,1018,1017,0.9906279605102223,0.9999610886574093,0.996788470735682,0.9997763630394145,1017,1018,0.8221470493644091,0.9899885788961947,0.9141133861975893,0.9302045303321638,1018,1017
0.4,4,2,2,homogeneous,flat,3,1.0,1.0,1.0,1.0,1008,1008,1.0,1.0,1.0,1.0,1008,1008,1.0000000000000002,1.0000000000000002,1.0000000000000002,1.0000000000000002,1008,1008,0.9999999999999999,0.9999999999999999,0.9999999999999999,0.9999999999999999,1008,1008
0.4,4,2,2,homogeneous,log_uniform,3,0.9952416461156555,1.0,0.9984138820385517,1.0,1012,1011,0.934602848390669,1.0,0.9672058638426861,0.9670147431373892,1013,1012,0.9932112381309993,1.0000000000000004,0.997737079377,0.9999999999999999,1012,1013,0.9346028483906685,1.002044286156565,0.967887292561541,0.9670147431373893,1013,1012
0.4,4,2,3,beta_bimodal,flat,3,0.9680847922756076,1.0,0.9893615974252025,1.0,1028,1026,0.7473129446818148,0.8825635100966035,0.798460755498584,0.7655058117173335,1027,1028,0.9817261611571032,0.9995386196660876,0.9931274930427878,0.9981176983051725,1026,1028,0.7487222658718203,0.8547906959586281,0.794422629810574,0.7797549276012737,1027,1028
0.4,4,2,3,beta_bimodal,log_uniform,3,0.9590740321733353,1.0,0.9858444199111923,0.9984592275602419,1031,1030,0.839454998074933,0.9795786312881299,0.9116209399203838,0.9158291903980886,1029,1030,0.9795786312881297,0.999977029702021,0.9930949262733239,0.9997291178298208,1030,1031,0.8383886934982304,1.0000000000000002,0.9055856214313284,0.8783681707957546,1029,1030
0.4,4,2,3,homogeneous,flat,3,1.0,1.0,1.0,1.0,1020,1020,0.9166666666666669,0.9166666666666669,0.9166666666666669,0.9166666666666669,1020,1020,1.0000000000000002,1.0000000000000002,1.0000000000000002,1.0000000000000002,1020,1020,0.9166666666666667,0.9166666666666667,0.9166666666666666,0.9166666666666667,1020,1020
0.4,4,2,3,homogeneous,log_uniform,3,1.0,1.0,1.0,1.0,1023,1023,0.9999999999999999,1.0,1.0,1.0,1025,1023,0.9999999999999999,1.0000000000000004,1.0000000000000002,1.0000000000000002,1025,1024,0.9999999999999997,1.0,0.9999999999999999,0.9999999999999998,1024,1025
0.4,4,3,2,beta_bimodal,flat,3,0.9909501939535954,0.9985644281081677,0.9948961985543973,0.9951739736014288,1039,1038,1.0,1.0,1.0,1.0,1038,1038,0.9536002309600394,0.9853545698092303,0.9678128814949974,0.9644838437157225,1039,1038,1.0134061978334306,1.039167317478472,1.0281312595476952,1.0318202633311835,1038,1039
0.4,4,3,2,beta_bimodal,log_uniform,3,0.993966211932691,1.0,0.9979013516955489,0.9997378431539561,1042,1043,0.982547752862272,1.0,0.994182584287424,1.0,1042,1041,0.9766192679554903,0.9921882894655754,0.9842271917296342,0.983874017767837,1042,1041,1.0000000000000002,1.0163902917862886,1.0079997615749885,1.0076089929386762,1042,1043
0.4,4,3,2,homogeneous,flat,3,0.9411764705882354,0.9411764705882354,0.9411764705882354,0.9411764705882354,1032,1032,0.9038461538461536,0.9038461538461536,0.9038461538461536,0.9038461538461536,1032,1032,0.9049773755656111,0.9049773755656111,0.9049773755656111,0.9049773755656111,1032,1032,0.9399999999999997,0.9399999999999997,0.9399999999999998,0.9399999999999997,1032,1032
0.4,4,3,2,homogeneous,log_uniform,3,0.9773466499229346,0.9869740722125121,0.9813621837754557,0.9797658291909205,1036,1035,0.9852448276074032,0.9880904448602744,0.9868933005079978,0.9873446290563159,1036,1037,0.9629257316159948,0.9797658291909205,0.9736952313869934,0.9783941333540652,1036,1037,0.9880904448602744,1.0,0.9946978344458471,0.9960030584772672,1037,1036
0.4,4,3,3,beta_bimodal,flat,3,0.9796115018423867,0.9922070401075916,0.9853143323645258,0.984124455143599,1050,1051,0.9011962110980903,0.9344615958259036,0.9153249116832191,0.9103169281256631,1050,1051,0.9422542541872027,0.9677193014615596,0.9569878052296535,0.9609898600401985,1052,1051,0.9186591976855407,0.9581077619184662,0.9425116383980434,0.9507679555901233,1050,1051
0.4,4,3,3,beta_bimodal,log_uniform,3,0.9774193162003897,0.9999119981871322,0.9892897067958785,0.9905378060001138,1053,1054,0.9580361530503508,0.9983639530498251,0.97257827692126,0.961334724663604,1053,1054,0.9533715685911721,0.9999119981871322,0.9755583450077836,0.9733914682450465,1053,1054,0.9782686822978075,0.9983639530498251,0.9862780650039342,0.9822015596641703,1055,1054
0.4,4,3,3,homogeneous,flat,3,0.9411764705882354,0.9411764705882354,0.9411764705882354,0.9411764705882354,1044,1044,0.9615384615384613,0.9615384615384613,0.9615384615384613,0.9615384615384613,1044,1044,0.9049773755656111,0.9049773755656111,0.9049773755656111,0.9049773755656111,1044,1044,0.9999999999999997,0.9999999999999997,0.9999999999999997,0.9999999999999997,1044,1044
0.4,4,3,3,homogeneous,log_uniform,3,0.9617093222611183,0.9963669651623142,0.9813668422330789,0.9860242392758043,1049,1047,0.9455671466340336,0.9999999999999998,0.969191231213022,0.9620065470050324,1047,1048,0.9377344282843076,0.9963669651623144,0.9733752109074754,0.9860242392758043,1049,1047,0.9455671466340335,0.9999999999999998,0.9773897162260412,0.9866020020440903,1047,1048
0.4,5,2,2,beta_bimodal,flat,3,0.9915727290744716,0.995344793285913,0.9938895188098895,0.9947510340692839,1062,1063,1.0,1.0,1.0,1.0,1062,1062,0.9997181167203842,0.9999029458491103,0.9997947744510606,0.9997632607836873,1062,1064,0.9918523156581037,0.9955804862299993,0.9940934633484401,0.9948475881572172,1062,1063
0.4,5,2,2,beta_bimodal,log_uniform,3,0.981456491687871,1.0,0.9903383815830652,0.9895586530613248,1067,1065,0.9201651062672277,1.0,0.9733883687557426,1.0,1065,1066,0.9469934887833596,0.9985986366590932,0.9774534146503601,0.9867681185086273,1065,1067,0.971669939831794,1.0028279537009313,0.9857772308255468,0.9828337989439151,1065,1066
0.4,5,2,2,homogeneous,flat,3,1.0,1.0,1.0,1.0,1056,1056,1.0,1.0,1.0,1.0,1056,1056,1.0000000000000002,1.0000000000000002,1.0000000000000002,1.0000000000000002,1056,1056,0.9999999999999997,0.9999999999999997,0.9999999999999997,0.9999999999999997,1056,1056
0.4,5,2,2,homogeneous,log_uniform,3,1.0,1.0,1.0,1.0,1059,1059,0.9564499059125294,0.9999999999999999,0.980778206830449,0.9858847145788179,1059,1060,0.9999999999999996,1.0000000000000004,1.0,0.9999999999999999,1061,1060,0.9564499059125295,0.9999999999999994,0.9807782068304491,0.9858847145788183,1059,1060
0.4,5,2,3,beta_bimodal,flat,3,0.9909833499072952,1.0,0.9969944499690984,1.0,1074,1075,0.9063881596796995,0.9670156588979487,0.9360588355881568,0.9347726881868224,1076,1074,0.9610163014755355,0.9993455322568229,0.9748793156167914,0.964276113118016,1076,1074,0.9431558635249367,0.9694035509852116,0.9571611388016822,0.958924001894898,1076,1075
0.4,5,2,3,beta_bimodal,log_uniform,3,0.9906198139974356,1.0,0.996073554865028,0.9976008505976484,1077,1078,0.8947321994906197,0.950029934289907,0.9302427036203493,0.9459659770805217,1079,1078,0.9795148470843064,0.9985092965937241,0.9883317899949495,0.986971226306818,1079,1077,0.9112527553062425,0.9625710547255335,0.9374384876663416,0.9384916529672486,1079,1078
0.4,5,2,3,homogeneous,flat,3,1.0,1.0,1.0,1.0,1068,1068,1.0,1.0,1.0,1.0,1068,1068,1.0000000000000002,1.0000000000000002,1.0000000000000002,1.0000000000000002,1068,1068,0.9999999999999997,0.9999999999999997,0.9999999999999997,0.9999999999999997,1068,1068
0.4,5,2,3,homogeneous,log_uniform,3,1.0,1.0,1.0,1.0,1071,1071,0.9999999999999998,1.0,1.0,1.0,1072,1071,0.9999999999999996,1.0000000000000002,0.9999999999999997,0.9999999999999996,1072,1071,0.9999999999999999,1.0000000000000004,1.0000000000000002,1.0000000000000002,1071,1073
0.4,5,3,2,beta_bimodal,flat,3,0.9604843062061047,0.995257112517627,0.972212002487331,0.9608945887382612,1088,1087,0.9604023704516195,1.0,0.9866812279657978,0.9996413134457739,1086,1088,0.9852707678696221,0.9967643518697208,0.9918537413723132,0.9935261043775966,1088,1086,0.9258411369219771,1.0013829760382928,0.9673557026433186,0.974842994969686,1086,1087
0.4,5,3,2,beta_bimodal,log_uniform,3,0.9803741422592581,0.9868641422870309,0.9841779538712054,0.9852955770673275,1091,1089,0.9412734656495412,0.9804184473956022,0.9639057793958069,0.9700254251422772,1089,1090,0.9837325856468755,0.9865255368933352,0.9847969640254939,0.984132769536271,1089,1090,0.9442698604163351,0.9791961016398392,0.9632622130279911,0.9663206770277989,1089,1090
0.4,5,3,2,homogeneous,flat,3,0.935455734845181,0.935455734845181,0.935455734845181,0.935455734845181,1080,1080,0.9906759906759907,0.9906759906759907,0.9906759906759907,0.9906759906759907,1080,1080,0.9267335368512865,0.9267335368512865,0.9267335368512865,0.9267335368512865,1080,1080,1.0,1.0,1.0,1.0,1080,1080
0.4,5,3,2,homogeneous,log_uniform,3,0.9671745407117536,0.9740942321215399,0.9702003912443664,0.9693324008998058,1084,1083,0.9894880823209469,1.0,0.9931559147539942,0.9899796619410358,1084,1083,0.9451081126305034,0.9734479635222494,0.9593918129013451,0.9596193625512827,1084,1083,0.9999999999999997,1.0125906959944426,1.0044181974650608,1.0006638964007404,1085,1084
0.4,5,3,3,beta_bimodal,flat,3,0.981958030748084,0.9897643109817308,0.9852410970443898,0.9840009494033549,1098,1100,0.9260979524049768,0.9541315313964362,0.9370634632238058,0.9309609058700047,1099,1100,0.9932483523681641,0.9979966367366682,0.9951784182628011,0.9942902656835708,1099,1098,0.9159996178151191,0.9497883770483159,0.9277545773864722,0.9174757372959815,1098,1100
0.4,5,3,3,beta_bimodal,log_uniform,3,0.9746506829922039,0.9987717093097941,0.9890641908630986,0.9937701802872981,1103,1101,0.9038489770686543,0.992046148570209,0.9607220256584403,0.9862709513364576,1103,1101,0.9832553278090783,0.9962461376225051,0.9913503062955775,0.9945494534551491,1103,1101,0.8959392315571799,0.9945610729154036,0.9586661564037042,0.9854981647385289,1103,1101
0.4,5,3,3,homogeneous,flat,3,0.9598778892280855,0.9598778892280855,0.9598778892280855,0.9598778892280855,1092,1092,0.9654702407996363,0.9654702407996363,0.9654702407996364,0.9654702407996363,1092,1092,0.9267335368512865,0.9267335368512865,0.9267335368512865,0.9267335368512865,1092,1092,0.9999999999999998,0.9999999999999998,0.9999999999999997,0.9999999999999998,1092,1092
0.4,5,3,3,homogeneous,log_uniform,3,0.9657057175124983,0.9756451423953117,0.9712287823755648,0.9723354872188843,1095,1097,0.9525087966979073,0.9827022477773536,0.9639580245466779,0.956663029164773,1096,1097,0.9358704535396303,0.960680675823332,0.9497618163220699,0.9527343196032474,1095,1097,0.972105324497199,0.9980097430847515,0.9857587405581482,0.9871611540924939,1096,1097
0.4,6,2,2,beta_bimodal,flat,3,0.9689850200819513,0.99428081462214,0.9855763890523863,0.9934633324530676,1112,1110,1.0,1.0,1.0,1.0,1110,1110,0.9733790669106549,0.998979904475608,0.9888799286694675,0.9942808146221399,1112,1111,0.9944777948006509,1.0000000000000002,0.9966545250783128,0.9954857804342869,1111,1110
0.4,6,2,2,beta_bimodal,log_uniform,3,0.9838658380783517,1.0,0.9920731593668357,0.9923536400221551,1113,1114,0.8860102848190134,1.0,0.9615779382615006,0.9987235299654883,1113,1114,0.9838658380783516,0.9999763043504603,0.9942390747984576,0.9988750819665614,1113,1115,0.8860102848190136,1.0011261848991406,0.9594156283534131,0.9911104153420852,1113,1114
0.4,6,2,2,homogeneous,flat,3,1.0,1.0,1.0,1.0,1104,1104,1.0,1.0,1.0,1.0,1104,1104,0.9999999999999997,0.9999999999999997,0.9999999999999997,0.9999999999999997,1104,1104,1.0000000000000002,1.0000000000000002,1.0000000000000002,1.0000000000000002,1104,1104
0.4,6,2,2,homogeneous,log_uniform,3,1.0,1.0,1.0,1.0,1107,1107,0.970800043272126,0.9999999999999998,0.9814621613219181,0.9735864406936283,1107,1108,0.9999999999999996,1.0000000000000004,1.0000000000000002,1.0000000000000002,1109,1108,0.9708000432721258,0.9999999999999993,0.981462161321918,0.9735864406936287,1107,1108
0.4,6,2,3,beta_bimodal,flat,3,0.9762894394847931,1.0,0.9920964798282643,1.0,1124,1122,0.8491000064218712,0.9770989561101412,0.9120807875798174,0.9100434002074396,1123,1124,0.9130262755566586,0.9989072066665643,0.9476476539381009,0.9310094795910799,1123,1124,0.9299841955853763,0.9774802729260619,0.9541464836626107,0.9549749824763942,1123,1122
0.4,6,2,3,beta_bimodal,log_uniform,3,0.9963698412513009,1.0,0.9985201582232235,0.9991906334183694,1126,1125,0.9340491508496928,1.0,0.9718736270340832,0.9815717302525566,1127,1126,0.9630826773391072,0.9853500971010908,0.9767147913530657,0.9817115996189993,1125,1126,0.9506795713156533,1.0191977836882422,0.9936869791841684,1.0111835825486093,1127,1125
0.4,6,2,3,homogeneous,flat,3,1.0,1.0,1.0,1.0,1116,1116,1.0,1.0,1.0,1.0,1116,1116,0.9999999999999997,0.9999999999999997,0.9999999999999997,0.9999999999999997,1116,1116,1.0000000000000002,1.0000000000000002,1.0000000000000002,1.0000000000000002,1116,1116
0.4,6,2,3,homogeneous,log_uniform,3,1.0,1.0,1.0,1.0,1119,1119,0.9999999999999997,0.9999999999999999,0.9999999999999997,0.9999999999999998,1121,1120,0.9999999999999997,1.0000000000000007,1.0000000000000002,1.0000000000000002,1121,1119,0.9999999999999991,1.0,0.9999999999999997,0.9999999999999998,1119,1121
0.4,6,3,2,beta_bimodal,flat,3,0.9648699855471916,0.9920236849416687,0.9822806023285962,0.989948136496928,1135,1136,0.9857849195937415,0.9999266142570888,0.9928565838499561,0.9928582176990381,1136,1134,0.9610425791194768,0.9867438036378273,0.9748482513141211,0.9767583711850591,1135,1136,0.991059670088635,1.0134292345163258,1.0004337454372811,0.9968123317068821,1136,1134
0.4,6,3,2,beta_bimodal,log_uniform,3,0.9873566477021108,0.9929423283864284,0.9895436980582776,0.9883321180862934,1137,1138,0.9742486000310988,0.9996902650994804,0.9889489766083477,0.9929080646944637,1137,1139,0.9451088578577764,0.9923623701350329,0.9674006656068812,0.9647307688278344,1137,1138,0.9934883418616827,1.0241468698427514,1.0118113973189535,1.0177989802524265,1138,1139
0.4,6,3,2,homogeneous,flat,3,0.9541984732824429,0.9541984732824429,0.9541984732824429,0.9541984732824429,1128,1128,1.0,1.0,1.0,1.0,1128,1128,0.9541984732824424,0.9541984732824424,0.9541984732824424,0.9541984732824424,1128,1128,1.0000000000000004,1.0000000000000004,1.0000000000000004,1.0000000000000004,1128,1128
0.4,6,3,2,homogeneous,log_uniform,3,0.9623050785789783,0.9768152160788146,0.9679902027834756,0.9648503136926339,1132,1133,0.9776252970508542,1.0,0.9918748393286755,0.9979992209351719,1131,1132,0.9390052366180786,0.9748608246442787,0.9523760452652427,0.9432620745333705,1132,1133,0.9999999999999999,1.0248133248381197,1.0082711082793734,1.0000000000000004,1133,1132
0.4,6,3,3,beta_bimodal,flat,3,0.95717849613382,0.99098207084517,0.971779651874292,0.967178388643886,1148,1147,0.9475721714818884,0.9840520713870902,0.9628418509769147,0.9569013100617654,1148,1147,0.9087251959099419,0.962325994787952,0.9355683871681872,0.9356539708066677,1148,1147,0.989141601524817,1.0133551050312608,1.0001978340368387,0.9980967955544383,1146,1147
0.4,6,3,3,beta_bimodal,log_uniform,3,0.9711744175576956,0.9927029326612397,0.9847382378567201,0.9903373633512248,1151,1150,0.8543889208051451,0.9943548643349811,0.9475026628014862,0.9937642032643326,1151,1149,0.9525527767616931,0.9743150500476456,0.962392553467274,0.960309833592483,1149,1150,0.8640551554351801,1.0337976000959483,0.970123965995041,1.0125191424539948,1151,1149
0.4,6,3,3,homogeneous,flat,3,0.9635284139100935,0.9635284139100935,0.9635284139100935,0.9635284139100935,1140,1140,0.9352992957746478,0.9352992957746478,0.9352992957746477,0.9352992957746478,1140,1140,0.9541984732824424,0.9541984732824424,0.9541984732824424,0.9541984732824424,1140,1140,0.9444444444444448,0.9444444444444448,0.9444444444444448,0.9444444444444448,1140,1140
0.4,6,3,3,homogeneous,log_uniform,3,0.9584899558615168,0.9821190369060679,0.9676903085682745,0.9624619329372386,1144,1145,0.93014239883607,0.981514981081636,0.9554424361015017,0.9546699283867992,1143,1145,0.9267220804417435,0.9676798324787791,0.9417345531313502,0.9308017464735281,1143,1145,0.9660141589201299,0.9961606262471252,0.9817476402567635,0.9830681356030354,1143,1145
0.45,4,2,2,beta_bimodal,flat,3,0.9811178469169788,1.0,0.9937059489723262,1.0,1159,1158,1.0,1.0,1.0,1.0,1158,1158,0.9257145238421397,0.9811178469169788,0.9576592527863729,0.9661453876000001,1160,1159,1.0,1.0802466357009735,1.038429181495345,1.0350409087850618,1159,1160
0.45,4,2,2,beta_bimodal,log_uniform,3,0.9687587842112438,1.0,0.989586261403748,1.0,1163,1161,0.9471483526256722,1.0,0.9823827842085574,1.0,1162,1161,0.9471483526256722,0.9922069248182902,0.9647632230318544,0.9549343916516005,1162,1163,0.9763676910324521,1.0471923607971187,1.0078533506098568,1.0,1163,1161
0.45,4,2,2,homogeneous,flat,3,1.0,1.0,1.0,1.0,1152,1152,1.0,1.0,1.0,1.0,1152,1152,1.0000000000000002,1.0000000000000002,1.0000000000000002,1.0000000000000002,1152,1152,0.9999999999999998,0.9999999999999998,0.9999999999999997,0.9999999999999998,1152,1152
0.45,4,2,2,homogeneous,log_uniform,3,1.0,1.0,1.0,1.0,1155,1155,0.9853722239995204,1.0,0.9917181365294453,0.9897821855888156,1157,1155,1.0000000000000002,1.0000000000000004,1.0000000000000002,1.0000000000000004,1157,1155,0.9853722239995203,0.9999999999999997,0.9917181365294451,0.9897821855888153,1157,1155
0.45,4,2,3,beta_bimodal,flat,3,0.9888471026951395,1.0,0.9962823675650464,1.0,1171,1170,0.8271954165656541,0.9191572836650407,0.8733343745253009,0.873650423345208,1171,1170,0.9419624527483638,0.9885859651545525,0.9630512332638825,0.9586052818887315,1170,1171,0.8274139223752456,0.9757897259951451,0.9048600830667176,0.9113766008297621,1171,1170
0.45,4,2,3,beta_bimodal,log_uniform,3,1.0,1.0,1.0,1.0,1173,1173,0.82728355025935,0.9735209014067151,0.9048195050978771,0.9136540636275661,1174,1175,0.9612093665706845,0.9794462880568611,0.9713921853447535,0.9735209014067147,1173,1174,0.8446441222423855,1.0000000000000004,0.9317232247059849,0.9505255518755691,1174,1175
0.45,4,2,3,homogeneous,flat,3,1.0,1.0,1.0,1.0,1164,1164,0.9545454545454545,0.9545454545454545,0.9545454545454545,0.9545454545454545,1164,1164,1.0000000000000002,1.0000000000000002,1.0000000000000002,1.0000000000000002,1164,1164,0.9545454545454543,0.9545454545454543,0.9545454545454543,0.9545454545454543,1164,1164
0.45,4,2,3,homogeneous,log_uniform,3,1.0,1.0,1.0,1.0,1167,1167,1.0,1.0,1.0,1.0,1167,1167,1.0000000000000002,1.0000000000000002,1.0000000000000002,1.0000000000000002,1167,1167,0.9999999999999998,0.9999999999999999,0.9999999999999997,0.9999999999999998,1167,1168
0.45,4,3,2,beta_bimodal,flat,3,0.9950006917234571,1.0,0.9983329955418804,0.9999982949021838,1182,1184,0.9902288961473883,1.0,0.9967429653824628,1.0,1184,1182,0.9626428716584892,1.0,0.9872518025319725,0.9991125359374283,1182,1184,0.9902288961473883,1.0336135248258995,1.0082429889051765,1.0008865457422416,1184,1182
0.45,4,3,2,beta_bimodal,log_uniform,3,0.9975128783240861,1.0,0.99874319862144,0.9987167175402342,1185,1186,0.9958277787099522,1.0,0.998228932780795,0.9988590196324331,1187,1185,0.9863183745860343,0.9999999999999998,0.993526337339547,0.9942606374326071,1185,1186,0.9988590196324332,1.0113497872760915,1.003499896448089,1.0002908824357424,1186,1185
0.45,4,3,2,homogeneous,flat,3,0.9489357088648764,0.9489357088648764,0.9489357088648763,0.9489357088648764,1176,1176,0.8766090334374287,0.8766090334374287,0.8766090334374287,0.8766090334374287,1176,1176,0.8962451664197175,0.8962451664197175,0.8962451664197175,0.8962451664197175,1176,1176,0.9281451612903224,0.9281451612903224,0.9281451612903225,0.9281451612903224,1176,1176
0.45,4,3,2,homogeneous,log_uniform,3,0.984300619566579,0.9907899306565895,0.9878778822872945,0.9885430966387149,1180,1179,0.9819009006267423,1.0,0.9939669668755807,0.9999999999999998,1180,1181,0.9664856648398845,0.9907899306565895,0.9809686459269625,0.9856303422844137,1180,1179,0.9999999999999998,1.0029552198520495,1.0009850732840164,0.9999999999999998,1179,1181
0.45,4,3,3,beta_bimodal,flat,3,0.991681842376817,1.0,0.9957178920629778,0.9954718338121163,1194,1196,0.9170742043008269,0.9826127302178425,0.9590802882268153,0.9775539301617764,1194,1195,0.978163296477086,0.9999999999999996,0.9899483796179673,0.9916818423768167,1195,1196,0.9170742043008272,1.0,0.9648760448208681,0.9775539301617767,1194,1195
0.45,4,3,3,beta_bimodal,log_uniform,3,0.9517465155548926,0.9998626876166112,0.9832950816954914,0.9982760419149705,1199,1197,0.9891075675881915,0.9999999999999998,0.9961341786013117,0.9992949682157436,1199,1198,0.9253093541158511,0.9991577526419497,0.974247716224257,0.9982760419149703,1199,1197,0.9999999999999998,1.017367517980558,1.005789172660186,1.0,1197,1199
0.45,4,3,3,homogeneous,flat,3,0.9489357088648764,0.9489357088648764,0.9489357088648763,0.9489357088648764,1188,1188,0.9444740650468428,0.9444740650468428,0.9444740650468427,0.9444740650468428,1188,1188,0.8962451664197175,0.8962451664197175,0.8962451664197175,0.8962451664197175,1188,1188,0.9999999999999998,0.9999999999999998,0.9999999999999997,0.9999999999999998,1188,1188
0.45,4,3,3,homogeneous,log_uniform,3,0.9791667234095774,0.9898204767434693,0.9843633804118624,0.9841029410825408,1191,1193,0.9713441166988797,0.9962109626654916,0.9842966578050282,0.9853348940507133,1192,1191,0.9656455269241365,0.9785048882142131,0.9732023464254067,0.9754566241378705,1192,1193,0.9899104540891104,0.9999999999999998,0.9955466399864777,0.9967294658703232,1192,1191
0.45,5,2,2,beta_bimodal,flat,3,0.9925159470403089,1.0,0.9957859325542054,0.9948418506223075,1207,1208,1.0,1.0,1.0,1.0,1206,1206,0.9841745035788844,0.9991573906331465,0.9920796405507222,0.9929070274401357,1208,1206,0.9956808206081483,1.0160799699276575,1.003788972132508,0.9996061258617184,1206,1208
0.45,5,2,2,beta_bimodal,log_uniform,3,0.9658136377899751,1.0,0.9886045459299918,1.0,1209,1210,1.0,1.0,1.0,1.0,1209,1209,0.9327576284811188,0.9582154529071935,0.94604884344655,0.9471734489513377,1210,1211,1.0196798050655609,1.0720898650042425,1.0451254334879565,1.043606630394066,1209,1210
0.45,5,2,2,homogeneous,flat,3,1.0,1.0,1.0,1.0,1200,1200,1.0,1.0,1.0,1.0,1200,1200,1.0000000000000004,1.0000000000000004,1.0000000000000004,1.0000000000000004,1200,1200,0.9999999999999997,0.9999999999999997,0.9999999999999997,0.9999999999999997,1200,1200
0.45,5,2,2,homogeneous,log_uniform,3,1.0,1.0,1.0,1.0,1203,1203,0.9180615641641056,1.0,0.9706136256459507,0.9937793127737462,1205,1203,1.0,1.0000000000000004,1.0000000000000002,1.0000000000000002,1205,1204,0.9180615641641056,0.9999999999999999,0.9706136256459504,0.9937793127737459,1205,1203
0.45,5,2,3,beta_bimodal,flat,3,0.9709156174220533,1.0,0.9807234437595208,0.9712547138565091,1219,1220,0.83280743154561,0.9758635193434675,0.91871431627174,0.9474719979261428,1220,1218,0.9633883231955709,0.9950723152448766,0.9832591894222565,0.991316929826322,1220,1219,0.8644566386098366,0.9561140486211623,0.9150138493516682,0.9244708608240056,1220,1218
0.45,5,2,3,beta_bimodal,log_uniform,3,1.0,1.0,1.0,1.0,1221,1221,0.8510449753211777,1.0,0.9007021792905793,0.8510615625505605,1223,1222,0.9550160338404741,0.9835871428752464,0.9711614394235731,0.9748811415549992,1223,1222,0.8729900767113636,1.0166867341075394,0.9269361401016273,0.8911316094859789,1221,1222
0.45,5,2,3,homogeneous,flat,3,1.0,1.0,1.0,1.0,1212,1212,1.0,1.0,1.0,1.0,1212,1212,1.0000000000000004,1.0000000000000004,1.0000000000000004,1.0000000000000004,1212,1212,0.9999999999999997,0.9999999999999997,0.9999999999999997,0.9999999999999997,1212,1212
0.45,5,2,3,homogeneous,log_uniform,3,1.0,1.0,1.0,1.0,1215,1215,1.0,1.0,1.0,1.0,1215,1215,1.0,1.0000000000000002,1.0,1.0000000000000002,1216,1215,0.9999999999999997,1.0,0.9999999999999999,0.9999999999999999,1217,1216
0.45,5,3,2,beta_bimodal,flat,3,0.9801631820782877,0.9985937174348397,0.990300992094793,0.9921460767712519,1232,1231,0.9999999999999998,1.0,1.0,0.9999999999999999,1232,1231,0.9412286782502173,0.9952501748749097,0.976560116108339,0.9932014951998903,1232,1231,0.9989373571891108,1.04136561574011,1.014554157508246,1.0033594995955166,1230,1232
0.45,5,3,2,beta_bimodal,log_uniform,3,0.9789396510569535,0.9981950443779263,0.9861332585262957,0.9812650801440076,1234,1235,0.9411490625938298,0.9811378774364093,0.9590004596184359,0.9547144388250687,1235,1233,0.9794462708025968,0.9948213330384311,0.9894927902671807,0.9942107669605139,1234,1233,0.9449206964174859,0.9677680865512434,0.9556364648725294,0.954220611648859,1235,1233
0.45,5,3,2,homogeneous,flat,3,0.946001085726248,0.946001085726248,0.9460010857262479,0.946001085726248,1224,1224,0.9601680294051459,0.9601680294051459,0.9601680294051459,0.9601680294051459,1224,1224,0.9083199982969,0.9083199982969,0.9083199982969,0.9083199982969,1224,1224,1.0,1.0,1.0,1.0,1224,1224
0.45,5,3,2,homogeneous,log_uniform,3,0.9676361694787787,1.0,0.9791110798290515,0.9696970700083759,1229,1227,0.9725039167046456,0.9989656154224789,0.9852685917361906,0.9843362430814474,1228,1229,0.9430341986001645,1.0000000000000002,0.9702234560263147,0.967636169478779,1228,1227,0.9843362430814473,1.0,0.9944339528346419,0.9989656154224786,1227,1228
0.45,5,3,3,beta_bimodal,flat,3,0.9745624411563193,0.9909013252252155,0.9817482218547893,0.9797808991828328,1242,1243,0.9113108080326591,0.9835386244817308,0.943282731950655,0.9349987633375749,1244,1243,0.9557534497363819,0.9941730335034143,0.9756751559158743,0.9770989845078268,1242,1244,0.8981182277523585,0.9974319305019458,0.949649821972859,0.9533993076642727,1244,1243
0.45,5,3,3,beta_bimodal,log_uniform,3,0.9709647636232721,0.9991612444199337,0.9825536560581217,0.9775349601311591,1245,1247,0.8256498918623917,0.9874832789989607,0.9191372123725694,0.9442784662563557,1245,1247,0.9609550813717876,0.997798906811428,0.9818030033572311,0.9866550218884779,1246,1245,0.8034454103077652,1.0000000000000002,0.9213386748819558,0.9605706143381018,1245,1247
0.45,5,3,3,homogeneous,flat,3,0.9594768644509808,0.9594768644509808,0.9594768644509809,0.9594768644509808,1236,1236,0.9466825433218204,0.9466825433218204,0.9466825433218204,0.9466825433218204,1236,1236,0.9083199982969,0.9083199982969,0.9083199982969,0.9083199982969,1236,1236,1.0,1.0,1.0,1.0,1236,1236
0.45,5,3,3,homogeneous,log_uniform,3,0.9591867464298637,0.9787132598432016,0.9689194814045407,0.9688584379405565,1240,1241,0.9470266593731408,0.9895448597473726,0.9625891286756495,0.9511958669064347,1240,1241,0.911768574131748,0.9684806754444348,0.9380272403831921,0.9338324715733934,1240,1241,0.9868730953783841,0.9999999999999998,0.9943838624951055,0.9962784921069324,1239,1241
0.45,6,2,2,beta_bimodal,flat,3,0.9968523620798367,0.9994224578088992,0.9979571772320058,0.9975967118072814,1255,1256,0.9999999999999999,1.0,1.0,1.0,1255,1254,0.9958302563688447,0.9999891659206808,0.9985237288881247,0.9997517643748486,1254,1255,0.9968631621744061,1.0017738519462924,0.9994358752629435,0.9996706116681321,1255,1254
0.45,6,2,2,beta_bimodal,log_uniform,3,0.9786087298877951,1.0,0.9878846883039692,0.9850453350241128,1257,1259,0.958170017387799,1.0,0.9784123204197872,0.9770669438715629,1258,1257,0.9964117375021385,1.0,0.9987210777337193,0.9997514956990193,1257,1259,0.9440755126131594,0.9821328804707048,0.967758445651809,0.9770669438715629,1258,1257
0.45,6,2,2,homogeneous,flat,3,1.0,1.0,1.0,1.0,1248,1248,1.0,1.0,1.0,1.0,1248,1248,1.0000000000000002,1.0000000000000002,1.0000000000000002,1.0000000000000002,1248,1248,0.9999999999999998,0.9999999999999998,0.9999999999999997,0.9999999999999998,1248,1248
0.45,6,2,2,homogeneous,log_uniform,3,1.0,1.0,1.0,1.0,1251,1251,0.9236147990061605,1.0,0.9737334520606536,0.9975855571758004,1252,1251,1.0,1.0000000000000007,1.0000000000000002,1.0000000000000002,1251,1253,0.9236147990061603,1.0,0.9737334520606534,0.9975855571757998,1252,1251
0.45,6,2,3,beta_bimodal,flat,3,0.9999459312859493,1.0,0.9999819770953163,1.0,1266,1267,0.9260485056511829,0.984496166206365,0.9574657450643981,0.9618525633356458,1266,1267,0.9452372470824277,0.9767065042651284,0.9599556676502754,0.9579232516032703,1268,1267,0.9666728872584477,1.0175779322117309,0.9974087524123402,1.0079754377668424,1266,1268
0.45,6,2,3,beta_bimodal,log_uniform,3,0.9760005591371474,1.0,0.9920001863790491,1.0,1269,1270,0.952218070238575,0.9828474257323705,0.9668064429551642,0.9653538328945471,1269,1270,0.9658969468368644,0.9760005591371468,0.9696981471585245,0.9671969355015624,1270,1269,0.9522180702385755,1.0175489517292873,0.989287136476618,0.9980943874619913,1269,1270
0.45,6,2,3,homogeneous,flat,3,1.0,1.0,1.0,1.0,1260,1260,1.0,1.0,1.0,1.0,1260,1260,1.0000000000000002,1.0000000000000002,1.0000000000000002,1.0000000000000002,1260,1260,0.9999999999999998,0.9999999999999998,0.9999999999999997,0.9999999999999998,1260,1260
0.45,6,2,3,homogeneous,log_uniform,3,1.0,1.0,1.0,1.0,1263,1263,0.9999999999999998,1.0,1.0,1.0,1264,1263,1.0000000000000002,1.0000000000000004,1.0000000000000002,1.0000000000000002,1264,1263,0.9999999999999996,0.9999999999999998,0.9999999999999997,0.9999999999999996,1263,1265
0.45,6,3,2,beta_bimodal,flat,3,0.9405849866540402,0.9868243514564917,0.970607300268946,0.9844125626963063,1278,1279,0.9533699318096551,0.9931753038358132,0.977049914572056,0.9846045080706999,1278,1280,0.8896457453878935,0.9766845268355742,0.9446057590646887,0.9674870049705985,1278,1280,1.001033823299518,1.0079578857498692,1.0044252314636368,1.004283985341523,1280,1278
0.45,6,3,2,beta_bimodal,log_uniform,3,0.938063142520028,0.9788084703237733,0.960748118179874,0.9653727416958208,1283,1282,0.8984924090966756,1.0,0.960655718967116,0.9834747478046721,1283,1281,0.9460076380679362,0.9720118040086787,0.9604929532573735,0.9634594176955057,1283,1282,0.890946942594443,1.0019858895612765,0.961094799807138,0.9903515672656943,1283,1281
0.45,6,3,2,homogeneous,flat,3,0.9467641904442089,0.9467641904442089,0.9467641904442089,0.9467641904442089,1272,1272,0.9753934825980937,0.9753934825980937,0.9753934825980938,0.9753934825980937,1272,1272,0.9234676209165414,0.9234676209165414,0.9234676209165414,0.9234676209165414,1272,1272,1.0000000000000002,1.0000000000000002,1.0000000000000002,1.0000000000000002,1272,1272
0.45,6,3,2,homogeneous,log_uniform,3,0.9747833861617572,0.9922303144435617,0.9810956304079005,0.9762731906183826,1277,1275,0.9827596469371791,0.9931852192120515,0.9866010426740207,0.9838582618728318,1275,1277,0.960514444434846,0.9922303144435621,0.9736284033159132,0.9681404510693312,1276,1275,0.9827596469371785,0.9999999999999997,0.9942532156457259,0.9999999999999994,1275,1276
0.45,6,3,3,beta_bimodal,flat,3,0.9720555803744515,0.9881453134310917,0.9790888375092105,0.9770656187220886,1291,1292,0.9528831289518794,0.9656323737679151,0.9581321315970334,0.9558808920713056,1290,1291,0.9416287249049091,0.9946725853304877,0.9646440278370473,0.9576307732757451,1291,1292,0.9496081802483356,0.9968348593083968,0.9728882206191404,0.9722216223006888,1292,1291
0.45,6,3,3,beta_bimodal,log_uniform,3,0.9680101306828527,0.9968280512134794,0.9798847788006603,0.9748161545056486,1294,1295,0.9276861507502,0.9977906288342224,0.9628667122310942,0.96312335710886,1294,1295,0.951906322141073,0.9845846550638416,0.9674499531499975,0.9658588822450778,1294,1295,0.9433802162386398,1.0101982424207063,0.9752112396868068,0.9720552604010743,1294,1295
0.45,6,3,3,homogeneous,flat,3,0.9624736339500279,0.9624736339500279,0.962473633950028,0.9624736339500279,1284,1284,0.9303982177059142,0.9303982177059142,0.9303982177059144,0.9303982177059142,1284,1284,0.9234676209165414,0.9234676209165414,0.9234676209165414,0.9234676209165414,1284,1284,0.96969696969697,0.96969696969697,0.9696969696969701,0.96969696969697,1284,1284
0.45,6,3,3,homogeneous,log_uniform,3,0.9616640190397406,0.9760463381338491,0.9709200601125008,0.9750498231639123,1288,1287,0.9313674007019956,0.9598373008227787,0.9410777263757043,0.9320284776023384,1288,1289,0.9180342498425402,0.9760463381338491,0.9503660284219116,0.9570174972893456,1288,1287,0.9320284776023384,0.9779227580312669,0.9618606887694261,0.9756308306746728,1287,1289
0.5,4,2,2,beta_bimodal,flat,3,0.9925545171993061,1.0,0.9975181723997687,1.0,1304,1302,1.0,1.0,1.0,1.0,1302,1302,0.9162457319844446,0.972177147337405,0.9436770440424871,0.9426082528056118,1303,1302,1.0286191181707944,1.0914102681102336,1.0576722280954527,1.0529872980053299,1302,1303
0.5,4,2,2,beta_bimodal,log_uniform,3,0.9936157219814201,1.0,0.99787190732714,1.0,1305,1306,0.9846748514519685,1.0,0.9948916171506562,1.0,1306,1305,0.9492862730570117,1.0000000000000002,0.9709392221156969,0.9635313932900791,1305,1306,0.9846748514519683,1.0466976613721097,1.0230738054365383,1.0378489034855367,1306,1305
0.5,4,2,2,homogeneous,flat,3,1.0,1.0,1.0,1.0,1296,1296,1.0,1.0,1.0,1.0,1296,1296,1.0,1.0,1.0,1.0,1296,1296,1.0,1.0,1.0,1.0,1296,1296
0.5,4,2,2,homogeneous,log_uniform,3,1.0,1.0,1.0,1.0,1299,1299,1.0,1.0,1.0,1.0,1299,1299,1.0,1.0,1.0,1.0,1299,1299,1.0,1.0,1.0,1.0,1299,1299
0.5,4,2,3,beta_bimodal,flat,3,0.9999093571517178,1.0,0.9999697857172393,1.0,1316,1314,0.8885922382345947,0.9868894262633064,0.9246750140348136,0.8985433776065398,1315,1316,0.9234138740372718,0.9872862775253571,0.9461355749051914,0.9277065731529454,1314,1316,0.957837600756223,0.9995074318952294,0.9768039420951297,0.9730667936339364,1315,1316
0.5,4,2,3,beta_bimodal,log_uniform,3,0.9582909342365309,1.0,0.9860969780788436,1.0,1318,1317,0.9579868524124601,0.9876836831576258,0.9681440198089303,0.9587615238567051,1318,1317,0.9587615238567052,0.9935085032336471,0.9799845700826593,0.9876836831576256,1319,1318,0.9240284434372409,1.0000000000000002,0.9746761478124136,0.9999999999999999,1318,1317
0.5,4,2,3,homogeneous,flat,3,1.0,1.0,1.0,1.0,1308,1308,1.0,1.0,1.0,1.0,1308,1308,1.0,1.0,1.0,1.0,1308,1308,1.0,1.0,1.0,1.0,1308,1308
0.5,4,2,3,homogeneous,log_uniform,3,1.0,1.0,1.0,1.0,1311,1311,0.9999999999999998,1.0,0.9999999999999999,0.9999999999999999,1312,1313,0.9999999999999997,1.0,0.9999999999999999,0.9999999999999998,1313,1311,0.9999999999999999,1.0000000000000004,1.0000000000000002,1.0,1311,1313
0.5,4,3,2,beta_bimodal,flat,3,0.9468734802755171,0.9922455253338966,0.9627470546361824,0.9491221582991335,1326,1328,0.926992836804471,1.0,0.957311259508084,0.9449409417197812,1327,1328,0.8798294419956959,0.9354212977168994,0.9033300859512097,0.8947395181410338,1327,1328,0.9999999999999999,1.0607472031647016,1.0202490677215672,1.0,1326,1328
0.5,4,3,2,beta_bimodal,log_uniform,3,0.9991271902212927,1.0,0.9997090634070975,1.0,1330,1329,0.9999999999999998,1.0,0.9999999999999999,0.9999999999999998,1329,1330,0.989222795354049,1.0,0.9964075984513497,0.9999999999999998,1330,1329,0.9999999999999998,1.0100122994675824,1.0033374331558607,1.0,1329,1330
0.5,4,3,2,homogeneous,flat,3,0.9629629629629629,0.9629629629629629,0.9629629629629629,0.9629629629629629,1320,1320,0.9230769230769231,0.9230769230769231,0.923076923076923,0.9230769230769231,1320,1320,0.8888888888888888,0.8888888888888888,0.8888888888888888,0.8888888888888888,1320,1320,1.0,1.0,1.0,1.0,1320,1320
0.5,4,3,2,homogeneous,log_uniform,3,0.9846784696104915,0.9934013616254893,0.988647464823945,0.9878625632358544,1323,1325,0.9770656506877915,0.9996710754647976,0.9882058321395264,0.9878807702659902,1323,1325,0.9620955096282335,0.9930746075443472,0.9770201823529839,0.9758904298863711,1323,1325,1.0,1.0000000000000002,1.0000000000000002,1.0000000000000002,1325,1323
0.5,4,3,3,beta_bimodal,flat,3,0.9910057561021157,0.9990145086695811,0.9941793585631283,0.9925178109176882,1338,1340,0.9597490829547697,0.9973259388250083,0.9780213432184247,0.9769890078754958,1338,1340,0.9511168656219035,0.9963430827586941,0.9723796465892761,0.969678991387231,1338,1340,1.0000000000000002,1.0000000000000002,1.0000000000000002,1.0000000000000002,1338,1338
0.5,4,3,3,beta_bimodal,log_uniform,3,0.9844934287570754,1.0,0.9935916677025082,0.996281574350449,1342,1343,0.9800356668251452,0.9999489007283239,0.9924624153661719,0.9974026785450466,1342,1343,0.9648386739369139,1.0,0.9861775282597093,0.9936939108422138,1342,1343,0.9999489007283239,1.0,0.9999829669094412,1.0,1343,1341
0.5,4,3,3,homogeneous,flat,3,0.9629629629629629,0.9629629629629629,0.9629629629629629,0.9629629629629629,1332,1332,0.9230769230769231,0.9230769230769231,0.923076923076923,0.9230769230769231,1332,1332,0.8888888888888888,0.8888888888888888,0.8888888888888888,0.8888888888888888,1332,1332,1.0,1.0,1.0,1.0,1332,1332
0.5,4,3,3,homogeneous,log_uniform,3,0.9806375471606354,0.9949694576663789,0.987100907599876,0.9856957179726136,1335,1337,0.9717121018656206,0.990768339653263,0.9797024697955994,0.9766269678679145,1336,1337,0.9577170742609203,0.9857842375778259,0.967104589916619,0.9578124579111104,1335,1337,0.9999999999999999,1.0,1.0,1.0,1337,1335
0.5,5,2,2,beta_bimodal,flat,3,0.9701004047561119,0.9828665167367313,0.9758858845303302,0.9746907320981474,1351,1350,1.0,1.0,1.0,1.0,1350,1350,0.9645909574688389,0.9924238895085413,0.9753615253367354,0.9690697290328258,1351,1352,0.982131468621563,1.014237146503044,1.0006934359957942,1.005711692862776,1352,1350
0.5,5,2,2,beta_bimodal,log_uniform,3,0.9477326189115292,1.0,0.9825775396371764,1.0,1353,1354,1.0,1.0,1.0,1.0,1353,1353,0.9621915528371254,0.9916764844977457,0.9786741135372786,0.9821543032769651,1355,1354,0.9649528752757202,1.0392940959119754,1.0042134497003763,1.008393377913433,1353,1355
0.5,5,2,2,homogeneous,flat,3,1.0,1.0,1.0,1.0,1344,1344,1.0,1.0,1.0,1.0,1344,1344,1.0,1.0,1.0,1.0,1344,1344,1.0,1.0,1.0,1.0,1344,1344
0.5,5,2,2,homogeneous,log_uniform,3,1.0,1.0,1.0,1.0,1347,1347,1.0,1.0,1.0,1.0,1347,1347,1.0,1.0000000000000002,1.0,1.0000000000000002,1347,1348,0.9999999999999999,1.0,1.0,0.9999999999999999,1348,1347
0.5,5,2,3,beta_bimodal,flat,3,1.0,1.0,1.0,1.0,1362,1362,0.8209446656329333,0.8554490141298964,0.8407920352542706,0.8459824259999821,1362,1364,0.9610081039443767,0.991395497401221,0.9767962267983691,0.9779850790495096,1364,1362,0.8280697943302181,0.8901579608109214,0.8610845526709906,0.8650259028718321,1362,1364
0.5,5,2,3,beta_bimodal,log_uniform,3,0.9798603428161261,1.0,0.9932867809387087,1.0,1365,1366,0.9346951914382328,0.972568956392225,0.9537441158905402,0.9539681998411629,1367,1366,0.9346951914382328,0.9809106871872868,0.9627524231726429,0.9726513908924092,1367,1366,0.9610386784872685,1.0,0.9841782036285259,0.9914959323983091,1365,1367
0.5,5,2,3,homogeneous,flat,3,1.0,1.0,1.0,1.0,1356,1356,1.0,1.0,1.0,1.0,1356,1356,1.0,1.0,1.0,1.0,1356,1356,1.0,1.0,1.0,1.0,1356,1356
0.5,5,2,3,homogeneous,log_uniform,3,1.0,1.0,1.0,1.0,1359,1359,0.9999999999999999,1.0,1.0,1.0,1361,1359,0.9999999999999996,1.0000000000000002,0.9999999999999999,1.0,1361,1360,0.9999999999999999,1.0000000000000002,1.0,1.0,1360,1361
0.5,5,3,2,beta_bimodal,flat,3,0.9543949229870696,0.9985161957425561,0.97855964477223,0.9827678155870645,1376,1374,1.0,1.0,1.0,1.0,1374,1374,0.9227562482498486,0.9873817039665429,0.9589412941342369,0.9666859301863195,1376,1374,1.0112767855949563,1.0342871422406825,1.0207333431627557,1.016636101652628,1374,1376
0.5,5,3,2,beta_bimodal,log_uniform,3,0.9455496642098336,0.9885336811958026,0.9714128517654518,0.9801552098907189,1379,1378,0.9543056762370878,0.9700991437373988,0.9622149411058318,0.9622400033430089,1379,1377,0.9468860836605802,0.9866023304930607,0.9682871795714519,0.9713731245607147,1379,1378,0.952958784895364,0.9788697111367374,0.9653173863099842,0.9641236628978512,1379,1377
0.5,5,3,2,homogeneous,flat,3,0.9629629629629629,0.9629629629629629,0.9629629629629629,0.9629629629629629,1368,1368,0.9230769230769231,0.9230769230769231,0.923076923076923,0.9230769230769231,1368,1368,0.8888888888888888,0.8888888888888888,0.8888888888888888,0.8888888888888888,1368,1368,1.0,1.0,1.0,1.0,1368,1368
0.5,5,3,2,homogeneous,log_uniform,3,0.9778800990347444,1.0,0.9894376094191032,0.9904327292225653,1372,1371,0.9739991869237895,1.0,0.9872768843874568,0.9878314662385809,1372,1371,0.9524544213687957,0.9999999999999998,0.9769450121624671,0.978380615118606,1372,1371,1.0,1.0000000000000002,1.0000000000000002,1.0000000000000002,1373,1371
0.5,5,3,3,beta_bimodal,flat,3,0.9646745364113585,0.9970686283773702,0.981245450368523,0.9819931863168401,1388,1386,0.9520206469670243,0.9670557558206693,0.9603313327789008,0.9619175955490087,1386,1388,0.9401647710111453,0.9843361807260074,0.9593911461678726,0.9536724867664651,1388,1386,0.9643350912472131,0.9922665597509195,0.9823615988879881,0.9904831456658316,1386,1388
0.5,5,3,3,beta_bimodal,log_uniform,3,0.9849595531809343,0.9933138925251426,0.989789454775965,0.9910949186218181,1391,1390,0.9615511651549393,0.9764164398740321,0.9691777548180013,0.9695656594250325,1390,1389,0.9677213720179592,0.9821148614351471,0.9734368003865246,0.9704741677064672,1389,1390,0.9725157089329001,1.0,0.9855177311184552,0.9840374844224656,1390,1389
0.5,5,3,3,homogeneous,flat,3,0.9629629629629629,0.9629629629629629,0.9629629629629629,0.9629629629629629,1380,1380,0.9230769230769231,0.9230769230769231,0.923076923076923,0.9230769230769231,1380,1380,0.8888888888888888,0.8888888888888888,0.8888888888888888,0.8888888888888888,1380,1380,1.0,1.0,1.0,1.0,1380,1380
0.5,5,3,3,homogeneous,log_uniform,3,0.9823509827148741,0.990542344771104,0.9855982172497835,0.9839013242633722,1385,1384,0.9756186188187028,0.9937260882124841,0.9870833577026016,0.9919053660766181,1383,1385,0.9599124510317241,0.9825242671045735,0.9728748391470797,0.9761877993049414,1383,1384,0.9999999999999999,1.0,1.0,1.0,1383,1384
0.5,6,2,2,beta_bimodal,flat,3,0.9643088887967344,0.9996972214334523,0.9866714997315951,0.9960083889645985,1398,1400,1.0,1.0,1.0,1.0,1398,1398,0.9758051442374839,0.9999714204681853,0.9906887358025539,0.9962896427019922,1398,1400,0.988218697648153,0.999725793128563,0.9958873965336984,0.9997176988243792,1398,1400
0.5,6,2,2,beta_bimodal,log_uniform,3,0.9903446962541745,1.0,0.9967815654180582,1.0,1401,1402,0.9066720662727273,0.9710438258752205,0.9281852963530631,0.9068399969112417,1402,1403,0.9482930636391208,0.9999999999999998,0.9812624547783931,0.9954943006960588,1402,1403,0.9021489933837407,0.9710438258752206,0.9431007939459968,0.9561095625790292,1401,1403
0.5,6,2,2,homogeneous,flat,3,1.0,1.0,1.0,1.0,1392,1392,1.0,1.0,1.0,1.0,1392,1392,1.0,1.0,1.0,1.0,1392,1392,1.0,1.0,1.0,1.0,1392,1392
0.5,6,2,2,homogeneous,log_uniform,3,1.0,1.0,1.0,1.0,1395,1395,1.0,1.0,1.0,1.0,1395,1395,0.9999999999999999,1.0000000000000004,1.0000000000000002,1.0000000000000002,1397,1395,0.9999999999999997,1.0000000000000002,1.0,0.9999999999999998,1395,1397
0.5,6,2,3,beta_bimodal,flat,3,1.0,1.0,1.0,1.0,1410,1410,0.834130375039423,0.99425892155741,0.9134543479664924,0.9119737473026441,1411,1412,0.942889621010056,0.9992014454466448,0.9712710464757269,0.9717220729704801,1411,1412,0.8846532578711319,0.9950535260814946,0.9394065773046605,0.938512947961355,1411,1412
0.5,6,2,3,beta_bimodal,log_uniform,3,0.9950680737593876,1.0,0.9983560245864626,1.0,1413,1414,0.8141525721004342,1.0,0.9190186166979718,0.9429032779934814,1413,1415,0.971867748169456,0.9999999999999999,0.9886188418986271,0.9939887775264258,1413,1414,0.8335879374453462,1.0060475757971163,0.9275129304119814,0.9429032779934815,1413,1415
0.5,6,2,3,homogeneous,flat,3,1.0,1.0,1.0,1.0,1404,1404,1.0,1.0,1.0,1.0,1404,1404,1.0,1.0,1.0,1.0,1404,1404,1.0,1.0,1.0,1.0,1404,1404
0.5,6,2,3,homogeneous,log_uniform,3,1.0,1.0,1.0,1.0,1407,1407,0.9999999999999999,1.0,1.0,1.0,1408,1407,0.9999999999999993,1.0000000000000002,0.9999999999999997,0.9999999999999996,1408,1409,0.9999999999999998,1.0000000000000007,1.0000000000000002,1.0000000000000004,1409,1408
0.5,6,3,2,beta_bimodal,flat,3,0.9589485018450283,0.9977963112944027,0.9772458775518134,0.9749928195160091,1422,1423,0.9713801432513736,0.9990821820981923,0.9879788273290395,0.9934741566375528,1422,1423,0.9387327352002738,0.9944658444002554,0.9625458542569806,0.9544389831704121,1422,1423,0.9922989772953664,1.0148686151510546,1.0031985671857793,1.0024281091109166,1422,1424
0.5,6,3,2,beta_bimodal,log_uniform,3,0.9496309599163368,0.989962596696984,0.9762699484276703,0.9892162886696904,1427,1425,0.9590260585673952,0.9999999999999998,0.9760799638979366,0.9692138331264151,1426,1427,0.917654766389546,0.990178243589978,0.9648530294071301,0.9867260782418663,1427,1425,0.9614463621797764,1.034845559242937,0.9884315578032785,0.9690027519871218,1426,1427
0.5,6,3,2,homogeneous,flat,3,0.9629629629629629,0.9629629629629629,0.9629629629629629,0.9629629629629629,1416,1416,0.9230769230769231,0.9230769230769231,0.923076923076923,0.9230769230769231,1416,1416,0.8888888888888888,0.8888888888888888,0.8888888888888888,0.8888888888888888,1416,1416,1.0,1.0,1.0,1.0,1416,1416
0.5,6,3,2,homogeneous,log_uniform,3,0.9790915533265491,1.0,0.9930305177755163,1.0,1420,1419,0.971432409759869,1.0,0.9904774699199562,1.0,1420,1419,0.9511212670235424,1.0000000000000007,0.9837070890078478,1.0000000000000004,1420,1421,0.9999999999999993,1.0000000000000004,0.9999999999999997,0.9999999999999997,1421,1420
0.5,6,3,3,beta_bimodal,flat,3,0.9593965971860339,0.9716069379931259,0.9667452204065489,0.9692321260404865,1436,1434,0.929719647125021,0.9801832226769794,0.9506271988034363,0.9419787266083082,1436,1434,0.929327028417729,0.9777114449960522,0.9478822421161359,0.9366082529346267,1435,1436,0.9123037991974686,1.0168101943085126,0.9705136929556074,0.9824270853608408,1436,1434
0.5,6,3,3,beta_bimodal,log_uniform,3,0.9737990341726362,0.9962656210054119,0.9879485959512954,0.9937811326758382,1438,1439,0.9140299706354961,0.9899551016366648,0.9601117646899199,0.976350221797599,1438,1437,0.9455008121768551,0.993627251095187,0.9703015008607108,0.9717764393100903,1438,1439,0.9413862908910967,1.0123714286602319,0.9775668119038566,0.9789427161602414,1438,1437
0.5,6,3,3,homogeneous,flat,3,0.9629629629629629,0.9629629629629629,0.9629629629629629,0.9629629629629629,1428,1428,0.9230769230769231,0.9230769230769231,0.923076923076923,0.9230769230769231,1428,1428,0.8888888888888888,0.8888888888888888,0.8888888888888888,0.8888888888888888,1428,1428,1.0,1.0,1.0,1.0,1428,1428
0.5,6,3,3,homogeneous,log_uniform,3,0.9747917353669128,1.0,0.9836790570272155,0.9762454357147337,1432,1431,0.9547956039276765,1.0,0.9726660429228174,0.9632025248407756,1433,1431,0.9321148503748868,1.0000000000000009,0.9570122370247397,0.9389218606993315,1433,1431,0.999999999999999,1.0000000000000002,0.9999999999999997,0.9999999999999999,1431,1432
0.55,4,2,2,beta_bimodal,flat,3,1.0,1.0,1.0,1.0,1446,1446,1.0,1.0,1.0,1.0,1446,1446,0.939709822034324,0.9752669482331514,0.9624616720641842,0.9724082459250774,1446,1448,1.0253602891102342,1.064158292860191,1.0392977475687777,1.0283746607359072,1448,1446
0.55,4,2,2,beta_bimodal,log_uniform,3,0.9538280651125877,1.0,0.9846093550375293,1.0,1451,1449,0.9101061138715367,1.0,0.9671785104390084,0.9914294174454885,1451,1450,0.989966394122714,0.9948013909645996,0.9920657341776007,0.9914294174454884,1451,1450,0.8768830525913979,1.0052257758006948,0.9607029427973642,1.0000000000000002,1451,1450
0.55,4,2,2,homogeneous,flat,3,1.0,1.0,1.0,1.0,1440,1440,1.0,1.0,1.0,1.0,1440,1440,1.0000000000000002,1.0000000000000002,1.0000000000000002,1.0000000000000002,1440,1440,0.9999999999999999,0.9999999999999999,0.9999999999999999,0.9999999999999999,1440,1440
0.55,4,2,2,homogeneous,log_uniform,3,1.0,1.0,1.0,1.0,1443,1443,0.9999999999999999,1.0,1.0,1.0,1444,1443,0.9999999999999999,1.0,1.0,1.0,1444,1443,1.0,1.0,1.0,1.0,1443,1443
0.55,4,2,3,beta_bimodal,flat,3,0.9980655482045974,1.0,0.9993551827348658,1.0,1459,1458,0.9398540631700963,0.9921697288305819,0.9654303600905707,0.9642672882710339,1458,1459,0.9398540631700963,0.9902504243173014,0.9647905919194772,0.964267288271034,1458,1459,0.9999999999999999,1.0,1.0,1.0,1460,1458
0.55,4,2,3,beta_bimodal,log_uniform,3,1.0,1.0,1.0,1.0,1461,1461,0.9999999999999998,1.0,0.9999999999999999,0.9999999999999999,1461,1462,0.9999999999999997,1.0000000000000002,0.9999999999999999,1.0,1463,1462,0.9999999999999998,1.0000000000000002,1.0,0.9999999999999999,1461,1463
0.55,4,2,3,homogeneous,flat,3,1.0,1.0,1.0,1.0,1452,1452,1.0,1.0,1.0,1.0,1452,1452,1.0000000000000002,1.0000000000000002,1.0000000000000002,1.0000000000000002,1452,1452,0.9999999999999999,0.9999999999999999,0.9999999999999999,0.9999999999999999,1452,1452
0.55,4,2,3,homogeneous,log_uniform,3,1.0,1.0,1.0,1.0,1455,1455,0.9999999999999999,1.0,1.0,1.0,1457,1455,0.9999999999999999,1.0,1.0,1.0,1456,1455,0.9999999999999999,1.0000000000000002,1.0,1.0,1457,1456
0.55,4,3,2,beta_bimodal,flat,3,0.9998399100662627,1.0,0.9999466366887543,1.0,1470,1471,0.9939826441246421,1.0,0.997994214708214,0.9999999999999999,1471,1470,0.9811413739616887,1.0000000000000002,0.9937137913205628,0.9999999999999997,1470,1472,0.9939826441246424,1.0190579427193784,1.0043468622813403,0.9999999999999998,1471,1470
0.55,4,3,2,beta_bimodal,log_uniform,3,0.9994684630996185,1.0,0.9998228210332062,1.0,1474,1473,1.0,1.0,1.0,1.0,1473,1473,0.9951348083550006,0.9991981661838197,0.9976788055150466,0.9987034420063193,1473,1475,1.000766014275231,1.0048889774572771,1.0021524896673668,1.0008024772695918,1474,1473
0.55,4,3,2,homogeneous,flat,3,0.9829881935800235,0.9829881935800235,0.9829881935800234,0.9829881935800235,1464,1464,0.9209516500383729,0.9209516500383729,0.9209516500383729,0.9209516500383729,1464,1464,0.9052845988457623,0.9052845988457623,0.9052845988457623,0.9052845988457623,1464,1464,0.9999999999999999,0.9999999999999999,0.9999999999999999,0.9999999999999999,1464,1464
0.55,4,3,2,homogeneous,log_uniform,3,1.0,1.0,1.0,1.0,1467,1467,0.9999999999999999,1.0,1.0,1.0,1467,1468,0.9999999999999999,1.0000000000000002,1.0,1.0,1467,1469,0.9999999999999998,1.0,1.0,1.0,1469,1467
0.55,4,3,3,beta_bimodal,flat,3,0.999986423675463,1.0,0.9999954745584877,1.0,1484,1482,0.9999742555813267,0.9999999999999999,0.9999914185271087,0.9999999999999998,1484,1482,0.9999606796063042,1.0,0.9999868932021014,0.9999999999999999,1484,1482,0.9999999999999999,1.0000000000000002,1.0,0.9999999999999999,1482,1484
0.55,4,3,3,beta_bimodal,log_uniform,3,0.9904751408513817,0.9998143254295481,0.9957803080246866,0.9970514577931303,1485,1486,0.9974210180325259,0.9999999999999998,0.9990697406828906,0.9997882040161461,1485,1487,0.9879207233238948,0.9994823047809438,0.9948181619659895,0.99705145779313,1485,1486,0.9999999999999998,1.0001203262822198,1.00004010876074,1.0000000000000002,1485,1486
0.55,4,3,3,homogeneous,flat,3,0.9829881935800235,0.9829881935800235,0.9829881935800234,0.9829881935800235,1476,1476,0.9209516500383729,0.9209516500383729,0.9209516500383729,0.9209516500383729,1476,1476,0.9052845988457623,0.9052845988457623,0.9052845988457623,0.9052845988457623,1476,1476,0.9999999999999999,0.9999999999999999,0.9999999999999999,0.9999999999999999,1476,1476
0.55,4,3,3,homogeneous,log_uniform,3,0.9908715121137788,0.9999191943064849,0.9960849288960314,0.9974640802678306,1479,1480,0.9578141363097604,0.9990746924089148,0.9817409016835068,0.988333876331845,1479,1480,0.9490707415692051,0.9989939614855213,0.97796408133587,0.9858275409528836,1479,1480,1.0,1.0000000000000002,1.0,1.0,1480,1479
0.55,5,2,2,beta_bimodal,flat,3,0.9949024059110354,0.9978623970433043,0.9961916828694374,0.9958102456539727,1494,1496,1.0,1.0,1.0,1.0,1494,1494,0.9753752308671997,0.9999998447084636,0.9908707425597928,0.997237152103715,1494,1496,0.9978625520029131,1.0200201670350746,1.0054839531135136,0.9985691403025526,1496,1494
0.55,5,2,2,beta_bimodal,log_uniform,3,0.9491824848754673,1.0,0.9830608282918224,1.0,1499,1497,0.9711664906504871,1.0,0.990388830216829,1.0,1499,1497,0.9788406203778998,0.9865790923086185,0.9837963716922985,0.9859694023903771,1498,1497,0.9349318757646807,1.0216167772174507,0.9900507105685815,1.0136034787236128,1499,1498
0.55,5,2,2,homogeneous,flat,3,1.0,1.0,1.0,1.0,1488,1488,1.0,1.0,1.0,1.0,1488,1488,1.0,1.0,1.0,1.0,1488,1488,1.0,1.0,1.0,1.0,1488,1488
0.55,5,2,2,homogeneous,log_uniform,3,1.0,1.0,1.0,1.0,1491,1491,0.9999999999999998,1.0,1.0,1.0,1491,1492,0.9999999999999997,1.0,0.9999999999999999,0.9999999999999999,1491,1492,1.0,1.0000000000000002,1.0,1.0000000000000002,1492,1491
0.55,5,2,3,beta_bimodal,flat,3,0.9961201291120136,1.0,0.9987067097040047,1.0,1506,1507,0.8925265254131973,0.9249779287961066,0.9089916116223513,0.90947038065775,1506,1508,0.9526112590356469,0.9928428831418991,0.9779350039795958,0.9883508697612411,1507,1508,0.8995425257684702,0.9547130290885186,0.9286337939020725,0.9316458268492286,1506,1507
0.55,5,2,3,beta_bimodal,log_uniform,3,1.0,1.0,1.0,1.0,1509,1509,0.8965820995567766,0.9558384705762233,0.9268501536454249,0.9281298908032751,1509,1510,0.9554242418241726,0.9901342614589613,0.977107835684342,0.9857650037698923,1511,1509,0.9055156805054541,0.9714322184574415,0.9488630699818378,0.9696413109826176,1509,1511
0.55,5,2,3,homogeneous,flat,3,1.0,1.0,1.0,1.0,1500,1500,1.0,1.0,1.0,1.0,1500,1500,1.0,1.0,1.0,1.0,1500,1500,1.0,1.0,1.0,1.0,1500,1500
0.55,5,2,3,homogeneous,log_uniform,3,1.0,1.0,1.0,1.0,1503,1503,1.0,1.0,1.0,1.0,1503,1503,0.9999999999999998,1.0,0.9999999999999999,0.9999999999999998,1504,1503,1.0,1.0000000000000002,1.0,1.0000000000000002,1503,1504
0.55,5,3,2,beta_bimodal,flat,3,0.9815865094542771,1.0,0.9935596739656877,0.9990925124427862,1519,1518,0.932068936052846,0.9984103221416346,0.9587282107200124,0.9457053739655565,1518,1520,0.9815865094542766,1.0,0.9935596739656876,0.9990925124427862,1519,1518,0.932068936052846,0.9984103221416346,0.9587282107200125,0.9457053739655569,1518,1520
0.55,5,3,2,beta_bimodal,log_uniform,3,0.9518917219686178,0.9998550126452324,0.9830282466591176,0.9973380053635026,1522,1523,0.995913069658435,1.0,0.998637689886145,1.0,1522,1521,0.9129849003229038,0.9835235648744682,0.9575799304998508,0.9762313263021799,1522,1523,1.0166050396289676,1.0383538725261845,1.0255264945074885,1.0216205713673128,1523,1522
0.55,5,3,2,homogeneous,flat,3,0.9829881935800235,0.9829881935800235,0.9829881935800234,0.9829881935800235,1512,1512,0.920951650038373,0.920951650038373,0.920951650038373,0.920951650038373,1512,1512,0.9052845988457625,0.9052845988457625,0.9052845988457626,0.9052845988457625,1512,1512,0.9999999999999999,0.9999999999999999,0.9999999999999999,0.9999999999999999,1512,1512
0.55,5,3,2,homogeneous,log_uniform,3,0.9908658817578735,1.0,0.996955293919291,1.0,1515,1516,0.9578764074568065,1.0,0.9859588024856022,1.0,1515,1516,0.9491270510897528,0.9999999999999999,0.9830423503632509,0.9999999999999998,1515,1517,0.9999999999999999,1.0000000000000002,1.0,1.0000000000000002,1515,1516
0.55,5,3,3,beta_bimodal,flat,3,0.9738163869798437,0.9981223862475005,0.9884602079802335,0.9934418507133561,1530,1532,0.9427171052015503,0.9746088396946292,0.9601407515790731,0.9630963098410398,1532,1531,0.9378789687630215,0.9916311863774415,0.9659091215227639,0.9682172094278287,1530,1532,0.9488881143779977,1.0000000000000002,0.982962704792666,1.0,1532,1531
0.55,5,3,3,beta_bimodal,log_uniform,3,0.9805524497405442,0.9948664413717255,0.9876741695445997,0.9876036175215294,1533,1534,0.9516141085882832,0.989344411314785,0.9703690853043664,0.9701487360100305,1535,1534,0.9512817197073279,0.9876036175215293,0.9743836303348674,0.9842655537757449,1533,1535,0.9516141085882833,1.0000000000000002,0.9838713695294278,1.0,1535,1533
0.55,5,3,3,homogeneous,flat,3,0.9829881935800235,0.9829881935800235,0.9829881935800234,0.9829881935800235,1524,1524,0.920951650038373,0.920951650038373,0.920951650038373,0.920951650038373,1524,1524,0.9052845988457625,0.9052845988457625,0.9052845988457626,0.9052845988457625,1524,1524,0.9999999999999999,0.9999999999999999,0.9999999999999999,0.9999999999999999,1524,1524
0.55,5,3,3,homogeneous,log_uniform,3,0.9899210432530413,0.9917958279549243,0.9910026685713479,0.991291134506078,1527,1529,0.9533286376994216,0.9620814619109473,0.9583297738663963,0.9595792219888201,1527,1529,0.943720079594412,0.9541883800760518,0.9497102784280737,0.9512223756137571,1527,1529,1.0,1.0000000000000002,1.0,1.0000000000000002,1528,1527
0.55,6,2,2,beta_bimodal,flat,3,0.9888147385428367,0.9943035317062495,0.9920911438614649,0.9931551613353088,1544,1543,1.0,1.0,1.0,1.0,1542,1542,0.9943035317062495,0.9999476572021879,0.9973526183440141,0.9978066661236052,1543,1544,0.9888664985820352,1.0,0.9947349230214885,0.9953382704824301,1544,1543
0.55,6,2,2,beta_bimodal,log_uniform,3,0.9913664417003675,0.9978227407684335,0.995571503247655,0.997525327274164,1546,1547,0.96321050654352,1.0,0.9774718498538147,0.9692050430179242,1547,1546,0.9975253272741642,0.9978343514944766,0.9977274731790248,0.9978227407684332,1545,1546,0.9632105065435203,0.9935180525861612,0.9753112007158684,0.969205043017924,1547,1546
0.55,6,2,2,homogeneous,flat,3,1.0,1.0,1.0,1.0,1536,1536,1.0,1.0,1.0,1.0,1536,1536,0.9999999999999997,0.9999999999999997,0.9999999999999997,0.9999999999999997,1536,1536,1.0000000000000004,1.0000000000000004,1.0000000000000004,1.0000000000000004,1536,1536
0.55,6,2,2,homogeneous,log_uniform,3,1.0,1.0,1.0,1.0,1539,1539,0.9999999999999999,1.0,1.0,1.0,1541,1539,0.9999999999999999,1.0000000000000002,1.0,1.0,1540,1539,0.9999999999999999,1.0000000000000002,1.0,0.9999999999999999,1539,1540
0.55,6,2,3,beta_bimodal,flat,3,0.959547771552484,1.0,0.9839328201861517,0.992250689005971,1554,1556,0.8356758267364607,0.963940254763906,0.8846728008020849,0.854402320905888,1556,1554,0.9762310640603342,0.9937889897964457,0.9867575781866423,0.9902526807031471,1554,1555,0.8439016051368563,0.9474670059375155,0.8814827966307411,0.8530797788178517,1556,1554
0.55,6,2,3,beta_bimodal,log_uniform,3,0.9788737198972749,1.0,0.9929579066324249,1.0,1557,1558,0.8146278876471229,0.951984436038569,0.8717828065078322,0.8487360958378048,1557,1559,0.9519844360385693,0.9746244223393131,0.9622577429601135,0.9601643705024577,1559,1558,0.8305013758174621,0.9999999999999997,0.9004451292515828,0.870834011937287,1557,1559
0.55,6,2,3,homogeneous,flat,3,1.0,1.0,1.0,1.0,1548,1548,1.0,1.0,1.0,1.0,1548,1548,0.9999999999999997,0.9999999999999997,0.9999999999999997,0.9999999999999997,1548,1548,1.0000000000000004,1.0000000000000004,1.0000000000000004,1.0000000000000004,1548,1548
0.55,6,2,3,homogeneous,log_uniform,3,1.0,1.0,1.0,1.0,1551,1551,0.9999999999999997,1.0,0.9999999999999999,1.0,1551,1552,0.9999999999999997,1.0,0.9999999999999997,0.9999999999999997,1552,1551,0.9999999999999997,1.0000000000000004,1.0000000000000002,1.0000000000000004,1551,1552
0.55,6,3,2,beta_bimodal,flat,3,0.9550434087884643,0.98911852531602,0.9775332687810901,0.9884378722387864,1567,1566,0.9564561603370294,1.0,0.9840912080255237,0.9958174637395417,1567,1566,0.9507413976274607,0.9871730006148103,0.9729227808547662,0.980853944322028,1567,1568,0.9607840302362981,1.0084259038176213,0.9887677818760318,0.9970934115741761,1567,1566
0.55,6,3,2,beta_bimodal,log_uniform,3,0.9644762501820318,0.9911068729011674,0.98154917767962,0.9890644099556611,1569,1571,0.9669787750691764,1.0,0.9801058150511827,0.9733386700843719,1570,1571,0.9672103124452248,0.9872057652954835,0.9795735368018699,0.9843045326649013,1569,1570,0.9687993377117066,1.0069108086070166,0.9820991436005663,0.9705872844829753,1570,1571
0.55,6,3,2,homogeneous,flat,3,0.9829881935800234,0.9829881935800234,0.9829881935800234,0.9829881935800234,1560,1560,0.9209516500383729,0.9209516500383729,0.9209516500383729,0.9209516500383729,1560,1560,0.9052845988457616,0.9052845988457616,0.9052845988457617,0.9052845988457616,1560,1560,1.0000000000000004,1.0000000000000004,1.0000000000000004,1.0000000000000004,1560,1560
0.55,6,3,2,homogeneous,log_uniform,3,0.9920699557757626,0.9963210722851886,0.994839959852944,0.9961288514978807,1563,1564,0.9632560066011467,0.9828085437559306,0.9760363373445259,0.9820444616765005,1563,1564,0.9556173438695375,0.9791928621659534,0.9710176759217192,0.9782428217296667,1563,1564,0.9999999999999999,1.0000000000000002,1.0,1.0000000000000002,1563,1564
0.55,6,3,3,beta_bimodal,flat,3,0.9683328939534408,0.9744849440028458,0.9717855106132145,0.9725386938833569,1578,1580,0.908955944936289,0.9827943966077705,0.9522363755259399,0.9649587850337603,1579,1580,0.9123750791888814,0.966412906076416,0.9384105179763941,0.936443568663885,1578,1579,0.9147175311170275,1.0241416651671784,0.9871926297373569,1.0227186929278649,1579,1578
0.55,6,3,3,beta_bimodal,log_uniform,3,0.964695765091129,0.9994674143001834,0.9872372250834833,0.9975484958591377,1582,1581,0.9207455857263022,1.0,0.9545124075665908,0.94279163697347,1582,1583,0.9498304372507317,0.9988846222081652,0.9807992506332806,0.9936826924409445,1582,1581,0.935155720896362,1.0038903801460979,0.9607959343522365,0.9433417020142495,1582,1583
0.55,6,3,3,homogeneous,flat,3,0.9829881935800234,0.9829881935800234,0.9829881935800234,0.9829881935800234,1572,1572,0.9209516500383729,0.9209516500383729,0.9209516500383729,0.9209516500383729,1572,1572,0.9052845988457616,0.9052845988457616,0.9052845988457617,0.9052845988457616,1572,1572,1.0000000000000004,1.0000000000000004,1.0000000000000004,1.0000000000000004,1572,1572
0.55,6,3,3,homogeneous,log_uniform,3,0.9952438983694476,0.9976475314178634,0.9968024046985566,0.9975157843083589,1577,1575,0.977758989964617,0.9889713980268408,0.9850615947375466,0.9884543962211819,1577,1575,0.9731086688381592,0.9866448738843511,0.9819174683407094,0.9859988622996178,1577,1575,0.9999999999999998,0.9999999999999998,0.9999999999999997,0.9999999999999998,1575,1575
0.6,4,2,2,beta_bimodal,flat,3,0.988856815939667,1.0,0.9962856053132224,1.0,1592,1590,0.9669730371021242,1.0,0.9875843723320316,0.9957800798939703,1591,1590,0.9669730371021242,0.9994488737293771,0.9850929089237228,0.988856815939667,1591,1590,0.9957800798939703,1.0005514301782805,0.9987771700240836,1.0,1592,1590
0.6,4,2,2,beta_bimodal,log_uniform,3,1.0,1.0,1.0,1.0,1593,1593,0.9594792762182938,1.0,0.9864930920727645,1.0,1594,1593,0.9704325540260298,0.9999999999999999,0.9901441846753433,0.9999999999999999,1593,1594,0.959479276218294,1.030468316269177,0.9966491974958238,1.0000000000000002,1594,1593
0.6,4,2,2,homogeneous,flat,3,1.0,1.0,1.0,1.0,1584,1584,1.0,1.0,1.0,1.0,1584,1584,1.0,1.0,1.0,1.0,1584,1584,1.0,1.0,1.0,1.0,1584,1584
0.6,4,2,2,homogeneous,log_uniform,3,1.0,1.0,1.0,1.0,1587,1587,1.0,1.0,1.0,1.0,1587,1587,0.9999999999999998,1.0,0.9999999999999999,0.9999999999999998,1587,1589,1.0,1.0000000000000002,1.0000000000000002,1.0000000000000002,1589,1587
0.6,4,2,3,beta_bimodal,flat,3,1.0,1.0,1.0,1.0,1602,1602,0.9921272113568628,1.0,0.9973757371189542,0.9999999999999998,1603,1602,0.9921272113568631,1.0,0.9973757371189543,1.0,1603,1602,0.9999999999999997,1.0,0.9999999999999997,0.9999999999999998,1603,1602
0.6,4,2,3,beta_bimodal,log_uniform,3,1.0,1.0,1.0,1.0,1605,1605,0.964020031841615,1.0,0.9844194688803972,0.9892383747995769,1607,1605,0.964020031841615,1.0000000000000002,0.9844194688803976,0.9892383747995773,1607,1605,0.9999999999999996,1.0,0.9999999999999997,0.9999999999999998,1606,1607
0.6,4,2,3,homogeneous,flat,3,1.0,1.0,1.0,1.0,1596,1596,1.0,1.0,1.0,1.0,1596,1596,1.0,1.0,1.0,1.0,1596,1596,1.0,1.0,1.0,1.0,1596,1596
0.6,4,2,3,homogeneous,log_uniform,3,1.0,1.0,1.0,1.0,1599,1599,0.9999999999999998,1.0,1.0,1.0,1601,1599,0.9999999999999998,1.0,1.0,1.0,1601,1599,1.0,1.0,1.0,1.0,1599,1599
0.6,4,3,2,beta_bimodal,flat,3,0.9649237304878949,1.0,0.987391494014933,0.9972507515569039,1616,1615,0.9737296146847177,0.9924280965334304,0.9857023960149758,0.990949476826779,1616,1614,0.9395748122881182,0.9999999999999999,0.9789418546150074,0.9972507515569041,1616,1615,0.9909494768267793,1.0000000000000002,0.99445919112007,0.9924280965334302,1615,1616
0.6,4,3,2,beta_bimodal,log_uniform,3,1.0,1.0,1.0,1.0,1617,1617,0.9912070422980966,0.9999999999999999,0.9957057108111528,0.9959100901353619,1617,1618,0.9815198897241024,1.0,0.9909089773407329,0.9912070422980963,1619,1618,0.9999999999999999,1.0146611398932572,1.004887046631086,1.0000000000000004,1618,1619
0.6,4,3,2,homogeneous,flat,3,1.0,1.0,1.0,1.0,1608,1608,0.9146341463414636,0.9146341463414636,0.9146341463414634,0.9146341463414636,1608,1608,0.9146341463414636,0.9146341463414636,0.9146341463414634,0.9146341463414636,1608,1608,1.0,1.0,1.0,1.0,1608,1608
0.6,4,3,2,homogeneous,log_uniform,3,1.0,1.0,1.0,1.0,1611,1611,0.9297751794984613,1.0,0.967158399490163,0.9717000189720278,1613,1612,0.9297751794984613,1.0,0.967158399490163,0.9717000189720278,1613,1612,1.0,1.0,1.0,1.0,1611,1611
0.6,4,3,3,beta_bimodal,flat,3,0.9942500608526739,1.0,0.9966852835893615,0.9958057899154107,1628,1627,0.9886200610630075,1.0,0.9929589134565912,0.9902566793067662,1628,1627,0.9829355558720693,1.0,0.989679630209385,0.986103334756086,1628,1627,0.9999999999999999,1.0000000000000002,1.0,1.0,1626,1628
0.6,4,3,3,beta_bimodal,log_uniform,3,0.9876749140482826,1.0,0.9940360322907983,0.994433182824112,1629,1631,0.8885817363567114,0.9999999999999999,0.9552631359540888,0.9772076715055552,1629,1631,0.8930889370658914,1.0,0.9549522240404333,0.9717677350554085,1629,1631,0.9826903611238414,1.0000000000000002,0.9942301203746139,0.9999999999999999,1629,1630
0.6,4,3,3,homogeneous,flat,3,1.0,1.0,1.0,1.0,1620,1620,0.9146341463414636,0.9146341463414636,0.9146341463414634,0.9146341463414636,1620,1620,0.9146341463414636,0.9146341463414636,0.9146341463414634,0.9146341463414636,1620,1620,1.0,1.0,1.0,1.0,1620,1620
0.6,4,3,3,homogeneous,log_uniform,3,1.0,1.0,1.0,1.0,1623,1623,0.9690561659177556,0.9997069207662762,0.9818255323552073,0.9767135103815902,1625,1624,0.9690561659177557,0.9997069207662764,0.9818255323552075,0.9767135103815903,1625,1624,0.9999999999999999,0.9999999999999999,0.9999999999999999,0.9999999999999999,1623,1623
0.6,5,2,2,beta_bimodal,flat,3,1.0,1.0,1.0,1.0,1638,1638,1.0,1.0,1.0,1.0,1638,1638,0.9311049940080982,0.9675548292675202,0.9527154106154802,0.9594864085708221,1639,1640,1.0335331598283088,1.0739927359806456,1.04991671438101,1.0422242473340753,1640,1639
0.6,5,2,2,beta_bimodal,log_uniform,3,0.9611639327726902,0.9734537243717797,0.9662889503463189,0.9642491938944868,1643,1641,0.9206332017706564,1.0,0.9735444005902189,1.0,1641,1642,0.9524678400501839,0.9639117469354879,0.9598422885844303,0.9631472787676194,1643,1642,0.9304847127748447,1.0091300644041148,0.9799882859803651,1.000350080762136,1641,1643
0.6,5,2,2,homogeneous,flat,3,1.0,1.0,1.0,1.0,1632,1632,1.0,1.0,1.0,1.0,1632,1632,1.0000000000000004,1.0000000000000004,1.0000000000000004,1.0000000000000004,1632,1632,0.9999999999999996,0.9999999999999996,0.9999999999999996,0.9999999999999996,1632,1632
0.6,5,2,2,homogeneous,log_uniform,3,1.0,1.0,1.0,1.0,1635,1635,0.9999999999999999,1.0,1.0,1.0,1637,1635,1.0,1.0,1.0,1.0,1635,1635,0.9999999999999999,1.0,1.0,1.0,1637,1635
0.6,5,2,3,beta_bimodal,flat,3,1.0,1.0,1.0,1.0,1650,1650,0.9085322979253168,0.9572624737759112,0.9398182931619002,0.9536601077844729,1650,1651,0.9085322979253168,0.9593213095813167,0.940504571763702,0.9536601077844723,1650,1651,0.997853862116016,1.0000000000000007,0.999284620705339,1.0,1651,1652
0.6,5,2,3,beta_bimodal,log_uniform,3,0.9854131285367398,1.0,0.9915340408356301,0.9891889939701507,1653,1655,0.9525091876446935,1.0,0.9815389802114914,0.9921077529897808,1654,1653,0.98541312853674,0.9921077529897807,0.9896301902651593,0.9913696892689572,1653,1655,0.9504139729835528,1.0000000000000002,0.9834713243278509,0.9999999999999999,1654,1655
0.6,5,2,3,homogeneous,flat,3,1.0,1.0,1.0,1.0,1644,1644,1.0,1.0,1.0,1.0,1644,1644,1.0000000000000004,1.0000000000000004,1.0000000000000004,1.0000000000000004,1644,1644,0.9999999999999996,0.9999999999999996,0.9999999999999996,0.9999999999999996,1644,1644
0.6,5,2,3,homogeneous,log_uniform,3,1.0,1.0,1.0,1.0,1647,1647,0.9999999999999998,1.0,1.0,1.0,1649,1647,1.0,1.0000000000000002,1.0,1.0,1647,1648,0.9999999999999998,1.0,1.0,0.9999999999999999,1649,1647
0.6,5,3,2,beta_bimodal,flat,3,0.9800453468495928,1.0,0.9933484489498642,1.0,1662,1663,1.0,1.0,1.0,1.0,1662,1662,0.9334827772557265,0.9946187522023843,0.9734409224760737,0.9922212379701105,1662,1663,1.0054103622978152,1.0498804806348458,1.0210435294925062,1.0078397455448578,1663,1662
0.6,5,3,2,beta_bimodal,log_uniform,3,0.9447836746231516,0.9995637458475115,0.9750029373967416,0.9806613917195619,1665,1667,0.9456711251245725,1.0,0.9817087273638393,0.9994550569669454,1666,1665,0.9099845623110037,0.999019040548118,0.9454622548442629,0.9273831616736672,1665,1667,0.9999999999999999,1.0382414315071147,1.012747143835705,1.0000000000000002,1667,1665
0.6,5,3,2,homogeneous,flat,3,1.0,1.0,1.0,1.0,1656,1656,0.9146341463414633,0.9146341463414633,0.9146341463414633,0.9146341463414633,1656,1656,0.9146341463414632,0.9146341463414632,0.9146341463414632,0.9146341463414632,1656,1656,1.0000000000000002,1.0000000000000002,1.0000000000000002,1.0000000000000002,1656,1656
0.6,5,3,2,homogeneous,log_uniform,3,1.0,1.0,1.0,1.0,1659,1659,0.9760582274272647,1.0,0.9874461248411563,0.9862801470962042,1659,1660,0.9760582274272646,0.9999999999999999,0.9874461248411563,0.9862801470962045,1659,1660,0.9999999999999998,1.0000000000000002,1.0,1.0000000000000002,1661,1659
0.6,5,3,3,beta_bimodal,flat,3,0.9672383816030997,0.9984230632362529,0.9860345731759309,0.9924422746884402,1674,1675,0.94124580346391,0.9983420571603702,0.9750187328896086,0.9854683380445455,1674,1675,0.9104090676331412,0.9967677348676393,0.9617324138477152,0.9780204390423652,1674,1675,0.9999999999999998,1.0000000000000002,1.0,1.0000000000000002,1675,1674
0.6,5,3,3,beta_bimodal,log_uniform,3,0.9739828777341588,0.9997284316560634,0.9869183292924655,0.9870436784871742,1677,1678,0.9184147456581575,0.9957198480058067,0.961882129307479,0.9715117942584728,1677,1678,0.8945202369296179,0.9954494420156588,0.9496314180146115,0.958924575098558,1677,1678,0.9999999999999998,1.0000000000000002,1.0,0.9999999999999999,1679,1678
0.6,5,3,3,homogeneous,flat,3,1.0,1.0,1.0,1.0,1668,1668,0.9146341463414633,0.9146341463414633,0.9146341463414633,0.9146341463414633,1668,1668,0.9146341463414632,0.9146341463414632,0.9146341463414632,0.9146341463414632,1668,1668,1.0000000000000002,1.0000000000000002,1.0000000000000002,1.0000000000000002,1668,1668
0.6,5,3,3,homogeneous,log_uniform,3,1.0,1.0,1.0,1.0,1671,1671,0.959067775616726,0.9999999999999998,0.9790460638914054,0.9780704160574901,1673,1672,0.9590677756167256,0.9999999999999999,0.979046063891405,0.9780704160574899,1673,1672,0.9999999999999999,1.0000000000000002,1.0,1.0000000000000002,1672,1671
0.6,6,2,2,beta_bimodal,flat,3,1.0,1.0,1.0,1.0,1686,1686,1.0,1.0,1.0,1.0,1686,1686,0.950475745218784,0.9913133041601966,0.9753502113379714,0.9842615846349335,1688,1686,1.008762815754967,1.0521047012828468,1.0256191969419584,1.0159900737880612,1686,1688
0.6,6,2,2,beta_bimodal,log_uniform,3,0.9900016100285687,1.0,0.9966672033428562,1.0,1690,1689,0.812285379749133,1.0,0.9374284599163776,1.0,1690,1689,0.9290539767290291,0.9891909617791725,0.9648380912066347,0.9762693351117024,1691,1690,0.8129510527552017,1.0763637259492225,0.9712074255604962,1.0243074979770643,1690,1691
0.6,6,2,2,homogeneous,flat,3,1.0,1.0,1.0,1.0,1680,1680,1.0,1.0,1.0,1.0,1680,1680,1.0000000000000002,1.0000000000000002,1.0000000000000002,1.0000000000000002,1680,1680,0.9999999999999999,0.9999999999999999,0.9999999999999999,0.9999999999999999,1680,1680
0.6,6,2,2,homogeneous,log_uniform,3,1.0,1.0,1.0,1.0,1683,1683,0.9999999999999999,1.0,1.0,0.9999999999999999,1684,1683,1.0000000000000002,1.0000000000000004,1.0000000000000002,1.0000000000000002,1684,1683,0.9999999999999996,0.9999999999999997,0.9999999999999996,0.9999999999999996,1683,1685
0.6,6,2,3,beta_bimodal,flat,3,0.9974199514667597,1.0,0.9991399838222531,1.0,1700,1698,0.8753701226276258,0.8962968864195866,0.8842306281579896,0.8810248754267563,1700,1698,0.9236981486975011,0.9822828813998854,0.9480892133771704,0.9382866100341247,1698,1700,0.8888596571920263,0.9703352634011958,0.932722314193296,0.9389720219866659,1700,1698
0.6,6,2,3,beta_bimodal,log_uniform,3,0.9649463055457167,1.0,0.9883154351819056,1.0,1703,1701,0.8947573905238859,0.9518008462549384,0.9316530452567781,0.9484008989915095,1703,1701,0.9518008462549384,0.9963091949541141,0.9688040146217052,0.9583020026560627,1701,1703,0.8665912577325096,1.0,0.9520864445065224,0.9896680757870577,1703,1701
0.6,6,2,3,homogeneous,flat,3,1.0,1.0,1.0,1.0,1692,1692,1.0,1.0,1.0,1.0,1692,1692,1.0000000000000002,1.0000000000000002,1.0000000000000002,1.0000000000000002,1692,1692,0.9999999999999999,0.9999999999999999,0.9999999999999999,0.9999999999999999,1692,1692
0.6,6,2,3,homogeneous,log_uniform,3,1.0,1.0,1.0,1.0,1695,1695,0.9999999999999999,1.0,1.0,1.0,1695,1696,1.0000000000000004,1.0000000000000007,1.0000000000000007,1.0000000000000007,1697,1695,0.9999999999999992,0.9999999999999994,0.9999999999999994,0.9999999999999994,1695,1696
0.6,6,3,2,beta_bimodal,flat,3,0.9724429902646253,0.9891038298019844,0.9781343313282217,0.9728561739180555,1710,1712,1.0,1.0,1.0,1.0,1710,1710,0.9239061899231762,0.9524066327480891,0.9404799992477958,0.9451271750721216,1711,1712,1.0289017350394345,1.052981552162725,1.0401381017145093,1.0385310179413687,1710,1711
0.6,6,3,2,beta_bimodal,log_uniform,3,0.9782714319011383,0.9988960582299297,0.9868592985265066,0.9834104054484517,1715,1714,0.9304169048051617,1.0,0.9656327926378107,0.9664814731082702,1713,1714,0.945481214603549,0.9889260940390378,0.9632047359066611,0.9552068990773964,1715,1714,0.9578884600543494,1.0100816069582832,0.9893233556708775,1.0,1713,1714
0.6,6,3,2,homogeneous,flat,3,1.0,1.0,1.0,1.0,1704,1704,0.9146341463414632,0.9146341463414632,0.9146341463414632,0.9146341463414632,1704,1704,0.9146341463414637,0.9146341463414637,0.9146341463414637,0.9146341463414637,1704,1704,0.9999999999999994,0.9999999999999994,0.9999999999999994,0.9999999999999994,1704,1704
0.6,6,3,2,homogeneous,log_uniform,3,1.0,1.0,1.0,1.0,1707,1707,0.9722934547199563,1.0,0.9841484012392421,0.9801517489977699,1707,1709,0.9722934547199563,1.0000000000000007,0.9841484012392424,0.98015174899777,1707,1709,0.9999999999999993,1.0,0.9999999999999997,0.9999999999999999,1709,1707
0.6,6,3,3,beta_bimodal,flat,3,0.96732135515811,0.9967164219990833,0.9792293528293433,0.9736502813308365,1724,1722,0.9155442463332067,0.9592772422207687,0.9384185974079328,0.9404343036698227,1724,1722,0.9359561428587884,0.9654786629007603,0.9468079501973211,0.938989044832415,1724,1722,0.9462254271500262,0.9903143562994629,0.9705628909903683,0.9751488895216158,1724,1722
0.6,6,3,3,beta_bimodal,log_uniform,3,0.9680793553543869,0.9787684520103803,0.973341737121722,0.973177404000399,1725,1726,0.9465486827940062,0.9836561588711349,0.9661346569822852,0.9681991292817144,1725,1727,0.9103570065188689,0.951610245974079,0.9365366718326031,0.9476427630048615,1725,1727,1.0000000000000002,1.0065658110928954,1.004171803986857,1.0059496008676754,1726,1725
0.6,6,3,3,homogeneous,flat,3,1.0,1.0,1.0,1.0,1716,1716,0.9146341463414632,0.9146341463414632,0.9146341463414632,0.9146341463414632,1716,1716,0.9146341463414637,0.9146341463414637,0.9146341463414637,0.9146341463414637,1716,1716,0.9999999999999994,0.9999999999999994,0.9999999999999994,0.9999999999999994,1716,1716
0.6,6,3,3,homogeneous,log_uniform,3,1.0,1.0,1.0,1.0,1719,1719,0.9745241791668711,1.0,0.9841491812238882,0.9779233645047931,1719,1721,0.9745241791668714,1.0000000000000004,0.9841491812238886,0.9779233645047939,1719,1721,0.9999999999999991,0.9999999999999997,0.9999999999999994,0.9999999999999997,1720,1719
0.65,4,2,2,beta_bimodal,flat,3,1.0,1.0,1.0,1.0,1734,1734,0.888587843822042,1.0,0.9628626146073472,1.0,1736,1734,0.9999999999999998,1.0,1.0,1.0,1734,1735,0.888587843822042,1.0000000000000002,0.9628626146073472,1.0,1736,1734
0.65,4,2,2,beta_bimodal,log_uniform,3,0.953541723614462,1.0,0.9845139078714874,1.0,1739,1737,0.8755481376633723,0.9709643981106268,0.9292691734583206,0.9412949846009624,1738,1737,0.9999727155879738,1.0,0.9999909051959913,0.9999999999999999,1739,1738,0.8755481376633723,0.970964398110627,0.914700355998464,0.8975885322213932,1738,1737
0.65,4,2,2,homogeneous,flat,3,1.0,1.0,1.0,1.0,1728,1728,1.0,1.0,1.0,1.0,1728,1728,1.0,1.0,1.0,1.0,1728,1728,1.0,1.0,1.0,1.0,1728,1728
0.65,4,2,2,homogeneous,log_uniform,3,1.0,1.0,1.0,1.0,1731,1731,0.9999999999999998,1.0,1.0,1.0,1731,1732,0.9999999999999999,1.0,1.0,1.0,1732,1731,0.9999999999999998,1.0000000000000002,1.0,1.0,1731,1732
0.65,4,2,3,beta_bimodal,flat,3,1.0,1.0,1.0,1.0,1746,1746,0.9686224126338823,0.9950307902966936,0.9815634890350445,0.981037264174558,1747,1746,0.9686224126338823,0.9950307902966936,0.9815634890350445,0.9810372641745578,1747,1746,1.0,1.0000000000000002,1.0,1.0,1746,1748
0.65,4,2,3,beta_bimodal,log_uniform,3,1.0,1.0,1.0,1.0,1749,1749,0.9737290904476023,0.994772498947863,0.9813978755332361,0.975692037204243,1751,1749,0.9737290904476019,0.994772498947863,0.981397875533236,0.975692037204243,1751,1749,1.0,1.0000000000000004,1.0000000000000002,1.0,1749,1751
0.65,4,2,3,homogeneous,flat,3,1.0,1.0,1.0,1.0,1740,1740,1.0,1.0,1.0,1.0,1740,1740,1.0,1.0,1.0,1.0,1740,1740,1.0,1.0,1.0,1.0,1740,1740
0.65,4,2,3,homogeneous,log_uniform,3,1.0,1.0,1.0,1.0,1743,1743,0.9999999999999998,1.0,1.0,1.0,1743,1744,0.9999999999999998,1.0,0.9999999999999999,0.9999999999999999,1743,1744,1.0,1.0000000000000002,1.0,1.0,1743,1745
0.65,4,3,2,beta_bimodal,flat,3,1.0,1.0,1.0,1.0,1758,1758,0.9859371027783391,1.0,0.9953123675927796,1.0,1759,1758,0.9859371027783391,1.0000000000000002,0.9953123675927799,1.0,1759,1760,0.9999999999999999,1.0,1.0,1.0,1760,1758
0.65,4,3,2,beta_bimodal,log_uniform,3,0.9884481472187573,1.0,0.9961493824062524,1.0,1761,1762,0.9510761607923577,0.9999999999999999,0.9836920535974526,0.9999999999999998,1761,1762,0.9400894689991347,1.0000000000000002,0.9800298229997116,0.9999999999999998,1761,1762,0.9999999999999998,1.0000000000000002,1.0,1.0,1762,1761
0.65,4,3,2,homogeneous,flat,3,1.0,1.0,1.0,1.0,1752,1752,0.9042954031650337,0.9042954031650337,0.9042954031650337,0.9042954031650337,1752,1752,0.9042954031650338,0.9042954031650338,0.9042954031650338,0.9042954031650338,1752,1752,0.9999999999999998,0.9999999999999998,0.9999999999999997,0.9999999999999998,1752,1752
0.65,4,3,2,homogeneous,log_uniform,3,1.0,1.0,1.0,1.0,1755,1755,0.9641491392906831,0.9957532134430206,0.9767207929304437,0.9702600260576274,1757,1755,0.9641491392906831,0.9957532134430208,0.9767207929304437,0.9702600260576273,1757,1755,0.9999999999999998,1.0000000000000002,1.0,1.0,1755,1756
0.65,4,3,3,beta_bimodal,flat,3,0.9919078669124083,0.9996860846640637,0.9953246292137994,0.9943799360649261,1772,1770,0.9784090760119655,0.9999480411031418,0.9924264919773261,0.9989223588168715,1772,1770,0.9704916595547688,0.9996341420779001,0.9878113843089382,0.993308351294146,1772,1770,1.0,1.0000000000000002,1.0,1.0,1770,1772
0.65,4,3,3,beta_bimodal,log_uniform,3,1.0,1.0,1.0,1.0,1773,1773,0.9656029818924685,0.9999999999999998,0.9885343272974895,0.9999999999999997,1774,1775,0.9656029818924684,1.0,0.9885343272974895,1.0,1774,1773,0.9999999999999997,1.0000000000000002,1.0,0.9999999999999998,1773,1774
0.65,4,3,3,homogeneous,flat,3,1.0,1.0,1.0,1.0,1764,1764,0.9042954031650337,0.9042954031650337,0.9042954031650337,0.9042954031650337,1764,1764,0.9042954031650338,0.9042954031650338,0.9042954031650338,0.9042954031650338,1764,1764,0.9999999999999998,0.9999999999999998,0.9999999999999997,0.9999999999999998,1764,1764
0.65,4,3,3,homogeneous,log_uniform,3,1.0,1.0,1.0,1.0,1767,1767,0.9220385623836457,0.9635759468483124,0.949652591149377,0.963343264216173,1769,1767,0.9220385623836457,0.9635759468483124,0.949652591149377,0.963343264216173,1769,1767,1.0,1.0,1.0,1.0,1767,1767
0.65,5,2,2,beta_bimodal,flat,3,1.0,1.0,1.0,1.0,1782,1782,0.9475427684300364,0.9842216760614418,0.961668387576053,0.9532407182366807,1784,1783,0.9999999999999999,1.0,1.0,1.0,1782,1783,0.9475427684300364,0.9842216760614418,0.961668387576053,0.9532407182366808,1784,1783
0.65,5,2,2,beta_bimodal,log_uniform,3,0.9757461449798036,1.0,0.9919153816599345,1.0,1787,1785,0.8956562892716192,1.0,0.9354924703407957,0.9108211217507681,1785,1786,0.9072346930975063,1.0,0.9609936126924365,0.9757461449798035,1785,1786,0.9108211217507682,1.0,0.9660196063309172,0.9872376972419831,1787,1786
0.65,5,2,2,homogeneous,flat,3,1.0,1.0,1.0,1.0,1776,1776,1.0,1.0,1.0,1.0,1776,1776,1.0000000000000002,1.0000000000000002,1.0000000000000002,1.0000000000000002,1776,1776,0.9999999999999999,0.9999999999999999,0.9999999999999999,0.9999999999999999,1776,1776
0.65,5,2,2,homogeneous,log_uniform,3,1.0,1.0,1.0,1.0,1779,1779,1.0,1.0,1.0,1.0,1779,1779,0.9999999999999996,1.0,0.9999999999999997,0.9999999999999998,1779,1781,1.0,1.0000000000000004,1.0000000000000002,1.0000000000000002,1781,1779
0.65,5,2,3,beta_bimodal,flat,3,1.0,1.0,1.0,1.0,1794,1794,0.9078891409459678,1.0,0.9489619617733823,0.938996744374179,1796,1794,0.9370855675702314,1.0,0.9586941039814701,0.9389967443741791,1796,1794,0.9688433717958468,1.0,0.9896144572652822,0.9999999999999998,1796,1794
0.65,5,2,3,beta_bimodal,log_uniform,3,0.9874097799323913,1.0,0.9958032599774637,1.0,1797,1798,0.9329799954692938,1.0,0.9776599984897646,1.0,1799,1797,0.9329799954692938,1.0000000000000002,0.9734632584672284,0.9874097799323913,1799,1798,0.9999999999999998,1.0,1.0,1.0,1798,1797
0.65,5,2,3,homogeneous,flat,3,1.0,1.0,1.0,1.0,1788,1788,1.0,1.0,1.0,1.0,1788,1788,1.0000000000000002,1.0000000000000002,1.0000000000000002,1.0000000000000002,1788,1788,0.9999999999999999,0.9999999999999999,0.9999999999999999,0.9999999999999999,1788,1788
0.65,5,2,3,homogeneous,log_uniform,3,1.0,1.0,1.0,1.0,1791,1791,0.9999999999999998,0.9999999999999999,0.9999999999999999,0.9999999999999999,1793,1791,0.9999999999999997,0.9999999999999999,0.9999999999999997,0.9999999999999998,1792,1791,1.0,1.0000000000000002,1.0,1.0,1791,1792
0.65,5,3,2,beta_bimodal,flat,3,0.9937507053147964,1.0,0.9979169017715988,1.0,1808,1806,0.9987009795799653,1.0,0.9995669931933217,1.0,1808,1806,0.9876573019829624,0.999370393588158,0.993162499475763,0.9924598028561684,1806,1807,1.0000000000000002,1.0124969440232525,1.0043756490296882,1.0006300030658117,1808,1806
0.65,5,3,2,beta_bimodal,log_uniform,3,0.961596352171097,1.0,0.9865734800480467,0.9981240879730434,1811,1809,0.9794665084199445,0.9964540474403851,0.9872297090571814,0.9857685713112149,1811,1810,0.9418514215703797,0.9945847873084823,0.9740682600633589,0.9857685713112148,1811,1810,0.9999999999999999,1.0000000000000002,1.0,1.0,1810,1809
0.65,5,3,2,homogeneous,flat,3,1.0,1.0,1.0,1.0,1800,1800,0.9042954031650338,0.9042954031650338,0.9042954031650338,0.9042954031650338,1800,1800,0.9042954031650338,0.9042954031650338,0.9042954031650338,0.9042954031650338,1800,1800,1.0,1.0,1.0,1.0,1800,1800
0.65,5,3,2,homogeneous,log_uniform,3,1.0,1.0,1.0,1.0,1803,1803,0.9790428744404478,0.9828175588356758,0.9806177135590426,0.9799927074010042,1805,1804,0.9790428744404476,0.9828175588356759,0.9806177135590425,0.9799927074010039,1805,1804,0.9999999999999999,1.0000000000000002,1.0,1.0000000000000002,1804,1803
0.65,5,3,3,beta_bimodal,flat,3,0.9944253633158945,1.0,0.9981417877719648,1.0,1820,1818,0.9794392151767799,0.9999999999999999,0.9931464050589266,0.9999999999999997,1820,1818,0.9739791973980043,0.9999999999999999,0.9913263991326678,0.9999999999999998,1820,1818,0.9999999999999996,1.0,0.9999999999999999,0.9999999999999999,1820,1818
0.65,5,3,3,beta_bimodal,log_uniform,3,0.988810053693206,1.0,0.9960454514385567,0.9993263006224644,1821,1822,0.9760929251577233,0.9967928253251394,0.9860650945143172,0.9853095330600892,1821,1822,0.9651704977347668,0.9967928253251392,0.9822030179002975,0.9846457306409865,1821,1822,1.0,1.0000000000000002,1.0,1.0000000000000002,1821,1822
0.65,5,3,3,homogeneous,flat,3,1.0,1.0,1.0,1.0,1812,1812,0.9042954031650338,0.9042954031650338,0.9042954031650338,0.9042954031650338,1812,1812,0.9042954031650338,0.9042954031650338,0.9042954031650338,0.9042954031650338,1812,1812,1.0,1.0,1.0,1.0,1812,1812
0.65,5,3,3,homogeneous,log_uniform,3,1.0,1.0,1.0,1.0,1815,1815,0.947227042462923,0.9906473680761801,0.9739006183011862,0.9838274443644554,1815,1817,0.9472270424629229,0.9906473680761801,0.9739006183011862,0.9838274443644555,1815,1817,0.9999999999999999,1.0000000000000002,1.0,1.0,1816,1815
0.65,6,2,2,beta_bimodal,flat,3,0.9898839484512002,1.0,0.9959585976602181,0.9979918445294541,1831,1830,1.0,1.0,1.0,1.0,1830,1830,0.9434327369146819,0.9917341496000346,0.9669925490340942,0.965810760587566,1830,1832,1.006309851215614,1.059958978390246,1.0303980656055007,1.0249253672106418,1832,1830
0.65,6,2,2,beta_bimodal,log_uniform,3,1.0,1.0,1.0,1.0,1833,1833,0.9463596098265429,1.0,0.9821198699421809,1.0,1833,1834,0.9508050936570497,1.0,0.9836016978856831,0.9999999999999997,1835,1833,0.9463596098265429,1.0517402637734445,0.9993666245333293,1.0000000000000004,1833,1835
0.65,6,2,2,homogeneous,flat,3,1.0,1.0,1.0,1.0,1824,1824,1.0,1.0,1.0,1.0,1824,1824,1.0000000000000004,1.0000000000000004,1.0000000000000004,1.0000000000000004,1824,1824,0.9999999999999996,0.9999999999999996,0.9999999999999996,0.9999999999999996,1824,1824
0.65,6,2,2,homogeneous,log_uniform,3,1.0,1.0,1.0,1.0,1827,1827,1.0,1.0,1.0,1.0,1827,1827,1.0,1.0000000000000002,1.0000000000000002,1.0000000000000002,1829,1827,0.9999999999999998,1.0,0.9999999999999999,0.9999999999999999,1827,1829
0.65,6,2,3,beta_bimodal,flat,3,0.9868580135606511,1.0,0.9956193378535504,1.0,1842,1843,0.8859456275507299,0.9744117773584974,0.9290584657761558,0.9268179924192403,1843,1842,0.9268179924192402,0.9616060709941098,0.9476434506519763,0.9545062885425787,1844,1842,0.9281715984328055,1.0000000000000004,0.976057199477602,1.0000000000000002,1843,1842
0.65,6,2,3,beta_bimodal,log_uniform,3,0.9700005939065145,1.0,0.9900001979688381,1.0,1846,1845,0.9544747467554472,1.0,0.9744555248301,0.9688918277348529,1846,1845,0.9688918277348529,0.9999999999999997,0.9882913952184195,0.9959823579204059,1847,1845,0.9295757739672158,1.0000000000000002,0.976525257989072,1.0,1846,1845
0.65,6,2,3,homogeneous,flat,3,1.0,1.0,1.0,1.0,1836,1836,1.0,1.0,1.0,1.0,1836,1836,1.0000000000000004,1.0000000000000004,1.0000000000000004,1.0000000000000004,1836,1836,0.9999999999999996,0.9999999999999996,0.9999999999999996,0.9999999999999996,1836,1836
0.65,6,2,3,homogeneous,log_uniform,3,1.0,1.0,1.0,1.0,1839,1839,0.9999999999999998,1.0,0.9999999999999999,0.9999999999999998,1840,1839,1.0,1.0,1.0,1.0,1839,1839,0.9999999999999998,1.0,0.9999999999999999,0.9999999999999998,1840,1839
0.65,6,3,2,beta_bimodal,flat,3,0.9763732896672755,0.9999883548525536,0.9884529429852428,0.988997184435899,1855,1854,1.0,1.0,1.0,1.0,1854,1854,0.9262948103858448,0.9988488971848773,0.966604735864073,0.9746705000214968,1855,1854,1.0011407708121696,1.0540632190960573,1.023300997571293,1.014699002805652,1854,1855
0.65,6,3,2,beta_bimodal,log_uniform,3,0.9840331889974416,1.0,0.9910719748258083,0.9891827354799836,1858,1857,0.9883082445307017,1.0,0.9961027481769005,1.0,1858,1857,0.9378656467300375,0.9837125828141929,0.9621423784844,0.9648489059089697,1858,1857,1.0165570894083842,1.0369588831500827,1.0262454417050704,1.025220352556745,1857,1858
0.65,6,3,2,homogeneous,flat,3,1.0,1.0,1.0,1.0,1848,1848,0.9042954031650337,0.9042954031650337,0.9042954031650337,0.9042954031650337,1848,1848,0.9042954031650342,0.9042954031650342,0.9042954031650342,0.9042954031650342,1848,1848,0.9999999999999993,0.9999999999999993,0.9999999999999994,0.9999999999999993,1848,1848
0.65,6,3,2,homogeneous,log_uniform,3,1.0,1.0,1.0,1.0,1851,1851,0.9533668271379584,0.9581588831363959,0.9556676882158657,0.9554773543732427,1851,1852,0.9533668271379588,0.9581588831363959,0.9556676882158657,0.9554773543732427,1851,1852,0.9999999999999994,1.0,0.9999999999999999,1.0,1851,1852
0.65,6,3,3,beta_bimodal,flat,3,0.9522890588001985,0.992185449378539,0.9785908470835821,0.991298033072009,1866,1867,0.926593204894011,0.9871183341697792,0.9517445211490653,0.9415220243834056,1866,1868,0.8871956048244996,0.9785284630718203,0.9332961735863202,0.9341644528626409,1866,1868,0.9945772568989742,1.0000000000000002,0.9981924189663248,1.0000000000000002,1866,1867
0.65,6,3,3,beta_bimodal,log_uniform,3,0.9872393391517131,0.9957783029341901,0.9920684659902937,0.9931877558849779,1869,1870,0.9658241829961521,0.9890318014268029,0.9777054664717775,0.9782604149923774,1871,1870,0.9592447528893906,0.9848564087727267,0.9699594424258242,0.9657771656153556,1871,1870,0.9999999999999996,1.0,0.9999999999999999,1.0,1869,1870
0.65,6,3,3,homogeneous,flat,3,0.9999999999999998,0.9999999999999998,0.9999999999999997,0.9999999999999998,1860,1860,0.9042954031650338,0.9042954031650338,0.9042954031650338,0.9042954031650338,1860,1860,0.9042954031650342,0.9042954031650342,0.9042954031650342,0.9042954031650342,1860,1860,0.9999999999999993,0.9999999999999993,0.9999999999999994,0.9999999999999993,1860,1860
0.65,6,3,3,homogeneous,log_uniform,3,1.0,1.0,1.0,1.0,1863,1863,0.9432318262444369,0.9696533557589099,0.952223521457011,0.9437853823676859,1864,1865,0.9432318262444368,0.9696533557589097,0.952223521457011,0.9437853823676864,1864,1865,0.9999999999999996,1.0000000000000002,1.0,1.0000000000000002,1863,1864
0.7,4,2,2,beta_bimodal,flat,3,1.0,1.0,1.0,1.0,1878,1878,0.9946512281983007,1.0,0.9982170760661001,1.0,1878,1879,0.9946512281983004,1.0,0.9982170760661001,0.9999999999999999,1878,1879,1.0,1.0000000000000002,1.0,1.0000000000000002,1879,1878
0.7,4,2,2,beta_bimodal,log_uniform,3,1.0,1.0,1.0,1.0,1881,1881,0.9935937465215889,1.0,0.9976370377555446,0.9993173667450451,1883,1882,0.9797861554023531,0.9993173667450451,0.9908990895563291,0.9935937465215889,1882,1881,1.0,1.0206308738760919,1.0068769579586974,1.0,1881,1882
0.7,4,2,2,homogeneous,flat,3,1.0,1.0,1.0,1.0,1872,1872,1.0,1.0,1.0,1.0,1872,1872,1.0,1.0,1.0,1.0,1872,1872,1.0,1.0,1.0,1.0,1872,1872
0.7,4,2,2,homogeneous,log_uniform,3,1.0,1.0,1.0,1.0,1875,1875,0.9999999999999999,1.0,1.0,0.9999999999999999,1875,1876,0.9999999999999998,1.0,1.0,1.0,1875,1876,0.9999999999999999,1.0000000000000002,1.0,1.0,1877,1875
0.7,4,2,3,beta_bimodal,flat,3,1.0,1.0,1.0,1.0,1890,1890,0.9938511175926451,1.0,0.997676395723646,0.9991780695782926,1890,1892,0.9938511175926449,1.0,0.9976763957236457,0.9991780695782926,1890,1892,1.0,1.0000000000000002,1.0,1.0,1891,1890
0.7,4,2,3,beta_bimodal,log_uniform,3,1.0,1.0,1.0,1.0,1893,1893,0.974299100081335,0.9999999999999998,0.99003860507934,0.9958167151566852,1895,1893,0.974299100081335,1.0,0.99003860507934,0.9958167151566852,1895,1893,0.9999999999999998,1.0,1.0,1.0,1893,1894
0.7,4,2,3,homogeneous,flat,3,1.0,1.0,1.0,1.0,1884,1884,1.0,1.0,1.0,1.0,1884,1884,1.0,1.0,1.0,1.0,1884,1884,1.0,1.0,1.0,1.0,1884,1884
0.7,4,2,3,homogeneous,log_uniform,3,1.0,1.0,1.0,1.0,1887,1887,0.9999999999999999,1.0,1.0,1.0,1889,1887,0.9999999999999998,1.0000000000000002,1.0,0.9999999999999999,1887,1888,0.9999999999999999,1.0000000000000002,1.0,1.0,1888,1887
0.7,4,3,2,beta_bimodal,flat,3,1.0,1.0,1.0,1.0,1902,1902,0.9999999999999998,1.0,0.9999999999999999,0.9999999999999998,1903,1902,0.9999999999999997,1.0,0.9999999999999997,0.9999999999999998,1903,1902,1.0,1.0000000000000002,1.0,1.0,1902,1903
0.7,4,3,2,beta_bimodal,log_uniform,3,0.9896328606685957,1.0,0.9965442868895319,1.0,1905,1906,0.9478206938969936,1.0,0.9826068979656646,1.0,1905,1906,0.9379945047021752,1.0,0.9793315015673917,1.0,1905,1906,1.0,1.0,1.0,1.0,1905,1905
0.7,4,3,2,homogeneous,flat,3,1.0,1.0,1.0,1.0,1896,1896,0.8902077151335311,0.8902077151335311,0.8902077151335311,0.8902077151335311,1896,1896,0.8902077151335313,0.8902077151335313,0.8902077151335313,0.8902077151335313,1896,1896,0.9999999999999999,0.9999999999999999,0.9999999999999999,0.9999999999999999,1896,1896
0.7,4,3,2,homogeneous,log_uniform,3,1.0,1.0,1.0,1.0,1899,1899,0.955806808309803,0.9857310447303925,0.9682919129711446,0.9633378858732379,1899,1901,0.955806808309803,0.9857310447303923,0.9682919129711444,0.9633378858732379,1899,1901,1.0,1.0000000000000002,1.0,1.0,1899,1901
0.7,4,3,3,beta_bimodal,flat,3,0.9988291953181497,1.0,0.9996097317727166,1.0,1915,1914,0.9996998322971985,1.0,0.999899944099066,0.9999999999999998,1915,1914,0.9985293790530999,1.0,0.9995097930177,1.0,1915,1914,0.9999999999999998,1.0,1.0,1.0,1916,1914
0.7,4,3,3,beta_bimodal,log_uniform,3,0.9985245305129948,1.0,0.9995064888017996,0.9999949358924036,1919,1917,0.9780661914758932,1.0,0.9926827009189975,0.9999819112810991,1919,1917,0.9766230846540994,1.0,0.9921999773064017,0.9999768472651057,1919,1917,0.9999999999999998,1.0000000000000002,1.0,1.0,1919,1918
0.7,4,3,3,homogeneous,flat,3,1.0,1.0,1.0,1.0,1908,1908,0.8902077151335311,0.8902077151335311,0.8902077151335311,0.8902077151335311,1908,1908,0.8902077151335313,0.8902077151335313,0.8902077151335313,0.8902077151335313,1908,1908,0.9999999999999999,0.9999999999999999,0.9999999999999999,0.9999999999999999,1908,1908
0.7,4,3,3,homogeneous,log_uniform,3,1.0,1.0,1.0,1.0,1911,1911,0.9664165701175409,0.9864268890683388,0.9774990943901355,0.9796538239845268,1912,1913,0.9664165701175409,0.9864268890683389,0.9774990943901355,0.9796538239845268,1912,1913,0.9999999999999998,1.0,1.0,1.0,1913,1911
0.7,5,2,2,beta_bimodal,flat,3,1.0,1.0,1.0,1.0,1926,1926,0.9247593265478994,1.0,0.9703105499599257,0.9861723233318778,1928,1927,0.986172323331878,1.0,0.9953907744439592,0.9999999999999994,1926,1927,0.9247593265478998,1.0,0.9749197755159665,0.9999999999999999,1928,1927
0.7,5,2,2,beta_bimodal,log_uniform,3,1.0,1.0,1.0,1.0,1929,1929,0.9810994144517988,1.0,0.9936998048172662,1.0,1929,1930,0.9810994144517992,1.0,0.9936998048172664,1.0,1929,1930,0.9999999999999997,1.0,0.9999999999999999,1.0,1929,1930
0.7,5,2,2,homogeneous,flat,3,1.0,1.0,1.0,1.0,1920,1920,1.0,1.0,1.0,1.0,1920,1920,1.0,1.0,1.0,1.0,1920,1920,1.0,1.0,1.0,1.0,1920,1920
0.7,5,2,2,homogeneous,log_uniform,3,1.0,1.0,1.0,1.0,1923,1923,0.9999999999999999,1.0,1.0,1.0,1925,1923,0.9999999999999998,0.9999999999999999,0.9999999999999999,0.9999999999999998,1923,1925,1.0,1.0000000000000002,1.0000000000000002,1.0000000000000002,1925,1923
0.7,5,2,3,beta_bimodal,flat,3,1.0,1.0,1.0,1.0,1938,1938,0.95169736690482,1.0,0.9735808889015699,0.9690452997998897,1940,1939,0.95169736690482,1.0,0.9735808889015699,0.96904529979989,1940,1939,0.9999999999999998,1.0,1.0,1.0,1938,1939
0.7,5,2,3,beta_bimodal,log_uniform,3,0.9978169787703861,1.0,0.9992723262567953,1.0,1941,1942,0.9785896333253108,1.0,0.9922777287214409,0.9982435528390118,1941,1943,0.9978169787703861,1.0,0.9986868438697992,0.9982435528390118,1941,1943,0.9785896333253108,1.0,0.9928632111084369,1.0,1941,1942
0.7,5,2,3,homogeneous,flat,3,1.0,1.0,1.0,1.0,1932,1932,1.0,1.0,1.0,1.0,1932,1932,1.0,1.0,1.0,1.0,1932,1932,1.0,1.0,1.0,1.0,1932,1932
0.7,5,2,3,homogeneous,log_uniform,3,1.0,1.0,1.0,1.0,1935,1935,1.0,1.0,1.0,1.0,1935,1935,0.9999999999999998,1.0,0.9999999999999999,0.9999999999999999,1936,1937,1.0,1.0000000000000002,1.0000000000000002,1.0000000000000002,1937,1935
0.7,5,3,2,beta_bimodal,flat,3,0.9823516394058154,0.9995453711649577,0.9925230691539003,0.9956721968909279,1951,1952,0.969366371750742,0.9994854758831133,0.9877203468126923,0.9943091928042215,1951,1952,0.9522586444742089,0.9995453711649573,0.980603344675797,0.9900060183882248,1951,1952,0.9994854758831135,0.9999999999999997,0.9998284919610376,0.9999999999999997,1952,1950
0.7,5,3,2,beta_bimodal,log_uniform,3,0.9805293481885003,1.0,0.9897016231033778,0.9885755211216329,1953,1954,0.9609539849256857,1.0,0.9869846616418951,0.9999999999999998,1953,1955,0.9422435844783248,1.0,0.9671026880873477,0.959064479783718,1953,1954,0.9999999999999998,1.0307706540696513,1.0102568846898836,0.9999999999999999,1954,1955
0.7,5,3,2,homogeneous,flat,3,1.0,1.0,1.0,1.0,1944,1944,0.8902077151335311,0.8902077151335311,0.8902077151335311,0.8902077151335311,1944,1944,0.8902077151335311,0.8902077151335311,0.8902077151335311,0.8902077151335311,1944,1944,1.0,1.0,1.0,1.0,1944,1944
0.7,5,3,2,homogeneous,log_uniform,3,1.0,1.0,1.0,1.0,1947,1947,0.950409996469074,1.0,0.9716744496285142,0.9646133524164688,1948,1947,0.9504099964690742,0.9999999999999998,0.9716744496285142,0.9646133524164688,1948,1947,0.9999999999999998,1.0000000000000002,1.0,1.0,1948,1947
0.7,5,3,3,beta_bimodal,flat,3,0.9887497890608903,1.0,0.9938544399540651,0.992813530801305,1962,1964,0.9665264298117145,0.99055721551829,0.9817004680187015,0.9880177587261001,1962,1963,0.9556528035981081,0.9880177587261001,0.9757030563078771,0.9834386065994228,1962,1964,0.9999999999999999,1.0,1.0,1.0,1963,1962
0.7,5,3,3,beta_bimodal,log_uniform,3,0.9786908463645467,0.9974482284997993,0.9908357096393813,0.9963680540537977,1966,1965,0.9421986460638522,0.9903094086551717,0.9732024555447714,0.9870993119152901,1966,1965,0.9221211903597614,0.9877823653297847,0.9644725920868086,0.9835142205708796,1966,1965,1.0000000000000002,1.0000000000000007,1.0000000000000002,1.0000000000000002,1965,1967
0.7,5,3,3,homogeneous,flat,3,1.0,1.0,1.0,1.0,1956,1956,0.8902077151335311,0.8902077151335311,0.8902077151335311,0.8902077151335311,1956,1956,0.8902077151335311,0.8902077151335311,0.8902077151335311,0.8902077151335311,1956,1956,1.0,1.0,1.0,1.0,1956,1956
0.7,5,3,3,homogeneous,log_uniform,3,1.0,1.0,1.0,1.0,1959,1959,0.9616111071603423,0.9957833412935843,0.983477873848774,0.9930391730923955,1960,1961,0.9616111071603423,0.9957833412935841,0.983477873848774,0.9930391730923955,1960,1961,1.0,1.0000000000000002,1.0,1.0,1959,1961
0.7,6,2,2,beta_bimodal,flat,3,1.0,1.0,1.0,1.0,1974,1974,0.9820964212587712,1.0,0.9940321404195904,1.0,1974,1975,0.9777572702976649,0.9999999999999996,0.9864285251814887,0.9815283052468017,1975,1974,0.9820964212587716,1.0227487234081765,1.0078881547150027,1.01881931947806,1974,1975
0.7,6,2,2,beta_bimodal,log_uniform,3,1.0,1.0,1.0,1.0,1977,1977,0.9379695662511062,1.0,0.9793231887503687,1.0,1978,1977,0.9999999999999998,1.0000000000000002,1.0,1.0,1979,1977,0.9379695662511062,1.0000000000000002,0.9793231887503687,0.9999999999999999,1978,1979
0.7,6,2,2,homogeneous,flat,3,1.0,1.0,1.0,1.0,1968,1968,1.0,1.0,1.0,1.0,1968,1968,1.0,1.0,1.0,1.0,1968,1968,1.0,1.0,1.0,1.0,1968,1968
0.7,6,2,2,homogeneous,log_uniform,3,1.0,1.0,1.0,1.0,1971,1971,0.9999999999999996,1.0,0.9999999999999999,1.0,1973,1971,0.9999999999999997,1.0,0.9999999999999999,1.0,1971,1972,0.9999999999999996,1.0000000000000002,0.9999999999999999,1.0,1973,1971
0.7,6,2,3,beta_bimodal,flat,3,1.0,1.0,1.0,1.0,1986,1986,0.9329969657635923,0.9989320421584788,0.964698733070202,0.9621671912885348,1988,1986,0.9329969657635919,0.9989320421584789,0.9646987330702018,0.962167191288535,1988,1986,0.9999999999999998,1.0000000000000004,1.0,0.9999999999999999,1986,1988
0.7,6,2,3,beta_bimodal,log_uniform,3,0.9490932020719702,1.0,0.9730492151479203,0.9700544433717905,1990,1991,0.8502904479449938,0.9929790203400107,0.938580092900699,0.9724708104170924,1990,1991,0.9433496306944668,0.9929790203400108,0.9744419592343437,0.9869972266685536,1989,1991,0.8176364250335697,0.9999999999999999,0.9392121416778565,0.9999999999999998,1990,1991
0.7,6,2,3,homogeneous,flat,3,1.0,1.0,1.0,1.0,1980,1980,1.0,1.0,1.0,1.0,1980,1980,1.0,1.0,1.0,1.0,1980,1980,1.0,1.0,1.0,1.0,1980,1980
0.7,6,2,3,homogeneous,log_uniform,3,1.0,1.0,1.0,1.0,1983,1983,0.9999999999999999,1.0,1.0,0.9999999999999999,1983,1984,1.0000000000000002,1.0000000000000002,1.0000000000000002,1.0000000000000002,1983,1983,0.9999999999999997,0.9999999999999998,0.9999999999999997,0.9999999999999997,1983,1984
0.7,6,3,2,beta_bimodal,flat,3,0.928022520714473,0.9817789250342851,0.9611808013471889,0.9737409582928087,2000,1999,0.961026525493668,1.0,0.9744114062200354,0.9622076931664383,2000,1999,0.8918542586621055,0.9596175146240481,0.929470938168918,0.9369410412206005,2000,1999,0.9999999999999999,1.0230940036759533,1.0076980012253178,1.0,2000,1999
0.7,6,3,2,beta_bimodal,log_uniform,3,0.9323904060052306,0.9963065719162771,0.9719792659292983,0.9872408198663869,2002,2003,0.9667821592719846,1.0,0.9864499701438724,0.9925677511596325,2002,2003,0.9014184100022197,0.9890270767054157,0.9567829623784693,0.9799034004277721,2002,2003,0.9999999999999993,1.007360258765726,1.0024534195885748,0.9999999999999996,2001,2003
0.7,6,3,2,homogeneous,flat,3,0.9999999999999998,0.9999999999999998,0.9999999999999997,0.9999999999999998,1992,1992,0.890207715133531,0.890207715133531,0.8902077151335309,0.890207715133531,1992,1992,0.8902077151335307,0.8902077151335307,0.8902077151335307,0.8902077151335307,1992,1992,1.0000000000000002,1.0000000000000002,1.0000000000000002,1.0000000000000002,1992,1992
0.7,6,3,2,homogeneous,log_uniform,3,1.0,1.0,1.0,1.0,1995,1995,0.95090511658804,0.9937843606685056,0.9675166208979015,0.9578603854371587,1996,1995,0.9509051165880397,0.9937843606685056,0.9675166208979014,0.9578603854371587,1996,1995,1.0,1.0000000000000004,1.0000000000000002,1.0,1995,1996
0.7,6,3,3,beta_bimodal,flat,3,0.9737112594867219,1.0,0.9882348299374225,0.9909932303255459,2012,2011,0.9498893145275736,1.0,0.9830149249257053,0.9991554602495426,2012,2011,0.9249179208216225,1.0,0.9716914059905747,0.9901562971501017,2012,2011,1.0,1.0000000000000002,1.0,1.0000000000000002,2011,2010
0.7,6,3,3,beta_bimodal,log_uniform,3,0.978114815971096,0.9939367154051677,0.9879534018836452,0.9918086742746722,2014,2015,0.9776189571324632,0.9853616768247027,0.9806243800924523,0.978892506320191,2014,2015,0.9562235863454742,0.9793871485492734,0.9688282712818626,0.9708740789508401,2014,2015,0.9999999999999997,0.9999999999999998,0.9999999999999997,0.9999999999999997,2013,2015
0.7,6,3,3,homogeneous,flat,3,0.9999999999999998,0.9999999999999998,0.9999999999999997,0.9999999999999998,2004,2004,0.890207715133531,0.890207715133531,0.8902077151335309,0.890207715133531,2004,2004,0.8902077151335307,0.8902077151335307,0.8902077151335307,0.8902077151335307,2004,2004,1.0000000000000002,1.0000000000000002,1.0000000000000002,1.0000000000000002,2004,2004
0.7,6,3,3,homogeneous,log_uniform,3,1.0,1.0,1.0,1.0,2007,2007,0.9366412609702051,0.9923680161254205,0.9697253895076793,0.980166891427412,2007,2008,0.9366412609702051,0.9923680161254205,0.9697253895076793,0.9801668914274122,2007,2008,0.9999999999999997,1.0,0.9999999999999999,1.0,2009,2007
0.75,4,2,2,beta_bimodal,flat,3,1.0,1.0,1.0,1.0,2022,2022,0.9996295419466623,1.0,0.9998765139822208,1.0,2022,2023,0.9996295419466623,1.0,0.9998765139822208,0.9999999999999999,2022,2024,1.0,1.0000000000000002,1.0,1.0,2022,2023
0.75,4,2,2,beta_bimodal,log_uniform,3,1.0,1.0,1.0,1.0,2025,2025,1.0,1.0,1.0,1.0,2025,2025,0.9999999999999998,1.0,0.9999999999999999,0.9999999999999998,2026,2025,1.0,1.0000000000000002,1.0,1.0000000000000002,2025,2026
0.75,4,2,2,homogeneous,flat,3,1.0,1.0,1.0,1.0,2016,2016,1.0,1.0,1.0,1.0,2016,2016,1.0,1.0,1.0,1.0,2016,2016,1.0,1.0,1.0,1.0,2016,2016
0.75,4,2,2,homogeneous,log_uniform,3,1.0,1.0,1.0,1.0,2019,2019,1.0,1.0,1.0,1.0,2019,2019,0.9999999999999999,1.0,1.0,1.0,2021,2019,1.0,1.0000000000000002,1.0,1.0,2019,2021
0.75,4,2,3,beta_bimodal,flat,3,1.0,1.0,1.0,1.0,2034,2034,0.9999999999999999,1.0,1.0,1.0,2035,2034,0.9999999999999999,1.0000000000000002,1.0,1.0,2036,2034,0.9999999999999999,1.0000000000000002,1.0,0.9999999999999999,2034,2036
0.75,4,2,3,beta_bimodal,log_uniform,3,1.0,1.0,1.0,1.0,2037,2037,1.0,1.0,1.0,1.0,2037,2037,0.9999999999999999,1.0,1.0,1.0,2039,2037,1.0,1.0000000000000002,1.0,1.0,2037,2039
0.75,4,2,3,homogeneous,flat,3,1.0,1.0,1.0,1.0,2028,2028,1.0,1.0,1.0,1.0,2028,2028,1.0,1.0,1.0,1.0,2028,2028,1.0,1.0,1.0,1.0,2028,2028
0.75,4,2,3,homogeneous,log_uniform,3,1.0,1.0,1.0,1.0,2031,2031,1.0,1.0,1.0,1.0,2031,2031,0.9999999999999999,1.0,1.0,1.0,2033,2031,1.0,1.0000000000000002,1.0,1.0,2031,2033
0.75,4,3,2,beta_bimodal,flat,3,0.9959078816159483,1.0,0.9986359605386493,1.0,2048,2046,0.9612010779528535,1.0,0.9867052681776843,0.9989147265801996,2046,2047,0.9612010779528535,1.0,0.9853427090721047,0.9948270492634607,2046,2047,1.0,1.0000000000000002,1.0,1.0,2046,2048
0.75,4,3,2,beta_bimodal,log_uniform,3,0.9963954690153161,1.0,0.998798489671772,1.0,2049,2050,0.9542946642234588,0.9999999999999998,0.9844687428299314,0.9991115642663355,2049,2050,0.9508548795377467,1.0,0.9833221479346941,0.9991115642663355,2049,2050,0.9999999999999998,1.0,1.0,1.0,2050,2049
0.75,4,3,2,homogeneous,flat,3,1.0,1.0,1.0,1.0,2040,2040,0.8727272727272727,0.8727272727272727,0.8727272727272727,0.8727272727272727,2040,2040,0.8727272727272727,0.8727272727272727,0.8727272727272727,0.8727272727272727,2040,2040,1.0,1.0,1.0,1.0,2040,2040
0.75,4,3,2,homogeneous,log_uniform,3,1.0,1.0,1.0,1.0,2043,2043,0.9416885289351276,1.0,0.966601842190629,0.9581169976367591,2044,2045,0.9416885289351274,1.0,0.9666018421906287,0.958116997636759,2044,2045,1.0,1.0000000000000002,1.0000000000000002,1.0000000000000002,2045,2043
0.75,4,3,3,beta_bimodal,flat,3,0.9945251371063301,1.0,0.998128637798013,0.9998607762877089,2059,2060,0.9816587229882946,1.0,0.9938649095629518,0.9999360057005605,2059,2060,0.9762842760715585,0.9999999999999999,0.9920270223231173,0.9997967908977934,2059,2060,1.0,1.0000000000000002,1.0,1.0,2058,2060
0.75,4,3,3,beta_bimodal,log_uniform,3,0.9998087928527803,1.0,0.999936243546076,0.9999999377854478,2063,2062,0.9984051602599929,1.0,0.9994659961408389,0.9999928281625236,2063,2062,0.9982142580575301,1.0,0.9994023413353158,0.9999927659484175,2063,2062,1.0,1.0000000000000002,1.0,1.0000000000000002,2062,2061
0.75,4,3,3,homogeneous,flat,3,1.0,1.0,1.0,1.0,2052,2052,0.8727272727272727,0.8727272727272727,0.8727272727272727,0.8727272727272727,2052,2052,0.8727272727272727,0.8727272727272727,0.8727272727272727,0.8727272727272727,2052,2052,1.0,1.0,1.0,1.0,2052,2052
0.75,4,3,3,homogeneous,log_uniform,3,1.0,1.0,1.0,1.0,2055,2055,0.9472000375754704,0.9613779101619656,0.9565717375407229,0.9611372648847326,2057,2056,0.9472000375754701,0.9613779101619654,0.9565717375407227,0.9611372648847326,2057,2056,1.0,1.0000000000000002,1.0,1.0000000000000002,2055,2056
0.75,5,2,2,beta_bimodal,flat,3,1.0,1.0,1.0,1.0,2070,2070,0.9971818842837388,1.0,0.9990606280945794,0.9999999999999996,2070,2072,0.9971818842837387,1.0,0.9990606280945795,0.9999999999999998,2070,2072,0.9999999999999998,1.0000000000000002,1.0,1.0,2071,2070
0.75,5,2,2,beta_bimodal,log_uniform,3,1.0,1.0,1.0,1.0,2073,2073,0.9696777284042657,1.0,0.9898925761347552,1.0,2073,2074,0.9696777284042658,1.0000000000000002,0.9898925761347553,1.0,2073,2074,0.9999999999999998,1.0,0.9999999999999999,0.9999999999999999,2074,2075
0.75,5,2,2,homogeneous,flat,3,1.0,1.0,1.0,1.0,2064,2064,1.0,1.0,1.0,1.0,2064,2064,1.0,1.0,1.0,1.0,2064,2064,1.0,1.0,1.0,1.0,2064,2064
0.75,5,2,2,homogeneous,log_uniform,3,1.0,1.0,1.0,1.0,2067,2067,1.0,1.0,1.0,1.0,2067,2067,0.9999999999999999,1.0,1.0,1.0,2067,2068,1.0,1.0000000000000002,1.0,1.0,2068,2067
0.75,5,2,3,beta_bimodal,flat,3,1.0,1.0,1.0,1.0,2082,2082,0.9875331801285256,0.9999999999999998,0.9956572215547211,0.9994384845356377,2084,2082,0.9875331801285261,0.9999999999999996,0.9956572215547211,0.9994384845356379,2084,2082,0.9999999999999996,1.0000000000000002,0.9999999999999999,0.9999999999999998,2084,2082
0.75,5,2,3,beta_bimodal,log_uniform,3,1.0,1.0,1.0,1.0,2085,2085,0.9915206902070598,0.9999999999999999,0.9962379805503364,0.9971932514439497,2085,2086,0.9915206902070599,1.0,0.9962379805503364,0.9971932514439497,2085,2086,0.9999999999999999,1.0,1.0,0.9999999999999999,2085,2087
0.75,5,2,3,homogeneous,flat,3,1.0,1.0,1.0,1.0,2076,2076,1.0,1.0,1.0,1.0,2076,2076,1.0,1.0,1.0,1.0,2076,2076,1.0,1.0,1.0,1.0,2076,2076
0.75,5,2,3,homogeneous,log_uniform,3,1.0,1.0,1.0,1.0,2079,2079,1.0,1.0,1.0,1.0,2079,2079,0.9999999999999997,1.0000000000000002,1.0,0.9999999999999999,2079,2080,0.9999999999999999,1.0000000000000002,1.0,1.0000000000000002,2080,2079
0.75,5,3,2,beta_bimodal,flat,3,0.996799599682212,1.0,0.9988134063103306,0.9996406192487799,2094,2096,0.99676666349758,1.0,0.9988620957592147,0.9998196237800643,2094,2096,0.9935766111509619,0.9999999999999998,0.9976789730011824,0.9994603078525854,2094,2096,1.0,1.0000000000000002,1.0,1.0000000000000002,2094,2095
0.75,5,3,2,beta_bimodal,log_uniform,3,0.9875100096190668,1.0,0.9947859007143395,0.9968476925239516,2097,2098,0.9937470962905324,0.9999999999999998,0.9974445104189273,0.9985864349662498,2097,2098,0.9813352046167831,0.9999999999999998,0.9922579293662026,0.995438583481825,2097,2098,1.0,1.0000000000000002,1.0,1.0,2098,2097
0.75,5,3,2,homogeneous,flat,3,1.0,1.0,1.0,1.0,2088,2088,0.8727272727272727,0.8727272727272727,0.8727272727272727,0.8727272727272727,2088,2088,0.8727272727272727,0.8727272727272727,0.8727272727272727,0.8727272727272727,2088,2088,1.0,1.0,1.0,1.0,2088,2088
0.75,5,3,2,homogeneous,log_uniform,3,1.0,1.0,1.0,1.0,2091,2091,0.9488824716040374,0.9738075464157918,0.9591273053457453,0.9546918980174068,2092,2091,0.9488824716040373,0.9738075464157918,0.9591273053457452,0.9546918980174066,2092,2091,1.0,1.0000000000000002,1.0,1.0000000000000002,2091,2092
0.75,5,3,3,beta_bimodal,flat,3,0.9886512713796193,0.9902879357226366,0.9895868445864928,0.9898213266572228,2108,2106,0.9512238232112472,0.9963135172780571,0.9707616500900961,0.9647476097809841,2107,2106,0.9415416266389123,0.9866372563578466,0.9606592779890591,0.9537989509704189,2107,2106,0.9999999999999998,1.0,1.0,1.0,2108,2106
0.75,5,3,3,beta_bimodal,log_uniform,3,0.9977249575441839,1.0,0.9992258004330338,0.9999524437549177,2110,2111,0.912758231410332,0.9999788154817367,0.9653371005522094,0.9832742547645593,2111,2109,0.9127582314103322,0.9999312602441103,0.9645755852479004,0.9810372640892588,2111,2109,0.9999999999999998,1.0000000000000002,1.0,1.0000000000000002,2111,2109
0.75,5,3,3,homogeneous,flat,3,1.0,1.0,1.0,1.0,2100,2100,0.8727272727272727,0.8727272727272727,0.8727272727272727,0.8727272727272727,2100,2100,0.8727272727272727,0.8727272727272727,0.8727272727272727,0.8727272727272727,2100,2100,1.0,1.0,1.0,1.0,2100,2100
0.75,5,3,3,homogeneous,log_uniform,3,1.0,1.0,1.0,1.0,2103,2103,0.9481373247915486,0.9888617910505122,0.9673821387452012,0.9651473003935427,2104,2103,0.9481373247915487,0.9888617910505124,0.9673821387452012,0.9651473003935425,2104,2103,0.9999999999999998,1.0000000000000002,1.0,0.9999999999999999,2103,2105
0.75,6,2,2,beta_bimodal,flat,3,1.0,1.0,1.0,1.0,2118,2118,0.9636094804322426,1.0,0.9795695160741351,0.975099067790163,2119,2118,0.963609480432242,1.0000000000000002,0.9878698268107473,0.9999999999999997,2119,2118,0.9750990677901632,1.0000000000000004,0.9916996892633879,0.9999999999999999,2120,2119
0.75,6,2,2,beta_bimodal,log_uniform,3,1.0,1.0,1.0,1.0,2121,2121,0.9834985221731277,1.0,0.9944995073910426,1.0,2121,2122,0.9422233482090108,0.997446622852453,0.9743894977448638,0.9834985221731275,2123,2122,1.0000000000000002,1.061319486405014,1.0212931333257922,1.0025599135723624,2121,2123
0.75,6,2,2,homogeneous,flat,3,1.0,1.0,1.0,1.0,2112,2112,1.0,1.0,1.0,1.0,2112,2112,1.0,1.0,1.0,1.0,2112,2112,1.0,1.0,1.0,1.0,2112,2112
0.75,6,2,2,homogeneous,log_uniform,3,1.0,1.0,1.0,1.0,2115,2115,0.9999999999999999,1.0,1.0,1.0,2117,2115,0.9999999999999996,1.0000000000000002,0.9999999999999999,0.9999999999999998,2115,2116,0.9999999999999998,1.0000000000000004,1.0,1.0000000000000002,2116,2115
0.75,6,2,3,beta_bimodal,flat,3,1.0,1.0,1.0,1.0,2130,2130,0.960919064987415,1.0,0.9795562804323493,0.9777497763096327,2131,2130,0.9609190649874153,0.9999999999999998,0.9795562804323491,0.9777497763096323,2131,2130,0.9999999999999997,1.0000000000000004,1.0000000000000002,1.0000000000000002,2131,2132
0.75,6,2,3,beta_bimodal,log_uniform,3,1.0,1.0,1.0,1.0,2133,2133,0.9845296938428336,1.0,0.9948432312809444,0.9999999999999998,2133,2134,0.9845296938428334,1.0000000000000002,0.9948432312809445,1.0,2133,2135,0.9999999999999997,1.0000000000000002,0.9999999999999999,1.0,2135,2133
0.75,6,2,3,homogeneous,flat,3,1.0,1.0,1.0,1.0,2124,2124,1.0,1.0,1.0,1.0,2124,2124,1.0,1.0,1.0,1.0,2124,2124,1.0,1.0,1.0,1.0,2124,2124
0.75,6,2,3,homogeneous,log_uniform,3,1.0,1.0,1.0,1.0,2127,2127,1.0,1.0,1.0,1.0,2127,2127,0.9999999999999997,1.0000000000000004,1.0,0.9999999999999998,2127,2128,0.9999999999999996,1.0000000000000002,1.0,1.0000000000000002,2128,2127
0.75,6,3,2,beta_bimodal,flat,3,0.9813708862088952,1.0,0.9908332017907272,0.9911287191632866,2144,2142,0.9884807407927397,0.9999999999999999,0.9941344175475916,0.9939225118500351,2144,2142,0.9700662205921962,0.9999999999999999,0.9850571222365593,0.9851051461174817,2144,2142,1.0,1.0000000000000002,1.0,1.0,2142,2143
0.75,6,3,2,beta_bimodal,log_uniform,3,0.9795160307911348,0.999992080711912,0.9930419389687404,0.9996177054031744,2147,2145,0.9912905593282499,1.0,0.9970595355845161,0.9998880474252982,2147,2145,0.9709849940339315,0.9999920807119118,0.9901609567910601,0.9995057956273371,2147,2145,0.9999999999999999,1.0000000000000002,1.0,1.0,2147,2145
0.75,6,3,2,homogeneous,flat,3,1.0,1.0,1.0,1.0,2136,2136,0.8727272727272727,0.8727272727272727,0.8727272727272727,0.8727272727272727,2136,2136,0.8727272727272727,0.8727272727272727,0.8727272727272727,0.8727272727272727,2136,2136,1.0,1.0,1.0,1.0,2136,2136
0.75,6,3,2,homogeneous,log_uniform,3,1.0,1.0,1.0,1.0,2139,2139,0.9337716836570209,0.9497162738744153,0.9436764857233307,0.9475414996385559,2139,2141,0.9337716836570207,0.9497162738744149,0.9436764857233305,0.9475414996385559,2139,2141,1.0,1.0000000000000004,1.0000000000000002,1.0000000000000002,2140,2141
0.75,6,3,3,beta_bimodal,flat,3,0.9832228372783539,1.0,0.994407612426118,1.0,2155,2154,0.9551318257443332,1.0,0.9850439419147777,0.9999999999999999,2155,2154,0.9391074236831973,1.0,0.9797024745610656,0.9999999999999997,2155,2156,0.9999999999999999,1.0000000000000002,1.0000000000000002,1.0000000000000002,2156,2154
0.75,6,3,3,beta_bimodal,log_uniform,3,0.9983403435316228,1.0,0.9994467811772076,1.0,2158,2157,0.9971222491686658,0.9999999999999999,0.9988275222726425,0.9993603176492617,2158,2157,0.9954673687780701,0.9999999999999997,0.9982758954757772,0.9993603176492619,2158,2157,0.9999999999999998,1.0000000000000002,1.0,1.0,2159,2157
0.75,6,3,3,homogeneous,flat,3,1.0,1.0,1.0,1.0,2148,2148,0.8727272727272727,0.8727272727272727,0.8727272727272727,0.8727272727272727,2148,2148,0.8727272727272727,0.8727272727272727,0.8727272727272727,0.8727272727272727,2148,2148,1.0,1.0,1.0,1.0,2148,2148
0.75,6,3,3,homogeneous,log_uniform,3,1.0,1.0,1.0,1.0,2151,2151,0.9288299229637401,0.9838917104544168,0.9526902528948584,0.9453491252664186,2151,2152,0.9288299229637403,0.9838917104544168,0.9526902528948585,0.9453491252664187,2151,2152,0.9999999999999998,1.0,0.9999999999999999,0.9999999999999998,2151,2152
0.8,4,2,2,beta_bimodal,flat,3,1.0,1.0,1.0,1.0,2166,2166,1.0,1.0,1.0,1.0,2166,2166,0.9999999999999997,1.0,0.9999999999999999,0.9999999999999999,2168,2167,1.0,1.0000000000000002,1.0,1.0000000000000002,2167,2166
0.8,4,2,2,beta_bimodal,log_uniform,3,1.0,1.0,1.0,1.0,2169,2169,1.0,1.0,1.0,1.0,2169,2169,1.0,1.0,1.0,1.0,2169,2169,1.0,1.0,1.0,1.0,2169,2169
0.8,4,2,2,homogeneous,flat,3,1.0,1.0,1.0,1.0,2160,2160,1.0,1.0,1.0,1.0,2160,2160,1.0,1.0,1.0,1.0,2160,2160,1.0,1.0,1.0,1.0,2160,2160
0.8,4,2,2,homogeneous,log_uniform,3,1.0,1.0,1.0,1.0,2163,2163,1.0,1.0,1.0,1.0,2163,2163,0.9999999999999998,1.0,1.0,1.0,2164,2163,1.0,1.0000000000000002,1.0,1.0,2163,2164
0.8,4,2,3,beta_bimodal,flat,3,1.0,1.0,1.0,1.0,2178,2178,0.9999999999999999,1.0,1.0,1.0,2180,2178,1.0,1.0,1.0,1.0,2178,2178,0.9999999999999999,1.0,1.0,1.0,2180,2178
0.8,4,2,3,beta_bimodal,log_uniform,3,1.0,1.0,1.0,1.0,2181,2181,0.9999999999999998,1.0,1.0,1.0,2183,2181,0.9999999999999998,1.0000000000000002,1.0,1.0,2182,2181,0.9999999999999998,1.0000000000000002,1.0,0.9999999999999998,2181,2182
0.8,4,2,3,homogeneous,flat,3,1.0,1.0,1.0,1.0,2172,2172,1.0,1.0,1.0,1.0,2172,2172,1.0,1.0,1.0,1.0,2172,2172,1.0,1.0,1.0,1.0,2172,2172
0.8,4,2,3,homogeneous,log_uniform,3,1.0,1.0,1.0,1.0,2175,2175,1.0,1.0,1.0,1.0,2175,2175,0.9999999999999998,1.0000000000000002,1.0,1.0,2175,2177,0.9999999999999998,1.0000000000000002,1.0,1.0,2177,2175
0.8,4,3,2,beta_bimodal,flat,3,0.998140130039269,1.0,0.9993800433464229,1.0,2191,2190,0.9981558997655361,1.0,0.9993852999218452,0.9999999999999997,2191,2192,0.9962994595914357,0.9999999999999999,0.9987664865304784,0.9999999999999997,2191,2192,1.0,1.0000000000000002,1.0,1.0,2190,2192
0.8,4,3,2,beta_bimodal,log_uniform,3,0.9990193105893234,1.0,0.9996553416696424,0.9999467144196038,2195,2193,0.9938274000047446,0.9999819673649017,0.9978181959051443,0.9996452203457866,2193,2194,0.9938274000047446,0.9999286827453849,0.9974736538712966,0.9986648788637602,2193,2194,0.9999999999999999,1.0,1.0,1.0,2195,2193
0.8,4,3,2,homogeneous,flat,3,1.0,1.0,1.0,1.0,2184,2184,0.8522727272727272,0.8522727272727272,0.8522727272727272,0.8522727272727272,2184,2184,0.8522727272727272,0.8522727272727272,0.8522727272727272,0.8522727272727272,2184,2184,1.0,1.0,1.0,1.0,2184,2184
0.8,4,3,2,homogeneous,log_uniform,3,1.0,1.0,1.0,1.0,2187,2187,0.9626734212658071,0.9784608946831386,0.9711610306785335,0.9723487760866553,2187,2189,0.9626734212658071,0.9784608946831389,0.9711610306785338,0.9723487760866554,2187,2189,0.9999999999999997,1.0,0.9999999999999999,0.9999999999999999,2189,2187
0.8,4,3,3,beta_bimodal,flat,3,0.9999991652298276,1.0,0.9999995690492672,0.9999995419179742,2204,2203,0.9999922865220874,0.9999999999999999,0.9999974107453963,0.9999999457141014,2202,2203,0.9999918284435948,0.9999999999999997,0.9999969797958562,0.9999991109439742,2202,2203,1.0000000000000002,1.0000000000000002,1.0000000000000002,1.0000000000000002,2202,2202
0.8,4,3,3,beta_bimodal,log_uniform,3,0.999832905330265,1.0,0.999944301776755,1.0,2206,2205,0.9951352642821226,0.9999999999999998,0.9982999477735652,0.9997645790385732,2207,2205,0.9951352642821225,0.9999999999999998,0.9982442626628497,0.9995975237064264,2207,2205,0.9999999999999996,1.0000000000000002,1.0,1.0,2206,2207
0.8,4,3,3,homogeneous,flat,3,1.0,1.0,1.0,1.0,2196,2196,0.8522727272727272,0.8522727272727272,0.8522727272727272,0.8522727272727272,2196,2196,0.8522727272727272,0.8522727272727272,0.8522727272727272,0.8522727272727272,2196,2196,1.0,1.0,1.0,1.0,2196,2196
0.8,4,3,3,homogeneous,log_uniform,3,1.0,1.0,1.0,1.0,2199,2199,0.9266654571316107,0.9667348318235034,0.952930670300364,0.9653917219459781,2201,2199,0.9266654571316106,0.9667348318235034,0.952930670300364,0.9653917219459782,2201,2199,0.9999999999999999,1.0000000000000002,1.0,1.0,2200,2201
0.8,5,2,2,beta_bimodal,flat,3,1.0,1.0,1.0,1.0,2214,2214,0.9999999999999998,1.0,1.0,1.0,2216,2214,0.9999999999999999,1.0,1.0,0.9999999999999999,2214,2215,0.9999999999999999,1.0000000000000002,1.0,1.0,2216,2214
0.8,5,2,2,beta_bimodal,log_uniform,3,1.0,1.0,1.0,1.0,2217,2217,1.0,1.0,1.0,1.0,2217,2217,0.9999999999999997,1.0,0.9999999999999999,1.0,2217,2218,1.0,1.0000000000000002,1.0,1.0,2218,2217
0.8,5,2,2,homogeneous,flat,3,1.0,1.0,1.0,1.0,2208,2208,1.0,1.0,1.0,1.0,2208,2208,1.0000000000000002,1.0000000000000002,1.0000000000000002,1.0000000000000002,2208,2208,0.9999999999999999,0.9999999999999999,0.9999999999999999,0.9999999999999999,2208,2208
0.8,5,2,2,homogeneous,log_uniform,3,1.0,1.0,1.0,1.0,2211,2211,1.0,1.0,1.0,1.0,2211,2211,0.9999999999999998,1.0,0.9999999999999999,0.9999999999999999,2212,2211,1.0,1.0000000000000002,1.0,1.0000000000000002,2211,2212
0.8,5,2,3,beta_bimodal,flat,3,1.0,1.0,1.0,1.0,2226,2226,1.0,1.0,1.0,1.0,2226,2226,0.9999999999999999,1.0000000000000004,1.0000000000000002,1.0,2226,2228,0.9999999999999997,1.0000000000000002,0.9999999999999999,1.0,2228,2226
0.8,5,2,3,beta_bimodal,log_uniform,3,1.0,1.0,1.0,1.0,2229,2229,1.0,1.0,1.0,1.0,2229,2229,0.9999999999999998,1.0000000000000002,1.0,0.9999999999999999,2230,2231,0.9999999999999999,1.0000000000000002,1.0000000000000002,1.0000000000000002,2231,2229
0.8,5,2,3,homogeneous,flat,3,1.0,1.0,1.0,1.0,2220,2220,1.0,1.0,1.0,1.0,2220,2220,1.0000000000000002,1.0000000000000002,1.0000000000000002,1.0000000000000002,2220,2220,0.9999999999999999,0.9999999999999999,0.9999999999999999,0.9999999999999999,2220,2220
0.8,5,2,3,homogeneous,log_uniform,3,1.0,1.0,1.0,1.0,2223,2223,0.9999999999999999,1.0,1.0,1.0,2223,2224,0.9999999999999997,1.0,0.9999999999999999,0.9999999999999999,2223,2225,1.0,1.0000000000000002,1.0000000000000002,1.0000000000000002,2225,2223
0.8,5,3,2,beta_bimodal,flat,3,0.9991524889711683,1.0,0.9997174963237226,1.0,2239,2238,0.9966928430695765,1.0,0.9986945950919761,0.9993909422063516,2239,2238,0.9958481348927171,0.9999999999999999,0.9984130256996896,0.9993909422063517,2239,2238,0.9999999999999999,1.0000000000000004,1.0000000000000002,1.0000000000000002,2240,2239
0.8,5,3,2,beta_bimodal,log_uniform,3,1.0,1.0,1.0,1.0,2241,2241,0.8852348613567166,0.9999413489916225,0.9590623934330936,0.9920109699509418,2243,2242,0.8852348613567168,0.9999413489916223,0.9590623934330935,0.9920109699509416,2243,2242,0.9999999999999999,1.0000000000000002,1.0000000000000002,1.0000000000000002,2243,2241
0.8,5,3,2,homogeneous,flat,3,1.0,1.0,1.0,1.0,2232,2232,0.8522727272727272,0.8522727272727272,0.8522727272727272,0.8522727272727272,2232,2232,0.8522727272727272,0.8522727272727272,0.8522727272727272,0.8522727272727272,2232,2232,1.0,1.0,1.0,1.0,2232,2232
0.8,5,3,2,homogeneous,log_uniform,3,1.0,1.0,1.0,1.0,2235,2235,0.9675720413878113,0.9824218558076689,0.9733573082586572,0.9700780275804912,2237,2236,0.9675720413878114,0.9824218558076688,0.9733573082586572,0.9700780275804912,2237,2236,0.9999999999999999,1.0000000000000002,1.0,1.0,2237,2236
0.8,5,3,3,beta_bimodal,flat,3,0.995957456095696,1.0,0.998020378604268,0.9981036797171081,2252,2250,0.9811539231430851,0.9960918376389812,0.9878405130648499,0.9862757784124829,2250,2251,0.9811539231430852,0.9942029284836433,0.9858818556344091,0.9822887152764989,2250,2251,0.9999999999999999,1.0000000000000002,1.0,1.0,2250,2251
0.8,5,3,3,beta_bimodal,log_uniform,3,0.9979985249437772,0.999999772534511,0.9993216002913429,0.9999665033957403,2253,2255,0.9788375225051195,1.0,0.992938764053369,0.9999787696549876,2253,2254,0.9768784036197307,0.9999785421943276,0.9922744830699329,0.9999665033957403,2253,2255,0.9999999999999998,1.0000000000000002,1.0,1.0,2253,2255
0.8,5,3,3,homogeneous,flat,3,1.0,1.0,1.0,1.0,2244,2244,0.8522727272727272,0.8522727272727272,0.8522727272727272,0.8522727272727272,2244,2244,0.8522727272727272,0.8522727272727272,0.8522727272727272,0.8522727272727272,2244,2244,1.0,1.0,1.0,1.0,2244,2244
0.8,5,3,3,homogeneous,log_uniform,3,1.0,1.0,1.0,1.0,2247,2247,0.9596725422834861,0.9910783415776104,0.9786732972713758,0.985269007953031,2249,2247,0.9596725422834862,0.9910783415776104,0.9786732972713758,0.985269007953031,2249,2247,0.9999999999999999,1.0,1.0,1.0,2249,2247
0.8,6,2,2,beta_bimodal,flat,3,1.0,1.0,1.0,1.0,2262,2262,0.8062328674836468,1.0,0.9354109558278823,1.0,2262,2263,0.9999999999999998,1.0,0.9999999999999999,0.9999999999999998,2262,2264,0.806232867483647,1.0000000000000002,0.9354109558278824,1.0,2262,2263
0.8,6,2,2,beta_bimodal,log_uniform,3,1.0,1.0,1.0,1.0,2265,2265,0.9811358934127341,1.0,0.9937119644709114,1.0,2266,2265,0.9811358934127342,1.0000000000000002,0.9937119644709114,0.9999999999999998,2266,2265,0.9999999999999998,1.0000000000000002,1.0,0.9999999999999999,2265,2267
0.8,6,2,2,homogeneous,flat,3,1.0,1.0,1.0,1.0,2256,2256,1.0,1.0,1.0,1.0,2256,2256,1.0000000000000002,1.0000000000000002,1.0000000000000002,1.0000000000000002,2256,2256,0.9999999999999998,0.9999999999999998,0.9999999999999997,0.9999999999999998,2256,2256
0.8,6,2,2,homogeneous,log_uniform,3,1.0,1.0,1.0,1.0,2259,2259,1.0,1.0,1.0,1.0,2259,2259,0.9999999999999999,1.0000000000000002,1.0,1.0,2260,2261,0.9999999999999999,1.0000000000000002,1.0,1.0,2261,2260
0.8,6,2,3,beta_bimodal,flat,3,1.0,1.0,1.0,1.0,2274,2274,0.9971991579592419,1.0,0.9982396663431308,0.9975198410701502,2275,2276,0.9971991579592422,1.0,0.9982396663431308,0.99751984107015,2275,2276,0.9999999999999997,1.0000000000000002,1.0,1.0,2275,2274
0.8,6,2,3,beta_bimodal,log_uniform,3,1.0,1.0,1.0,1.0,2277,2277,1.0,1.0,1.0,1.0,2277,2277,1.0,1.0000000000000002,1.0,1.0,2277,2279,0.9999999999999999,1.0,1.0,1.0,2279,2277
0.8,6,2,3,homogeneous,flat,3,1.0,1.0,1.0,1.0,2268,2268,1.0,1.0,1.0,1.0,2268,2268,1.0000000000000002,1.0000000000000002,1.0000000000000002,1.0000000000000002,2268,2268,0.9999999999999998,0.9999999999999998,0.9999999999999997,0.9999999999999998,2268,2268
0.8,6,2,3,homogeneous,log_uniform,3,1.0,1.0,1.0,1.0,2271,2271,0.9999999999999999,1.0,1.0,1.0,2272,2271,0.9999999999999999,1.0,1.0,1.0,2271,2272,0.9999999999999999,1.0000000000000002,1.0,1.0,2272,2271
0.8,6,3,2,beta_bimodal,flat,3,0.981146597617677,0.9999759733769745,0.9934768944130828,0.9993081122445968,2287,2286,0.9758999009635055,1.0,0.9919666336545019,1.0,2287,2286,0.9575008674457713,0.9978879562481295,0.9843337569775984,0.9976124472388946,2287,2286,1.0,1.0020924364461672,1.0012640532102173,1.0016997231844844,2287,2286
0.8,6,3,2,beta_bimodal,log_uniform,3,0.9755663583058227,1.0,0.9914935710939979,0.9989143549761711,2289,2291,0.9761057683242946,0.9991760440369066,0.9890387694773102,0.9918344960707296,2291,2290,0.9676003673738124,0.9980912935367688,0.980599143078292,0.9761057683242945,2289,2290,1.0,1.0000000000000002,1.0,1.0000000000000002,2290,2289
0.8,6,3,2,homogeneous,flat,3,1.0,1.0,1.0,1.0,2280,2280,0.8522727272727272,0.8522727272727272,0.8522727272727272,0.8522727272727272,2280,2280,0.8522727272727274,0.8522727272727274,0.8522727272727274,0.8522727272727274,2280,2280,0.9999999999999997,0.9999999999999997,0.9999999999999997,0.9999999999999997,2280,2280
0.8,6,3,2,homogeneous,log_uniform,3,1.0,1.0,1.0,1.0,2283,2283,0.9350704411477988,0.948833626243494,0.9437502196816379,0.947346591653621,2285,2283,0.9350704411477988,0.9488336262434939,0.943750219681638,0.9473465916536212,2285,2283,0.9999999999999998,1.0000000000000002,1.0,1.0,2284,2283
0.8,6,3,3,beta_bimodal,flat,3,0.9912193578505271,0.9978483323107785,0.9935135432344796,0.9914729395421332,2300,2298,0.951126926432366,0.9999080587417827,0.9727596437190241,0.9672439459829237,2300,2298,0.9427754212526357,0.9977565888795958,0.966509402836751,0.9589961983780219,2300,2298,0.9999999999999996,1.0,0.9999999999999997,0.9999999999999998,2300,2298
0.8,6,3,3,beta_bimodal,log_uniform,3,0.998951495405418,0.9997416531444523,0.9993997981201499,0.9995062458105795,2303,2301,0.9974422417327823,0.9983546164812281,0.9980494808561442,0.9983515843544222,2303,2302,0.9963964189594954,0.9980936633618731,0.9974505856760606,0.9978616747068132,2303,2301,1.0,1.0,1.0,1.0,2301,2301
0.8,6,3,3,homogeneous,flat,3,1.0,1.0,1.0,1.0,2292,2292,0.8522727272727272,0.8522727272727272,0.8522727272727272,0.8522727272727272,2292,2292,0.8522727272727274,0.8522727272727274,0.8522727272727274,0.8522727272727274,2292,2292,0.9999999999999997,0.9999999999999997,0.9999999999999997,0.9999999999999997,2292,2292
0.8,6,3,3,homogeneous,log_uniform,3,1.0,1.0,1.0,1.0,2295,2295,0.8856981761198666,0.9731459845531218,0.9250223742140734,0.9162229619692318,2296,2295,0.8856981761198668,0.9731459845531218,0.9250223742140736,0.9162229619692321,2296,2295,0.9999999999999997,1.0,0.9999999999999997,0.9999999999999997,2296,2295
0.85,4,2,2,beta_bimodal,flat,3,1.0,1.0,1.0,1.0,2310,2310,0.9999999999999998,1.0,1.0,1.0,2310,2311,0.9999999999999996,1.0,0.9999999999999997,0.9999999999999998,2312,2310,0.9999999999999998,1.0000000000000004,1.0000000000000002,1.0000000000000002,2310,2312
0.85,4,2,2,beta_bimodal,log_uniform,3,1.0,1.0,1.0,1.0,2313,2313,0.9999999999999997,1.0,0.9999999999999999,1.0,2313,2314,0.9999999999999999,1.0000000000000004,1.0000000000000002,1.0000000000000002,2313,2315,0.9999999999999996,0.9999999999999999,0.9999999999999997,0.9999999999999999,2315,2313
0.85,4,2,2,homogeneous,flat,3,1.0,1.0,1.0,1.0,2304,2304,1.0,1.0,1.0,1.0,2304,2304,1.0,1.0,1.0,1.0,2304,2304,1.0,1.0,1.0,1.0,2304,2304
0.85,4,2,2,homogeneous,log_uniform,3,1.0,1.0,1.0,1.0,2307,2307,0.9999999999999999,1.0,1.0,0.9999999999999999,2308,2307,0.9999999999999997,0.9999999999999999,0.9999999999999997,0.9999999999999997,2308,2307,1.0000000000000002,1.0000000000000002,1.0000000000000002,1.0000000000000002,2307,2307
0.85,4,2,3,beta_bimodal,flat,3,1.0,1.0,1.0,1.0,2322,2322,0.9999999999999998,1.0,1.0,1.0,2322,2323,0.9999999999999999,1.0,1.0,1.0,2323,2322,0.9999999999999998,1.0000000000000002,1.0,1.0,2322,2323
0.85,4,2,3,beta_bimodal,log_uniform,3,1.0,1.0,1.0,1.0,2325,2325,0.9999999999999999,1.0,1.0,1.0,2325,2326,0.9999999999999999,1.0,1.0,1.0,2325,2326,1.0,1.0,1.0,1.0,2325,2325
0.85,4,2,3,homogeneous,flat,3,1.0,1.0,1.0,1.0,2316,2316,1.0,1.0,1.0,1.0,2316,2316,1.0,1.0,1.0,1.0,2316,2316,1.0,1.0,1.0,1.0,2316,2316
0.85,4,2,3,homogeneous,log_uniform,3,1.0,1.0,1.0,1.0,2319,2319,1.0,1.0,1.0,1.0,2319,2319,0.9999999999999998,0.9999999999999999,0.9999999999999999,0.9999999999999998,2319,2321,1.0000000000000002,1.0000000000000002,1.0000000000000002,1.0000000000000002,2319,2319
0.85,4,3,2,beta_bimodal,flat,3,1.0,1.0,1.0,1.0,2334,2334,0.9861752038098381,0.9999945444362333,0.9932530471668705,0.99358939325454,2335,2334,0.9861752038098381,0.9999945444362331,0.9932530471668705,0.99358939325454,2335,2334,1.0,1.0000000000000002,1.0,1.0,2335,2334
0.85,4,3,2,beta_bimodal,log_uniform,3,1.0,1.0,1.0,1.0,2337,2337,0.9902671960776387,0.999400352183941,0.9958092059358084,0.9977600695458454,2339,2338,0.9902671960776387,0.999400352183941,0.9958092059358084,0.9977600695458454,2339,2338,1.0,1.0,1.0,1.0,2337,2337
0.85,4,3,2,homogeneous,flat,3,1.0,1.0,1.0,1.0,2328,2328,0.8293020041465099,0.8293020041465099,0.8293020041465099,0.8293020041465099,2328,2328,0.8293020041465099,0.8293020041465099,0.8293020041465099,0.8293020041465099,2328,2328,1.0,1.0,1.0,1.0,2328,2328
0.85,4,3,2,homogeneous,log_uniform,3,1.0,1.0,1.0,1.0,2331,2331,0.9104498015342471,0.99941960943673,0.9577778702642418,0.9634641998217479,2332,2331,0.9104498015342471,0.9994196094367298,0.9577778702642415,0.9634641998217477,2332,2331,1.0,1.0000000000000002,1.0,1.0000000000000002,2332,2331
0.85,4,3,3,beta_bimodal,flat,3,0.9999999999982836,1.0,0.9999999999994279,1.0,2346,2347,0.9999999558402972,1.0,0.999999985280099,0.9999999999999998,2346,2348,0.9999999558385807,1.0,0.9999999852795268,0.9999999999999998,2346,2348,1.0,1.0000000000000002,1.0,1.0,2347,2346
0.85,4,3,3,beta_bimodal,log_uniform,3,0.9999869944630302,1.0,0.9999956523950045,0.9999999627219835,2349,2351,0.9996847681077732,1.0,0.9998776332992465,0.9999481317899662,2349,2351,0.9996717666705637,0.9999999999999999,0.9998732870614823,0.9999480945138831,2349,2351,0.9999999999999996,1.0000000000000002,1.0,1.0000000000000002,2349,2350
0.85,4,3,3,homogeneous,flat,3,1.0,1.0,1.0,1.0,2340,2340,0.8293020041465099,0.8293020041465099,0.8293020041465099,0.8293020041465099,2340,2340,0.8293020041465099,0.8293020041465099,0.8293020041465099,0.8293020041465099,2340,2340,1.0,1.0,1.0,1.0,2340,2340
0.85,4,3,3,homogeneous,log_uniform,3,1.0,1.0,1.0,1.0,2343,2343,0.9406502079240315,0.9726399434742661,0.960399644126975,0.967908780982627,2345,2343,0.9406502079240314,0.9726399434742659,0.9603996441269746,0.9679087809826268,2345,2343,1.0000000000000002,1.0000000000000002,1.0000000000000002,1.0000000000000002,2343,2343
0.85,5,2,2,beta_bimodal,flat,3,1.0,1.0,1.0,1.0,2358,2358,0.9999999999999999,1.0,1.0,1.0,2358,2359,0.9999999999999997,1.0,0.9999999999999997,0.9999999999999998,2358,2359,1.0,1.0000000000000002,1.0,1.0000000000000002,2359,2358
0.85,5,2,2,beta_bimodal,log_uniform,3,1.0,1.0,1.0,1.0,2361,2361,0.9999999999999998,1.0,1.0,1.0,2361,2362,0.9999999999999998,1.0,0.9999999999999999,0.9999999999999999,2361,2363,1.0,1.0000000000000002,1.0,1.0,2361,2362
0.85,5,2,2,homogeneous,flat,3,1.0,1.0,1.0,1.0,2352,2352,1.0,1.0,1.0,1.0,2352,2352,1.0,1.0,1.0,1.0,2352,2352,1.0,1.0,1.0,1.0,2352,2352
0.85,5,2,2,homogeneous,log_uniform,3,1.0,1.0,1.0,1.0,2355,2355,1.0,1.0,1.0,1.0,2355,2355,0.9999999999999998,1.0,1.0,1.0,2355,2356,1.0,1.0000000000000002,1.0,1.0,2356,2355
0.85,5,2,3,beta_bimodal,flat,3,1.0,1.0,1.0,1.0,2370,2370,1.0,1.0,1.0,1.0,2370,2370,0.9999999999999999,1.0,1.0,0.9999999999999999,2370,2372,1.0,1.0000000000000002,1.0000000000000002,1.0000000000000002,2372,2370
0.85,5,2,3,beta_bimodal,log_uniform,3,1.0,1.0,1.0,1.0,2373,2373,1.0,1.0,1.0,1.0,2373,2373,0.9999999999999999,1.0000000000000002,1.0,1.0,2373,2375,0.9999999999999999,1.0000000000000002,1.0,1.0,2375,2373
0.85,5,2,3,homogeneous,flat,3,1.0,1.0,1.0,1.0,2364,2364,1.0,1.0,1.0,1.0,2364,2364,1.0,1.0,1.0,1.0,2364,2364,1.0,1.0,1.0,1.0,2364,2364
0.85,5,2,3,homogeneous,log_uniform,3,1.0,1.0,1.0,1.0,2367,2367,1.0,1.0,1.0,1.0,2367,2367,0.9999999999999998,0.9999999999999999,0.9999999999999997,0.9999999999999998,2367,2368,1.0000000000000002,1.0000000000000002,1.0000000000000002,1.0000000000000002,2367,2367
0.85,5,3,2,beta_bimodal,flat,3,1.0,1.0,1.0,1.0,2382,2382,0.975423271633817,1.0,0.9907734930591955,0.9968972075437695,2384,2382,0.9754232716338168,1.0,0.9907734930591955,0.9968972075437696,2384,2382,0.9999999999999999,1.0000000000000002,1.0,1.0,2383,2384
0.85,5,3,2,beta_bimodal,log_uniform,3,0.9999999440543794,1.0,0.9999999813514598,1.0,2385,2386,0.999174585393411,0.9999999720117068,0.9996976477307026,0.99991838578699,2387,2385,0.999174585393411,0.9999999160660876,0.9996976290821628,0.9999183857869898,2387,2385,1.0,1.0000000000000002,1.0000000000000002,1.0000000000000002,2387,2385
0.85,5,3,2,homogeneous,flat,3,1.0,1.0,1.0,1.0,2376,2376,0.8293020041465099,0.8293020041465099,0.8293020041465099,0.8293020041465099,2376,2376,0.82930200414651,0.82930200414651,0.82930200414651,0.82930200414651,2376,2376,0.9999999999999999,0.9999999999999999,0.9999999999999999,0.9999999999999999,2376,2376
0.85,5,3,2,homogeneous,log_uniform,3,1.0,1.0,1.0,1.0,2379,2379,0.900359572796203,0.9499206129724216,0.9190482008051809,0.9068644166469181,2379,2380,0.9003595727962027,0.9499206129724213,0.9190482008051807,0.9068644166469181,2379,2380,1.0,1.0000000000000004,1.0000000000000002,1.0000000000000004,2381,2379
0.85,5,3,3,beta_bimodal,flat,3,0.9985941127859881,1.0,0.9995295487271773,0.9999945333955436,2395,2394,0.9850377609609152,0.997195817398838,0.9931309441741748,0.9971592541627711,2394,2395,0.9850377609609156,0.9971538030875485,0.9926618121992515,0.9957938725492907,2394,2396,0.9999999999999997,1.0000000000000002,1.0,1.0,2394,2395
0.85,5,3,3,beta_bimodal,log_uniform,3,0.9998271618260652,1.0,0.9999423872753551,1.0,2399,2397,0.985985439595319,0.9999999999999999,0.9949491098609693,0.9988618899875888,2399,2398,0.9858150236724135,0.9999999999999999,0.9948923045533341,0.9988618899875888,2399,2398,0.9999999999999997,1.0,0.9999999999999999,1.0,2399,2397
0.85,5,3,3,homogeneous,flat,3,1.0,1.0,1.0,1.0,2388,2388,0.8293020041465099,0.8293020041465099,0.8293020041465099,0.8293020041465099,2388,2388,0.82930200414651,0.82930200414651,0.82930200414651,0.82930200414651,2388,2388,0.9999999999999999,0.9999999999999999,0.9999999999999999,0.9999999999999999,2388,2388
0.85,5,3,3,homogeneous,log_uniform,3,1.0,1.0,1.0,1.0,2391,2391,0.9253128418796622,0.9390528256974238,0.9311115546292719,0.9289689963107295,2392,2391,0.9253128418796625,0.9390528256974238,0.9311115546292719,0.9289689963107295,2392,2391,0.9999999999999998,1.0,1.0,1.0,2392,2391
0.85,6,2,2,beta_bimodal,flat,3,1.0,1.0,1.0,1.0,2406,2406,0.9999999999999999,1.0,1.0,1.0,2406,2407,0.9999999999999998,0.9999999999999999,0.9999999999999999,0.9999999999999999,2407,2406,1.0,1.0000000000000002,1.0,1.0000000000000002,2406,2407
0.85,6,2,2,beta_bimodal,log_uniform,3,1.0,1.0,1.0,1.0,2409,2409,1.0,1.0,1.0,1.0,2409,2409,0.9999999999999999,1.0,1.0,1.0,2411,2409,1.0,1.0000000000000002,1.0,1.0,2409,2411
0.85,6,2,2,homogeneous,flat,3,1.0,1.0,1.0,1.0,2400,2400,1.0,1.0,1.0,1.0,2400,2400,1.0000000000000002,1.0000000000000002,1.0000000000000002,1.0000000000000002,2400,2400,0.9999999999999998,0.9999999999999998,0.9999999999999997,0.9999999999999998,2400,2400
0.85,6,2,2,homogeneous,log_uniform,3,1.0,1.0,1.0,1.0,2403,2403,1.0,1.0,1.0,1.0,2403,2403,0.9999999999999996,1.0,0.9999999999999999,0.9999999999999999,2405,2403,1.0,1.0000000000000004,1.0000000000000002,1.0000000000000002,2403,2405
0.85,6,2,3,beta_bimodal,flat,3,1.0,1.0,1.0,1.0,2418,2418,0.9999999999999999,1.0,1.0,1.0,2420,2418,0.9999999999999997,1.0000000000000002,0.9999999999999999,1.0,2420,2419,0.9999999999999999,1.0000000000000002,1.0,1.0,2419,2420
0.85,6,2,3,beta_bimodal,log_uniform,3,1.0,1.0,1.0,1.0,2421,2421,0.9999999999999999,1.0,1.0,1.0,2423,2421,0.9999999999999997,1.0,0.9999999999999999,0.9999999999999999,2423,2422,1.0,1.0000000000000002,1.0,1.0000000000000002,2422,2421
0.85,6,2,3,homogeneous,flat,3,1.0,1.0,1.0,1.0,2412,2412,1.0,1.0,1.0,1.0,2412,2412,1.0000000000000002,1.0000000000000002,1.0000000000000002,1.0000000000000002,2412,2412,0.9999999999999998,0.9999999999999998,0.9999999999999997,0.9999999999999998,2412,2412
0.85,6,2,3,homogeneous,log_uniform,3,1.0,1.0,1.0,1.0,2415,2415,0.9999999999999999,1.0,1.0,1.0,2415,2416,0.9999999999999997,1.0,0.9999999999999999,1.0,2415,2416,1.0,1.0000000000000002,1.0,1.0,2416,2415
0.85,6,3,2,beta_bimodal,flat,3,0.9943494027339262,1.0,0.9981164675779755,1.0,2431,2430,0.996645826053435,1.0,0.9978588325254515,0.9969306715229193,2432,2430,0.9912974177959469,0.9999999999999999,0.9959810812831273,0.996645826053435,2431,2430,0.9999999999999999,1.0000000000000002,1.0,1.0,2431,2430
0.85,6,3,2,beta_bimodal,log_uniform,3,0.9993685349317211,1.0,0.9997895116439071,1.0,2434,2433,0.9488484642154943,0.9999999999999998,0.9827003023159809,0.999252442732449,2433,2435,0.9488484642154941,0.9999999999999998,0.9824899713119883,0.9986214497204711,2433,2435,1.0,1.0000000000000002,1.0,1.0,2434,2433
0.85,6,3,2,homogeneous,flat,3,1.0,1.0,1.0,1.0,2424,2424,0.8293020041465099,0.8293020041465099,0.8293020041465099,0.8293020041465099,2424,2424,0.82930200414651,0.82930200414651,0.82930200414651,0.82930200414651,2424,2424,0.9999999999999999,0.9999999999999999,0.9999999999999999,0.9999999999999999,2424,2424
0.85,6,3,2,homogeneous,log_uniform,3,1.0,1.0,1.0,1.0,2427,2427,0.8948118207540349,0.9673808002739611,0.9229530800606017,0.906666619153809,2429,2428,0.894811820754035,0.9673808002739609,0.9229530800606017,0.906666619153809,2429,2428,0.9999999999999998,1.0000000000000002,1.0,1.0,2429,2428
0.85,6,3,3,beta_bimodal,flat,3,0.9941746488441036,1.0,0.9979849272924032,0.9997801330331061,2444,2443,0.9970288931632794,0.9999999999999999,0.9988889078233264,0.9996378303067,2442,2443,0.993814588916445,0.9999999999999998,0.9968747561203596,0.9968096794446338,2444,2443,1.0,1.0000000000000002,1.0000000000000002,1.0000000000000002,2444,2442
0.85,6,3,3,beta_bimodal,log_uniform,3,0.9966587808299503,1.0,0.99869466256244,0.9994252068573698,2446,2447,0.950703690853548,0.9999999999999999,0.9803953723045686,0.9904824260601581,2446,2447,0.9475271814566311,1.0,0.9791467616701314,0.989913103553763,2446,2447,0.9999999999999999,1.0,1.0,1.0,2447,2445
0.85,6,3,3,homogeneous,flat,3,1.0,1.0,1.0,1.0,2436,2436,0.8293020041465099,0.8293020041465099,0.8293020041465099,0.8293020041465099,2436,2436,0.82930200414651,0.82930200414651,0.82930200414651,0.82930200414651,2436,2436,0.9999999999999999,0.9999999999999999,0.9999999999999999,0.9999999999999999,2436,2436
0.85,6,3,3,homogeneous,log_uniform,3,1.0,1.0,1.0,1.0,2439,2439,0.9089235288703826,0.932781824806457,0.919508194034953,0.9168192284280192,2440,2439,0.9089235288703824,0.9327818248064568,0.9195081940349527,0.916819228428019,2440,2439,1.0000000000000002,1.0000000000000002,1.0000000000000002,1.0000000000000002,2439,2439
0.9,4,2,2,beta_bimodal,flat,3,1.0,1.0,1.0,1.0,2454,2454,1.0,1.0,1.0,1.0,2454,2454,0.9999999999999999,1.0,1.0,1.0,2454,2455,1.0,1.0000000000000002,1.0,1.0,2455,2454
0.9,4,2,2,beta_bimodal,log_uniform,3,1.0,1.0,1.0,1.0,2457,2457,0.9999999999999999,1.0,1.0,1.0,2458,2457,0.9999999999999999,1.0000000000000002,1.0,1.0,2459,2458,0.9999999999999997,1.0000000000000002,1.0,1.0,2458,2459
0.9,4,2,2,homogeneous,flat,3,1.0,1.0,1.0,1.0,2448,2448,1.0,1.0,1.0,1.0,2448,2448,1.0,1.0,1.0,1.0,2448,2448,1.0,1.0,1.0,1.0,2448,2448
0.9,4,2,2,homogeneous,log_uniform,3,1.0,1.0,1.0,1.0,2451,2451,0.9999999999999997,1.0,0.9999999999999999,1.0,2451,2452,0.9999999999999998,1.0,1.0,1.0,2451,2452,0.9999999999999998,1.0,1.0,1.0,2451,2452
0.9,4,2,3,beta_bimodal,flat,3,1.0,1.0,1.0,1.0,2466,2466,0.9999999999999999,1.0,1.0,1.0,2467,2466,1.0,1.0,1.0,1.0,2466,2466,0.9999999999999999,1.0,1.0,1.0,2467,2466
0.9,4,2,3,beta_bimodal,log_uniform,3,1.0,1.0,1.0,1.0,2469,2469,1.0,1.0,1.0,1.0,2469,2469,0.9999999999999998,1.0000000000000002,1.0,0.9999999999999999,2470,2471,0.9999999999999998,1.0000000000000002,1.0,1.0000000000000002,2471,2469
0.9,4,2,3,homogeneous,flat,3,1.0,1.0,1.0,1.0,2460,2460,1.0,1.0,1.0,1.0,2460,2460,1.0,1.0,1.0,1.0,2460,2460,1.0,1.0,1.0,1.0,2460,2460
0.9,4,2,3,homogeneous,log_uniform,3,1.0,1.0,1.0,1.0,2463,2463,1.0,1.0,1.0,1.0,2463,2463,1.0,1.0,1.0,1.0,2463,2463,1.0,1.0,1.0,1.0,2463,2463
0.9,4,3,2,beta_bimodal,flat,3,1.0,1.0,1.0,1.0,2478,2478,0.9799568591700512,1.0,0.9933179502463991,0.999996991569146,2480,2478,0.9799568591700514,1.0,0.9933179502463991,0.999996991569146,2480,2478,0.9999999999999999,1.0,1.0,1.0,2480,2478
0.9,4,3,2,beta_bimodal,log_uniform,3,1.0,1.0,1.0,1.0,2481,2481,0.9938438364996559,0.9999999999999999,0.9979441424614345,0.9999885908846474,2482,2483,0.9938438364996561,1.0,0.9979441424614345,0.9999885908846472,2482,2483,0.9999999999999998,1.0000000000000002,1.0,0.9999999999999999,2482,2481
0.9,4,3,2,homogeneous,flat,3,1.0,1.0,1.0,1.0,2472,2472,0.8042895442359248,0.8042895442359248,0.8042895442359249,0.8042895442359248,2472,2472,0.8042895442359248,0.8042895442359248,0.8042895442359249,0.8042895442359248,2472,2472,1.0,1.0,1.0,1.0,2472,2472
0.9,4,3,2,homogeneous,log_uniform,3,1.0,1.0,1.0,1.0,2475,2475,0.9216441191362319,0.9779812377172105,0.9470105403798641,0.9414062642861498,2475,2477,0.9216441191362321,0.9779812377172105,0.9470105403798641,0.9414062642861498,2475,2477,0.9999999999999999,1.0,1.0,1.0,2475,2476
0.9,4,3,3,beta_bimodal,flat,3,1.0,1.0,1.0,1.0,2490,2490,0.9970560990973513,0.9999999999999999,0.9985953202375876,0.9987298616154116,2491,2490,0.9970560990973514,0.9999999999999999,0.9985953202375878,0.9987298616154117,2491,2490,0.9999999999999999,1.0,1.0,0.9999999999999999,2491,2490
0.9,4,3,3,beta_bimodal,log_uniform,3,1.0,1.0,1.0,1.0,2493,2493,0.9922349174034341,0.9999999999999999,0.9974094519135863,0.999993438337325,2495,2493,0.9922349174034342,0.9999999999999999,0.9974094519135864,0.999993438337325,2495,2493,0.9999999999999998,1.0,1.0,1.0,2495,2493
0.9,4,3,3,homogeneous,flat,3,0.9999999999999999,0.9999999999999999,0.9999999999999999,0.9999999999999999,2484,2484,0.8042895442359249,0.8042895442359249,0.8042895442359249,0.8042895442359249,2484,2484,0.8042895442359248,0.8042895442359248,0.8042895442359249,0.8042895442359248,2484,2484,1.0,1.0,1.0,1.0,2484,2484
0.9,4,3,3,homogeneous,log_uniform,3,1.0,1.0,1.0,1.0,2487,2487,0.8859143548459693,0.9901219480138662,0.9409661993918444,0.946862295315698,2488,2487,0.8859143548459693,0.990121948013866,0.9409661993918444,0.9468622953156982,2488,2487,0.9999999999999997,1.0000000000000002,0.9999999999999999,1.0,2489,2487
0.9,5,2,2,beta_bimodal,flat,3,1.0,1.0,1.0,1.0,2502,2502,1.0,1.0,1.0,1.0,2502,2502,0.9999999999999999,1.0000000000000002,1.0,1.0000000000000002,2502,2503,0.9999999999999998,1.0000000000000002,1.0,0.9999999999999999,2504,2502
0.9,5,2,2,beta_bimodal,log_uniform,3,1.0,1.0,1.0,1.0,2505,2505,0.9999999999999999,1.0,1.0,1.0,2506,2505,1.0,1.0,1.0,1.0,2505,2505,0.9999999999999999,1.0,1.0,1.0,2506,2505
0.9,5,2,2,homogeneous,flat,3,1.0,1.0,1.0,1.0,2496,2496,1.0,1.0,1.0,1.0,2496,2496,1.0000000000000002,1.0000000000000002,1.0000000000000002,1.0000000000000002,2496,2496,0.9999999999999999,0.9999999999999999,0.9999999999999999,0.9999999999999999,2496,2496
0.9,5,2,2,homogeneous,log_uniform,3,1.0,1.0,1.0,1.0,2499,2499,0.9999999999999999,1.0,1.0,1.0,2500,2499,1.0000000000000002,1.0000000000000002,1.0000000000000002,1.0000000000000002,2499,2499,0.9999999999999997,0.9999999999999997,0.9999999999999997,0.9999999999999997,2499,2499
0.9,5,2,3,beta_bimodal,flat,3,1.0,1.0,1.0,1.0,2514,2514,0.9999999999999999,1.0,1.0,1.0,2514,2515,0.9999999999999998,1.0,0.9999999999999999,0.9999999999999999,2514,2515,1.0,1.0000000000000002,1.0,1.0000000000000002,2515,2514
0.9,5,2,3,beta_bimodal,log_uniform,3,1.0,1.0,1.0,1.0,2517,2517,1.0,1.0,1.0,1.0,2517,2517,1.0,1.0,1.0,1.0,2517,2517,1.0,1.0,1.0,1.0,2517,2517
0.9,5,2,3,homogeneous,flat,3,1.0,1.0,1.0,1.0,2508,2508,1.0,1.0,1.0,1.0,2508,2508,1.0000000000000002,1.0000000000000002,1.0000000000000002,1.0000000000000002,2508,2508,0.9999999999999999,0.9999999999999999,0.9999999999999999,0.9999999999999999,2508,2508
0.9,5,2,3,homogeneous,log_uniform,3,1.0,1.0,1.0,1.0,2511,2511,0.9999999999999998,1.0,1.0,1.0,2511,2512,1.0000000000000002,1.0000000000000004,1.0000000000000002,1.0000000000000002,2511,2513,0.9999999999999996,0.9999999999999997,0.9999999999999996,0.9999999999999996,2511,2512
0.9,5,3,2,beta_bimodal,flat,3,1.0,1.0,1.0,1.0,2526,2526,0.949504439342709,0.9992620834674524,0.9776921065279537,0.9843097967736997,2527,2528,0.9495044393427089,0.9992620834674525,0.9776921065279537,0.9843097967736996,2527,2528,0.9999999999999999,1.0000000000000002,1.0000000000000002,1.0000000000000002,2528,2526
0.9,5,3,2,beta_bimodal,log_uniform,3,1.0,1.0,1.0,1.0,2529,2529,0.991136044979123,0.9997408770400102,0.9967598532700176,0.9994026377909193,2530,2531,0.9911360449791227,0.9997408770400102,0.9967598532700174,0.9994026377909193,2530,2531,1.0,1.0000000000000002,1.0,1.0,2529,2530
0.9,5,3,2,homogeneous,flat,3,1.0,1.0,1.0,1.0,2520,2520,0.8042895442359248,0.8042895442359248,0.8042895442359249,0.8042895442359248,2520,2520,0.8042895442359251,0.8042895442359251,0.8042895442359251,0.8042895442359251,2520,2520,0.9999999999999997,0.9999999999999997,0.9999999999999997,0.9999999999999997,2520,2520
0.9,5,3,2,homogeneous,log_uniform,3,1.0,1.0,1.0,1.0,2523,2523,0.8906703557672574,0.948121959173004,0.9289362425349671,0.9480164126646398,2524,2525,0.8906703557672575,0.9481219591730042,0.9289362425349671,0.9480164126646399,2524,2525,0.9999999999999998,0.9999999999999999,0.9999999999999999,0.9999999999999999,2525,2523
0.9,5,3,3,beta_bimodal,flat,3,0.9999989946996227,1.0,0.9999996648998742,1.0,2539,2538,0.9952111349016115,0.9999999999999999,0.9983537435649211,0.999850095793152,2538,2540,0.9952111349016113,0.9999999999999999,0.9983534085150282,0.9998490906434733,2538,2540,1.0,1.0000000000000002,1.0000000000000002,1.0000000000000002,2540,2538
0.9,5,3,3,beta_bimodal,log_uniform,3,0.999084782640907,1.0,0.999694927546969,1.0,2541,2542,0.9760024086231169,0.9890701031916412,0.9844150411298371,0.9881726115747532,2542,2543,0.9760024086231169,0.9890701031916411,0.9841135768872059,0.9872682188468599,2542,2543,1.0,1.0000000000000002,1.0,1.0,2541,2543
0.9,5,3,3,homogeneous,flat,3,1.0,1.0,1.0,1.0,2532,2532,0.8042895442359248,0.8042895442359248,0.8042895442359249,0.8042895442359248,2532,2532,0.8042895442359251,0.8042895442359251,0.8042895442359251,0.8042895442359251,2532,2532,0.9999999999999997,0.9999999999999997,0.9999999999999997,0.9999999999999997,2532,2532
0.9,5,3,3,homogeneous,log_uniform,3,1.0,1.0,1.0,1.0,2535,2535,0.851195528577718,0.8962155358749003,0.876880104318971,0.8832292485042949,2535,2537,0.8511955285777184,0.8962155358749004,0.8768801043189712,0.883229248504295,2535,2537,0.9999999999999994,0.9999999999999999,0.9999999999999997,0.9999999999999999,2535,2536
0.9,6,2,2,beta_bimodal,flat,3,1.0,1.0,1.0,1.0,2550,2550,1.0,1.0,1.0,1.0,2550,2550,1.0,1.0,1.0,1.0,2550,2550,1.0,1.0,1.0,1.0,2550,2550
0.9,6,2,2,beta_bimodal,log_uniform,3,1.0,1.0,1.0,1.0,2553,2553,1.0,1.0,1.0,1.0,2553,2553,1.0,1.0000000000000002,1.0,1.0,2554,2553,0.9999999999999997,1.0,0.9999999999999999,1.0,2553,2554
0.9,6,2,2,homogeneous,flat,3,1.0,1.0,1.0,1.0,2544,2544,0.9999999999999999,0.9999999999999999,0.9999999999999999,0.9999999999999999,2544,2544,1.0000000000000002,1.0000000000000002,1.0000000000000002,1.0000000000000002,2544,2544,0.9999999999999996,0.9999999999999996,0.9999999999999996,0.9999999999999996,2544,2544
0.9,6,2,2,homogeneous,log_uniform,3,1.0,1.0,1.0,1.0,2547,2547,0.9999999999999998,1.0,1.0,1.0,2548,2547,1.0,1.0000000000000002,1.0,1.0000000000000002,2548,2547,0.9999999999999997,0.9999999999999999,0.9999999999999997,0.9999999999999998,2549,2547
0.9,6,2,3,beta_bimodal,flat,3,1.0,1.0,1.0,1.0,2562,2562,0.9999999999999998,1.0,1.0,1.0,2562,2563,0.9999999999999998,0.9999999999999998,0.9999999999999997,0.9999999999999998,2562,2562,1.0,1.0000000000000002,1.0,1.0000000000000002,2562,2563
0.9,6,2,3,beta_bimodal,log_uniform,3,1.0,1.0,1.0,1.0,2565,2565,1.0,1.0,1.0,1.0,2565,2565,0.9999999999999998,0.9999999999999999,0.9999999999999997,0.9999999999999998,2566,2565,1.0000000000000002,1.0000000000000002,1.0000000000000002,1.0000000000000002,2565,2565
0.9,6,2,3,homogeneous,flat,3,1.0,1.0,1.0,1.0,2556,2556,0.9999999999999999,0.9999999999999999,0.9999999999999999,0.9999999999999999,2556,2556,1.0000000000000002,1.0000000000000002,1.0000000000000002,1.0000000000000002,2556,2556,0.9999999999999996,0.9999999999999996,0.9999999999999996,0.9999999999999996,2556,2556
0.9,6,2,3,homogeneous,log_uniform,3,1.0,1.0,1.0,1.0,2559,2559,0.9999999999999997,1.0,0.9999999999999999,1.0,2560,2559,1.0,1.0000000000000002,1.0,1.0,2559,2561,0.9999999999999997,1.0,0.9999999999999997,0.9999999999999998,2560,2559
0.9,6,3,2,beta_bimodal,flat,3,1.0,1.0,1.0,1.0,2574,2574,0.9579780182983405,1.0,0.9772228832310624,0.973690631394847,2574,2575,0.9579780182983405,1.0,0.9772228832310624,0.9736906313948472,2574,2575,0.9999999999999998,1.0,1.0,1.0,2576,2574
0.9,6,3,2,beta_bimodal,log_uniform,3,0.9999999988935048,1.0,0.9999999996311683,1.0,2578,2577,0.9800266016237986,0.9999999952422766,0.9908911348520807,0.9926468076901672,2579,2578,0.980026601623798,0.9999999941357811,0.9908911344832486,0.992646807690167,2579,2578,1.0000000000000002,1.0000000000000007,1.0000000000000002,1.0000000000000002,2577,2579
0.9,6,3,2,homogeneous,flat,3,1.0,1.0,1.0,1.0,2568,2568,0.804289544235925,0.804289544235925,0.804289544235925,0.804289544235925,2568,2568,0.8042895442359255,0.8042895442359255,0.8042895442359255,0.8042895442359255,2568,2568,0.9999999999999994,0.9999999999999994,0.9999999999999994,0.9999999999999994,2568,2568
0.9,6,3,2,homogeneous,log_uniform,3,1.0,1.0,1.0,1.0,2571,2571,0.8583034830079316,0.9398555761775743,0.9045481823379857,0.9154854878284515,2571,2573,0.8583034830079316,0.9398555761775748,0.9045481823379861,0.9154854878284517,2571,2573,0.9999999999999996,1.0,0.9999999999999997,0.9999999999999998,2573,2571
0.9,6,3,3,beta_bimodal,flat,3,0.9992497025214119,0.9999365477973009,0.9995940544673526,0.9995959130833454,2587,2588,0.9766216053178786,0.9956717725185753,0.988898651992005,0.994402578139561,2587,2588,0.9758888485898737,0.9956085949514436,0.9884993988697216,0.9940007530678474,2587,2588,0.9999999999999998,1.0000000000000002,1.0,1.0,2586,2587
0.9,6,3,3,beta_bimodal,log_uniform,3,0.999999937204433,1.0,0.9999999790681443,1.0,2589,2590,0.9126533923097653,0.9999907370598691,0.9706462847901082,0.99929472500069,2590,2589,0.9126533923097653,0.999990674264884,0.9706462638584464,0.9992947250006902,2590,2589,0.9999999999999999,1.0,1.0,0.9999999999999999,2589,2590
0.9,6,3,3,homogeneous,flat,3,1.0,1.0,1.0,1.0,2580,2580,0.804289544235925,0.804289544235925,0.804289544235925,0.804289544235925,2580,2580,0.8042895442359255,0.8042895442359255,0.8042895442359255,0.8042895442359255,2580,2580,0.9999999999999994,0.9999999999999994,0.9999999999999994,0.9999999999999994,2580,2580
0.9,6,3,3,homogeneous,log_uniform,3,1.0,1.0,1.0,1.0,2583,2583,0.8937122840762899,0.9042055221101544,0.8983958123014238,0.8972696307178275,2584,2583,0.8937122840762899,0.9042055221101547,0.8983958123014242,0.8972696307178278,2584,2583,0.9999999999999997,1.0,0.9999999999999997,0.9999999999999997,2583,2584
