base_p,n,B,G,rate_mode,utility_mode,V_greedy_laminar,V_rollout_laminar,V_static_greedy,V_static_binary,ratio_greedylam_vs_greedystat,ratio_rollout_vs_greedystat
0.05,4,2,2,homogeneous,flat,3.61,3.61,3.61,3.61,1.0,1.0
0.05,4,2,2,homogeneous,log_uniform,3.61,3.61,3.61,3.61,1.0,1.0
0.05,4,2,2,homogeneous,log_uniform,3.687682728013878,3.687682728013878,3.6099999999999994,3.609999999999999,1.021518761222681,1.021518761222681
0.05,4,2,2,homogeneous,log_uniform,3.655636543615101,3.655636543615101,3.6099999999999994,3.61,1.012641701832438,1.012641701832438
0.05,4,2,2,beta_bimodal,flat,3.6012064544110243,3.6012064544110243,3.6012064544110247,3.6012064544110247,0.9999999999999999,0.9999999999999999
0.05,4,2,2,beta_bimodal,flat,3.608692772243055,3.608692772243055,3.608692772243054,3.608692772243054,1.0000000000000002,1.0000000000000002
0.05,4,2,2,beta_bimodal,flat,3.6104346289393394,3.61043462893934,3.6104346289393394,3.6104346289393394,1.0,1.0000000000000002
0.05,4,2,2,beta_bimodal,log_uniform,3.671177037950053,3.671177037950053,3.6711770379500535,3.6711770379500535,0.9999999999999999,0.9999999999999999
0.05,4,2,2,beta_bimodal,log_uniform,3.803120627032712,3.803120627032712,3.8012253123420443,3.801225312342044,1.000498606247968,1.000498606247968
0.05,4,2,2,beta_bimodal,log_uniform,3.463412144591248,3.463412144591248,3.3934180787010155,3.5591110275996165,1.0206264198123873,1.0206264198123873
0.05,4,2,3,homogeneous,flat,3.522125,3.522125,3.5626187499999995,3.61,0.9886337122095932,0.9886337122095932
0.05,4,2,3,homogeneous,log_uniform,3.651620425745465,3.651620425745465,3.6663277521411892,3.683437133626594,0.9959885401988039,0.9959885401988039
0.05,4,2,3,homogeneous,log_uniform,3.5425145166444367,3.5425145166444367,3.5895998800443096,3.617035610165168,0.9868828379280836,0.9868828379280836
0.05,4,2,3,homogeneous,log_uniform,3.5617857296506785,3.5617857296506785,3.597312345181295,3.617143277681003,0.9901241226444499,0.9901241226444499
0.05,4,2,3,beta_bimodal,flat,3.705359926660028,3.705359926660028,3.739962883898955,3.739962883898955,0.9907477805761395,0.9907477805761395
0.05,4,2,3,beta_bimodal,flat,3.747441384439792,3.747441384439792,3.7833934682498866,3.783393468249886,0.9904973976109533,0.9904973976109533
0.05,4,2,3,beta_bimodal,flat,3.6600991052186096,3.6600991052186096,3.7599523474369825,3.7599523474369825,0.9734429500718436,0.9734429500718436
0.05,4,2,3,beta_bimodal,log_uniform,3.498847078891464,3.498847078891464,3.71515010980722,3.71515010980722,0.9417781181049021,0.9417781181049021
0.05,4,2,3,beta_bimodal,log_uniform,3.8953814249215046,3.8953814249215046,3.9096734442274443,3.909673444227444,0.9963444467908077,0.9963444467908077
0.05,4,2,3,beta_bimodal,log_uniform,3.632818670959066,3.632818670959066,3.757631882626604,3.757631882626604,0.9667840768957141,0.9667840768957141
0.05,4,3,2,homogeneous,flat,3.7004875,3.705,3.7002499999999996,3.7049999999999983,1.000064184852375,1.001283697047497
0.05,4,3,2,homogeneous,log_uniform,3.751305272953693,3.7545389648693104,3.746533327717528,3.7545389648693104,1.0012736961929207,1.0021368119409362
0.05,4,3,2,homogeneous,log_uniform,3.7146113779068863,3.7204592028312553,3.7141694375338012,3.720459202831255,1.0001189876715422,1.0016934513632825
0.05,4,3,2,homogeneous,log_uniform,3.752332595229263,3.765930094999533,3.725240610650254,3.7659300949995327,1.0072725462354177,1.010922645971632
0.05,4,3,2,beta_bimodal,flat,3.797441362646886,3.799577823896593,3.7975407975820143,3.799989911152186,0.9999738159665877,1.0005364066966378
0.05,4,3,2,beta_bimodal,flat,3.747459350747392,3.769655168041523,3.749050828357825,3.7895585293650536,0.9995754985239478,1.0054958816583246
0.05,4,3,2,beta_bimodal,flat,3.799999020943899,3.7999994328234634,3.7999991206207544,3.799999870411801,0.9999999737692425,1.0000000821586266
0.05,4,3,2,beta_bimodal,log_uniform,3.896238161704029,3.896313639745115,3.8961745678613373,3.896288974364076,1.0000163221235558,1.0000356944693711
0.05,4,3,2,beta_bimodal,log_uniform,3.6647758619429527,3.71076486184767,3.630612602678549,3.71076486184767,1.0094097781843205,1.0220767864657294
0.05,4,3,2,beta_bimodal,log_uniform,3.692865784420601,3.692867349674803,3.693002206137764,3.693505477583842,0.999963059400036,0.9999634832433252
0.05,4,3,3,homogeneous,flat,3.61475,3.705,3.6957374999999995,3.7049999999999983,0.9780862412441361,1.0025062656641606
0.05,4,3,3,homogeneous,log_uniform,3.722474835565302,3.7334463648942022,3.7015508042612675,3.763195752447556,1.0056527743128492,1.008616810174864
0.05,4,3,3,homogeneous,log_uniform,3.7094680198578143,3.731463183725724,3.7197820649694324,3.741701191269347,0.9972272447870671,1.003140269658886
0.05,4,3,3,homogeneous,log_uniform,3.7409594893105553,3.7452912036170822,3.699212008841926,3.776037193001004,1.0112855063102206,1.0124564892915078
0.05,4,3,3,beta_bimodal,flat,3.7996028095987713,3.799604286964846,3.799989819709999,3.799997136355739,0.9998981549610422,0.9998985437426298
0.05,4,3,3,beta_bimodal,flat,3.799477781432567,3.799555385492316,3.799773834486004,3.799995158824081,0.9999220866645404,0.9999425100010676
0.05,4,3,3,beta_bimodal,flat,3.702600798477144,3.709729241756939,3.755393389519013,3.7995640452466537,0.9859421941815181,0.9878403823446251
0.05,4,3,3,beta_bimodal,log_uniform,3.684953902336895,3.6862558242658032,3.763825765898662,3.766758154180008,0.9790447623063829,0.9793906661844806
0.05,4,3,3,beta_bimodal,log_uniform,3.821827540976702,3.822403353892892,3.8584375113114686,3.86022077477523,0.9905117109639744,0.9906609457032961
0.05,4,3,3,beta_bimodal,log_uniform,3.8610935454194473,3.861315159961587,3.904710378025368,3.905250234491537,0.9888296881501418,0.9888864438428014
0.05,5,2,2,homogeneous,flat,3.61,3.61,3.61,3.61,1.0,1.0
0.05,5,2,2,homogeneous,log_uniform,4.356783822990497,4.356783822990497,4.356783822990496,4.356783822990499,1.0000000000000002,1.0000000000000002
0.05,5,2,2,homogeneous,log_uniform,4.110356999702378,4.110356999702379,4.110356999702379,4.110356999702379,0.9999999999999998,1.0
0.05,5,2,2,homogeneous,log_uniform,3.9618991236806416,3.961899123680642,3.9618991236806416,3.9618991236806416,1.0,1.0000000000000002
0.05,5,2,2,beta_bimodal,flat,3.9439773113289696,3.9439773113289696,3.94397731132897,3.94397731132897,0.9999999999999999,0.9999999999999999
0.05,5,2,2,beta_bimodal,flat,3.9293716796802807,3.9293716796802807,3.92937167968028,3.92937167968028,1.0000000000000002,1.0000000000000002
0.05,5,2,2,beta_bimodal,flat,3.738317305655252,3.738317305655252,3.7383173056552517,3.738317305655252,1.0000000000000002,1.0000000000000002
0.05,5,2,2,beta_bimodal,log_uniform,4.27602264818127,4.27602264818127,4.394184885532812,4.394184885532812,0.9731094069936445,0.9731094069936445
0.05,5,2,2,beta_bimodal,log_uniform,4.192039715488437,4.192039715488437,4.192039715488439,4.192039715488439,0.9999999999999996,0.9999999999999996
0.05,5,2,2,beta_bimodal,log_uniform,4.444300869510164,4.444300869510164,4.418157698485405,4.433621709113822,1.0059172109301848,1.0059172109301848
0.05,5,2,3,homogeneous,flat,4.377125,4.377125,4.377124999999998,4.377124999999999,1.0000000000000007,1.0000000000000007
0.05,5,2,3,homogeneous,log_uniform,4.349763649473886,4.349763649473886,4.41501257910748,4.423973641213028,0.9852211225982996,0.9852211225982996
0.05,5,2,3,homogeneous,log_uniform,4.382052192288318,4.382052192288318,4.456144216587696,4.456144216587696,0.9833730640889998,0.9833730640889998
0.05,5,2,3,homogeneous,log_uniform,4.339551370793601,4.339551370793601,4.417738521953462,4.421094805225221,0.9823015439299275,0.9823015439299275
0.05,5,2,3,beta_bimodal,flat,4.494827143809395,4.494827143809395,4.510015645355421,4.510015645355421,0.9966322729807674,0.9966322729807674
0.05,5,2,3,beta_bimodal,flat,4.472150621288493,4.472150621288494,4.511277968677459,4.511277968677459,0.9913267708927196,0.9913267708927198
0.05,5,2,3,beta_bimodal,flat,4.5009418313793645,4.5009418313793645,4.501814063267661,4.501814063267661,0.9998062487974763,0.9998062487974763
0.05,5,2,3,beta_bimodal,log_uniform,4.76059060388361,4.76059060388361,4.761554819475784,4.761554819475784,0.9997974998443302,0.9997974998443302
0.05,5,2,3,beta_bimodal,log_uniform,4.292542841968552,4.292542841968552,4.269085987754129,4.375990659532893,1.0054945846210896,1.0054945846210896
0.05,5,2,3,beta_bimodal,log_uniform,4.36861208592246,4.36861208592246,4.4436054394287465,4.6153610347068055,0.983123309544799,0.983123309544799
0.05,5,3,2,homogeneous,flat,4.5600000000000005,4.5600000000000005,4.56,4.56,1.0000000000000002,1.0000000000000002
0.05,5,3,2,homogeneous,log_uniform,4.662435917784353,4.662435917784353,4.6366486003746825,4.643182737236508,1.0055616285882838,1.0055616285882838
0.05,5,3,2,homogeneous,log_uniform,4.560358021653573,4.560358021653573,4.580833048258622,4.584429524482762,0.9955302831626155,0.9955302831626155
0.05,5,3,2,homogeneous,log_uniform,4.6141673090440385,4.6181182018872935,4.58630123455853,4.590185510061612,1.0060759363723284,1.0069373915278435
0.05,5,3,2,beta_bimodal,flat,4.646512919150049,4.64651291915005,4.685288805436168,4.69668791512436,0.9917239069145259,0.991723906914526
0.05,5,3,2,beta_bimodal,flat,4.7200191271485545,4.7200191271485545,4.724064445908002,4.73160267719024,0.999143678329166,0.999143678329166
0.05,5,3,2,beta_bimodal,flat,4.744199930982062,4.744199930982062,4.746830353004343,4.7474078797881045,0.9994458571664319,0.9994458571664319
0.05,5,3,2,beta_bimodal,log_uniform,4.568163886806673,4.568163886806673,4.622529091602062,4.70772614498219,0.9882390778471991,0.9882390778471991
0.05,5,3,2,beta_bimodal,log_uniform,4.713629471569275,4.713629471569275,4.720682729177802,4.766682908917116,0.9985058818791334,0.9985058818791334
0.05,5,3,2,beta_bimodal,log_uniform,4.843752671433739,4.843759566987638,4.868938273272075,4.868938273272075,0.9948272907922058,0.9948287070257893
0.05,5,3,3,homogeneous,flat,4.5105940625,4.5600000000000005,4.510243749999998,4.56,1.000077670414155,1.0110318317053268
0.05,5,3,3,homogeneous,log_uniform,4.633822241643844,4.646003178256551,4.642914058328466,4.669535503294791,0.9980417865654194,1.0006653407513637
0.05,5,3,3,homogeneous,log_uniform,4.597103669671325,4.617743240506309,4.615286991437596,4.629886507787908,0.9960601969498311,1.0005321985552078
0.05,5,3,3,homogeneous,log_uniform,4.613147726194576,4.621838975615916,4.643735673814201,4.656649331312996,0.9934130730583765,0.9952846803228359
0.05,5,3,3,beta_bimodal,flat,4.737236137281411,4.742231659927274,4.740085443624717,4.746630913856017,0.9993988913539231,1.000452780087634
0.05,5,3,3,beta_bimodal,flat,4.696228177096717,4.741638379266235,4.698640435863671,4.745908063530011,0.9994866049445833,1.0091511457387483
0.05,5,3,3,beta_bimodal,flat,4.6535771864453475,4.697780026914328,4.665272971743775,4.7237526817937345,0.9974930115838311,1.0069678784858762
0.05,5,3,3,beta_bimodal,log_uniform,4.4581621904231685,4.487410225356996,4.410543910012088,4.53433429431506,1.010796464423126,1.017427854004677
0.05,5,3,3,beta_bimodal,log_uniform,4.721668691458892,4.72794345678283,4.698216248001869,4.7348581290331175,1.0049917760739508,1.0063273394011192
0.05,5,3,3,beta_bimodal,log_uniform,4.6229074509543695,4.622952218496411,4.715128238223492,4.718487171363564,0.9804415102602029,0.9804510047086631
0.05,6,2,2,homogeneous,flat,3.61,3.61,3.6099999999999994,3.609999999999999,1.0000000000000002,1.0000000000000002
0.05,6,2,2,homogeneous,log_uniform,4.692480268532028,4.692480268532028,4.69248026853203,4.69248026853203,0.9999999999999997,0.9999999999999997
0.05,6,2,2,homogeneous,log_uniform,4.789547085893216,4.789547085893216,4.789547085893216,4.789547085893218,1.0,1.0
0.05,6,2,2,homogeneous,log_uniform,4.705841511284651,4.7058415112846514,4.705841511284648,4.705841511284648,1.0000000000000007,1.0000000000000007
0.05,6,2,2,beta_bimodal,flat,3.929192156708872,3.929192156708872,3.9291921567088717,3.929192156708872,1.0000000000000002,1.0000000000000002
0.05,6,2,2,beta_bimodal,flat,3.9473406239038655,3.947340623903866,3.9473406239038655,3.9473406239038655,1.0,1.0000000000000002
0.05,6,2,2,beta_bimodal,flat,3.974716086633388,3.974716086633388,3.974716086633389,3.974716086633389,0.9999999999999998,0.9999999999999998
0.05,6,2,2,beta_bimodal,log_uniform,4.534475715558644,4.534475715558646,4.534475715558646,4.695900186681494,0.9999999999999996,1.0
0.05,6,2,2,beta_bimodal,log_uniform,4.348779311551457,4.348779311551457,4.604540503982814,4.604540503982814,0.9444545677880063,0.9444545677880063
0.05,6,2,2,beta_bimodal,log_uniform,4.796126076585189,4.79612607658519,4.796126076585189,4.796126076585189,1.0,1.0000000000000002
0.05,6,2,3,homogeneous,flat,5.14425,5.14425,5.144249999999998,5.144249999999998,1.0000000000000004,1.0000000000000004
0.05,6,2,3,homogeneous,log_uniform,5.1442499999999995,5.14425,5.144249999999998,5.14425,1.0000000000000004,1.0000000000000004
0.05,6,2,3,homogeneous,log_uniform,5.169146349606809,5.169146349606809,5.14425,5.14425,1.004839646130497,1.004839646130497
0.05,6,2,3,homogeneous,log_uniform,5.193072639068303,5.193072639068303,5.144249999999999,5.144250000000003,1.0094907205264723,1.0094907205264723
0.05,6,2,3,beta_bimodal,flat,5.112313166296278,5.112313166296278,5.11231316629628,5.11231316629628,0.9999999999999997,0.9999999999999997
0.05,6,2,3,beta_bimodal,flat,5.1000007817825574,5.100000781782558,5.100000781782559,5.100000781782559,0.9999999999999997,0.9999999999999998
0.05,6,2,3,beta_bimodal,flat,5.102363924003811,5.102363924003811,5.10236392400381,5.10236392400381,1.0000000000000002,1.0000000000000002
0.05,6,2,3,beta_bimodal,log_uniform,5.380914587552419,5.380914587552419,5.34108978107721,5.380140911791026,1.0074563072533067,1.0074563072533067
0.05,6,2,3,beta_bimodal,log_uniform,5.516653260663053,5.516653260663053,5.574030260159718,5.574030260159718,0.989706371006493,0.989706371006493
0.05,6,2,3,beta_bimodal,log_uniform,5.312280405443912,5.312280405443912,5.304569311840261,5.304569311840261,1.0014536700626078,1.0014536700626078
0.05,6,3,2,homogeneous,flat,5.415,5.415,5.415,5.415,1.0,1.0
0.05,6,3,2,homogeneous,log_uniform,5.440782726574077,5.474968448268936,5.414999999999998,5.415000000000004,1.0047613530146036,1.0110745056821677
0.05,6,3,2,homogeneous,log_uniform,5.449287939904878,5.449287939904878,5.415,5.415000000000005,1.0063320295299867,1.0063320295299867
0.05,6,3,2,homogeneous,log_uniform,5.415,5.415,5.415,5.415000000000003,1.0,1.0
0.05,6,3,2,beta_bimodal,flat,5.400590477615082,5.400590477615083,5.400590477615084,5.400590477615084,0.9999999999999997,0.9999999999999999
0.05,6,3,2,beta_bimodal,flat,5.42993487115827,5.429934871158272,5.429934871158269,5.429934871158269,1.0000000000000002,1.0000000000000004
0.05,6,3,2,beta_bimodal,flat,5.408674548147091,5.408674548147093,5.408674548147092,5.408674548147092,0.9999999999999999,1.0000000000000002
0.05,6,3,2,beta_bimodal,log_uniform,5.812112235506758,5.812112235506758,5.800840114019996,5.800840114019996,1.0019431877564628,1.0019431877564628
0.05,6,3,2,beta_bimodal,log_uniform,5.783010923138685,5.783010923138685,5.735877069360911,5.735877069360911,1.008217375164741,1.008217375164741
0.05,6,3,2,beta_bimodal,log_uniform,5.618143240060145,5.618143240060145,5.617290398129527,5.617290398129527,1.0001518244331646,1.0001518244331646
0.05,6,3,3,homogeneous,flat,5.316622453125,5.327125,5.320237499999999,5.415,0.9993205102450785,1.001294585063167
0.05,6,3,3,homogeneous,log_uniform,5.509866607914383,5.515942284214937,5.541082887653674,5.562872972251193,0.994366393650446,0.9954628717980822
0.05,6,3,3,homogeneous,log_uniform,5.453838027447519,5.456848582876858,5.370315282341404,5.54541674306706,1.0155526706934235,1.016113262627241
0.05,6,3,3,homogeneous,log_uniform,5.472674041087805,5.478768301789915,5.4057802748764034,5.546557011931041,1.0123744885677823,1.0135018486142928
0.05,6,3,3,beta_bimodal,flat,5.40250728524715,5.468214966728329,5.416291535928634,5.658435164903867,0.99745503900777,1.0095865280617309
0.05,6,3,3,beta_bimodal,flat,5.398769231438404,5.461400926340483,5.411287225252703,5.647472562334412,0.9976866883436012,1.009260957513753
0.05,6,3,3,beta_bimodal,flat,5.417315714366577,5.454578303147063,5.4540494973736084,5.662498276897359,0.9932648607195955,1.0000969565409534
0.05,6,3,3,beta_bimodal,log_uniform,5.810082224688807,5.810675838460675,5.851696586516072,5.85804392880955,0.9928884963169218,0.9929899393365814
0.05,6,3,3,beta_bimodal,log_uniform,5.789745080764874,5.790042338101647,5.789698519222067,5.791185076511341,1.0000080421359856,1.0000593845911732
0.05,6,3,3,beta_bimodal,log_uniform,5.705468174658623,5.70564848567585,5.898766310027559,5.900423249766005,0.9672307521251791,0.9672613197062205
0.1,4,2,2,homogeneous,flat,3.2399999999999993,3.2399999999999993,3.24,3.24,0.9999999999999998,0.9999999999999998
0.1,4,2,2,homogeneous,log_uniform,3.24,3.24,3.24,3.240000000000001,1.0,1.0
0.1,4,2,2,homogeneous,log_uniform,3.345008350793986,3.345008350793986,3.2400000000000015,3.2400000000000015,1.0324099848129582,1.0324099848129582
0.1,4,2,2,homogeneous,log_uniform,3.2399999999999993,3.24,3.240000000000001,3.240000000000001,0.9999999999999994,0.9999999999999998
0.1,4,2,2,beta_bimodal,flat,3.2576571221359325,3.2576571221359325,3.2576571221359334,3.2576571221359334,0.9999999999999998,0.9999999999999998
0.1,4,2,2,beta_bimodal,flat,3.2773061043563567,3.2773061043563567,3.2773061043563567,3.2773061043563567,1.0,1.0
0.1,4,2,2,beta_bimodal,flat,3.2466005914175504,3.246600591417551,3.2466005914175504,3.2466005914175504,1.0,1.0000000000000002
0.1,4,2,2,beta_bimodal,log_uniform,3.463739275543886,3.463739275543886,3.463621762713996,3.463621762713996,1.000033927731704,1.000033927731704
0.1,4,2,2,beta_bimodal,log_uniform,3.3673278907690687,3.367327890769069,3.367327890769069,3.367327890769069,0.9999999999999999,1.0
0.1,4,2,2,beta_bimodal,log_uniform,3.0430610793687016,3.0430610793687016,3.072069780912413,3.0742645375336526,0.9905572777923373,0.9905572777923373
0.1,4,2,3,homogeneous,flat,3.087,3.087,3.1509000000000005,3.24,0.9797200799771493,0.9797200799771493
0.1,4,2,3,homogeneous,log_uniform,3.2395803394865292,3.2395803394865292,3.25188214689562,3.317345236746424,0.9962170192973215,0.9962170192973215
0.1,4,2,3,homogeneous,log_uniform,3.232526906971422,3.232526906971422,3.336431169947335,3.336431169947335,0.9688576632685177,0.9688576632685177
0.1,4,2,3,homogeneous,log_uniform,3.341011217776742,3.341011217776742,3.322892601652701,3.3812558645337893,1.0054526637770445,1.0054526637770445
0.1,4,2,3,beta_bimodal,flat,3.5759153488812743,3.5759153488812743,3.587656917968304,3.587656917968304,0.9967272319077602,0.9967272319077602
0.1,4,2,3,beta_bimodal,flat,3.585680769727995,3.585680769727995,3.591276654095642,3.591276654095642,0.998441811949724,0.998441811949724
0.1,4,2,3,beta_bimodal,flat,3.594658956015349,3.594658956015349,3.5953046524891152,3.5953046524891152,0.9998204056300711,0.9998204056300711
0.1,4,2,3,beta_bimodal,log_uniform,3.642079478830325,3.642079478830325,3.706994126897629,3.736493035124429,0.982488602397212,0.982488602397212
0.1,4,2,3,beta_bimodal,log_uniform,3.605514677930525,3.605514677930525,3.6047209938510205,3.604720993851021,1.0002201790598657,1.0002201790598657
0.1,4,2,3,beta_bimodal,log_uniform,3.5108403763108655,3.5108403763108655,3.49534831851854,3.5191098787051023,1.0044321928404811,1.0044321928404811
0.1,4,3,2,homogeneous,flat,3.4037999999999995,3.419999999999999,3.4020000000000006,3.4200000000000017,1.0005291005291002,1.005291005291005
0.1,4,3,2,homogeneous,log_uniform,3.5103329463717734,3.534000615912198,3.4547670599958438,3.5340006159121984,1.0160838300849135,1.022934558116474
0.1,4,3,2,homogeneous,log_uniform,3.447729277084443,3.4867163918543858,3.436989179131997,3.486716391854386,1.0031248564929025,1.0144682482634255
0.1,4,3,2,homogeneous,log_uniform,3.463931497286867,3.502066049068839,3.4386192994949365,3.5020660490688384,1.0073611515516265,1.0184512282540907
0.1,4,3,2,beta_bimodal,flat,3.576413168632209,3.5984634934816695,3.576931892275037,3.5994628872051333,0.9998549808443521,1.0060195725988335
0.1,4,3,2,beta_bimodal,flat,3.596170190803751,3.597469844713717,3.597162991785965,3.59910128004486,0.999724004448928,1.0000853041489788
0.1,4,3,2,beta_bimodal,flat,3.59243731441427,3.59871987952109,3.5925488139020225,3.599010635369304,0.9999689636819071,1.0017177402281043
0.1,4,3,2,beta_bimodal,log_uniform,3.4194729715203347,3.4249917010922752,3.4241798396554537,3.4311144853684112,0.9986254027663475,1.0002370966114045
0.1,4,3,2,beta_bimodal,log_uniform,3.5318032310478293,3.5320580692076473,3.5293464035415627,3.5318032310478293,1.0006961140181088,1.0007683195005634
0.1,4,3,2,beta_bimodal,log_uniform,3.631289096285111,3.6853636994790175,3.629292936456849,3.686330718450712,1.0005500134222318,1.0154495004960686
0.1,4,3,3,homogeneous,flat,3.258,3.419999999999999,3.3858000000000006,3.4200000000000017,0.9622541201488568,1.0101010101010097
0.1,4,3,3,homogeneous,log_uniform,3.4895679085202467,3.510961642245102,3.463017677918558,3.532091255800515,1.0076667903750485,1.0138445623977759
0.1,4,3,3,homogeneous,log_uniform,3.467161305162138,3.496450637963208,3.4690844258723805,3.525378374063031,0.9994456402686831,1.0078885978924959
0.1,4,3,3,homogeneous,log_uniform,3.50357109633896,3.5283228492205554,3.477059026985268,3.5359386735045817,1.007624854553211,1.0147434431907632
0.1,4,3,3,beta_bimodal,flat,3.595257720044716,3.596783806311972,3.5960742266375902,3.5999462893023395,0.9997729450113054,1.000197320641806
0.1,4,3,3,beta_bimodal,flat,3.5689011494113454,3.5737517285022498,3.5649792955273405,3.584327904824733,1.001100105655291,1.0024607248030628
0.1,4,3,3,beta_bimodal,flat,3.5999896586561797,3.5999912679242887,3.5999958029657217,3.599999995037642,0.9999982932453596,0.9999987402648
0.1,4,3,3,beta_bimodal,log_uniform,3.2599204216603814,3.328398059750131,3.31961356737637,3.408390854655641,0.9820180438161161,1.0026462394478957
0.1,4,3,3,beta_bimodal,log_uniform,3.7765805858771246,3.7769395905622942,3.7757081229684695,3.777038361201079,1.0002310726571653,1.000326155400184
0.1,4,3,3,beta_bimodal,log_uniform,3.386669713444667,3.38668790115438,3.437081544249105,3.4378263217484717,0.9853329546723189,0.985338246286579
0.1,5,2,2,homogeneous,flat,3.24,3.24,3.2400000000000007,3.2400000000000007,0.9999999999999999,0.9999999999999999
0.1,5,2,2,homogeneous,log_uniform,3.7244317865044825,3.7244317865044825,3.721914403499183,3.721914403499183,1.0006763677861406,1.0006763677861406
0.1,5,2,2,homogeneous,log_uniform,3.749645265682955,3.7496452656829553,3.749645265682957,3.749645265682957,0.9999999999999994,0.9999999999999996
0.1,5,2,2,homogeneous,log_uniform,3.884993231068064,3.884993231068064,3.884993231068065,3.884993231068066,0.9999999999999998,0.9999999999999998
0.1,5,2,2,beta_bimodal,flat,3.862289666556364,3.862289666556364,3.862289666556364,3.862289666556364,1.0,1.0
0.1,5,2,2,beta_bimodal,flat,3.920381950117426,3.920381950117426,3.9203819501174264,3.9203819501174264,0.9999999999999999,0.9999999999999999
0.1,5,2,2,beta_bimodal,flat,3.399315406141044,3.399315406141044,3.399315406141045,3.399315406141045,0.9999999999999998,0.9999999999999998
0.1,5,2,2,beta_bimodal,log_uniform,3.3785788129540455,3.3785788129540455,3.6016288346504024,3.6016288346504024,0.9380696812646416,0.9380696812646416
0.1,5,2,2,beta_bimodal,log_uniform,3.434667097763086,3.4346670977630867,3.4346670977630867,3.4346670977630867,0.9999999999999999,1.0
0.1,5,2,2,beta_bimodal,log_uniform,4.135838952649828,4.135838952649828,4.1537107131435045,4.1537107131435045,0.995697398849389,0.995697398849389
0.1,5,2,3,homogeneous,flat,3.806999999999999,3.806999999999999,3.8070000000000004,3.807000000000001,0.9999999999999997,0.9999999999999997
0.1,5,2,3,homogeneous,log_uniform,4.022696755804349,4.022696755804349,4.03410429617989,4.03410429617989,0.9971722247274709,0.9971722247274709
0.1,5,2,3,homogeneous,log_uniform,3.8378159927692455,3.8378159927692455,3.8817613120070003,3.914329644570861,0.9886790259097529,0.9886790259097529
0.1,5,2,3,homogeneous,log_uniform,3.839730511133813,3.839730511133813,3.8875255690369617,3.925215775712031,0.9877055322069589,0.9877055322069589
0.1,5,2,3,beta_bimodal,flat,3.94402424729583,3.94402424729583,4.029727460158105,4.029727460158105,0.9787322557891018,0.9787322557891018
0.1,5,2,3,beta_bimodal,flat,4.006247129677149,4.00624712967715,4.010252396403623,4.010252396403623,0.9990012432309583,0.9990012432309585
0.1,5,2,3,beta_bimodal,flat,3.969434594447213,3.969434594447213,4.040675458239675,4.040675458239675,0.9823690705851694,0.9823690705851694
0.1,5,2,3,beta_bimodal,log_uniform,4.58882546824517,4.58882546824517,4.588793699590573,4.588793699590573,1.0000069230949737,1.0000069230949737
0.1,5,2,3,beta_bimodal,log_uniform,4.072214570810222,4.072214570810222,4.06768218193161,4.06768218193161,1.0011142436099716,1.0011142436099716
0.1,5,2,3,beta_bimodal,log_uniform,3.807909949738187,4.114369898228715,4.524226050440276,4.524226050440276,0.8416710189287779,0.9094085601289363
0.1,5,3,2,homogeneous,flat,4.14,4.140000000000001,4.139999999999999,4.140000000000002,1.0000000000000002,1.0000000000000004
0.1,5,3,2,homogeneous,log_uniform,4.269601319904614,4.2719171645853065,4.209864223002339,4.227626914447043,1.0141897918170084,1.014739891430207
0.1,5,3,2,homogeneous,log_uniform,4.307316430789005,4.307316430789005,4.27048654662366,4.294985051804065,1.0086242829155996,1.0086242829155996
0.1,5,3,2,homogeneous,log_uniform,4.254125080361494,4.254125080361494,4.235485897608749,4.256095441787499,1.0044007188793305,1.0044007188793305
0.1,5,3,2,beta_bimodal,flat,4.2424162308767945,4.2424162308767945,4.267395670374082,4.337060097445441,0.9941464440078279,0.9941464440078279
0.1,5,3,2,beta_bimodal,flat,4.418901091893731,4.418901091893731,4.4344642240124434,4.444600284564287,0.9964904143245898,0.9964904143245898
0.1,5,3,2,beta_bimodal,flat,4.3718795702307665,4.371879570230767,4.392397299071399,4.4156217514313605,0.995328808519901,0.9953288085199012
0.1,5,3,2,beta_bimodal,log_uniform,4.536393387969271,4.536393387969271,4.677297954330189,4.677297954330189,0.96987479358024,0.96987479358024
0.1,5,3,2,beta_bimodal,log_uniform,4.838112733894624,4.838112733894625,4.83805806018121,4.83805806018121,1.0000113007559508,1.0000113007559508
0.1,5,3,2,beta_bimodal,log_uniform,4.830248265225182,4.830248265225182,4.829658936723197,4.829658936723197,1.0001220227990644,1.0001220227990644
0.1,5,3,3,homogeneous,flat,4.04451,4.14,4.041900000000001,4.140000000000002,1.0006457359162768,1.0242707637497213
0.1,5,3,3,homogeneous,log_uniform,4.284383950595246,4.2973062555284045,4.202226486541448,4.322371090370165,1.019550936703894,1.022626045809637
0.1,5,3,3,homogeneous,log_uniform,4.21560128907785,4.230860654378605,4.20122683538185,4.258974358222736,1.003421489545611,1.007053610804155
0.1,5,3,3,homogeneous,log_uniform,4.315555754007475,4.341715975814492,4.235627362119777,4.341715975814491,1.0188704966358741,1.0250467297108077
0.1,5,3,3,beta_bimodal,flat,4.410204160559039,4.431757332026893,4.443677790006056,4.4685677735481795,0.9924671339757576,0.9973174342194719
0.1,5,3,3,beta_bimodal,flat,4.421287764629326,4.46236069000937,4.4482796756327,4.496078753580796,0.993932056216871,1.0031654966421748
0.1,5,3,3,beta_bimodal,flat,4.33809781313648,4.355220053595667,4.376291569214561,4.412519368627672,0.9912725750846314,0.9951850750148542
0.1,5,3,3,beta_bimodal,log_uniform,3.911267236554577,4.104747234377638,4.354839730964286,4.36595012225555,0.8981426362821648,0.9425713661036912
0.1,5,3,3,beta_bimodal,log_uniform,4.293946827624914,4.29400768639974,4.211684944428706,4.3448181116946545,1.0195318226034513,1.0195462725862086
0.1,5,3,3,beta_bimodal,log_uniform,4.554140492466465,4.557721417342896,4.644555881081685,4.714571042827158,0.9805330389104581,0.9813040329447891
0.1,6,2,2,homogeneous,flat,3.2400000000000007,3.2400000000000007,3.240000000000002,3.240000000000002,0.9999999999999996,0.9999999999999996
0.1,6,2,2,homogeneous,log_uniform,4.070287449730171,4.070287449730171,4.07028744973017,4.070287449730176,1.0000000000000002,1.0000000000000002
0.1,6,2,2,homogeneous,log_uniform,4.588988355541155,4.588988355541155,4.427559463004817,4.427559463004817,1.0364600168298548,1.0364600168298548
0.1,6,2,2,homogeneous,log_uniform,4.310408268703282,4.310408268703282,4.310408268703283,4.310408268703283,0.9999999999999996,0.9999999999999996
0.1,6,2,2,beta_bimodal,flat,3.9989794400379193,3.9989794400379193,3.99897944003792,3.99897944003792,0.9999999999999998,0.9999999999999998
0.1,6,2,2,beta_bimodal,flat,3.8219525330292634,3.8219525330292634,3.821952533029263,3.821952533029263,1.0000000000000002,1.0000000000000002
0.1,6,2,2,beta_bimodal,flat,3.97083973025556,3.97083973025556,3.97083973025556,3.97083973025556,1.0,1.0
0.1,6,2,2,beta_bimodal,log_uniform,3.918717130919639,3.918717130919639,3.8751457415690367,4.078952795336373,1.0112438066220861,1.0112438066220861
0.1,6,2,2,beta_bimodal,log_uniform,4.171390472313959,4.171390472313959,4.156087085006065,4.156087085006065,1.0036821623307906,1.0036821623307906
0.1,6,2,2,beta_bimodal,log_uniform,3.617847809444574,3.617847809444574,3.6335234612961336,3.6335234612961336,0.995685826163355,0.995685826163355
0.1,6,2,3,homogeneous,flat,4.3740000000000006,4.3740000000000006,4.374000000000001,4.374000000000001,0.9999999999999998,0.9999999999999998
0.1,6,2,3,homogeneous,log_uniform,4.627013755291898,4.627013755291898,4.534972846620055,4.565816023591448,1.0202958014931538,1.0202958014931538
0.1,6,2,3,homogeneous,log_uniform,4.374,4.374,4.374000000000001,4.374000000000002,0.9999999999999996,0.9999999999999996
0.1,6,2,3,homogeneous,log_uniform,4.374000000000001,4.374000000000001,4.374000000000002,4.374000000000003,0.9999999999999998,0.9999999999999998
0.1,6,2,3,beta_bimodal,flat,4.224425875690951,4.224425875690951,4.97030253129879,4.97030253129879,0.8499333489438652,0.8499333489438652
0.1,6,2,3,beta_bimodal,flat,4.384379271149992,4.384379271149992,4.628895140566949,4.628895140566949,0.9471761917279015,0.9471761917279015
0.1,6,2,3,beta_bimodal,flat,4.200014475617312,4.200014475617312,4.99998387913758,4.99998387913758,0.8400056034464155,0.8400056034464155
0.1,6,2,3,beta_bimodal,log_uniform,5.246838756849683,5.246838756849683,5.536433788941554,5.550295844768753,0.9476928573280681,0.9476928573280681
0.1,6,2,3,beta_bimodal,log_uniform,4.827220621703678,4.827220621703678,5.020960567614532,5.020960567614532,0.9614137686799441,0.9614137686799441
0.1,6,2,3,beta_bimodal,log_uniform,4.536802553421072,4.536802553421072,4.507494423550478,4.507494423550478,1.0065020889914955,1.0065020889914955
0.1,6,3,2,homogeneous,flat,4.86,4.86,4.860000000000008,4.860000000000008,0.9999999999999983,0.9999999999999983
0.1,6,3,2,homogeneous,log_uniform,4.926842901453332,4.926842901453333,4.859999999999995,4.860000000000005,1.0137536834266125,1.0137536834266128
0.1,6,3,2,homogeneous,log_uniform,4.911007112997793,4.911007112997793,4.860000000000003,4.860000000000004,1.010495290740286,1.010495290740286
0.1,6,3,2,homogeneous,log_uniform,5.056499807337332,5.056499807337333,4.860000000000006,4.8600000000000065,1.0404320591229066,1.0404320591229068
0.1,6,3,2,beta_bimodal,flat,4.894645359050779,4.89464535905078,4.894645359050778,4.894645359050778,1.0000000000000002,1.0000000000000004
0.1,6,3,2,beta_bimodal,flat,4.871994273068445,4.871994273068445,4.871994273068446,4.871994273068446,0.9999999999999998,0.9999999999999998
0.1,6,3,2,beta_bimodal,flat,4.891264831090708,4.891264831090708,4.893414383904262,4.903023081718244,0.9995607253657846,0.9995607253657846
0.1,6,3,2,beta_bimodal,log_uniform,5.5542949239396755,5.5542949239396755,5.54260633680896,5.54260633680896,1.0021088611422915,1.0021088611422915
0.1,6,3,2,beta_bimodal,log_uniform,5.0074284032876255,5.0074284032876255,5.010645502871146,5.09751005614212,0.9993579470785396,0.9993579470785396
0.1,6,3,2,beta_bimodal,log_uniform,5.519498683068506,5.519498683068506,5.443284706130526,5.4623088978605026,1.0140014680569884,1.0140014680569884
0.1,6,3,3,homogeneous,flat,4.672017,4.707000000000002,4.6818000000000035,4.860000000000008,0.9979104190695879,1.0053825451749323
0.1,6,3,3,homogeneous,log_uniform,5.0440861449477055,5.051992142272161,5.019631272596572,5.077691947089284,1.0048718463614326,1.0064468619143911
0.1,6,3,3,homogeneous,log_uniform,4.759175840687309,4.8590919209478445,4.756989522871325,4.9562203669584415,1.0004596011417457,1.0214636583884866
0.1,6,3,3,homogeneous,log_uniform,4.925544729702148,4.938567599302767,4.946556710253622,4.9575103131826115,0.9957522006150422,0.9983849147156658
0.1,6,3,3,beta_bimodal,flat,4.828136695077344,4.864787883380848,5.325684297452597,5.330662431507476,0.9065758361581362,0.9134578040436595
0.1,6,3,3,beta_bimodal,flat,4.8048673334592245,4.900715007161992,4.864765694644117,5.148033173546029,0.9876873080956731,1.0073897315460545
0.1,6,3,3,beta_bimodal,flat,4.84282573455014,4.922704847622187,5.343102697592521,5.3585011786008305,0.9063695774988952,0.9213195265440518
0.1,6,3,3,beta_bimodal,log_uniform,5.121478908665981,5.122983697070425,5.42406843571721,5.431585084764036,0.9442135491767227,0.9444909771668518
0.1,6,3,3,beta_bimodal,log_uniform,4.353946361778176,4.356181814256587,4.822754005580993,4.835492330784702,0.9027925448280582,0.9032560668065427
0.1,6,3,3,beta_bimodal,log_uniform,5.741785237801778,5.741785795292241,5.820428188617861,5.820922674803033,0.9864884595655914,0.9864885553472837
0.15,4,2,2,homogeneous,flat,2.89,2.89,2.89,2.89,1.0,1.0
0.15,4,2,2,homogeneous,log_uniform,2.9392884879933554,2.9392884879933554,2.9219782512487353,2.9535143137307043,1.005924149756153,1.005924149756153
0.15,4,2,2,homogeneous,log_uniform,2.890000000000001,2.890000000000001,2.89,2.89,1.0000000000000002,1.0000000000000002
0.15,4,2,2,homogeneous,log_uniform,2.9137238253777156,2.9137238253777156,2.9403007827908545,2.967644850900424,0.9909611433059196,0.9909611433059196
0.15,4,2,2,beta_bimodal,flat,2.9776662688348856,2.9776662688348856,2.977666268834885,2.977666268834885,1.0000000000000002,1.0000000000000002
0.15,4,2,2,beta_bimodal,flat,2.9022123469707113,2.9022123469707113,2.9058649383800628,2.9058649383800628,0.9987430278120952,0.9987430278120952
0.15,4,2,2,beta_bimodal,flat,2.9186988605605397,2.9186988605605397,2.9186988605605397,2.9186988605605397,1.0,1.0
0.15,4,2,2,beta_bimodal,log_uniform,3.086642552424657,3.086642552424657,3.1083079965165847,3.1083079965165847,0.9930298271225992,0.9930298271225992
0.15,4,2,2,beta_bimodal,log_uniform,3.276850624160629,3.276850624160629,3.2223631188753785,3.2223631188753785,1.0169091760534632,1.0169091760534632
0.15,4,2,2,beta_bimodal,log_uniform,2.5805815680566893,2.5805815680566893,2.7600418011109844,2.7600418011109844,0.9349791611916681,0.9349791611916681
0.15,4,2,3,homogeneous,flat,2.692375,2.692375,2.76536875,2.89,0.9736043339608869,0.9736043339608869
0.15,4,2,3,homogeneous,log_uniform,2.7623838511777894,2.7623838511777894,2.8402060016128523,2.89,0.9725998218471229,0.9725998218471229
0.15,4,2,3,homogeneous,log_uniform,2.8451672765028686,2.8451672765028686,2.8846171283125557,2.9270081914332065,0.9863240596394973,0.9863240596394973
0.15,4,2,3,homogeneous,log_uniform,2.722606967706134,2.7516318930911954,2.7598034039944372,2.8899999999999997,0.9865220702915047,0.9970390967373203
0.15,4,2,3,beta_bimodal,flat,2.980492835167745,2.980492835167745,3.1754859304879086,3.1754859304879086,0.9385942499546194,0.9385942499546194
0.15,4,2,3,beta_bimodal,flat,2.938278567103308,2.938278567103308,3.179724253264951,3.179724253264951,0.9240670992417893,0.9240670992417893
0.15,4,2,3,beta_bimodal,flat,3.382902396153822,3.382902396153822,3.385651554528829,3.385651554528829,0.9991879972493538,0.9991879972493538
0.15,4,2,3,beta_bimodal,log_uniform,3.0797450065068483,3.0797450065068483,3.122703561736998,3.122703561736998,0.9862431529663822,0.9862431529663822
0.15,4,2,3,beta_bimodal,log_uniform,3.363697616191893,3.363697616191893,3.26001438360018,3.26001438360018,1.0318045322478642,1.0318045322478642
0.15,4,2,3,beta_bimodal,log_uniform,3.340212468696562,3.340212468696562,3.3236208402090073,3.3236208402090073,1.0049920340752563,1.0049920340752563
0.15,4,3,2,homogeneous,flat,3.1124875,3.145000000000001,3.1067500000000003,3.145000000000001,1.001846785225718,1.0123119015047881
0.15,4,3,2,homogeneous,log_uniform,3.2731248282346517,3.2980820638046775,3.236869754233975,3.2980820638046757,1.0112006588937517,1.0189109584933511
0.15,4,3,2,homogeneous,log_uniform,3.2466233614481546,3.275987058385415,3.198465621844802,3.275987058385414,1.015056513121306,1.0242370704287578
0.15,4,3,2,homogeneous,log_uniform,3.317042207881422,3.3366218717649425,3.2696285910002003,3.3366218717649407,1.0145012240875706,1.0204895690443692
0.15,4,3,2,beta_bimodal,flat,3.3269047860815193,3.38850947095973,3.3293671926075765,3.3918695642722314,0.9992603980325376,1.0177638196482115
0.15,4,3,2,beta_bimodal,flat,3.343595527443017,3.3903718003785994,3.3483580580050907,3.3954452564949813,0.9985776519477396,1.012547565596536
0.15,4,3,2,beta_bimodal,flat,3.3796663200243025,3.3808119132444037,3.3849581299850557,3.3849581299850557,0.998436669005186,0.9987751054573102
0.15,4,3,2,beta_bimodal,log_uniform,3.8103583774313,3.8108242451372414,3.813309612182036,3.813309612182036,0.9992260699888338,0.9993482388535001
0.15,4,3,2,beta_bimodal,log_uniform,3.6765202754306854,3.6775065139349863,3.660650935795513,3.678096851698664,1.004335114140492,1.004604530296689
0.15,4,3,2,beta_bimodal,log_uniform,3.1345975628673357,3.13637319803762,3.149646255241004,3.1649528899033053,0.9952221007839762,0.995785857798698
0.15,4,3,3,homogeneous,flat,2.92825,3.145000000000001,3.0742375,3.145000000000001,0.9525126149167069,1.0230179028132995
0.15,4,3,3,homogeneous,log_uniform,3.2396536498005677,3.2890221548669913,3.1053277623501336,3.2890221548669896,1.0432565892332006,1.0591545906181048
0.15,4,3,3,homogeneous,log_uniform,3.250884682338575,3.2821193474129418,3.209107088380187,3.31238130665454,1.013018448062908,1.0227515807425447
0.15,4,3,3,homogeneous,log_uniform,3.1896090784436684,3.21578413897607,3.087049098909186,3.2411440592150753,1.033222659001673,1.041701649679745
0.15,4,3,3,beta_bimodal,flat,3.29909986394557,3.320396544849878,3.3088149291197038,3.367756184838505,0.9970638837824882,1.0035002307406946
0.15,4,3,3,beta_bimodal,flat,3.1541473377981517,3.216505628356507,3.246938812039213,3.3915909458263465,0.9714218592918958,0.9906271151246018
0.15,4,3,3,beta_bimodal,flat,3.245096902090063,3.3035478331084933,3.3044147909343327,3.3946511055992636,0.9820488974304895,0.9997376365012595
0.15,4,3,3,beta_bimodal,log_uniform,2.550707311762175,2.550707311762175,2.5443543775827147,2.55162481656702,1.002496874741755,1.002496874741755
0.15,4,3,3,beta_bimodal,log_uniform,3.388052751773144,3.40143453199129,3.35143616552002,3.409675928290685,1.0109256403657154,1.0149184898658252
0.15,4,3,3,beta_bimodal,log_uniform,3.5513758736207164,3.5882887875949625,3.503308849982621,3.594208371291514,1.0137204641943955,1.0242570499066228
0.15,5,2,2,homogeneous,flat,2.89,2.89,2.889999999999998,2.889999999999998,1.0000000000000007,1.0000000000000007
0.15,5,2,2,homogeneous,log_uniform,3.4803687413165,3.4803687413165,3.416323440973677,3.4327983042167047,1.0187468491931109,1.0187468491931109
0.15,5,2,2,homogeneous,log_uniform,3.5845681761853303,3.5845681761853303,3.458023558397767,3.502052915459335,1.0365944926778337,1.0365944926778337
0.15,5,2,2,homogeneous,log_uniform,3.16273395642695,3.1627339564269503,3.162733956426948,3.1627339564269503,1.0000000000000007,1.0000000000000007
0.15,5,2,2,beta_bimodal,flat,3.3654293161843003,3.3654293161843007,3.3654293161842994,3.3654293161842994,1.0000000000000002,1.0000000000000004
0.15,5,2,2,beta_bimodal,flat,3.5686419081509997,3.5686419081509997,3.5686419081509992,3.5686419081509992,1.0000000000000002,1.0000000000000002
0.15,5,2,2,beta_bimodal,flat,3.741027679139183,3.741027679139183,3.7410276791391834,3.741027679139183,0.9999999999999999,0.9999999999999999
0.15,5,2,2,beta_bimodal,log_uniform,4.224031006458241,4.224031006458241,4.224031006458239,4.268639950443379,1.0000000000000004,1.0000000000000004
0.15,5,2,2,beta_bimodal,log_uniform,4.047216610824175,4.047216610824175,4.026689111407262,4.026689111407262,1.0050978605124394,1.0050978605124394
0.15,5,2,2,beta_bimodal,log_uniform,3.7350047419915176,3.7350047419915176,3.714208778639573,3.714208778639573,1.0055990291853119,1.0055990291853119
0.15,5,2,3,homogeneous,flat,3.2873750000000004,3.2873750000000004,3.287374999999998,3.2873749999999986,1.0000000000000007,1.0000000000000007
0.15,5,2,3,homogeneous,log_uniform,3.3185298976623914,3.3185298976623914,3.371556347818428,3.4179987649647634,0.9842724117037678,0.9842724117037678
0.15,5,2,3,homogeneous,log_uniform,3.4333351591821732,3.4476614626894886,3.4020213314226986,3.4823837409189218,1.0092044771942625,1.0134155923260197
0.15,5,2,3,homogeneous,log_uniform,3.364362118515674,3.364362118515674,3.4350983621728126,3.435098362172813,0.9794077967501357,0.9794077967501357
0.15,5,2,3,beta_bimodal,flat,3.9993259397433696,3.9993259397433696,3.999374111699525,3.999374111699525,0.9999879551262747,0.9999879551262747
0.15,5,2,3,beta_bimodal,flat,3.987100653748432,3.987100653748432,3.9897273159791924,3.989727315979192,0.9993416436706739,0.9993416436706739
0.15,5,2,3,beta_bimodal,flat,3.397475040597197,3.3974750405971976,3.5260042172345627,3.5260042172345627,0.9635482067749281,0.9635482067749283
0.15,5,2,3,beta_bimodal,log_uniform,4.005352679191973,4.005352679191973,4.081822583612687,4.11535425743042,0.9812657451777258,0.9812657451777258
0.15,5,2,3,beta_bimodal,log_uniform,4.127019498551409,4.127019498551409,4.220116222284965,4.248222507981388,0.9779397725489302,0.9779397725489302
0.15,5,2,3,beta_bimodal,log_uniform,3.5108539881438467,3.5108539881438467,3.4917658904998485,3.589433180046411,1.0054666029288881,1.0054666029288881
0.15,5,3,2,homogeneous,flat,3.74,3.7400000000000007,3.739999999999999,3.739999999999999,1.0000000000000004,1.0000000000000004
0.15,5,3,2,homogeneous,log_uniform,3.791696995702822,3.7916969957028224,3.778055709959175,3.8072714234813856,1.003610662941705,1.0036106629417052
0.15,5,3,2,homogeneous,log_uniform,3.799624955306047,3.799624955306047,3.817032255568307,3.8531261830215384,0.995439572134381,0.995439572134381
0.15,5,3,2,homogeneous,log_uniform,3.8601027182594447,3.8601027182594447,3.7892481974094894,3.8204390557758727,1.0186988334251619,1.0186988334251619
0.15,5,3,2,beta_bimodal,flat,3.925862332263723,3.925862332263723,3.999964441654268,4.031804696442068,0.9814743079666232,0.9814743079666232
0.15,5,3,2,beta_bimodal,flat,4.159760685937645,4.159760685937645,4.13454350824415,4.142410705440496,1.0060991443537146,1.0060991443537146
0.15,5,3,2,beta_bimodal,flat,3.8226741124967103,3.8226741124967103,3.8358091345363867,3.845078472027488,0.9965756841440798,0.9965756841440798
0.15,5,3,2,beta_bimodal,log_uniform,4.5145134902119075,4.5145134902119075,4.4442531245642884,4.444253124564288,1.0158092628116242,1.0158092628116242
0.15,5,3,2,beta_bimodal,log_uniform,3.6038868597693177,3.608794647191419,3.6831966415532666,3.790274000815679,0.9784671334434909,0.9797996138673523
0.15,5,3,2,beta_bimodal,log_uniform,3.3793906662250053,3.3793906662250053,3.6206129086536487,3.6206129086536487,0.933375301774985,0.933375301774985
0.15,5,3,3,homogeneous,flat,3.604419687500001,3.7400000000000007,3.5962437499999984,3.739999999999999,1.0022734658906263,1.0399740006499845
0.15,5,3,3,homogeneous,log_uniform,3.9669025312962742,3.989410072555978,3.925324023703017,3.991453373037487,1.0105923759012467,1.016326307959796
0.15,5,3,3,homogeneous,log_uniform,3.781318529868844,3.8024933691308815,3.752593141197128,3.848136467563462,1.0076548103113978,1.0132975321480855
0.15,5,3,3,homogeneous,log_uniform,3.842924777090406,3.8766469842242657,3.782844939361483,3.8972538803159216,1.0158821835660712,1.0247966930620782
0.15,5,3,3,beta_bimodal,flat,3.9712236680139057,4.0097926745168015,4.063609710236904,4.063609710236904,0.9772650306474406,0.9867563472976922
0.15,5,3,3,beta_bimodal,flat,4.228840068767756,4.228840068767756,4.234450375325639,4.234450375325639,0.9986750803385076,0.9986750803385076
0.15,5,3,3,beta_bimodal,flat,4.249999256286248,4.249999289399045,4.249999714222189,4.249999714222189,0.9999998922503597,0.9999999000416065
0.15,5,3,3,beta_bimodal,log_uniform,3.836275349676609,3.8362811372270342,3.8355687296410594,3.842877136071346,1.0001842282293338,1.0001857371451772
0.15,5,3,3,beta_bimodal,log_uniform,4.48221976632417,4.48221976632417,4.477575144662824,4.493669008602314,1.001037307361973,1.001037307361973
0.15,5,3,3,beta_bimodal,log_uniform,4.698216661847446,4.698216661847446,4.700503065376577,4.702647577813878,0.9995135832277244,0.9995135832277244
0.15,6,2,2,homogeneous,flat,2.89,2.89,2.8899999999999983,2.8899999999999983,1.0000000000000007,1.0000000000000007
0.15,6,2,2,homogeneous,log_uniform,3.5464924394435413,3.546492439443542,3.54649243944354,3.546492439443543,1.0000000000000004,1.0000000000000007
0.15,6,2,2,homogeneous,log_uniform,3.6496992887824633,3.6496992887824633,3.649699288782461,3.649699288782461,1.0000000000000007,1.0000000000000007
0.15,6,2,2,homogeneous,log_uniform,3.8604708932512697,3.8604708932512697,3.860470893251267,3.860470893251269,1.0000000000000007,1.0000000000000007
0.15,6,2,2,beta_bimodal,flat,3.626137628532919,3.626137628532919,3.6261376285329194,3.626137628532919,0.9999999999999999,0.9999999999999999
0.15,6,2,2,beta_bimodal,flat,3.9790536240517103,3.9790536240517103,3.97905362405171,3.97905362405171,1.0000000000000002,1.0000000000000002
0.15,6,2,2,beta_bimodal,flat,3.860464407685471,3.860464407685472,3.860464407685472,3.860464407685472,0.9999999999999998,1.0
0.15,6,2,2,beta_bimodal,log_uniform,4.214886927841201,4.214886927841203,4.214886927841203,4.215263985827188,0.9999999999999996,1.0
0.15,6,2,2,beta_bimodal,log_uniform,4.714140093046232,4.714140093046232,4.845263696414178,4.845263696414178,0.9729377776765821,0.9729377776765821
0.15,6,2,2,beta_bimodal,log_uniform,4.753358631120845,4.753358631120846,4.753358631120846,4.755005591208911,0.9999999999999998,1.0
0.15,6,2,3,homogeneous,flat,3.68475,3.68475,3.6847499999999997,3.68475,1.0000000000000002,1.0000000000000002
0.15,6,2,3,homogeneous,log_uniform,3.820237719996195,3.820237719996195,3.8753866069616714,3.896517981336963,0.985769448945711,0.985769448945711
0.15,6,2,3,homogeneous,log_uniform,3.9689467642665432,3.9689467642665432,3.936979336550588,3.951084143118013,1.008119785496249,1.008119785496249
0.15,6,2,3,homogeneous,log_uniform,3.690601626265975,3.690601626265975,3.7313095812376127,3.790619552571269,0.9890901695275214,0.9890901695275214
0.15,6,2,3,beta_bimodal,flat,3.903146062671008,3.903146062671008,4.431531492093946,4.431531492093946,0.8807668567027896,0.8807668567027896
0.15,6,2,3,beta_bimodal,flat,3.885369779868175,3.885369779868175,4.149148724038131,4.149148724038131,0.9364257678588983,0.9364257678588983
0.15,6,2,3,beta_bimodal,flat,3.988528216085947,3.988528216085947,4.889109194718699,4.889109194718699,0.8157985549585238,0.8157985549585238
0.15,6,2,3,beta_bimodal,log_uniform,4.827165491254191,4.827165491254191,5.155181440200079,5.155181440200079,0.9363715995739702,0.9363715995739702
0.15,6,2,3,beta_bimodal,log_uniform,4.008970318136398,4.008970318136398,4.476549683663286,4.476549683663286,0.8955491620626324,0.8955491620626324
0.15,6,2,3,beta_bimodal,log_uniform,3.9279952164706016,4.028710005252114,4.85513186211378,4.85513186211378,0.8090398629792249,0.8297838492687475
0.15,6,3,2,homogeneous,flat,4.335000000000001,4.335000000000001,4.334999999999999,4.334999999999999,1.0000000000000004,1.0000000000000004
0.15,6,3,2,homogeneous,log_uniform,4.566032265163738,4.566032265163738,4.418006315923514,4.461352819313417,1.0335051465876597,1.0335051465876597
0.15,6,3,2,homogeneous,log_uniform,4.516964875360701,4.516964875360702,4.334999999999999,4.335000000000001,1.0419757497948563,1.0419757497948565
0.15,6,3,2,homogeneous,log_uniform,4.612595458902116,4.612595458902116,4.444516018025488,4.492211999825425,1.037817265185895,1.037817265185895
0.15,6,3,2,beta_bimodal,flat,4.842852450799587,4.842852450799587,4.847411750188707,4.855177578030298,0.9990594363293065,0.9990594363293065
0.15,6,3,2,beta_bimodal,flat,4.6699558987416205,4.6699558987416205,4.6777540389264995,4.688108101077169,0.9983329306928099,0.9983329306928099
0.15,6,3,2,beta_bimodal,flat,4.840062989057537,4.840062989057537,4.854131174229205,4.8584280365864645,0.9971018119068646,0.9971018119068646
0.15,6,3,2,beta_bimodal,log_uniform,4.163783157744877,4.163982584959889,4.2570847719787865,4.312050430950845,0.9780832143987256,0.9781300603568621
0.15,6,3,2,beta_bimodal,log_uniform,4.970367524601765,4.970367524601765,4.8534766472444115,4.949370723721432,1.0240839476221069,1.0240839476221069
0.15,6,3,2,beta_bimodal,log_uniform,4.014930233647168,4.067491299070542,4.123271648453558,4.148968989708757,0.9737244052675927,0.9864718228293455
0.15,6,3,3,homogeneous,flat,4.072495828125,4.137375000000001,4.0857375,4.334999999999999,0.9967590497737556,1.0126384771415202
0.15,6,3,3,homogeneous,log_uniform,4.628958708181762,4.629320673592951,4.463073494043616,4.599283315633977,1.0371683805699223,1.037249482844324
0.15,6,3,3,homogeneous,log_uniform,4.527447906413434,4.531498925399989,4.476768885667822,4.551507595768274,1.0113204460716878,1.0122253440215292
0.15,6,3,3,homogeneous,log_uniform,4.506608663775659,4.516112664186209,4.4613323634890145,4.549699250995034,1.0101486050797694,1.0122789104765002
0.15,6,3,3,beta_bimodal,flat,4.790871030699988,4.793462649990796,4.971299234078334,4.971633924484678,0.9637060263559459,0.96422734264949
0.15,6,3,3,beta_bimodal,flat,4.454487583987414,4.584677392023478,4.838759001330822,4.858099011990508,0.9205847166106599,0.9474903360060992
0.15,6,3,3,beta_bimodal,flat,4.381460139623647,4.604028078999635,4.854910766047582,4.870727086322152,0.9024800559188497,0.9483239344371734
0.15,6,3,3,beta_bimodal,log_uniform,3.778915210277775,3.778915210277776,4.321682029540094,4.321682029540094,0.8744084327462474,0.8744084327462476
0.15,6,3,3,beta_bimodal,log_uniform,5.1881206525774965,5.192998644770371,5.256743535516627,5.304535107344707,0.9869457426493252,0.9878736920841638
0.15,6,3,3,beta_bimodal,log_uniform,4.897586002450298,4.897586002450298,5.0322720548347055,5.0462472498661235,0.9732355383578658,0.9732355383578658
0.2,4,2,2,homogeneous,flat,2.5600000000000005,2.5600000000000005,2.560000000000001,2.560000000000001,0.9999999999999998,0.9999999999999998
0.2,4,2,2,homogeneous,log_uniform,2.590772488688026,2.590772488688026,2.560000000000001,2.560000000000001,1.0120205033937597,1.0120205033937597
0.2,4,2,2,homogeneous,log_uniform,2.56,2.560000000000001,2.5600000000000005,2.563875183474116,0.9999999999999998,1.0000000000000002
0.2,4,2,2,homogeneous,log_uniform,2.8048598937812166,2.8048598937812166,2.694059155103127,2.793061621067793,1.041127804661679,1.041127804661679
0.2,4,2,2,beta_bimodal,flat,2.644460269186974,2.644460269186974,2.633364811118796,2.633364811118796,1.004213414723752,1.004213414723752
0.2,4,2,2,beta_bimodal,flat,2.614772607419803,2.614772607419803,2.6147726074198028,2.6147726074198028,1.0000000000000002,1.0000000000000002
0.2,4,2,2,beta_bimodal,flat,2.7888055856044747,2.7888055856044747,2.822084320239191,2.822084320239191,0.9882077461697191,0.9882077461697191
0.2,4,2,2,beta_bimodal,log_uniform,2.6030235932324697,2.6030235932324697,2.5840696345729515,2.5840696345729515,1.0073349256559994,1.0073349256559994
0.2,4,2,2,beta_bimodal,log_uniform,3.4629196318402142,3.4629196318402142,3.4618961658328775,3.4618961658328775,1.0002956374074525,1.0002956374074525
0.2,4,2,2,beta_bimodal,log_uniform,2.807994435753941,2.807994435753941,2.7956983223089895,2.7956983223089895,1.0043982261415088,1.0043982261415088
0.2,4,2,3,homogeneous,flat,2.3360000000000003,2.3360000000000003,2.4064000000000005,2.560000000000001,0.9707446808510637,0.9707446808510637
0.2,4,2,3,homogeneous,log_uniform,2.484723104064991,2.541337963746104,2.5828839935096823,2.5828839935096823,0.9619956259393175,0.9839148680823545
0.2,4,2,3,homogeneous,log_uniform,2.554277619280396,2.6247483218481844,2.6392020519469694,2.6392020519469694,0.9678219283726597,0.9945234469304378
0.2,4,2,3,homogeneous,log_uniform,2.404551717605242,2.431584498203718,2.4472194823680344,2.560000000000001,0.9825647985110411,0.9936111230410819
0.2,4,2,3,beta_bimodal,flat,3.1874726427685545,3.1874726427685545,3.182884002603366,3.182884002603366,1.0014416611354466,1.0014416611354466
0.2,4,2,3,beta_bimodal,flat,2.5479841500922658,2.5479841500922658,2.6240797130316214,2.624079713031622,0.9710010475057399,0.9710010475057399
0.2,4,2,3,beta_bimodal,flat,3.0940097600599734,3.0940097600599734,3.0739620265587746,3.0739620265587746,1.0065217895757943,1.0065217895757943
0.2,4,2,3,beta_bimodal,log_uniform,3.089974937265207,3.089974937265207,3.0354454868378493,3.0354454868378493,1.0179642331459438,1.0179642331459438
0.2,4,2,3,beta_bimodal,log_uniform,3.7741846876547025,3.7741846876547025,3.7738170870259604,3.77381708702596,1.0000974081732805,1.0000974081732805
0.2,4,2,3,beta_bimodal,log_uniform,3.0184273053714716,3.18412104029532,3.1849637528237302,3.1849637528237302,0.947711666324425,0.9997354090677915
0.2,4,3,2,homogeneous,flat,2.8288,2.88,2.816000000000001,2.880000000000001,1.0045454545454542,1.0227272727272723
0.2,4,3,2,homogeneous,log_uniform,2.8884582886807033,3.000105108294692,2.8508829985929207,3.000105108294692,1.0131802287594154,1.052342418042207
0.2,4,3,2,homogeneous,log_uniform,3.017411116170658,3.053691523917605,2.954953219134085,3.0536915239176055,1.0211366787914415,1.0334145069181346
0.2,4,3,2,homogeneous,log_uniform,2.8649665549395,2.966936351978332,2.8373381618936167,2.966936351978332,1.0097374339854663,1.0456759761050909
0.2,4,3,2,beta_bimodal,flat,3.1356583912464986,3.1416866178391545,3.135478413464344,3.135478413464344,1.000057400421378,1.0019799863230285
0.2,4,3,2,beta_bimodal,flat,2.97858110704034,3.023587520029366,2.9918497646556275,3.0582153279106468,0.9955650655417135,1.0106080712169019
0.2,4,3,2,beta_bimodal,flat,3.024621166127008,3.1960782970322303,3.024354377651192,3.1975153927896107,1.000088213364739,1.056780356379534
0.2,4,3,2,beta_bimodal,log_uniform,1.9206376395921096,1.922396263281914,1.9209888318220159,1.9424085623722431,0.9998171815347968,1.0007326598867123
0.2,4,3,2,beta_bimodal,log_uniform,3.1441268626858374,3.144722833398633,3.1797773746002065,3.180518887010071,0.9887883622925484,0.9889757875876511
0.2,4,3,2,beta_bimodal,log_uniform,2.936465473883475,2.949563978231104,2.8721822849323395,2.9531132698789926,1.0223813054235342,1.026941776538597
0.2,4,3,3,homogeneous,flat,2.624,2.8800000000000003,2.764800000000001,2.880000000000001,0.9490740740740737,1.0416666666666663
0.2,4,3,3,homogeneous,log_uniform,2.9975207291678356,3.0307515020493807,2.926742899791435,3.06190535162583,1.0241831386629294,1.0355373211173955
0.2,4,3,3,homogeneous,log_uniform,3.103586806613769,3.10358680661377,3.1004302133535604,3.1228888200974456,1.001018114597972,1.0010181145979722
0.2,4,3,3,homogeneous,log_uniform,2.850083964808682,2.9119355200723587,2.7929156366693526,2.9699213531320563,1.0204690494008277,1.0426149224990344
0.2,4,3,3,beta_bimodal,flat,3.1058873882476705,3.142580879834526,3.1009583577955255,3.196270949245346,1.001589518427345,1.0134224704870238
0.2,4,3,3,beta_bimodal,flat,3.0902049997067325,3.0937848620477895,3.187116410202148,3.1987958918226744,0.9695927609718942,0.9707159902112146
0.2,4,3,3,beta_bimodal,flat,3.094115876588798,3.1109107008434016,3.1265388652567903,3.1854012903941618,0.9896297503196624,0.995001448858655
0.2,4,3,3,beta_bimodal,log_uniform,3.093600070962104,3.096839581810814,3.1065995687819496,3.243120742468901,0.9958155219132595,0.9968583054381346
0.2,4,3,3,beta_bimodal,log_uniform,3.4464033717757716,3.4543085255187975,3.3557636006809566,3.4458750210650595,1.027010177676527,1.029365872142437
0.2,4,3,3,beta_bimodal,log_uniform,2.812466807741497,2.8377149472037564,2.798300651178905,3.001864296204627,1.0050624140606994,1.0140850826762473
0.2,5,2,2,homogeneous,flat,2.5599999999999996,2.5599999999999996,2.5600000000000014,2.5600000000000014,0.9999999999999993,0.9999999999999993
0.2,5,2,2,homogeneous,log_uniform,3.2205560012489745,3.2205560012489745,3.1170482063478078,3.1917342287380635,1.0332069920158358,1.0332069920158358
0.2,5,2,2,homogeneous,log_uniform,3.0290994200298975,3.0290994200298975,2.942670577231333,2.972259646129919,1.029370886251183,1.029370886251183
0.2,5,2,2,homogeneous,log_uniform,3.1700196995585497,3.1700196995585497,3.021827838278385,3.0928410444273156,1.0490404712680765,1.0490404712680765
0.2,5,2,2,beta_bimodal,flat,3.846794574839036,3.846794574839036,3.8467945748390355,3.846794574839035,1.0000000000000002,1.0000000000000002
0.2,5,2,2,beta_bimodal,flat,3.1954913995707748,3.1954913995707748,3.1954913995707748,3.1954913995707748,1.0,1.0
0.2,5,2,2,beta_bimodal,flat,3.9960489178166902,3.9960489178166902,3.99604891781669,3.99604891781669,1.0000000000000002,1.0000000000000002
0.2,5,2,2,beta_bimodal,log_uniform,4.518121876845443,4.518121876845445,4.518121876845444,4.518121876845444,0.9999999999999998,1.0000000000000002
0.2,5,2,2,beta_bimodal,log_uniform,3.407152899938993,3.407152899938993,3.4071528999389935,3.415382355367179,0.9999999999999999,0.9999999999999999
0.2,5,2,2,beta_bimodal,log_uniform,4.243142392249088,4.243142392249088,4.243142392249087,4.246673114849322,1.0000000000000002,1.0000000000000002
0.2,5,2,3,homogeneous,flat,2.8159999999999994,2.8159999999999994,2.8160000000000016,2.8160000000000016,0.9999999999999992,0.9999999999999992
0.2,5,2,3,homogeneous,log_uniform,3.049430979727759,3.136156948069963,3.11399906872888,3.1361569480699645,0.9792652189111034,1.007115570317151
0.2,5,2,3,homogeneous,log_uniform,2.8114087418039166,2.8114087418039166,2.8409112920086472,2.947653632336475,0.9896151103740127,0.9896151103740127
0.2,5,2,3,homogeneous,log_uniform,2.8761107074225785,2.8761107074225785,2.8966609247032498,2.922737046325846,0.992905549591457,0.992905549591457
0.2,5,2,3,beta_bimodal,flat,3.715688783909595,3.715688783909595,3.767839307960917,3.767839307960917,0.986159037106191,0.986159037106191
0.2,5,2,3,beta_bimodal,flat,3.9745024216370703,3.9745024216370703,3.9782784331001935,3.9782784331001935,0.9990508428390266,0.9990508428390266
0.2,5,2,3,beta_bimodal,flat,3.5520509244220557,3.5520509244220557,3.552967160214657,3.552967160214657,0.9997421209509446,0.9997421209509446
0.2,5,2,3,beta_bimodal,log_uniform,4.293893775550767,4.293893775550767,4.3110442627961145,4.3110442627961145,0.9960217325084425,0.9960217325084425
0.2,5,2,3,beta_bimodal,log_uniform,3.005927613064141,3.005927613064141,3.3553314490508366,3.3553314490508366,0.8958660742486303,0.8958660742486303
0.2,5,2,3,beta_bimodal,log_uniform,3.68231172748408,3.68231172748408,3.6724547511215646,3.6724547511215646,1.0026840293565238,1.0026840293565238
0.2,5,3,2,homogeneous,flat,3.36,3.36,3.3600000000000017,3.3600000000000017,0.9999999999999994,0.9999999999999994
0.2,5,3,2,homogeneous,log_uniform,3.624289537952084,3.64954797472198,3.503566055733104,3.649547974721984,1.0344573158600598,1.0416666666666656
0.2,5,3,2,homogeneous,log_uniform,3.5351858716490914,3.566019032608442,3.43128507119687,3.566019032608444,1.0302804338014326,1.0392663269346418
0.2,5,3,2,homogeneous,log_uniform,3.548461972257442,3.647347786304491,3.4636014293487194,3.647347786304492,1.0245006663265754,1.0530506643746023
0.2,5,3,2,beta_bimodal,flat,3.923564378220125,3.923564378220125,3.828308283526807,3.828308283526807,1.0248820334305897,1.0248820334305897
0.2,5,3,2,beta_bimodal,flat,3.916404625951315,3.916404625951315,3.8139146736666047,3.8139146736666047,1.026872639021622,1.026872639021622
0.2,5,3,2,beta_bimodal,flat,3.980478207071408,3.980478207071408,3.9397058807408287,3.9397058807408287,1.0103490787294285,1.0103490787294285
0.2,5,3,2,beta_bimodal,log_uniform,4.123404064604604,4.123404064604604,4.034650003539738,4.054012344032714,1.021997957936128,1.021997957936128
0.2,5,3,2,beta_bimodal,log_uniform,4.19519659830209,4.19519659830209,4.190809119717941,4.190809119717941,1.0010469287573862,1.0010469287573862
0.2,5,3,2,beta_bimodal,log_uniform,4.410754671853144,4.410754671853144,4.434627906604163,4.434627906604163,0.9946166318226007,0.9946166318226007
0.2,5,3,3,homogeneous,flat,3.192319999999999,3.36,3.174400000000002,3.3600000000000017,1.0056451612903217,1.058467741935483
0.2,5,3,3,homogeneous,log_uniform,3.447236046591437,3.49081823243513,3.3590142650799395,3.4918761292154916,1.0262641878090977,1.0392388828846053
0.2,5,3,3,homogeneous,log_uniform,3.4734101141954863,3.5161940546485986,3.351888329117186,3.5166202143169607,1.036254723650148,1.0490188542691359
0.2,5,3,3,homogeneous,log_uniform,3.452772552069407,3.496622195026963,3.3187349150853658,3.4966221950269647,1.040388172123893,1.0536009306235963
0.2,5,3,3,beta_bimodal,flat,3.998011489641214,3.998011489641214,3.9980087792109607,3.9980087792109607,1.0000006779450479,1.0000006779450479
0.2,5,3,3,beta_bimodal,flat,3.659739421439648,3.84048925542036,3.874197127838508,3.874197127838508,0.9446446065281893,0.9912993915110989
0.2,5,3,3,beta_bimodal,flat,3.999301412142485,3.999301412142485,3.9993134887912043,3.999313488791204,0.9999969803195591,0.9999969803195591
0.2,5,3,3,beta_bimodal,log_uniform,4.694012587464954,4.694012587464954,4.698978232153246,4.699040772710128,0.9989432501188632,0.9989432501188632
0.2,5,3,3,beta_bimodal,log_uniform,4.374912405196934,4.374912405196934,4.401688451154721,4.4036092108968585,0.9939168693434534,0.9939168693434534
0.2,5,3,3,beta_bimodal,log_uniform,3.6723526349201863,3.672352729696215,3.8350693878238453,3.8350693878238458,0.9575713666562914,0.9575713913692807
0.2,6,2,2,homogeneous,flat,2.559999999999999,2.559999999999999,2.560000000000001,2.5600000000000014,0.9999999999999993,0.9999999999999993
0.2,6,2,2,homogeneous,log_uniform,3.0120929105125755,3.0120929105125755,3.0120929105125778,3.0120929105125778,0.9999999999999992,0.9999999999999992
0.2,6,2,2,homogeneous,log_uniform,3.320188454393582,3.320188454393582,3.303388514227055,3.303388514227055,1.0050856688803549,1.0050856688803549
0.2,6,2,2,homogeneous,log_uniform,3.6678360902771945,3.6678360902771945,3.5446291354026362,3.6237281728057145,1.0347587716988518,1.0347587716988518
0.2,6,2,2,beta_bimodal,flat,2.985424749037483,2.985424749037483,2.9854247490374823,2.9854247490374823,1.0000000000000002,1.0000000000000002
0.2,6,2,2,beta_bimodal,flat,3.7631335148220777,3.7631335148220777,3.7631335148220777,3.7631335148220777,1.0,1.0
0.2,6,2,2,beta_bimodal,flat,3.659439148322235,3.659439148322235,3.6594391483222357,3.659439148322236,0.9999999999999998,0.9999999999999998
0.2,6,2,2,beta_bimodal,log_uniform,2.8703197524634843,2.8703197524634843,3.226686995396457,3.245199851301082,0.889556302349312,0.889556302349312
0.2,6,2,2,beta_bimodal,log_uniform,2.6395828835702018,2.6395828835702018,2.826671627972992,3.12127907784085,0.9338130603670609,0.9338130603670609
0.2,6,2,2,beta_bimodal,log_uniform,3.9028531575734657,3.9028531575734657,3.9495192823406926,3.9495192823406926,0.9881843532260032,0.9881843532260032
0.2,6,2,3,homogeneous,flat,3.0719999999999987,3.0719999999999987,3.071999999999999,3.071999999999999,0.9999999999999999,0.9999999999999999
0.2,6,2,3,homogeneous,log_uniform,3.1245155405128417,3.1245155405128417,3.2329984538414527,3.328606727618872,0.966445108193692,0.966445108193692
0.2,6,2,3,homogeneous,log_uniform,3.5152467643737175,3.728560370729475,3.3921159044688776,3.728560370729475,1.0362991310947316,1.0991842483381407
0.2,6,2,3,homogeneous,log_uniform,3.4507355926969248,3.5680844699356133,3.3379895732183527,3.5680844699356165,1.0337766242241035,1.0689321795859934
0.2,6,2,3,beta_bimodal,flat,3.805304186263966,3.805304186263966,3.9026464883587644,3.902646488358765,0.9750573611047884,0.9750573611047884
0.2,6,2,3,beta_bimodal,flat,3.30453784611861,3.30453784611861,3.9137489146577966,3.9137489146577966,0.844340788889761,0.844340788889761
0.2,6,2,3,beta_bimodal,flat,3.385439171991536,3.385439171991536,3.9291383521646153,3.9291383521646153,0.8616238138131359,0.8616238138131359
0.2,6,2,3,beta_bimodal,log_uniform,4.098089606503908,4.098089606503908,4.243691468933553,4.243691468933553,0.9656898095689705,0.9656898095689705
0.2,6,2,3,beta_bimodal,log_uniform,4.238633046032232,4.238633046032232,4.674331248655034,4.683099817753413,0.9067891898443939,0.9067891898443939
0.2,6,2,3,beta_bimodal,log_uniform,4.699759520392342,4.699759520392342,5.233888463118646,5.248297431456675,0.897947969948133,0.897947969948133
0.2,6,3,2,homogeneous,flat,3.8399999999999985,3.8399999999999985,3.8400000000000016,3.8400000000000016,0.9999999999999992,0.9999999999999992
0.2,6,3,2,homogeneous,log_uniform,3.9697840108094775,3.9697840108094775,3.85850222358781,3.9118621046169366,1.0288406694549452,1.0288406694549452
0.2,6,3,2,homogeneous,log_uniform,4.18204267774368,4.18204267774368,3.9483888407189385,4.025111350262171,1.0591770077493676,1.0591770077493676
0.2,6,3,2,homogeneous,log_uniform,4.0183935522038965,4.0183935522038965,4.005935589845827,4.07772260980397,1.0031098758526342,1.0031098758526342
0.2,6,3,2,beta_bimodal,flat,4.687788772150893,4.687788772150893,4.723258843065681,4.724651909960721,0.9924903393836096,0.9924903393836096
0.2,6,3,2,beta_bimodal,flat,4.125370871270703,4.125370871270703,4.153066867103285,4.216791637462967,0.9933311943393053,0.9933311943393053
0.2,6,3,2,beta_bimodal,flat,4.355284891890261,4.355284891890261,4.419206449655495,4.455092969990895,0.9855355122025999,0.9855355122025999
0.2,6,3,2,beta_bimodal,log_uniform,5.422806323050287,5.422806323050287,5.414371350956211,5.438731874558239,1.0015578857723875,1.0015578857723875
0.2,6,3,2,beta_bimodal,log_uniform,4.248249871248166,4.2871820068252875,4.358285239652218,4.370368944714467,0.974752600540475,0.9836855026880701
0.2,6,3,2,beta_bimodal,log_uniform,4.991630858807134,4.991630858807134,4.907192717760946,4.907192717760946,1.0172070154776223,1.0172070154776223
0.2,6,3,3,homogeneous,flat,3.5220479999999994,3.6159999999999983,3.5328,3.8400000000000016,0.9969565217391303,1.0235507246376807
0.2,6,3,3,homogeneous,log_uniform,4.316400710382855,4.3479388480603784,4.148573697445401,4.317009445102723,1.0404541476606282,1.0480563116759243
0.2,6,3,3,homogeneous,log_uniform,4.288415385768185,4.289040367000814,4.097924535633409,4.22806601855646,1.0464847140249576,1.0466372256749878
0.2,6,3,3,homogeneous,log_uniform,3.814979766935915,3.831274170691483,3.773894339025505,3.8419736157605273,1.0108867456848352,1.0152044086323824
0.2,6,3,3,beta_bimodal,flat,4.264571375566688,4.277793457009118,4.288461114424762,4.37730044101739,0.99442929801142,0.9975124742580124
0.2,6,3,3,beta_bimodal,flat,4.479243530801751,4.479243530801751,4.500324969154089,4.534306455760198,0.995315574209233,0.995315574209233
0.2,6,3,3,beta_bimodal,flat,4.545269177045823,4.545269177045824,4.500193755441475,4.557282590674347,1.0100163290857964,1.0100163290857966
0.2,6,3,3,beta_bimodal,log_uniform,3.2216955748227285,3.2830673048402064,3.7784970060807455,3.7784970060807455,0.8526394409306254,0.8688818065904927
0.2,6,3,3,beta_bimodal,log_uniform,3.677489785199308,3.677500454774552,3.8005726018659023,3.8005726018659023,0.9676146650622681,0.9676174724222009
0.2,6,3,3,beta_bimodal,log_uniform,2.821240429263801,2.821240429263802,3.4995050547318898,3.4995050547318898,0.8061826987359351,0.8061826987359353
0.25,4,2,2,homogeneous,flat,2.25,2.25,2.25,2.25,1.0,1.0
0.25,4,2,2,homogeneous,log_uniform,2.3533666347333333,2.3533666347333333,2.2519171410034615,2.339440905971834,1.0450502782196798,1.0450502782196798
0.25,4,2,2,homogeneous,log_uniform,2.5126027869361076,2.513974953375878,2.3957908994167103,2.5139749533758784,1.0487571296592857,1.0493298701434843
0.25,4,2,2,homogeneous,log_uniform,2.384170747212921,2.384170747212921,2.2670105953939688,2.3613656093674296,1.051680460628192,1.051680460628192
0.25,4,2,2,beta_bimodal,flat,2.738724998218294,2.7387249982182955,2.776140372224853,2.776140372224853,0.9865225208419222,0.9865225208419227
0.25,4,2,2,beta_bimodal,flat,2.530627113119143,2.530627113119143,2.577895414251101,2.577895414251101,0.9816639958042326,0.9816639958042326
0.25,4,2,2,beta_bimodal,flat,2.489652716015223,2.489652716015223,2.5587569269588433,2.5587569269588433,0.9729930536912107,0.9729930536912107
0.25,4,2,2,beta_bimodal,log_uniform,1.7871005404025508,1.7871005404025508,1.7871005404025504,1.7871005404025504,1.0000000000000002,1.0000000000000002
0.25,4,2,2,beta_bimodal,log_uniform,2.5060796361337436,2.5060796361337436,2.537659571267465,2.537659571267465,0.9875554879420062,0.9875554879420062
0.25,4,2,2,beta_bimodal,log_uniform,2.4161853440229777,2.416185344022978,2.536658548202615,2.536658548202615,0.9525071262488204,0.9525071262488206
0.25,4,2,3,homogeneous,flat,2.015625,2.015625,2.07421875,2.25,0.9717514124293786,0.9717514124293786
0.25,4,2,3,homogeneous,log_uniform,2.226160075362255,2.502742529043244,2.377667841643446,2.5027425290432435,0.9362788343991444,1.0526039361803146
0.25,4,2,3,homogeneous,log_uniform,2.0972444505870995,2.186360684440893,2.2500000000000004,2.2500000000000004,0.9321086447053774,0.9717158597515078
0.25,4,2,3,homogeneous,log_uniform,2.157335732911285,2.237683338094544,2.156258616031161,2.25,1.0004995304701005,1.037762039051352
0.25,4,2,3,beta_bimodal,flat,2.4526496154932356,2.4526496154932356,2.598682578768952,2.598682578768952,0.9438050016309052,0.9438050016309052
0.25,4,2,3,beta_bimodal,flat,2.873027640803253,2.873027640803253,2.883501121191942,2.8856057686136927,0.9963677904226513,0.9963677904226513
0.25,4,2,3,beta_bimodal,flat,2.5235644237679584,2.5235644237679584,2.542420639076181,2.5826838497681317,0.9925833612981232,0.9925833612981232
0.25,4,2,3,beta_bimodal,log_uniform,2.8933454739006614,2.8933454739006614,2.866694548999013,2.866694548999013,1.009296743844214,1.009296743844214
0.25,4,2,3,beta_bimodal,log_uniform,1.7577765576144289,1.7577765576144289,1.9923083875243268,1.9923083875243268,0.8822813619726156,0.8822813619726156
0.25,4,2,3,beta_bimodal,log_uniform,2.640977991856578,2.640977991856578,2.578409952466446,2.579932363970882,1.0242661332152714,1.0242661332152714
0.25,4,3,2,homogeneous,flat,2.5546875,2.625,2.53125,2.625,1.0092592592592593,1.037037037037037
0.25,4,3,2,homogeneous,log_uniform,2.7333834245037076,2.7731041125288267,2.5681880288589536,2.7731041125288263,1.0643237153154048,1.0797901405065413
0.25,4,3,2,homogeneous,log_uniform,2.588338665019794,2.680395313207127,2.5583133432091145,2.6803953132071268,1.011736373845831,1.0477197096759363
0.25,4,3,2,homogeneous,log_uniform,2.872564977025886,2.872564977025886,2.836920336154517,2.872564977025886,1.0125645547451945,1.0125645547451945
0.25,4,3,2,beta_bimodal,flat,2.997291650574056,2.997291650574056,2.9966073815487104,2.9966073815487104,1.0002283479075567,1.0002283479075567
0.25,4,3,2,beta_bimodal,flat,2.9999481240732107,2.999948124073211,2.999920633799942,2.999920633799942,1.0000091636668513,1.0000091636668516
0.25,4,3,2,beta_bimodal,flat,2.9973210487278643,2.9973210487278643,2.996207554260729,2.996207554260729,1.0003716346237603,1.0003716346237603
0.25,4,3,2,beta_bimodal,log_uniform,2.5955649248727934,2.6155035056800884,2.686356860209425,2.686356860209425,0.9662025784133708,0.9736247422750033
0.25,4,3,2,beta_bimodal,log_uniform,2.65343772475216,2.65343772475216,2.6608218110792117,2.6608218110792117,0.9972248850726096,0.9972248850726096
0.25,4,3,2,beta_bimodal,log_uniform,3.017052791112207,3.017230451843558,3.0763910975769186,3.076391097576918,0.9807117155840658,0.9807694653062943
0.25,4,3,3,homogeneous,flat,2.34375,2.625,2.4609375,2.625,0.9523809523809523,1.0666666666666667
0.25,4,3,3,homogeneous,log_uniform,2.704873659629065,2.7532295442220485,2.5976660584123756,2.7962125527491444,1.041270740274526,1.059885867664125
0.25,4,3,3,homogeneous,log_uniform,2.548339159993086,2.628156769026486,2.464822743228918,2.6933143305062903,1.0338833358275337,1.066266033225416
0.25,4,3,3,homogeneous,log_uniform,2.756224536055018,2.7989668693297265,2.6129922244414154,2.8369600544628004,1.0548154373648095,1.071173057136849
0.25,4,3,3,beta_bimodal,flat,2.9758561933255225,2.9947909113930096,2.9602489143573942,2.997946051643981,1.0052722860204195,1.011668612348132
0.25,4,3,3,beta_bimodal,flat,2.8095836767542632,2.82195025459383,2.9842020131037392,2.9842020131037392,0.9414857521097029,0.9456297670876651
0.25,4,3,3,beta_bimodal,flat,2.768339974504383,2.7806934742886296,2.958506603665193,2.958506603665193,0.9357220873108011,0.9398976736586369
0.25,4,3,3,beta_bimodal,log_uniform,3.647956198761471,3.647956198761472,3.6760023762073475,3.676002376207347,0.9923704680858197,0.99237046808582
0.25,4,3,3,beta_bimodal,log_uniform,2.260807412843742,2.3136619059534147,2.392103993536069,2.427931386886931,0.9451125113928509,0.9672079107787035
0.25,4,3,3,beta_bimodal,log_uniform,2.7726674456917872,2.781577310401367,2.800751879444615,2.8724000349963235,0.9899725377464009,0.9931537780322581
0.25,5,2,2,homogeneous,flat,2.25,2.25,2.25,2.25,1.0,1.0
0.25,5,2,2,homogeneous,log_uniform,2.739809991738693,2.739809991738693,2.6928150536357367,2.6928150536357367,1.0174519739257644,1.0174519739257644
0.25,5,2,2,homogeneous,log_uniform,2.781470166254199,2.7818624921930852,2.6347702480467694,2.781862492193086,1.0556784479846706,1.0558273512672915
0.25,5,2,2,homogeneous,log_uniform,2.746302211958087,2.746302211958087,2.7181761064614425,2.801123242865265,1.0103474184140555,1.0103474184140555
0.25,5,2,2,beta_bimodal,flat,3.235801077539465,3.2358010775394654,3.235801077539466,3.235801077539466,0.9999999999999998,0.9999999999999999
0.25,5,2,2,beta_bimodal,flat,3.202845967880495,3.202845967880495,3.2028459678804957,3.2028459678804957,0.9999999999999998,0.9999999999999998
0.25,5,2,2,beta_bimodal,flat,2.9220830027248774,2.9220830027248774,2.922762643835376,2.922762643835376,0.9997674661978001,0.9997674661978001
0.25,5,2,2,beta_bimodal,log_uniform,3.4882969911453867,3.4882969911453867,3.4882765792399395,3.4882765792399395,1.0000058515731145,1.0000058515731145
0.25,5,2,2,beta_bimodal,log_uniform,3.009251651312365,3.009251651312365,2.9971773497140686,2.997177349714069,1.0040285576025216,1.0040285576025216
0.25,5,2,2,beta_bimodal,log_uniform,2.823042259418505,3.2259246824679013,3.2436344190055695,3.2436344190055695,0.8703330569182919,0.9945401564264146
0.25,5,2,3,homogeneous,flat,2.390625,2.390625,2.390625,2.390625,1.0,1.0
0.25,5,2,3,homogeneous,log_uniform,2.4878058144026074,2.504148262159384,2.629711176486516,2.6297111764865164,0.9460376624806742,0.9522522034169192
0.25,5,2,3,homogeneous,log_uniform,2.4842706107971635,2.5449080945747715,2.45565921102469,2.5967239175600016,1.0116512094365628,1.0363441650003382
0.25,5,2,3,homogeneous,log_uniform,2.9064924711463203,2.9064924711463203,2.9155603851296683,2.9155603851296683,0.996889821239993,0.996889821239993
0.25,5,2,3,beta_bimodal,flat,2.919685826786909,2.9196858267869095,3.022996570273131,3.0237479861978707,0.965825054350992,0.9658250543509921
0.25,5,2,3,beta_bimodal,flat,3.662941161618844,3.662941161618844,3.6972977550333814,3.6972977550333814,0.990707647668418,0.990707647668418
0.25,5,2,3,beta_bimodal,flat,3.359638432225501,3.359638432225501,3.4380001735671772,3.4380001735671772,0.9772071735353143,0.9772071735353143
0.25,5,2,3,beta_bimodal,log_uniform,3.8451121885667345,3.8451121885667345,3.824975623066206,3.824975623066206,1.0052644951196803,1.0052644951196803
0.25,5,2,3,beta_bimodal,log_uniform,3.694440660894585,3.694440660894585,3.7953311147013076,3.81950989159404,0.9734172195369408,0.9734172195369408
0.25,5,2,3,beta_bimodal,log_uniform,3.5113349120730266,3.5113349120730266,3.809270179215832,3.820194325324176,0.9217867850990454,0.9217867850990454
0.25,5,3,2,homogeneous,flat,3.0,3.0,3.0,3.0,1.0,1.0
0.25,5,3,2,homogeneous,log_uniform,3.50528061481871,3.50528061481871,3.2713932692652055,3.462222532135896,1.0714947199258738,1.0714947199258738
0.25,5,3,2,homogeneous,log_uniform,3.340421489336835,3.340421489336835,3.1061618183139714,3.262541800498004,1.0754177292508282,1.0754177292508282
0.25,5,3,2,homogeneous,log_uniform,3.323955631067929,3.349401835282133,3.143490955127729,3.3494018352821326,1.0574090011761677,1.0655038882229064
0.25,5,3,2,beta_bimodal,flat,3.677813190955808,3.721484946002641,3.6750527341425245,3.74399281361459,1.0007511339327564,1.0126344341752556
0.25,5,3,2,beta_bimodal,flat,3.470409354246014,3.470409354246014,3.332226589486552,3.4253938594997173,1.0414685979625276,1.0414685979625276
0.25,5,3,2,beta_bimodal,flat,3.397792938111541,3.534546483823828,3.399569866139959,3.399569866139959,0.9994773079835433,1.0397040281561056
0.25,5,3,2,beta_bimodal,log_uniform,4.214578875210251,4.235302476427081,4.2035894378955465,4.237962875726552,1.0026142984411452,1.0075442759099258
0.25,5,3,2,beta_bimodal,log_uniform,3.755922525276203,3.7629885447743265,3.7507177900252033,3.7916120650207312,1.0013876637866068,1.0032715750520491
0.25,5,3,2,beta_bimodal,log_uniform,3.121933772931773,3.145849202234721,3.0334489109994833,3.0631181693681646,1.0291697221639164,1.0370536292296426
0.25,5,3,3,homogeneous,flat,2.8095703125,3.0,2.77734375,3.0,1.011603375527426,1.080168776371308
0.25,5,3,3,homogeneous,log_uniform,3.155321658790682,3.1958301254848536,2.998948889314949,3.1958301254848545,1.0521425256805403,1.0656500805570175
0.25,5,3,3,homogeneous,log_uniform,3.4535984223198533,3.472959196768603,3.249395461932699,3.4637907235215546,1.0628433697219781,1.0688016393987734
0.25,5,3,3,homogeneous,log_uniform,3.187283523998728,3.217956365871488,3.046480236348489,3.2041516033466593,1.0462183492839612,1.056286637765466
0.25,5,3,3,beta_bimodal,flat,3.6793338374341698,3.6793338374341698,3.668372625779853,3.668372625779853,1.0029880311441879,1.0029880311441879
0.25,5,3,3,beta_bimodal,flat,3.710159598657949,3.710159598657949,3.7127611334751993,3.7127611334751993,0.9992992991674594,0.9992992991674594
0.25,5,3,3,beta_bimodal,flat,3.726456505023396,3.726456505023396,3.7160856849816613,3.7160856849816617,1.0027907914189513,1.0027907914189513
0.25,5,3,3,beta_bimodal,log_uniform,4.679240406936469,4.679240406936469,4.677611074335961,4.677611074335961,1.0003483257959276,1.0003483257959276
0.25,5,3,3,beta_bimodal,log_uniform,3.2186011624208786,3.2486609292817215,3.232583730687992,3.3430177748417615,0.9956744915423622,1.0049734824936176
0.25,5,3,3,beta_bimodal,log_uniform,4.581407236957772,4.581567978478691,4.57022292981841,4.583003595163752,1.0024472126001536,1.002482384083774
0.25,6,2,2,homogeneous,flat,2.25,2.25,2.25,2.25,1.0,1.0
0.25,6,2,2,homogeneous,log_uniform,2.752246919755855,2.752246919755855,2.752246919755856,2.752246919755856,0.9999999999999997,0.9999999999999997
0.25,6,2,2,homogeneous,log_uniform,3.1038428227944,3.1038428227944,3.0007478596809043,3.108212949990921,1.0343564231099571,1.0343564231099571
0.25,6,2,2,homogeneous,log_uniform,2.953928797158716,2.953928797158716,2.953928797158716,2.953928797158716,1.0,1.0
0.25,6,2,2,beta_bimodal,flat,3.7103469494323993,3.7103469494323993,3.710346949432399,3.710346949432399,1.0000000000000002,1.0000000000000002
0.25,6,2,2,beta_bimodal,flat,3.7620354838726686,3.7620354838726686,3.7620354838726695,3.7620354838726695,0.9999999999999998,0.9999999999999998
0.25,6,2,2,beta_bimodal,flat,3.2273988906386397,3.2273988906386397,3.22739889063864,3.22739889063864,0.9999999999999999,0.9999999999999999
0.25,6,2,2,beta_bimodal,log_uniform,3.131686888426593,3.131686888426593,3.209246271166572,3.4824911446593645,0.9758325238431185,0.9758325238431185
0.25,6,2,2,beta_bimodal,log_uniform,4.438843748546905,4.438843748546905,4.599151328755734,4.599151328755734,0.965144095345043,0.965144095345043
0.25,6,2,2,beta_bimodal,log_uniform,3.943529384961882,3.943529384961882,3.880630286456531,3.880630286456531,1.0162084748771019,1.0162084748771019
0.25,6,2,3,homogeneous,flat,2.53125,2.53125,2.53125,2.53125,1.0,1.0
0.25,6,2,3,homogeneous,log_uniform,2.849076176228724,3.011262598058879,2.765312009912674,3.0112625980588787,1.0302910362432105,1.0889413517406203
0.25,6,2,3,homogeneous,log_uniform,2.8804481929838395,2.916963631316638,2.89292741304749,2.9169636313166394,0.99568630031733,1.0083086143678344
0.25,6,2,3,homogeneous,log_uniform,2.9432997642453356,3.114731141455488,3.0407178358345295,3.1147311414554872,0.9679621468190397,1.0243407345294324
0.25,6,2,3,beta_bimodal,flat,3.3804329886680224,3.3804329886680224,3.680765600383443,3.680765600383443,0.9184048525980211,0.9184048525980211
0.25,6,2,3,beta_bimodal,flat,3.93282905991559,3.93282905991559,3.9401723030055416,3.9401723030055416,0.9981363142204848,0.9981363142204848
0.25,6,2,3,beta_bimodal,flat,3.356089573404231,3.356089573404231,3.5211005203947474,3.5211005203947474,0.9531365418184604,0.9531365418184604
0.25,6,2,3,beta_bimodal,log_uniform,3.47700755685974,3.47700755685974,3.5701862937020556,3.5701862937020556,0.9739008754230315,0.9739008754230315
0.25,6,2,3,beta_bimodal,log_uniform,4.848052576918849,4.848052576918849,4.884071556216836,4.884071556216836,0.9926252146629303,0.9926252146629303
0.25,6,2,3,beta_bimodal,log_uniform,2.276995762371458,2.276995762371458,2.6325478792501333,2.6325478792501333,0.8649399239112975,0.8649399239112975
0.25,6,3,2,homogeneous,flat,3.375,3.375,3.375,3.375,1.0,1.0
0.25,6,3,2,homogeneous,log_uniform,3.5780976636905137,3.648319955236058,3.427293963143042,3.5185674249679115,1.0440008071000644,1.0644899429316304
0.25,6,3,2,homogeneous,log_uniform,3.6445399691412104,3.6756172487447736,3.471743696475264,3.675617248744769,1.0497721859022542,1.0587236760814154
0.25,6,3,2,homogeneous,log_uniform,3.626178311895914,3.626178311895914,3.493639598315592,3.5929784252765695,1.0379371454468924,1.0379371454468924
0.25,6,3,2,beta_bimodal,flat,4.442764045866124,4.442764045866125,4.442044771653127,4.442112413452581,1.0001619241250306,1.0001619241250308
0.25,6,3,2,beta_bimodal,flat,4.01436185998203,4.01436185998203,4.103491030333973,4.122295509536261,0.978279672188125,0.978279672188125
0.25,6,3,2,beta_bimodal,flat,4.233104156844018,4.233104156844018,4.271661360039619,4.312391676825875,0.9909737219442779,0.9909737219442779
0.25,6,3,2,beta_bimodal,log_uniform,3.145633508778816,3.160209864694994,3.4390389407845996,3.4390389407845996,0.9146838878367441,0.9189223847445029
0.25,6,3,2,beta_bimodal,log_uniform,5.212737655632162,5.212737655632162,5.296340775877655,5.296340775877655,0.9842149280449879,0.9842149280449879
0.25,6,3,2,beta_bimodal,log_uniform,2.775712327092391,2.775712327092391,3.09745323758653,3.09745323758653,0.8961272743071877,0.8961272743071877
0.25,6,3,3,homogeneous,flat,3.022705078125,3.140625,3.0234375,3.375,0.9997577519379846,1.0387596899224807
0.25,6,3,3,homogeneous,log_uniform,3.5425458663614795,3.552234121667146,3.4153510791702777,3.5522341216671447,1.0372420826564344,1.0400787618384821
0.25,6,3,3,homogeneous,log_uniform,3.6220974973704823,3.622097497370483,3.4497118388657273,3.62209749737048,1.0499710313663289,1.049971031366329
0.25,6,3,3,homogeneous,log_uniform,3.7926277864890654,3.831096448481937,3.6055827812009817,3.7673305586818873,1.0518764972651053,1.0625456912144002
0.25,6,3,3,beta_bimodal,flat,3.348980853766625,3.4742562380551325,3.6531785246259134,3.670218929746712,0.9167306856731186,0.9510228461695278
0.25,6,3,3,beta_bimodal,flat,4.17027966608155,4.17027966608155,4.137377613244248,4.226723777063347,1.007952393016286,1.007952393016286
0.25,6,3,3,beta_bimodal,flat,4.372692318737412,4.372692318737413,4.372943885962133,4.372943885962133,0.9999424718836369,0.999942471883637
0.25,6,3,3,beta_bimodal,log_uniform,4.109801439164419,4.111775114537518,4.100249361338555,4.2016766753755945,1.002329633391552,1.002810988352962
0.25,6,3,3,beta_bimodal,log_uniform,3.2048098589874403,3.2155082568817224,3.211994282102776,3.23971428287558,0.997763251586291,1.001094016511339
0.25,6,3,3,beta_bimodal,log_uniform,3.916730430588135,3.919418814819932,3.9446618826187314,3.9446618826187314,0.9929191771407152,0.9936007017711639
0.3,4,2,2,homogeneous,flat,1.96,1.96,1.9599999999999997,1.9599999999999995,1.0000000000000002,1.0000000000000002
0.3,4,2,2,homogeneous,log_uniform,2.3423652589855797,2.548976707173406,2.2404498020979817,2.548976707173406,1.0454888374611935,1.1377075731786164
0.3,4,2,2,homogeneous,log_uniform,2.0322211425523675,2.0322211425523675,1.9964422089735878,2.0928676378388067,1.0179213469931465,1.0179213469931465
0.3,4,2,2,homogeneous,log_uniform,2.352702421563795,2.3845033329294596,2.3692602966024525,2.3692602966024525,0.9930113736078717,1.0064336689172
0.3,4,2,2,beta_bimodal,flat,2.213012238646009,2.213012238646009,2.3124741941747957,2.3124741941747957,0.956988944663973,0.956988944663973
0.3,4,2,2,beta_bimodal,flat,2.290323992006075,2.290323992006075,2.3913399937651216,2.3913399937651216,0.9577575744049683,0.9577575744049683
0.3,4,2,2,beta_bimodal,flat,2.2561726713601913,2.2561726713601913,2.2586728347233795,2.2586728347233795,0.9988930829977887,0.9988930829977887
0.3,4,2,2,beta_bimodal,log_uniform,2.921037545095945,2.921037545095945,3.029829821662962,3.029829821662962,0.9640929415278826,0.9640929415278826
0.3,4,2,2,beta_bimodal,log_uniform,2.5525937215593695,2.638477054938859,2.6938315385864473,2.6938315385864473,0.9475699148205865,0.979451393728713
0.3,4,2,2,beta_bimodal,log_uniform,1.728804761737504,1.728804761737504,1.9459174653916367,1.9522947336064955,0.8884265609844678,0.8884265609844678
0.3,4,2,3,homogeneous,flat,1.729,1.729,1.7688999999999997,1.9599999999999995,0.9774436090225566,0.9774436090225566
0.3,4,2,3,homogeneous,log_uniform,1.943225493268699,2.2263373445306613,2.0299217037038764,2.226337344530661,0.9572908599001686,1.0967602053164893
0.3,4,2,3,homogeneous,log_uniform,1.9090635419458228,2.040036733504375,1.9599999999999995,2.0400367335043748,0.9740120111968487,1.0408350681144773
0.3,4,2,3,homogeneous,log_uniform,1.9020098064231987,2.0606551521340903,1.960021064403207,2.06065515213409,0.9704027374840118,1.0513433705170534
0.3,4,2,3,beta_bimodal,flat,2.5037143099820005,2.5037143099820005,2.664762117531486,2.698431111446266,0.9395639083541638,0.9395639083541638
0.3,4,2,3,beta_bimodal,flat,2.1563974131395764,2.1563974131395764,2.4072456952988355,2.4072456952988355,0.8957944830271599,0.8957944830271599
0.3,4,2,3,beta_bimodal,flat,2.5767724476231604,2.629564529466679,2.591561006326902,2.714376093626889,0.9942935710686965,1.0146643366862664
0.3,4,2,3,beta_bimodal,log_uniform,3.3167091497949452,3.455922229369225,3.3165642610760555,3.4559222293692247,1.0000436863897348,1.0420187752514571
0.3,4,2,3,beta_bimodal,log_uniform,2.7311426918729333,2.7311426918729333,2.9027296497413677,2.9027296497413677,0.9408877234282832,0.9408877234282832
0.3,4,2,3,beta_bimodal,log_uniform,2.4185680850684266,2.4185680850684266,2.6760488498924597,2.6760488498924597,0.9037832344374505,0.9037832344374505
0.3,4,3,2,homogeneous,flat,2.2918,2.38,2.2539999999999996,2.379999999999999,1.016770186335404,1.0559006211180126
0.3,4,3,2,homogeneous,log_uniform,2.5484716540843375,2.586281733005743,2.3983972131040194,2.586281733005742,1.0625728049383825,1.078337532613525
0.3,4,3,2,homogeneous,log_uniform,2.4494287435070787,2.503336067462921,2.302514193110438,2.50333606746292,1.0638061432308374,1.0872185174594713
0.3,4,3,2,homogeneous,log_uniform,2.686219234633623,2.686219234633623,2.6415297923950924,2.686219234633622,1.0169180156011075,1.0169180156011075
0.3,4,3,2,beta_bimodal,flat,2.4826648561255444,2.6238615003628096,2.663069657081345,2.663069657081345,0.9322568223192781,0.9852770818013425
0.3,4,3,2,beta_bimodal,flat,2.775529731080746,2.775529731080746,2.7579244039595125,2.7579244039595125,1.0063835423102814,1.0063835423102814
0.3,4,3,2,beta_bimodal,flat,2.7964449442893935,2.7964449442893935,2.794158994647163,2.794158994647163,1.0008181172390724,1.0008181172390724
0.3,4,3,2,beta_bimodal,log_uniform,3.276945535455868,3.2984622128761405,3.290434265620686,3.290434265620686,0.9959006231166044,1.0024397835080106
0.3,4,3,2,beta_bimodal,log_uniform,2.3310484789285777,2.3310484789285777,2.321844917990483,2.321844917990483,1.0039638999430074,1.0039638999430074
0.3,4,3,2,beta_bimodal,log_uniform,3.500760079678316,3.500760079678316,3.498327538608171,3.4986090487336376,1.0006953440017547,1.0006953440017547
0.3,4,3,3,homogeneous,flat,2.086,2.38,2.1657999999999995,2.379999999999999,0.9631544925662574,1.098901098901099
0.3,4,3,3,homogeneous,log_uniform,2.5663044004064095,2.5663044004064095,2.553579757806694,2.600748172749314,1.004983060568527,1.004983060568527
0.3,4,3,3,homogeneous,log_uniform,2.4550901131766523,2.4550901131766523,2.321935534929771,2.507664675034082,1.0573463716988631,1.0573463716988631
0.3,4,3,3,homogeneous,log_uniform,2.42073845812009,2.4769343122873955,2.2844794649107674,2.5228084789545835,1.0596455320795124,1.0842445074830844
0.3,4,3,3,beta_bimodal,flat,2.5810834600289723,2.5978816843542285,2.7474970535583543,2.7474970535583543,0.939430838219151,0.9455448481699534
0.3,4,3,3,beta_bimodal,flat,2.7887173280772353,2.7995286324178132,2.7956361732471238,2.79862093368545,0.9975251267542972,1.0013923339553046
0.3,4,3,3,beta_bimodal,flat,2.704424476944702,2.7172754349184745,2.784904824258133,2.784904824258133,0.97110122162438,0.9757157268892755
0.3,4,3,3,beta_bimodal,log_uniform,2.9492946650999943,2.968219747857474,2.894416773653679,2.957530300575175,1.018959913425682,1.0254983922410843
0.3,4,3,3,beta_bimodal,log_uniform,3.1486416387845386,3.1488327933511213,3.1471126572495054,3.1487710664074102,1.000485836289181,1.000546575953566
0.3,4,3,3,beta_bimodal,log_uniform,3.133336160404252,3.1507530461662605,3.122353337177306,3.1447190903138047,1.0035174825014759,1.009095610240777
0.3,5,2,2,homogeneous,flat,1.9600000000000004,1.9600000000000004,1.9599999999999989,1.9599999999999989,1.0000000000000009,1.0000000000000009
0.3,5,2,2,homogeneous,log_uniform,2.6684265655462784,2.7391645693808853,2.5155904404844325,2.7391645693808844,1.0607555676004294,1.0888754088497008
0.3,5,2,2,homogeneous,log_uniform,2.2461497950747673,2.2461497950747673,2.1615424544328214,2.207908381111724,1.0391421137569774,1.0391421137569774
0.3,5,2,2,homogeneous,log_uniform,2.7095547749809428,2.870498602947178,2.568204499494031,2.870498602947179,1.0550385592404186,1.1177063989696703
0.3,5,2,2,beta_bimodal,flat,2.9140643137364126,2.914064313736413,2.9188670004646586,2.918867000464658,0.9983546058359352,0.9983546058359353
0.3,5,2,2,beta_bimodal,flat,2.8405003711062657,2.840500371106266,2.840500371106266,2.840500371106266,0.9999999999999999,1.0
0.3,5,2,2,beta_bimodal,flat,2.889651082024937,2.889651082024937,2.901088916503003,2.901088916503003,0.996057399546425,0.996057399546425
0.3,5,2,2,beta_bimodal,log_uniform,3.487118812540234,3.487118812540234,3.3474335927375813,3.365038243507525,1.0417290488168927,1.0417290488168927
0.3,5,2,2,beta_bimodal,log_uniform,2.562714433189052,2.6151241272211054,2.586951522156185,2.8088372660317984,0.9906310231329994,1.010890271744033
0.3,5,2,2,beta_bimodal,log_uniform,2.1723458690448005,2.1723458690448005,2.1893563689682365,2.1893563689682365,0.9922303649764189,0.9922303649764189
0.3,5,2,3,homogeneous,flat,2.009,2.009,2.008999999999999,2.008999999999999,1.0000000000000004,1.0000000000000004
0.3,5,2,3,homogeneous,log_uniform,2.046221567712848,2.1896044240914616,2.214348500412856,2.214348500412856,0.9240738607004898,0.9888255727060213
0.3,5,2,3,homogeneous,log_uniform,2.292712902230689,2.2927129022306896,2.210501920887027,2.292712902230688,1.0371910924694754,1.0371910924694756
0.3,5,2,3,homogeneous,log_uniform,2.128305610991173,2.2328812430787965,2.193948882720605,2.232881243078796,0.9700798536162651,1.0177453361219218
0.3,5,2,3,beta_bimodal,flat,3.367238130855521,3.367238130855521,3.369201609129279,3.369201609129279,0.9994172274320309,0.9994172274320309
0.3,5,2,3,beta_bimodal,flat,2.3843033431221303,2.3843033431221303,2.421758785310352,2.421758785310352,0.9845337849436472,0.9845337849436472
0.3,5,2,3,beta_bimodal,flat,3.1903227493391544,3.1903227493391544,3.225669404772167,3.225669404772167,0.9890420712734171,0.9890420712734171
0.3,5,2,3,beta_bimodal,log_uniform,2.782140835137749,2.782140835137749,2.878330514296899,2.9741246257643112,0.966581433688255,0.966581433688255
0.3,5,2,3,beta_bimodal,log_uniform,2.232384189214436,2.254812447383868,2.74564061162689,2.74564061162689,0.8130649655169795,0.8212336450136536
0.3,5,2,3,beta_bimodal,log_uniform,3.259839673014334,3.259839673014334,3.2650328918853346,3.3769840292489706,0.998409443627993,0.998409443627993
0.3,5,3,2,homogeneous,flat,2.66,2.6600000000000006,2.659999999999999,2.66,1.0000000000000004,1.0000000000000007
0.3,5,3,2,homogeneous,log_uniform,3.0995140239779735,3.0995140239779735,2.848345927875091,3.070200985157548,1.0881803342932639,1.0881803342932639
0.3,5,3,2,homogeneous,log_uniform,3.043566372956233,3.075867100178135,2.7998285951713364,3.033644726951035,1.087054535483084,1.0985912157204416
0.3,5,3,2,homogeneous,log_uniform,2.91014330553067,2.91014330553067,2.7367749898243567,2.859678556891939,1.0633476688258685,1.0633476688258685
0.3,5,3,2,beta_bimodal,flat,2.968532339623504,2.968532339623504,2.940946468215541,2.985560535866184,1.0093799297967845,1.0093799297967845
0.3,5,3,2,beta_bimodal,flat,3.0728133772134965,3.0777689045915713,2.97160438878075,3.1000001394052252,1.034058702031421,1.0357263289190324
0.3,5,3,2,beta_bimodal,flat,3.3771461192636756,3.4135341827312775,3.3790741694145088,3.3790741694145088,0.9994294146697682,1.0101980636082752
0.3,5,3,2,beta_bimodal,log_uniform,3.024750605788463,3.055103416875021,2.9559340816532873,2.9790638926627784,1.023280804725079,1.0335492377307234
0.3,5,3,2,beta_bimodal,log_uniform,2.5640818133998113,2.5729866507772807,2.51645975891208,2.5270573200308397,1.0189242265126939,1.022462863419536
0.3,5,3,2,beta_bimodal,log_uniform,3.1226728195769953,3.122672819576996,3.1073398706639686,3.1488747791730245,1.0049344293032711,1.0049344293032714
0.3,5,3,3,homogeneous,flat,2.4569299999999994,2.6600000000000006,2.4058999999999995,2.66,1.0212103578702356,1.1056153622345073
0.3,5,3,3,homogeneous,log_uniform,2.766418368824143,2.8336294994841724,2.537099815359184,2.852575884268415,1.0903860983618785,1.1168774213493085
0.3,5,3,3,homogeneous,log_uniform,3.204953477933476,3.2049534779334774,3.2049534779334765,3.2049534779334765,0.9999999999999999,1.0000000000000002
0.3,5,3,3,homogeneous,log_uniform,3.028383209414492,3.1917318335109632,2.8903099694554024,3.191731833510962,1.0477710838692866,1.104287037459984
0.3,5,3,3,beta_bimodal,flat,3.4638013107178445,3.4638013107178445,3.4343613511307938,3.4343613511307938,1.008572178806216,1.008572178806216
0.3,5,3,3,beta_bimodal,flat,3.474909174065508,3.474909174065508,3.454239453066034,3.454239453066034,1.0059838703368198,1.0059838703368198
0.3,5,3,3,beta_bimodal,flat,3.474666345072904,3.474666345072904,3.4658220439066665,3.4878902032583365,1.0025518624598129,1.0025518624598129
0.3,5,3,3,beta_bimodal,log_uniform,2.544925723651081,2.6275165281828916,2.9393976018725914,2.9393976018725914,0.8657983942117237,0.8938962617745178
0.3,5,3,3,beta_bimodal,log_uniform,2.9367341928591566,2.9368074755535423,2.906724395961234,2.906724395961234,1.0103242663596246,1.0103494777950421
0.3,5,3,3,beta_bimodal,log_uniform,2.869050307010856,2.9664524604855336,3.138383303627872,3.138383303627872,0.9141809745464566,0.9452167480805829
0.3,6,2,2,homogeneous,flat,1.9600000000000004,1.9600000000000004,1.9599999999999989,1.9599999999999989,1.0000000000000009,1.0000000000000009
0.3,6,2,2,homogeneous,log_uniform,2.633046232724991,2.633046232724991,2.6330462327249893,2.6330462327249915,1.0000000000000007,1.0000000000000007
0.3,6,2,2,homogeneous,log_uniform,2.7896031104046024,2.7896031104046024,2.789603110404601,2.899382573056732,1.0000000000000004,1.0000000000000004
0.3,6,2,2,homogeneous,log_uniform,2.367807176468741,2.367807176468741,2.328984979043278,2.328984979043278,1.0166691489102735,1.0166691489102735
0.3,6,2,2,beta_bimodal,flat,3.269895203726178,3.269895203726178,3.269895203726178,3.269895203726178,1.0,1.0
0.3,6,2,2,beta_bimodal,flat,3.474882280003743,3.474882280003743,3.4748822800037433,3.4748822800037433,0.9999999999999999,0.9999999999999999
0.3,6,2,2,beta_bimodal,flat,3.177647489303959,3.177647489303959,3.177647489303959,3.177647489303959,1.0,1.0
0.3,6,2,2,beta_bimodal,log_uniform,4.3180079856563305,4.3180079856563305,4.309565458146816,4.309565458146816,1.00195902059999,1.00195902059999
0.3,6,2,2,beta_bimodal,log_uniform,2.469451792042701,2.469451792042701,2.594244313075464,2.594244313075464,0.951896388322493,0.951896388322493
0.3,6,2,2,beta_bimodal,log_uniform,3.661547374014664,3.661547374014664,3.8277801427283613,3.8277801427283618,0.9565720175884475,0.9565720175884475
0.3,6,2,3,homogeneous,flat,2.058,2.058,2.057999999999999,2.0579999999999994,1.0000000000000004,1.0000000000000004
0.3,6,2,3,homogeneous,log_uniform,2.7071146858396617,3.029201979527893,2.8865139175944,3.029201979527893,0.9378491713962536,1.0494326602978614
0.3,6,2,3,homogeneous,log_uniform,2.65273775537593,3.0582289721649434,2.7798031249547135,3.0582289721649443,0.9542897954038189,1.1001602756363424
0.3,6,2,3,homogeneous,log_uniform,2.331409718257796,2.507742130750763,2.5160312943935064,2.5160312943935064,0.9266219078645389,0.9967054608338083
0.3,6,2,3,beta_bimodal,flat,3.8815893492668687,3.8815893492668687,3.902960351390372,3.902960351390372,0.9945244121898675,0.9945244121898675
0.3,6,2,3,beta_bimodal,flat,3.4545316709749585,3.4545316709749585,3.5261445237256486,3.526144523725649,0.979690891207424,0.979690891207424
0.3,6,2,3,beta_bimodal,flat,3.673177333990066,3.673177333990066,3.70920561240436,3.70920561240436,0.9902867939448253,0.9902867939448253
0.3,6,2,3,beta_bimodal,log_uniform,2.785481961197196,2.785481961197196,2.8876224437148905,2.974503853879792,0.9646281726546314,0.9646281726546314
0.3,6,2,3,beta_bimodal,log_uniform,2.721643106830551,2.721643106830551,3.110579867716049,3.110579867716049,0.8749632616985089,0.8749632616985089
0.3,6,2,3,beta_bimodal,log_uniform,3.938401628924445,3.938401628924445,3.9659459990392647,3.9659459990392647,0.9930547793334825,0.9930547793334825
0.3,6,3,2,homogeneous,flat,2.9400000000000004,2.9400000000000004,2.9399999999999973,2.9399999999999977,1.000000000000001,1.000000000000001
0.3,6,3,2,homogeneous,log_uniform,3.236459984060525,3.35313246322004,3.255036369892037,3.255036369892037,0.9942930327896373,1.0301367119075406
0.3,6,3,2,homogeneous,log_uniform,3.2240475057871425,3.2240475057871425,2.939999999999995,3.025962562390323,1.096614797886785,1.096614797886785
0.3,6,3,2,homogeneous,log_uniform,3.2858506348337526,3.3493774486650785,3.095323177745787,3.3493774486650785,1.0615533326076536,1.0820768159996494
0.3,6,3,2,beta_bimodal,flat,4.131907624754105,4.131907624754105,4.0895432889490975,4.089945085903938,1.010359185075626,1.010359185075626
0.3,6,3,2,beta_bimodal,flat,3.7821006464018727,3.7821006464018736,3.847402011850748,3.892550373641859,0.9830271530638768,0.983027153063877
0.3,6,3,2,beta_bimodal,flat,3.72516853755606,3.7251685375560606,3.7591291344730187,3.824340901123259,0.9909658339200099,0.99096583392001
0.3,6,3,2,beta_bimodal,log_uniform,2.569652041885093,2.745224214135336,2.920989327612796,2.920989327612796,0.8797197639832405,0.9398268553000481
0.3,6,3,2,beta_bimodal,log_uniform,3.04282790285128,3.04282790285128,3.1095611630961293,3.1266929780464223,0.9785393318398651,0.9785393318398651
0.3,6,3,2,beta_bimodal,log_uniform,4.263274191887291,4.263274191887291,4.230281892215719,4.230281892215719,1.0077990782912793,1.0077990782912793
0.3,6,3,3,homogeneous,flat,2.5748729999999997,2.7090000000000005,2.557799999999999,2.9399999999999977,1.0066748768472908,1.0591133004926114
0.3,6,3,3,homogeneous,log_uniform,3.3352543636823757,3.3352543636823757,2.9566987795822133,3.3517676084935224,1.1280331925302356,1.1280331925302356
0.3,6,3,3,homogeneous,log_uniform,3.215496110489833,3.215496110489833,3.05436421392522,3.2399074136261836,1.052754643938661,1.052754643938661
0.3,6,3,3,homogeneous,log_uniform,3.262258454520084,3.262258454520084,3.074785369912096,3.269479573776472,1.0609711124693388,1.0609711124693388
0.3,6,3,3,beta_bimodal,flat,3.894811824359836,3.908298069494822,3.9066604811892716,3.906660481189272,0.9969670625623888,1.0004191785576033
0.3,6,3,3,beta_bimodal,flat,3.5589188874595847,3.5589188874595847,3.5844021337093266,3.5844021337093266,0.9928905169400258,0.9928905169400258
0.3,6,3,3,beta_bimodal,flat,4.037662521091938,4.037662521091939,4.038915193872734,4.038915193872734,0.9996898491994344,0.9996898491994346
0.3,6,3,3,beta_bimodal,log_uniform,3.26557683698752,3.2802832154039003,3.8412942066988847,3.860809880723947,0.8501241147560727,0.8539526104726294
0.3,6,3,3,beta_bimodal,log_uniform,2.30928124540689,2.30928124540689,2.256988176213259,2.3317996873830538,1.0231694032537502,1.0231694032537502
0.3,6,3,3,beta_bimodal,log_uniform,3.950741780533369,3.997318467529401,4.079729517589687,4.0978509833327585,0.9683832625422373,0.979799874059059
0.35,4,2,2,homogeneous,flat,1.6900000000000002,1.6900000000000002,1.6900000000000002,1.6900000000000002,1.0,1.0
0.35,4,2,2,homogeneous,log_uniform,1.9301864732887064,1.9725412032166236,2.0245380949499445,2.0245380949499445,0.953395976150515,0.9743166641995904
0.35,4,2,2,homogeneous,log_uniform,1.845833191553259,1.845833191553259,1.7301411821837767,1.8634200381077617,1.0668685368343505,1.0668685368343505
0.35,4,2,2,homogeneous,log_uniform,2.1511330129918513,2.151133012991852,2.1511330129918522,2.151133012991852,0.9999999999999996,0.9999999999999998
0.35,4,2,2,beta_bimodal,flat,2.286543538956312,2.286543538956312,2.2738070829734642,2.273807082973464,1.0056013793246665,1.0056013793246665
0.35,4,2,2,beta_bimodal,flat,2.4115865939895627,2.4115865939895627,2.430331517467024,2.430331517467024,0.9922870919696594,0.9922870919696594
0.35,4,2,2,beta_bimodal,flat,2.437350824926831,2.437350824926831,2.462382261067356,2.462382261067356,0.9898344637482588,0.9898344637482588
0.35,4,2,2,beta_bimodal,log_uniform,3.402152436286845,3.402152436286845,3.393841677054507,3.393841677054507,1.002448776349388,1.002448776349388
0.35,4,2,2,beta_bimodal,log_uniform,2.4852739897629457,2.4852739897629457,2.486320971015943,2.486320971015943,0.9995789034218823,0.9995789034218823
0.35,4,2,2,beta_bimodal,log_uniform,2.2603731786841155,2.2603731786841155,2.2427514927383014,2.2792656950495194,1.00785717276429,1.00785717276429
0.35,4,2,3,homogeneous,flat,1.4950000000000003,1.4950000000000003,1.6900000000000002,1.6900000000000002,0.8846153846153847,0.8846153846153847
0.35,4,2,3,homogeneous,log_uniform,1.9897718250370064,1.9897718250370064,1.7977179129457477,1.9897718250370064,1.1068320623097971,1.1068320623097971
0.35,4,2,3,homogeneous,log_uniform,1.5917150955559884,1.842485319223742,1.7323017546164918,1.842485319223742,0.9188440127790396,1.0636052952746926
0.35,4,2,3,homogeneous,log_uniform,2.193546955266394,2.193546955266394,1.867980317327029,2.193546955266394,1.1742880451787798,1.1742880451787798
0.35,4,2,3,beta_bimodal,flat,2.0008584529989073,2.004975827462018,2.2394357386792034,2.239435738679203,0.8934654468714487,0.8953040236129001
0.35,4,2,3,beta_bimodal,flat,1.979347198069412,1.979347198069412,2.1829478258591406,2.1829478258591406,0.9067313357754678,0.9067313357754678
0.35,4,2,3,beta_bimodal,flat,1.68670809626552,1.727004956416294,1.798514621498887,1.798514621498887,0.9378339637071246,0.9602395975947103
0.35,4,2,3,beta_bimodal,log_uniform,1.620135887730559,1.6201358877305592,1.6417755745161404,1.6417755745161404,0.9868193393046677,0.9868193393046678
0.35,4,2,3,beta_bimodal,log_uniform,1.4268102214675276,1.4504967735773695,1.4085760096114845,1.45858227856757,1.0129451387299095,1.0297610946657025
0.35,4,2,3,beta_bimodal,log_uniform,2.451276204016331,2.516066495199014,2.517928776946366,2.62288987448827,0.9735288092577153,0.9992603914120199
0.35,4,3,2,homogeneous,flat,2.0414875,2.145,1.9857500000000001,2.145,1.0280687397708674,1.0801963993453354
0.35,4,3,2,homogeneous,log_uniform,2.4118409598156347,2.4118409598156356,2.3538266568543857,2.411840959815635,1.024646803447616,1.0246468034476164
0.35,4,3,2,homogeneous,log_uniform,2.2877630619444416,2.3259030470115105,2.1033369805574824,2.32590304701151,1.0876826124827976,1.1058156959685261
0.35,4,3,2,homogeneous,log_uniform,2.2916604639536944,2.3199036164834856,2.0994373507142656,2.3199036164834856,1.0915593471622438,1.1050120717792382
0.35,4,3,2,beta_bimodal,flat,2.595650434234912,2.5956504342349125,2.5696727657722187,2.5744637564791883,1.0101093294090646,1.0101093294090646
0.35,4,3,2,beta_bimodal,flat,2.542789069215136,2.542789069215136,2.493593217725246,2.493593217725246,1.019728900102948,1.019728900102948
0.35,4,3,2,beta_bimodal,flat,2.598054854137461,2.598054854137461,2.5889405421251483,2.5936565617559593,1.0035204794640944,1.0035204794640944
0.35,4,3,2,beta_bimodal,log_uniform,3.1128157489914585,3.1128157489914585,3.0854324792729058,3.0897804423365556,1.0088750183005157,1.0088750183005157
0.35,4,3,2,beta_bimodal,log_uniform,1.1862340769742477,1.1922520098115708,1.1770067943080575,1.192252009811571,1.00783961716348,1.012952529736649
0.35,4,3,2,beta_bimodal,log_uniform,2.1678553746557565,2.1678553746557565,2.12015783921804,2.1275275402752003,1.0224971625014998,1.0224971625014998
0.35,4,3,3,homogeneous,flat,2.1450000000000005,2.156375,1.9857500000000001,2.145,1.0801963993453356,1.085924713584288
0.35,4,3,3,homogeneous,log_uniform,2.3964179475257223,2.3964179475257223,2.1468337655591814,2.396417947525723,1.116256873713523,1.116256873713523
0.35,4,3,3,homogeneous,log_uniform,2.480094665484053,2.480094665484053,2.276155587803764,2.4866544557313173,1.0895980392434716,1.0895980392434716
0.35,4,3,3,homogeneous,log_uniform,2.437956365205099,2.437956365205099,2.1730435355762525,2.437956365205099,1.1219086618798901,1.1219086618798901
0.35,4,3,3,beta_bimodal,flat,2.230373904259991,2.325258364112429,2.3989340502755945,2.3989340502755945,0.9297353981047378,0.9692881568983934
0.35,4,3,3,beta_bimodal,flat,2.5036335640491534,2.529019313391086,2.5702402577531354,2.5702402577531354,0.9740854211963015,0.9839622213379833
0.35,4,3,3,beta_bimodal,flat,2.4642121054215753,2.486193337312602,2.565183109257234,2.565183109257234,0.9606378961910069,0.9692069655146356
0.35,4,3,3,beta_bimodal,log_uniform,2.331778526268999,2.3317785262689994,2.276457410264338,2.3209030293330453,1.0243014061037221,1.0243014061037223
0.35,4,3,3,beta_bimodal,log_uniform,2.398263155164033,2.4459414227532355,2.5473318371027878,2.547331837102788,0.9414804621182382,0.9601974062143122
0.35,4,3,3,beta_bimodal,log_uniform,2.5602861521953013,2.594368923935842,2.5631794070543386,2.5803856683924074,0.9988712242104183,1.0121682925493487
0.35,5,2,2,homogeneous,flat,1.69,1.69,1.6900000000000002,1.6900000000000002,0.9999999999999999,0.9999999999999999
0.35,5,2,2,homogeneous,log_uniform,2.1395757982577805,2.192860180673088,2.2093688828239855,2.2093688828239855,0.9684103975987042,0.992527865183927
0.35,5,2,2,homogeneous,log_uniform,2.2249863727803336,2.2249863727803336,2.114453985565896,2.2836948203194667,1.0522746713662134,1.0522746713662134
0.35,5,2,2,homogeneous,log_uniform,2.5167831585308136,2.5167831585308136,2.5167831585308136,2.5167831585308136,1.0,1.0
0.35,5,2,2,beta_bimodal,flat,2.4120887923015695,2.4120887923015695,2.41208879230157,2.41208879230157,0.9999999999999998,0.9999999999999998
0.35,5,2,2,beta_bimodal,flat,2.934790287064142,2.934790287064142,2.943710760361933,2.943710760361933,0.9969696502054793,0.9969696502054793
0.35,5,2,2,beta_bimodal,flat,2.7456489903168033,2.7456489903168033,2.8025519927551565,2.8025519927551565,0.9796960047180382,0.9796960047180382
0.35,5,2,2,beta_bimodal,log_uniform,3.018589705074907,3.018589705074907,3.0755017032252123,3.0755017032252123,0.9814950523062227,0.9814950523062227
0.35,5,2,2,beta_bimodal,log_uniform,3.044394202727746,3.044394202727746,3.048981936255964,3.048981936255964,0.9984953228244273,0.9984953228244273
0.35,5,2,2,beta_bimodal,log_uniform,2.3176783527925013,2.3176783527925013,2.4693406226983883,2.5088644727589413,0.9385818754562273,0.9385818754562273
0.35,5,2,3,homogeneous,flat,1.69,1.69,1.6900000000000002,1.6900000000000002,0.9999999999999999,0.9999999999999999
0.35,5,2,3,homogeneous,log_uniform,2.138542156764579,2.138542156764579,1.9713352461514646,2.138542156764579,1.0848191148306934,1.0848191148306934
0.35,5,2,3,homogeneous,log_uniform,2.4805476318893684,2.480547631889369,2.480547631889368,2.480547631889368,1.0000000000000002,1.0000000000000004
0.35,5,2,3,homogeneous,log_uniform,1.862339311524152,2.091880081814748,1.982869416663704,2.091880081814748,0.9392143001820306,1.0549762199340695
0.35,5,2,3,beta_bimodal,flat,2.672910459701053,2.672910459701053,2.6234347958497306,2.670155267407261,1.0188591170360297,1.0188591170360297
0.35,5,2,3,beta_bimodal,flat,2.9928758387266523,2.9928758387266523,2.9965655263563056,2.9965655263563056,0.9987686944946804,0.9987686944946804
0.35,5,2,3,beta_bimodal,flat,3.0152606492456204,3.0152606492456204,2.974799314320439,2.974799314320439,1.0136013662267582,1.0136013662267582
0.35,5,2,3,beta_bimodal,log_uniform,2.476710181050864,2.491796991714502,2.6883623963795236,2.6883623963795236,0.921270950816119,0.9268828469964687
0.35,5,2,3,beta_bimodal,log_uniform,2.5328664660793136,2.5328664660793136,2.577857455744082,2.577857455744082,0.9825471382971477,0.9825471382971477
0.35,5,2,3,beta_bimodal,log_uniform,2.7954070593049205,2.7954070593049205,2.7473058101953387,2.7473058101953387,1.017508516500448,1.017508516500448
0.35,5,3,2,homogeneous,flat,2.3400000000000003,2.3400000000000003,2.3400000000000003,2.3400000000000003,1.0,1.0
0.35,5,3,2,homogeneous,log_uniform,2.7633516220894823,2.786552397306261,2.4557849112868158,2.7374849474510636,1.1252417137140498,1.1346891108008825
0.35,5,3,2,homogeneous,log_uniform,2.854508382067733,2.8545083820677335,2.5121393313353346,2.8070967709669072,1.136285852644332,1.1362858526443322
0.35,5,3,2,homogeneous,log_uniform,2.6721584568676326,2.6980940700287994,2.456133861009027,2.6980940700287985,1.0879531035697942,1.0985126311154598
0.35,5,3,2,beta_bimodal,flat,3.1546405977958867,3.1546405977958876,3.15026724185361,3.15026724185361,1.0013882491885684,1.0013882491885686
0.35,5,3,2,beta_bimodal,flat,3.2166382364185497,3.2171381899412825,3.2121216467846696,3.2121216467846696,1.0014061079032923,1.0015617537902508
0.35,5,3,2,beta_bimodal,flat,3.16712427990261,3.16712427990261,3.1703856903292778,3.1703856903292778,0.99897128906536,0.99897128906536
0.35,5,3,2,beta_bimodal,log_uniform,3.121516494873875,3.121516494873875,3.117384023665712,3.179375402602523,1.0013256214751827,1.0013256214751827
0.35,5,3,2,beta_bimodal,log_uniform,2.8187802910613167,2.869313905110099,2.7732935457627157,2.864744469459924,1.0164017059672965,1.034623222447581
0.35,5,3,2,beta_bimodal,log_uniform,3.058390913778802,3.087754918503877,3.0700556022213745,3.0892964169248143,0.9962004960320158,1.0057651451881509
0.35,5,3,3,homogeneous,flat,2.3400000000000003,2.3400000000000003,2.3400000000000003,2.3400000000000003,1.0,1.0
0.35,5,3,3,homogeneous,log_uniform,2.8177449547162605,2.836045753561625,2.719138689804094,2.836045753561625,1.0362637865004491,1.0429941525954138
0.35,5,3,3,homogeneous,log_uniform,2.563495472188919,2.563495472188919,2.3925055490692384,2.5908984401183814,1.0714689766074739,1.0714689766074739
0.35,5,3,3,homogeneous,log_uniform,2.713319309151196,2.8048461328493137,2.530824711606047,2.804846132849314,1.0721087464921026,1.1082735678953342
0.35,5,3,3,beta_bimodal,flat,3.2356075134293643,3.2356075134293643,3.199799153903462,3.199799153903462,1.0111908147366748,1.0111908147366748
0.35,5,3,3,beta_bimodal,flat,3.02674125434596,3.029427555625163,3.1117946913197225,3.1648596130777533,0.9726674008375241,0.9735306651417843
0.35,5,3,3,beta_bimodal,flat,3.1832750259067537,3.184247612573742,3.154777939621514,3.2121888958001397,1.0090329927591222,1.009341282814905
0.35,5,3,3,beta_bimodal,log_uniform,2.77753214876502,2.7832736026887654,2.850885892749056,2.8697467295465953,0.9742698421670949,0.9762837613977271
0.35,5,3,3,beta_bimodal,log_uniform,3.1609419292349643,3.1986282389654184,3.215612266460515,3.215612266460515,0.9829984672605669,0.9947182601359488
0.35,5,3,3,beta_bimodal,log_uniform,4.236911625687569,4.252753565693385,4.224302282451487,4.224302282451487,1.0029849528733925,1.006735143779859
0.35,6,2,2,homogeneous,flat,1.69,1.69,1.6900000000000008,1.690000000000001,0.9999999999999994,0.9999999999999994
0.35,6,2,2,homogeneous,log_uniform,2.6663546834229392,2.7061768298544178,2.5703995276568423,2.745034122940116,1.0373308330995412,1.0528234232603322
0.35,6,2,2,homogeneous,log_uniform,2.515670250744863,2.5156702507448636,2.5156702507448623,2.586767424465317,1.0000000000000004,1.0000000000000004
0.35,6,2,2,homogeneous,log_uniform,2.5488252070174444,2.6410015014582706,2.4476190782876293,2.6410015014582706,1.0413488069396075,1.0790083820174883
0.35,6,2,2,beta_bimodal,flat,2.582733043381951,2.582733043381951,2.566369954968539,2.566369954968539,1.006375966326185,1.006375966326185
0.35,6,2,2,beta_bimodal,flat,2.803969834886512,2.803969834886512,2.8039698348865114,2.8039698348865114,1.0000000000000002,1.0000000000000002
0.35,6,2,2,beta_bimodal,flat,3.0098275609463463,3.0098275609463463,3.0098275609463463,3.0098275609463463,1.0,1.0
0.35,6,2,2,beta_bimodal,log_uniform,1.9010796677477104,1.9010796677477104,2.1116444215022785,2.1116444215022785,0.9002839911822054,0.9002839911822054
0.35,6,2,2,beta_bimodal,log_uniform,3.19173873904738,3.19173873904738,3.4912611969837055,3.4912611969837055,0.9142079492089852,0.9142079492089852
0.35,6,2,2,beta_bimodal,log_uniform,2.995290264059275,2.995290264059275,2.9807561919813663,2.9807561919813663,1.004875968090583,1.004875968090583
0.35,6,2,3,homogeneous,flat,1.69,1.69,1.6900000000000008,1.690000000000001,0.9999999999999994,0.9999999999999994
0.35,6,2,3,homogeneous,log_uniform,2.010010587962142,2.099850285559681,2.25107289354117,2.25107289354117,0.8929122614062434,0.9328219852784951
0.35,6,2,3,homogeneous,log_uniform,2.5928028110347316,2.5928028110347316,2.4167453233004292,2.59280281103473,1.0728490031766647,1.0728490031766647
0.35,6,2,3,homogeneous,log_uniform,2.988113823166045,2.988113823166045,2.9881138231660445,2.9881138231660445,1.0000000000000002,1.0000000000000002
0.35,6,2,3,beta_bimodal,flat,3.0131071300616172,3.0131071300616172,3.0016535529428974,3.001653552942898,1.0038157558547989,1.0038157558547989
0.35,6,2,3,beta_bimodal,flat,3.009389219233661,3.009389219233661,3.134076400368164,3.134076400368164,0.9602156536069588,0.9602156536069588
0.35,6,2,3,beta_bimodal,flat,3.1934795911170353,3.1934795911170353,3.2671432416371453,3.2671432416371453,0.9774531922624863,0.9774531922624863
0.35,6,2,3,beta_bimodal,log_uniform,3.405869699161311,3.405869699161311,3.884071964627526,3.884071964627526,0.8768812035870521,0.8768812035870521
0.35,6,2,3,beta_bimodal,log_uniform,4.251016902584721,4.251016902584721,4.437174666581597,4.448381583143566,0.958045878743761,0.958045878743761
0.35,6,2,3,beta_bimodal,log_uniform,3.1714159085232647,3.1714159085232647,3.3760738269856128,3.3760738269856128,0.9393799043058604,0.9393799043058604
0.35,6,3,2,homogeneous,flat,2.535,2.535,2.5350000000000006,2.5350000000000006,0.9999999999999998,0.9999999999999998
0.35,6,3,2,homogeneous,log_uniform,3.146833470649638,3.146833470649638,2.7742165568204373,3.078050069274261,1.1343142852035535,1.1343142852035535
0.35,6,3,2,homogeneous,log_uniform,2.686571457539126,2.7169918886098596,2.5473425774364986,2.7169918886098583,1.0546565198320281,1.066598545745695
0.35,6,3,2,homogeneous,log_uniform,2.9428759959126443,2.9428759959126443,2.5797242115608165,2.807948011632572,1.1407715533018583,1.1407715533018583
0.35,6,3,2,beta_bimodal,flat,3.5836036438794867,3.5836036438794867,3.460194066016973,3.4789358122322587,1.0356655076299146,1.0356655076299146
0.35,6,3,2,beta_bimodal,flat,3.720353883795415,3.720353883795415,3.5921684673791896,3.650242130690392,1.035684689507268,1.035684689507268
0.35,6,3,2,beta_bimodal,flat,3.631174543734637,3.631174543734637,3.4869552178407406,3.511961716290279,1.0413596725177339,1.0413596725177339
0.35,6,3,2,beta_bimodal,log_uniform,3.6632943932193194,3.6632943932193194,3.576924693065179,3.5950426173834114,1.0241463568751086,1.0241463568751086
0.35,6,3,2,beta_bimodal,log_uniform,3.3365781492502196,3.3420152885363876,3.4675835801811434,3.467583580181143,0.9622199644502641,0.9637879552889692
0.35,6,3,2,beta_bimodal,log_uniform,3.883989518937635,3.8839895579603674,3.777401654519198,3.7839056964566713,1.0282172440653532,1.0282172543959285
0.35,6,3,3,homogeneous,flat,2.3400000000000003,2.3400000000000003,2.5350000000000006,2.5350000000000006,0.923076923076923,0.923076923076923
0.35,6,3,3,homogeneous,log_uniform,2.6024325760126583,2.6024325760126583,2.534999999999999,2.536033752913196,1.0266006217012464,1.0266006217012464
0.35,6,3,3,homogeneous,log_uniform,3.0556536162472683,3.1025645613961976,3.0462350414056654,3.0839397056129387,1.0030918739734727,1.0184915212466794
0.35,6,3,3,homogeneous,log_uniform,3.111727706010534,3.1619853311174557,2.850242980692808,3.1676143728149633,1.0917412049039297,1.1093739560228204
0.35,6,3,3,beta_bimodal,flat,3.614674549037715,3.614674549037715,3.7039942253960008,3.7039942253960008,0.975885578939115,0.975885578939115
0.35,6,3,3,beta_bimodal,flat,3.683507552753421,3.683507552753421,3.7025877731579007,3.7025877731579007,0.9948467878215331,0.9948467878215331
0.35,6,3,3,beta_bimodal,flat,3.83661019572469,3.83661019572469,3.833350670479185,3.833350670479185,1.0008503070878976,1.0008503070878976
0.35,6,3,3,beta_bimodal,log_uniform,2.5634066152570685,2.5920603555615687,2.68144571990503,2.7077852643443348,0.9559793048310737,0.9666652344741004
0.35,6,3,3,beta_bimodal,log_uniform,3.7387509048595207,3.7387509048595207,3.889542411065042,3.889542411065042,0.9612315562425681,0.9612315562425681
0.35,6,3,3,beta_bimodal,log_uniform,2.2538314855080817,2.3628324844821407,2.481502160825491,2.481502160825491,0.9082528804884566,0.9521782901434694
0.4,4,2,2,homogeneous,flat,1.4399999999999995,1.4399999999999995,1.44,1.44,0.9999999999999997,0.9999999999999997
0.4,4,2,2,homogeneous,log_uniform,1.5117051362032374,1.5117051362032374,1.509447119107681,1.563269998654468,1.001495923286727,1.001495923286727
0.4,4,2,2,homogeneous,log_uniform,1.4438079598650668,1.4438079598650668,1.4399999999999997,1.440862424756622,1.0026444165729633,1.0026444165729633
0.4,4,2,2,homogeneous,log_uniform,1.607347084248439,1.7198183025187608,1.4776918229563327,1.7198183025187614,1.0877417464710013,1.163854516754393
0.4,4,2,2,beta_bimodal,flat,2.385368148100002,2.385368148100002,2.3819353063098667,2.3819353063098667,1.001441198583791,1.001441198583791
0.4,4,2,2,beta_bimodal,flat,2.191917874826492,2.191917874826492,2.1664647067576768,2.1664647067576768,1.0117487111557466,1.0117487111557466
0.4,4,2,2,beta_bimodal,flat,2.25745870314722,2.25745870314722,2.2380236972430776,2.2380236972430776,1.0086840036269873,1.0086840036269873
0.4,4,2,2,beta_bimodal,log_uniform,2.7323629327263284,2.7323629327263284,2.7599943988978386,2.7599943988978386,0.9899885788961947,0.9899885788961947
0.4,4,2,2,beta_bimodal,log_uniform,1.8069945885560257,1.8069945885560257,2.1978970671402265,2.1978970671402265,0.8221470493644091,0.8221470493644091
0.4,4,2,2,beta_bimodal,log_uniform,1.9143305254603875,1.9143305254603875,2.0579673212049454,2.0579673212049454,0.9302045303321638,0.9302045303321638
0.4,4,2,3,homogeneous,flat,1.32,1.32,1.44,1.44,0.9166666666666667,0.9166666666666667
0.4,4,2,3,homogeneous,log_uniform,1.6572257788292817,1.6572257788292817,1.6279652058397764,1.657225778829282,1.0179737090722472,1.0179737090722472
0.4,4,2,3,homogeneous,log_uniform,1.8602190369606575,1.8602190369606575,1.8602190369606582,1.8602190369606584,0.9999999999999997,0.9999999999999997
0.4,4,2,3,homogeneous,log_uniform,1.6711111339959723,1.6711111339959726,1.6711111339959723,1.6711111339959723,1.0,1.0000000000000002
0.4,4,2,3,beta_bimodal,flat,1.67213435971904,1.8706379417519656,2.1444357714582893,2.1444357714582893,0.7797549276012737,0.8723217391956991
0.4,4,2,3,beta_bimodal,flat,1.7840526270966508,1.994651767749452,2.3827962762924924,2.3827962762924924,0.7487222658718203,0.8371054578165729
0.4,4,2,3,beta_bimodal,flat,1.9672985719750584,1.9685384114156312,2.301497408987095,2.301497408987095,0.8547906959586281,0.8553294058592916
0.4,4,2,3,beta_bimodal,log_uniform,0.6170057755124133,0.6189087686076928,0.7359423860285106,0.7359423860285106,0.8383886934982304,0.840974484358231
0.4,4,2,3,beta_bimodal,log_uniform,2.0180791977049557,2.0180791977049557,2.0180791977049553,2.0180791977049553,1.0000000000000002,1.0000000000000002
0.4,4,2,3,beta_bimodal,log_uniform,1.139242327916557,1.2439462946374926,1.296998645664112,1.296998645664112,0.8783681707957546,0.9590960628956905
0.4,4,3,2,homogeneous,flat,1.8047999999999995,1.92,1.7279999999999998,1.9200000000000004,1.0444444444444443,1.1111111111111112
0.4,4,3,2,homogeneous,log_uniform,2.266199635769377,2.275293852243829,2.088234630609573,2.2752938522438284,1.0852227056055739,1.089577683892567
0.4,4,3,2,homogeneous,log_uniform,2.194584829442604,2.194584829442604,2.194584829442604,2.194584829442604,1.0,1.0
0.4,4,3,2,homogeneous,log_uniform,2.175412296577726,2.2016327633705135,1.872155354011275,2.2016327633705135,1.1619827873347655,1.17598828465453
0.4,4,3,2,beta_bimodal,flat,2.3855355501916735,2.3855355501916735,2.3539776599864197,2.3539776599864197,1.0134061978334306,1.0134061978334306
0.4,4,3,2,beta_bimodal,flat,2.337887411296969,2.337887411296969,2.249769957132435,2.249769957132435,1.039167317478472,1.039167317478472
0.4,4,3,2,beta_bimodal,flat,2.3591291616483816,2.3591291616483816,2.28637607293352,2.28637607293352,1.0318202633311835,1.0318202633311835
0.4,4,3,2,beta_bimodal,log_uniform,2.456039361873295,2.456039361873295,2.394772307730653,2.437492498662893,1.0255836656975126,1.0255836656975126
0.4,4,3,2,beta_bimodal,log_uniform,1.9676006211407575,1.9950389177754848,1.9135011361229195,1.9676006211407573,1.0282725126191734,1.042611828189334
0.4,4,3,2,beta_bimodal,log_uniform,2.696445667209816,2.696445667209816,2.6178778846136326,2.6529628322903975,1.0300120120414933,1.0300120120414933
0.4,4,3,3,homogeneous,flat,1.9199999999999997,1.92,1.7279999999999998,1.9200000000000004,1.1111111111111112,1.1111111111111112
0.4,4,3,3,homogeneous,log_uniform,2.1495366312461344,2.2732776185148884,2.083640992873877,2.273277618514889,1.03162523611199,1.091012139946169
0.4,4,3,3,homogeneous,log_uniform,2.2859802339155766,2.2859802339155766,2.285980233915577,2.285980233915577,0.9999999999999998,0.9999999999999998
0.4,4,3,3,homogeneous,log_uniform,2.041610425431584,2.053438110681611,1.8176012259462333,2.069335376577055,1.1232444148296241,1.1297517196670035
0.4,4,3,3,beta_bimodal,flat,2.088129811436629,2.166325101668675,2.273019000623342,2.273019000623342,0.9186591976855407,0.9530607096001362
0.4,4,3,3,beta_bimodal,flat,2.209504391552916,2.2678480992918035,2.3061126100562186,2.3061126100562186,0.958107761918466,0.9834073537443246
0.4,4,3,3,beta_bimodal,flat,2.0757506975937927,2.143259627472748,2.1832358625353696,2.1832358625353696,0.9507679555901233,0.9816894565774503
0.4,4,3,3,beta_bimodal,log_uniform,1.6019683176034984,1.615259326857137,1.630997529825992,1.630997529825992,0.9822015596641703,0.990350566030266
0.4,4,3,3,beta_bimodal,log_uniform,2.09399643518628,2.097427925747411,2.091471455216905,2.097427925747411,1.001207274411074,1.0028479807915371
0.4,4,3,3,beta_bimodal,log_uniform,2.163099177159164,2.246267487345989,2.198785881385956,2.2111503887442927,0.9837698138191165,1.0215944655466425
0.4,5,2,2,homogeneous,flat,1.4399999999999995,1.4399999999999995,1.44,1.4400000000000002,0.9999999999999997,0.9999999999999997
0.4,5,2,2,homogeneous,log_uniform,1.7812537036153964,1.8199361716060425,1.862359641215018,1.862359641215018,0.9564499059125295,0.9772205815299465
0.4,5,2,2,homogeneous,log_uniform,1.927727402873101,1.9277274028731013,1.9277274028731022,1.9277274028731024,0.9999999999999994,0.9999999999999996
0.4,5,2,2,homogeneous,log_uniform,1.6842515400798124,1.6842515400798124,1.6786223471425872,1.7083656082439058,1.0033534600244107,1.0033534600244107
0.4,5,2,2,beta_bimodal,flat,2.7142860296712024,2.7142860296712024,2.736582842850195,2.736582842850195,0.9918523156581037,0.9918523156581037
0.4,5,2,2,beta_bimodal,flat,2.4704668519318735,2.4704668519318735,2.481433581816052,2.481433581816052,0.9955804862299993,0.9955804862299993
0.4,5,2,2,beta_bimodal,flat,2.761175848469394,2.761175848469394,2.7754762451442376,2.7754762451442376,0.9948475881572172,0.9948475881572172
0.4,5,2,2,beta_bimodal,log_uniform,1.9272707689620323,2.0944836484620275,1.9272707689620319,1.9834623774567552,1.0000000000000002,1.0867614878993113
0.4,5,2,2,beta_bimodal,log_uniform,1.5454124152780702,1.5454124152780702,1.5410543848271618,1.5410543848271618,1.0028279537009313,1.0028279537009313
0.4,5,2,2,beta_bimodal,log_uniform,2.46186968944116,2.46186968944116,2.504868770372482,2.504868770372482,0.9828337989439151,0.9828337989439151
0.4,5,2,3,homogeneous,flat,1.4399999999999995,1.4399999999999995,1.44,1.4400000000000002,0.9999999999999997,0.9999999999999997
0.4,5,2,3,homogeneous,log_uniform,1.9843499474443576,1.9843499474443576,1.8228773045058404,1.9843499474443576,1.0885811911418197,1.0885811911418197
0.4,5,2,3,homogeneous,log_uniform,2.011598905414007,2.0115989054140075,2.0115989054140067,2.0115989054140067,1.0000000000000002,1.0000000000000004
0.4,5,2,3,homogeneous,log_uniform,1.653674986302589,1.653674986302589,1.5705802523296601,1.6536749863025884,1.0529070283735413,1.0529070283735413
0.4,5,2,3,beta_bimodal,flat,2.4484722718462804,2.4484722718462804,2.322562856792768,2.553353828883139,1.054211413346798,1.054211413346798
0.4,5,2,3,beta_bimodal,flat,2.4044776805321844,2.4044776805321844,2.346350499445853,2.4803681377982336,1.0247734433112443,1.0247734433112443
0.4,5,2,3,beta_bimodal,flat,2.5738881143823384,2.5738881143823384,2.726993956487789,2.7290167128503313,0.9438554523594757,0.9438554523594757
0.4,5,2,3,beta_bimodal,log_uniform,3.207261251822652,3.3740823658209527,3.120119539799945,3.4174638012838874,1.0279289658332431,1.0813952230936932
0.4,5,2,3,beta_bimodal,log_uniform,3.8303241799778194,3.89345686733194,3.9792638280298114,3.9792638280298114,0.9625710547255335,0.978436473577487
0.4,5,2,3,beta_bimodal,log_uniform,2.4337760004722035,2.467849099717858,2.67080235017154,2.67080235017154,0.9112527553062425,0.9240103819585727
0.4,5,3,2,homogeneous,flat,2.04,2.0591999999999997,2.04,2.04,1.0,1.0094117647058822
0.4,5,3,2,homogeneous,log_uniform,2.632897144392711,2.632897144392711,2.2355513958646203,2.631150333156721,1.1777394826453602,1.1777394826453602
0.4,5,3,2,homogeneous,log_uniform,2.45979978739386,2.485931696745801,2.1256161145248953,2.429214288778494,1.1572173218792423,1.1695111265664455
0.4,5,3,2,homogeneous,log_uniform,2.5304342358625647,2.546571448527418,2.3586361074174267,2.5304342358625656,1.0728379116663516,1.0796796676346017
0.4,5,3,2,beta_bimodal,flat,2.593762568080716,2.648471237755921,2.8015201146752444,2.8015201146752444,0.9258411369219771,0.9453693456928597
0.4,5,3,2,beta_bimodal,flat,2.898130215069294,2.899170108405593,2.894127705800413,2.894127705800413,1.0013829760382928,1.0017422875276285
0.4,5,3,2,beta_bimodal,flat,2.6662239150576337,2.6662239150576337,2.735029054745932,2.735029054745932,0.974842994969686,0.974842994969686
0.4,5,3,2,beta_bimodal,log_uniform,3.1553601717791273,3.181077879243199,3.1299499796245116,3.3415872983470076,1.0081184019936524,1.016335053260123
0.4,5,3,2,beta_bimodal,log_uniform,2.8631789072948677,2.9125282193728577,2.6480258043735376,2.924009708065588,1.0812503800249902,1.099886645576664
0.4,5,3,2,beta_bimodal,log_uniform,2.402953115580737,2.40952373566455,2.409657906260049,2.486703609584057,0.9972175342143408,0.9999443196500422
0.4,5,3,3,homogeneous,flat,2.0399999999999996,2.04,2.04,2.04,0.9999999999999998,1.0
0.4,5,3,3,homogeneous,log_uniform,2.3276272622175993,2.3647629368220335,2.3578999766835516,2.3578999766835516,0.9871611540924939,1.002910623947728
0.4,5,3,3,homogeneous,log_uniform,2.4695373806148666,2.5085993624688743,2.212334640060536,2.5404010433665536,1.1162585152792674,1.1339149679454603
0.4,5,3,3,homogeneous,log_uniform,2.5786547259774117,2.5786547259774117,2.24645235292906,2.5837971461150664,1.1478786641591603,1.1478786641591603
0.4,5,3,3,beta_bimodal,flat,2.706293481526915,2.7958242434292826,2.7685176013527286,2.954470098996417,0.9775243907441982,1.0098632719774696
0.4,5,3,3,beta_bimodal,flat,2.6875001840525337,2.69530685196824,2.929232975656919,2.929232975656919,0.9174757372959815,0.9201408267513381
0.4,5,3,3,beta_bimodal,flat,2.7990881503004177,2.8635851571277633,2.797894270993772,2.9470650704309764,1.000426706369509,1.0234786878171271
0.4,5,3,3,beta_bimodal,log_uniform,3.787058307222961,3.809106876713394,3.757910016664933,3.807768482353506,1.007756516369143,1.0136237589035986
0.4,5,3,3,beta_bimodal,log_uniform,2.7896128868167462,2.7902075044455534,2.81317048617944,2.830662690840102,0.9916259610007897,0.9918373302127619
0.4,5,3,3,beta_bimodal,log_uniform,2.2401404889664853,2.303851925049978,2.500326372663721,2.500326372663721,0.8959392315571799,0.9214204794374786
0.4,6,2,2,homogeneous,flat,1.4399999999999995,1.4399999999999995,1.4399999999999993,1.4399999999999993,1.0000000000000002,1.0000000000000002
0.4,6,2,2,homogeneous,log_uniform,2.0143244176398136,2.0143244176398136,2.0143244176398136,2.074911750982665,1.0,1.0
0.4,6,2,2,homogeneous,log_uniform,2.162750634451961,2.1627506344519616,2.1627506344519625,2.1627506344519625,0.9999999999999993,0.9999999999999996
0.4,6,2,2,homogeneous,log_uniform,2.210921288231636,2.2529224093918603,2.270903944241943,2.270903944241943,0.9735864406936287,0.9920817721525931
0.4,6,2,2,beta_bimodal,flat,2.6447828312998887,2.6447828312998887,2.6447828312998882,2.644782831299888,1.0000000000000002,1.0000000000000002
0.4,6,2,2,beta_bimodal,flat,2.7247037513958254,2.7247037513958254,2.7398336751621577,2.7398336751621577,0.9944777948006509,0.9944777948006509
0.4,6,2,2,beta_bimodal,flat,1.936890138893706,1.936890138893706,1.9456733355334574,1.9456733355334577,0.9954857804342869,0.9954857804342869
0.4,6,2,2,beta_bimodal,log_uniform,2.373158973297079,2.373158973297079,2.3983137400423975,2.6784779070390217,0.9895114778665807,0.9895114778665807
0.4,6,2,2,beta_bimodal,log_uniform,3.956654986273403,3.956654986273403,3.9522040737272492,3.9522040737272497,1.0011261848991406,1.0011261848991406
0.4,6,2,2,beta_bimodal,log_uniform,4.388733231881987,4.388733231881987,4.428097176606907,4.428097176606907,0.9911104153420852,0.9911104153420852
0.4,6,2,3,homogeneous,flat,1.4399999999999995,1.4399999999999995,1.4399999999999993,1.4399999999999993,1.0000000000000002,1.0000000000000002
0.4,6,2,3,homogeneous,log_uniform,2.1146917011815947,2.114691701181595,2.0263179857223945,2.1146917011815964,1.0436129551639421,1.0436129551639424
0.4,6,2,3,homogeneous,log_uniform,1.899145029185254,1.899145029185254,1.6806815008590579,1.8991450291852543,1.129985085344565,1.129985085344565
0.4,6,2,3,homogeneous,log_uniform,2.46779241338272,2.4677924133827207,2.46779241338272,2.46779241338272,1.0,1.0000000000000004
0.4,6,2,3,beta_bimodal,flat,2.586335791837604,2.586335791837604,2.645921215469111,2.645921215469111,0.9774802729260619,0.9774802729260619
0.4,6,2,3,beta_bimodal,flat,2.378815949448358,2.378815949448358,2.557910081419199,2.557910081419199,0.9299841955853763,0.9299841955853763
0.4,6,2,3,beta_bimodal,flat,3.0621821840797625,3.0621821840797625,3.2065574913167483,3.2065574913167483,0.9549749824763942,0.9549749824763942
0.4,6,2,3,beta_bimodal,log_uniform,3.3074895996494815,3.3074895996494815,3.245189160125955,3.245189160125955,1.0191977836882422,1.0191977836882422
0.4,6,2,3,beta_bimodal,log_uniform,3.264176769658564,3.264176769658564,3.228075322812759,3.228075322812759,1.0111835825486093,1.0111835825486093
0.4,6,2,3,beta_bimodal,log_uniform,2.7089028816865226,2.7089028816865226,2.815656172663946,2.8494384053479234,0.9620858214103528,0.9620858214103528
0.4,6,3,2,homogeneous,flat,2.16,2.16,2.1599999999999984,2.1599999999999993,1.0000000000000009,1.0000000000000009
0.4,6,3,2,homogeneous,log_uniform,2.784170893340085,2.845316638832342,2.7841708933400837,2.7841708933400837,1.0000000000000004,1.0219619225380607
0.4,6,3,2,homogeneous,log_uniform,2.6414805700966246,2.6414805700966246,2.266267789955768,2.577523638769895,1.1655641852228682,1.1655641852228682
0.4,6,3,2,homogeneous,log_uniform,3.0547745691771455,3.0547745691771464,2.8714342549481353,3.054774569177146,1.063849734296745,1.0638497342967452
0.4,6,3,2,beta_bimodal,flat,3.428728600877589,3.428728600877589,3.3491807999355863,3.383293558246324,1.0237514203304678,1.0237514203304678
0.4,6,3,2,beta_bimodal,flat,3.0055224762195594,3.017532360506297,3.0151337223859196,3.0151337223859196,0.9968123317068821,1.0007955329153624
0.4,6,3,2,beta_bimodal,flat,3.424748416283571,3.427883629425407,3.3994043253395856,3.455643004802405,1.0074554505785227,1.0083777336733772
0.4,6,3,2,beta_bimodal,log_uniform,3.0940886769556117,3.0940886769556117,3.0399801306425362,3.039980130642536,1.0177989802524265,1.0177989802524265
0.4,6,3,2,beta_bimodal,log_uniform,2.956592348765965,2.967128419552205,2.8718185761250408,2.9759708535941667,1.0295191950305267,1.0331879751107977
0.4,6,3,2,beta_bimodal,log_uniform,2.285227104640227,2.285227104640227,2.231347057664789,2.231347057664789,1.0241468698427514,1.0241468698427514
0.4,6,3,3,homogeneous,flat,2.04,2.04,2.1599999999999984,2.1599999999999993,0.9444444444444452,0.9444444444444452
0.4,6,3,3,homogeneous,log_uniform,2.3342832173726893,2.4358021738304103,2.165157592260166,2.416406836088298,1.0781123857760286,1.124999945748856
0.4,6,3,3,homogeneous,log_uniform,2.5930138335528827,2.5930138335528827,2.303426135958584,2.637674581896881,1.125720418412195,1.125720418412195
0.4,6,3,3,homogeneous,log_uniform,3.036917186200592,3.0614888740887003,3.048621985433904,3.048621985433904,0.9961606262471252,1.0042205589004716
0.4,6,3,3,beta_bimodal,flat,3.1942266928543748,3.1942266928543748,3.2292916281453494,3.2292916281453494,0.989141601524817,0.989141601524817
0.4,6,3,3,beta_bimodal,flat,3.4273751614148975,3.4273751614148975,3.382205452361309,3.382205452361309,1.0133551050312608,1.0133551050312608
0.4,6,3,3,beta_bimodal,flat,2.735053430535675,2.735053430535675,2.740268722149704,2.740268722149704,0.9980967955544383,0.9980967955544383
0.4,6,3,3,beta_bimodal,log_uniform,4.050187756929514,4.050825041689447,3.892433311771625,3.917776319613829,1.0405284901557088,1.0406922141578658
0.4,6,3,3,beta_bimodal,log_uniform,3.6432245807766312,3.6660855450511383,3.529782905946323,3.598178471911869,1.032138428298013,1.0386150204521638
0.4,6,3,3,beta_bimodal,log_uniform,2.340257881375699,2.3622524143847485,2.639658206431837,2.708458906419037,0.8865761012821228,0.8949084425509498
0.45,4,2,2,homogeneous,flat,1.2100000000000002,1.2100000000000002,1.2100000000000004,1.2100000000000004,0.9999999999999998,0.9999999999999998
0.45,4,2,2,homogeneous,log_uniform,1.7710415379368465,1.7710415379368465,1.771041537936847,1.771041537936847,0.9999999999999998,0.9999999999999998
0.45,4,2,2,homogeneous,log_uniform,1.7510988864139283,1.7566578472262344,1.7691759984265736,1.7691759984265736,0.9897821855888153,0.9929243041893671
0.45,4,2,2,homogeneous,log_uniform,1.498777138687472,1.498777138687472,1.521026371744168,1.521026371744168,0.9853722239995203,0.9853722239995203
0.45,4,2,2,beta_bimodal,flat,1.8494597391595855,1.8494597391595855,1.786846996540933,1.786846996540933,1.0350409087850618,1.0350409087850618
0.45,4,2,2,beta_bimodal,flat,1.4892166298668874,1.4892166298668874,1.4892166298668874,1.4892166298668874,1.0,1.0
0.45,4,2,2,beta_bimodal,flat,1.9045245133809297,1.9045245133809297,1.76304600305011,1.76304600305011,1.0802466357009735,1.0802466357009735
0.45,4,2,2,beta_bimodal,log_uniform,2.5352287385240277,2.5352287385240277,2.420977113120097,2.420977113120097,1.0471923607971187,1.0471923607971187
0.45,4,2,2,beta_bimodal,log_uniform,2.0095669162429735,2.121702382390339,2.0095669162429735,2.0095669162429735,1.0,1.0558008122252582
0.45,4,2,2,beta_bimodal,log_uniform,1.8864442253131868,1.8864442253131868,1.9321043113566996,1.9321043113566996,0.9763676910324521,0.9763676910324521
0.45,4,2,3,homogeneous,flat,1.155,1.155,1.2100000000000004,1.2100000000000004,0.9545454545454543,0.9545454545454543
0.45,4,2,3,homogeneous,log_uniform,1.728581906975132,1.728581906975132,1.7285819069751325,1.7285819069751325,0.9999999999999998,0.9999999999999998
0.45,4,2,3,homogeneous,log_uniform,1.7099794076360302,1.7099794076360302,1.7099794076360304,1.7099794076360304,0.9999999999999999,0.9999999999999999
0.45,4,2,3,homogeneous,log_uniform,1.6691830276791768,1.6691830276791768,1.6691830276791773,1.6691830276791773,0.9999999999999998,0.9999999999999998
0.45,4,2,3,beta_bimodal,flat,1.806394546512066,1.8063945465120663,1.8512129185105333,1.8512129185105333,0.9757897259951451,0.9757897259951452
0.45,4,2,3,beta_bimodal,flat,1.6586693468315488,1.7080943244483688,2.004642781535546,2.004642781535546,0.8274139223752456,0.85206917670388
0.45,4,2,3,beta_bimodal,flat,1.7417630617308182,1.7417630617308184,1.9111342776905083,1.9111342776905085,0.9113766008297621,0.9113766008297622
0.45,4,2,3,beta_bimodal,log_uniform,2.2394611233447996,2.243290223078645,2.3560241162648534,2.3560241162648534,0.9505255518755691,0.9521507897954236
0.45,4,2,3,beta_bimodal,log_uniform,0.909479327967508,0.9094793279675082,1.0767603822933098,1.0767603822933098,0.8446441222423854,0.8446441222423855
0.45,4,2,3,beta_bimodal,log_uniform,2.0471581453545173,2.0471581453545173,2.038872113433257,2.0471581453545165,1.0040640272956147,1.0040640272956147
0.45,4,3,2,homogeneous,flat,1.5824875000000005,1.705,1.4822500000000005,1.7050000000000003,1.067625231910946,1.1502782931354356
0.45,4,3,2,homogeneous,log_uniform,2.016628615216875,2.016628615216875,1.7973697379815496,2.0166286152168755,1.1219887442199588,1.1219887442199588
0.45,4,3,2,homogeneous,log_uniform,2.016451027531623,2.016451027531623,2.0164510275316236,2.0164510275316236,0.9999999999999998,0.9999999999999998
0.45,4,3,2,homogeneous,log_uniform,2.0947425634152763,2.0947425634152763,1.8861470491709755,2.088570378769534,1.1105934525815395,1.1105934525815395
0.45,4,3,2,beta_bimodal,flat,2.1815943184788975,2.1815943184788975,2.106812163921749,2.1106479995473766,1.035495406680178,1.035495406680178
0.45,4,3,2,beta_bimodal,flat,2.1999540261798805,2.1999540261798805,2.1979520224699858,2.198005393856533,1.0009108495951813,1.0009108495951813
0.45,4,3,2,beta_bimodal,flat,2.1741641023898324,2.195617711065285,2.1084690314323975,2.195617711065285,1.031157712054611,1.0413326818339288
0.45,4,3,2,beta_bimodal,log_uniform,1.2347524150635305,1.2347524150635305,1.2208955107304054,1.2208955107304054,1.0113497872760915,1.0113497872760915
0.45,4,3,2,beta_bimodal,log_uniform,2.350252053707713,2.352936708298009,2.3277743193993796,2.3529367082980084,1.0096563202545052,1.010809634202478
0.45,4,3,2,beta_bimodal,log_uniform,1.1789158557029629,1.1789158557029629,1.1669018367970057,1.178573029509439,1.0102956551503373,1.0102956551503373
0.45,4,3,3,homogeneous,flat,1.705,1.705,1.4822500000000005,1.7050000000000003,1.1502782931354356,1.1502782931354356
0.45,4,3,3,homogeneous,log_uniform,2.0059627566959355,2.0059627566959355,2.005962756695936,2.005962756695936,0.9999999999999998,0.9999999999999998
0.45,4,3,3,homogeneous,log_uniform,1.9899689198315995,2.0008000454613875,2.0102514440689654,2.0102514440689654,0.9899104540891104,0.9952983997919945
0.45,4,3,3,homogeneous,log_uniform,2.0743452523303487,2.075497266447518,2.0811517300926528,2.0811517300926528,0.9967294658703232,0.9972830123035369
0.45,4,3,3,beta_bimodal,flat,1.958106254099444,2.135166647275064,1.961165585571582,2.1351666472750637,0.9984400442804802,1.0887232893456926
0.45,4,3,3,beta_bimodal,flat,2.1374051744846763,2.1526334101873283,2.1206657201030543,2.1374051744846763,1.0078934903426497,1.0150743654604464
0.45,4,3,3,beta_bimodal,flat,2.1501069680364915,2.1994765727970305,2.0973723479294533,2.1994765727970296,1.0251431845943322,1.0486819734075237
0.45,4,3,3,beta_bimodal,log_uniform,2.478909918660904,2.479226715708423,2.4734792877469656,2.4789099186609045,1.0021955433145693,1.0023236208162036
0.45,4,3,3,beta_bimodal,log_uniform,2.6540154526215507,2.6540154526215507,2.5484991189191146,2.6540154526215507,1.0414033235951003,1.0414033235951003
0.45,4,3,3,beta_bimodal,log_uniform,1.7412984313624995,1.7412984313624995,1.621806244064715,1.711572662373693,1.0736784605035818,1.0736784605035818
0.45,5,2,2,homogeneous,flat,1.2100000000000002,1.2100000000000002,1.2100000000000004,1.2100000000000006,0.9999999999999998,0.9999999999999998
0.45,5,2,2,homogeneous,log_uniform,1.933236456101033,1.933236456101033,1.933236456101033,1.933236456101033,1.0,1.0
0.45,5,2,2,homogeneous,log_uniform,1.9742529134677151,1.986260677025956,1.9866109991335614,1.9866109991335617,0.9937793127737458,0.9998236584274636
0.45,5,2,2,homogeneous,log_uniform,1.714652916996589,1.8676883816149947,1.54664887472615,1.8676883816149947,1.1086245527448406,1.2075710344700494
0.45,5,2,2,beta_bimodal,flat,2.594643893953246,2.594643893953246,2.6058992402489713,2.6058992402489713,0.9956808206081483,0.9956808206081483
0.45,5,2,2,beta_bimodal,flat,2.0493845277341256,2.0493845277341256,2.0501920453593034,2.050192045359303,0.9996061258617184,0.9996061258617184
0.45,5,2,2,beta_bimodal,flat,1.7445410366124012,1.7445410366124012,1.7169328086810023,1.7169328086810025,1.0160799699276575,1.0160799699276575
0.45,5,2,2,beta_bimodal,log_uniform,2.225966671578571,2.225966671578571,2.183005547938111,2.183005547938111,1.0196798050655609,1.0196798050655609
0.45,5,2,2,beta_bimodal,log_uniform,2.5277617056295365,2.5277617056295365,2.3577890139083943,2.3577890139083943,1.0720898650042425,1.0720898650042425
0.45,5,2,2,beta_bimodal,log_uniform,3.856482166680032,3.856482166680032,3.6953408059738218,3.6953408059738218,1.043606630394066,1.043606630394066
0.45,5,2,3,homogeneous,flat,1.2100000000000002,1.2100000000000002,1.2100000000000004,1.2100000000000006,0.9999999999999998,0.9999999999999998
0.45,5,2,3,homogeneous,log_uniform,1.771482629266497,1.771482629266497,1.569519600865712,1.7714826292664971,1.1286782454257893,1.1286782454257893
0.45,5,2,3,homogeneous,log_uniform,2.171895061373581,2.171895061373581,1.68760550974494,2.171895061373581,1.2869684584650563,1.2869684584650563
0.45,5,2,3,homogeneous,log_uniform,1.584652421348085,1.584652421348085,1.5846524213480855,1.5846524213480857,0.9999999999999997,0.9999999999999997
0.45,5,2,3,beta_bimodal,flat,2.1637362163288083,2.1637362163288083,2.0132277684879485,2.2630524250210424,1.0747597714459802,1.0747597714459802
0.45,5,2,3,beta_bimodal,flat,2.0687222790448088,2.0687222790448088,2.237736597993907,2.237736597993907,0.9244708608240056,0.9244708608240056
0.45,5,2,3,beta_bimodal,flat,2.081973255273258,2.081973255273258,2.408418377839464,2.408418377839464,0.8644566386098366,0.8644566386098366
0.45,5,2,3,beta_bimodal,log_uniform,2.660081057950882,2.8355418522018137,3.047091976087127,3.047091976087127,0.8729900767113636,0.9305731085423381
0.45,5,2,3,beta_bimodal,log_uniform,2.518873905344003,2.518873905344003,2.4560833204838595,2.477531987820322,1.025565331736292,1.025565331736292
0.45,5,2,3,beta_bimodal,log_uniform,2.2240874563298725,2.2240874563298725,2.495801330190461,2.495801330190461,0.8911316094859789,0.8911316094859789
0.45,5,3,2,homogeneous,flat,1.7600000000000005,1.8330125000000004,1.76,1.7600000000000005,1.0000000000000002,1.0414843750000002
0.45,5,3,2,homogeneous,log_uniform,2.5155937820836836,2.5556244624384257,2.1885842790859282,2.555624462438426,1.1494159974201827,1.1677066708647807
0.45,5,3,2,homogeneous,log_uniform,2.1493651230865467,2.2101351842054533,2.1493651230865467,2.1493651230865467,1.0,1.028273493631291
0.45,5,3,2,homogeneous,log_uniform,2.1935858292325867,2.1958571900444075,1.8853431083162466,2.195857190044408,1.1634942306027385,1.1646989772622731
0.45,5,3,2,beta_bimodal,flat,2.704295360135078,2.7042953601350783,2.7071721171231786,2.707172117123178,0.9989373571891108,0.9989373571891109
0.45,5,3,2,beta_bimodal,flat,2.7425325457177627,2.7425325457177627,2.733349857975489,2.733349857975489,1.0033594995955166,1.0033594995955166
0.45,5,3,2,beta_bimodal,flat,2.3956077884694533,2.3956077884694538,2.3004483269469853,2.3004483269469853,1.04136561574011,1.0413656157401103
0.45,5,3,2,beta_bimodal,log_uniform,2.4087938483593225,2.419206456985952,2.4890197164315944,2.4890197164315944,0.9677680865512434,0.9719515040460465
0.45,5,3,2,beta_bimodal,log_uniform,1.8425752578180643,1.8461595085457505,1.9282023736336278,1.9309740696484856,0.9555922568157603,0.9574511129071631
0.45,5,3,2,beta_bimodal,log_uniform,3.315439728206567,3.4209488334344966,3.5086962755462134,3.5086962755462134,0.9449206964174859,0.9749914397768565
0.45,5,3,3,homogeneous,flat,1.7600000000000005,1.85912375,1.76,1.7600000000000005,1.0000000000000002,1.0563203125
0.45,5,3,3,homogeneous,log_uniform,2.1614725822675824,2.170674007974902,1.8115195571151892,2.190223436417462,1.1931820298477411,1.1982614261320257
0.45,5,3,3,homogeneous,log_uniform,1.9126134446750416,1.9197578386242595,1.8741047677340508,1.91975783862426,1.02054777171692,1.0243599353014865
0.45,5,3,3,homogeneous,log_uniform,2.3962337813206256,2.3962337813206256,2.396233781320626,2.396233781320626,0.9999999999999998,0.9999999999999998
0.45,5,3,3,beta_bimodal,flat,2.4771961528641557,2.4771961528641557,2.598277692201208,2.598277692201208,0.9533993076642727,0.9533993076642727
0.45,5,3,3,beta_bimodal,flat,2.67146934204922,2.67146934204922,2.6783475246324175,2.6783475246324175,0.9974319305019458,0.9974319305019458
0.45,5,3,3,beta_bimodal,flat,2.4055822004975287,2.455395280636741,2.678469411001453,2.678469411001453,0.8981182277523585,0.9167158193226083
0.45,5,3,3,beta_bimodal,log_uniform,1.521591245392367,1.6701186560625472,1.7758391431988265,1.893832768065115,0.8568294325642121,0.9404673066582795
0.45,5,3,3,beta_bimodal,log_uniform,2.3599635401736725,2.3946707794733246,2.456835036328742,2.456835036328742,0.9605706143381018,0.9746974233368514
0.45,5,3,3,beta_bimodal,log_uniform,3.893270468007109,3.9391207514286983,3.8050937133622886,3.893270468007107,1.0231733463843928,1.0352230583955788
0.45,6,2,2,homogeneous,flat,1.2100000000000002,1.2100000000000002,1.2100000000000004,1.2100000000000004,0.9999999999999998,0.9999999999999998
0.45,6,2,2,homogeneous,log_uniform,2.2535868616674692,2.2535868616674692,2.2535868616674692,2.2535868616674692,1.0,1.0
0.45,6,2,2,homogeneous,log_uniform,1.760834239306759,1.9064595339978028,1.5818855075229068,1.9064595339978032,1.1131236938026383,1.2051817435151488
0.45,6,2,2,homogeneous,log_uniform,2.015579329733906,2.015579329733906,2.020457609109822,2.020457609109822,0.9975855571757998,0.9975855571757998
0.45,6,2,2,beta_bimodal,flat,2.7230973401664484,2.7230973401664484,2.718275521841471,2.718275521841471,1.0017738519462924,1.0017738519462924
0.45,6,2,2,beta_bimodal,flat,2.9559453572936,2.9559453572936003,2.965246855793075,2.965246855793075,0.9968631621744061,0.9968631621744062
0.45,6,2,2,beta_bimodal,flat,2.627874348842456,2.627874348842456,2.628740225200149,2.628740225200149,0.9996706116681321,0.9996706116681321
0.45,6,2,2,beta_bimodal,log_uniform,3.63041192843412,3.63041192843412,3.6964569668965566,3.696456966896557,0.9821328804707048,0.9821328804707048
0.45,6,2,2,beta_bimodal,log_uniform,4.016715838108827,4.016715838108827,4.254655252089671,4.254655252089671,0.9440755126131594,0.9440755126131594
0.45,6,2,2,beta_bimodal,log_uniform,2.591835462920971,2.591835462920971,2.5717333724361002,2.652669276325116,1.0078165531078476,1.0078165531078476
0.45,6,2,3,homogeneous,flat,1.2100000000000002,1.2100000000000002,1.2100000000000004,1.2100000000000004,0.9999999999999998,0.9999999999999998
0.45,6,2,3,homogeneous,log_uniform,2.02196619853296,2.02196619853296,2.021966198532961,2.021966198532961,0.9999999999999993,0.9999999999999993
0.45,6,2,3,homogeneous,log_uniform,2.282605582607351,2.2826055826073515,2.282605582607352,2.282605582607352,0.9999999999999996,0.9999999999999998
0.45,6,2,3,homogeneous,log_uniform,2.260814679450065,2.260814679450065,1.7988572094036894,2.2608146794500654,1.2568060809003911,1.2568060809003911
0.45,6,2,3,beta_bimodal,flat,2.5982475894931625,2.5982475894931625,2.6878250375491293,2.6878250375491293,0.9666728872584477,0.9666728872584477
0.45,6,2,3,beta_bimodal,flat,2.9561219631620426,2.9561219631620426,2.9327321404887563,2.9327321404887563,1.0079754377668424,1.0079754377668424
0.45,6,2,3,beta_bimodal,flat,2.8409954573335954,2.8409954573335954,2.7919192893252127,2.7919192893252127,1.0175779322117309,1.0175779322117309
0.45,6,2,3,beta_bimodal,log_uniform,2.079406744685795,2.079406744685795,2.172697119577595,2.183750560588296,0.9570624114833194,0.9570624114833194
0.45,6,2,3,beta_bimodal,log_uniform,3.4358159162328277,3.4358159162328277,3.376560813505615,3.376560813505615,1.0175489517292873,1.0175489517292873
0.45,6,2,3,beta_bimodal,log_uniform,3.437929811945581,3.437929811945581,3.444493682293651,3.444493682293651,0.9980943874619915,0.9980943874619915
0.45,6,3,2,homogeneous,flat,1.8150000000000004,1.8607875000000005,1.8149999999999997,1.815,1.0000000000000004,1.025227272727273
0.45,6,3,2,homogeneous,log_uniform,2.617032006613059,2.662942068052116,2.232471303785053,2.6629420680521174,1.1722578481416541,1.1928225296948811
0.45,6,3,2,homogeneous,log_uniform,2.6208276841970912,2.6638264735493427,2.620827684197092,2.620827684197092,0.9999999999999997,1.0164065686620765
0.45,6,3,2,homogeneous,log_uniform,2.5988068034671294,2.6102775210557736,2.3688363759601727,2.5988068034671308,1.0970816008403035,1.1019239435639518
0.45,6,3,2,beta_bimodal,flat,2.132174314237362,2.1695900477742645,2.115340674825053,2.115340674825053,1.0079578857498692,1.0256456908311935
0.45,6,3,2,beta_bimodal,flat,3.001450815316389,3.022576751687022,2.9886474932642653,2.9886474932642653,1.004283985341523,1.0113527133926719
0.45,6,3,2,beta_bimodal,flat,2.9908853141249954,3.004238860754344,2.987796460529882,2.987796460529882,1.001033823299518,1.0055031861914536
0.45,6,3,2,beta_bimodal,log_uniform,2.069710178568968,2.069710178568968,2.0656081089876417,2.0656081089876417,1.0019858895612765,1.0019858895612765
0.45,6,3,2,beta_bimodal,log_uniform,2.151225573426491,2.186390691417999,2.1272493986072334,2.1721837421491696,1.011270975013534,1.0278017673195663
0.45,6,3,2,beta_bimodal,log_uniform,2.631281991585241,2.7481241259640248,2.9533543085325955,2.9533543085325955,0.890946942594443,0.9305094610641074
0.45,6,3,3,homogeneous,flat,1.7600000000000005,1.8916631250000004,1.8149999999999997,1.815,0.9696969696969701,1.0422386363636367
0.45,6,3,3,homogeneous,log_uniform,2.4356250769402226,2.613251778750276,2.290966148193484,2.613251778750276,1.0631431978428871,1.1406767318718027
0.45,6,3,3,homogeneous,log_uniform,2.1066177338603276,2.182282132008985,2.1592365345850637,2.1592365345850637,0.9756308306746728,1.010673030515552
0.45,6,3,3,homogeneous,log_uniform,2.4005484819356218,2.45474242441024,2.312263617374288,2.454742424410241,1.0381811415869557,1.0616187557358814
0.45,6,3,3,beta_bimodal,flat,2.7792138283135164,2.7792138283135164,2.858621701641152,2.858621701641152,0.9722216223006888,0.9722216223006888
0.45,6,3,3,beta_bimodal,flat,2.865865331145142,2.873110553173348,2.6853918177734823,2.874964999853112,1.0672056540044477,1.0699036670021238
0.45,6,3,3,beta_bimodal,flat,3.068036807584064,3.0760632208769416,3.0928525071062585,3.2308449646903106,0.9919764361652627,0.9945715852305466
0.45,6,3,3,beta_bimodal,log_uniform,2.355301940096564,2.364418203654952,2.4018073825215813,2.4230123903910115,0.9806373138980893,0.9844328986834175
0.45,6,3,3,beta_bimodal,log_uniform,1.9111013904370409,1.9830090793693984,2.000274709839704,2.0258018533151048,0.9554194636546651,0.9913683703616444
0.45,6,3,3,beta_bimodal,log_uniform,4.44548892949156,4.455332412457598,4.322045069398567,4.400610437451341,1.0285614467482105,1.0308389526066601
0.5,4,2,2,homogeneous,flat,1.0,1.0,1.0,1.0,1.0,1.0
0.5,4,2,2,homogeneous,log_uniform,1.5688758828703575,1.5688758828703575,1.5688758828703575,1.5688758828703575,1.0,1.0
0.5,4,2,2,homogeneous,log_uniform,1.3126721411235491,1.3126721411235491,1.3126721411235491,1.3126721411235491,1.0,1.0
0.5,4,2,2,homogeneous,log_uniform,1.1749861305432685,1.1749861305432685,1.1749861305432685,1.1749861305432685,1.0,1.0
0.5,4,2,2,beta_bimodal,flat,1.9591267202712304,1.9591267202712304,1.904618226185771,1.904618226185771,1.0286191181707944,1.0286191181707944
0.5,4,2,2,beta_bimodal,flat,1.7414553240138997,1.7414553240138997,1.5952661380405657,1.5956010080693237,1.0916393713169987,1.0916393713169987
0.5,4,2,2,beta_bimodal,flat,1.4864353640640464,1.4864353640640464,1.402553807635324,1.4116365571358702,1.059806301884521,1.059806301884521
0.5,4,2,2,beta_bimodal,log_uniform,1.4774000183150622,1.4774000183150622,1.4091460517846555,1.411486881874129,1.048436403340849,1.048436403340849
0.5,4,2,2,beta_bimodal,log_uniform,1.8218002661543653,1.8218002661543653,1.8501541533918533,1.8501541533918533,0.9846748514519683,0.9846748514519683
0.5,4,2,2,beta_bimodal,log_uniform,1.9808150412181291,1.9808150412181291,1.8620564732011575,1.908577476514849,1.0637781773679547,1.0637781773679547
0.5,4,2,3,homogeneous,flat,1.0,1.0,1.0,1.0,1.0,1.0
0.5,4,2,3,homogeneous,log_uniform,1.4804700638762571,1.4804700638762576,1.4804700638762576,1.4804700638762576,0.9999999999999997,1.0
0.5,4,2,3,homogeneous,log_uniform,1.306419785891724,1.3064197858917244,1.3064197858917241,1.306419785891724,0.9999999999999998,1.0000000000000002
0.5,4,2,3,homogeneous,log_uniform,1.7389077199419165,1.7389077199419165,1.7389077199419156,1.7389077199419156,1.0000000000000004,1.0000000000000004
0.5,4,2,3,beta_bimodal,flat,1.533469435731074,1.533469435731074,1.5759138486314008,1.5759138486314008,0.9730667936339366,0.9730667936339366
0.5,4,2,3,beta_bimodal,flat,1.6154183877000463,1.6154183877000463,1.686526386544709,1.686526386544709,0.9578376007562229,0.9578376007562229
0.5,4,2,3,beta_bimodal,flat,1.9557062431785657,1.955706243178566,1.9566700364300715,1.9566700364300715,0.9995074318952294,0.9995074318952295
0.5,4,2,3,beta_bimodal,log_uniform,2.456238122211841,2.456238122211841,2.4149578253780994,2.45623812221184,1.0170935891301864,1.0170935891301864
0.5,4,2,3,beta_bimodal,log_uniform,1.157653624718335,1.157653624718335,1.252833322329392,1.252833322329392,0.9240284434372409,0.9240284434372409
0.5,4,2,3,beta_bimodal,log_uniform,1.9673229942494843,1.9673229942494848,1.939615420961987,1.9673229942494848,1.0142850860990553,1.0142850860990555
0.5,4,3,2,homogeneous,flat,1.5,1.625,1.5,1.5,1.0,1.0833333333333333
0.5,4,3,2,homogeneous,log_uniform,1.7739911732307916,1.815631500280473,1.7739911732307911,1.7739911732307911,1.0000000000000002,1.0234726799535572
0.5,4,3,2,homogeneous,log_uniform,1.81901135893014,1.8413268216976884,1.8190113589301395,1.8190113589301395,1.0000000000000002,1.012267907321191
0.5,4,3,2,homogeneous,log_uniform,1.8990516522140144,1.8996765024246096,1.8990516522140146,1.8990516522140144,0.9999999999999999,1.0003290327621508
0.5,4,3,2,beta_bimodal,flat,1.7316613474148403,1.8325603971220017,1.7316613474148406,1.7316613474148406,0.9999999999999999,1.0582671951751947
0.5,4,3,2,beta_bimodal,flat,1.6616274682440857,1.7924922418732454,1.6616274682440857,1.6616274682440857,1.0,1.0787569874295893
0.5,4,3,2,beta_bimodal,flat,1.859975987732638,1.859975987732638,1.6248994211649093,1.7534583001335906,1.144671456894975,1.144671456894975
0.5,4,3,2,beta_bimodal,log_uniform,2.4166401561563036,2.416640156156304,2.416640156156304,2.416640156156304,0.9999999999999998,1.0
0.5,4,3,2,beta_bimodal,log_uniform,1.1739355811719383,1.1739355811719383,1.1622776048939456,1.1622983024966789,1.0100302855607861,1.0100302855607861
0.5,4,3,2,beta_bimodal,log_uniform,2.2024603877396847,2.2024603877396847,2.2024603877396847,2.2024603877396847,1.0,1.0
0.5,4,3,3,homogeneous,flat,1.5,1.5,1.5,1.5,1.0,1.0
0.5,4,3,3,homogeneous,log_uniform,1.7215579756515544,1.7215579756515544,1.7215579756515544,1.7215579756515544,1.0,1.0
0.5,4,3,3,homogeneous,log_uniform,1.7865523769649991,1.7865523769649994,1.7865523769649991,1.7865523769649991,1.0,1.0000000000000002
0.5,4,3,3,homogeneous,log_uniform,1.9215531816546836,1.921553181654684,1.9215531816546838,1.921553181654684,0.9999999999999999,1.0000000000000002
0.5,4,3,3,beta_bimodal,flat,1.8343707874706676,1.8441018727084877,1.730816168735351,1.8343707874706672,1.0598299349208071,1.065452187251007
0.5,4,3,3,beta_bimodal,flat,1.934872912757448,1.945558207293288,1.9347406815214385,1.9348729127574475,1.000068345715409,1.0055912018986146
0.5,4,3,3,beta_bimodal,flat,1.991590068865856,1.9934754272534303,1.9915238711150904,1.9915900688658557,1.000033239747575,1.0009799310802372
0.5,4,3,3,beta_bimodal,log_uniform,1.639210439178702,1.6402144801982963,1.603951777536833,1.639210439178702,1.0219823701283683,1.0226083496831504
0.5,4,3,3,beta_bimodal,log_uniform,2.3258771126592164,2.3294972745944404,2.3258771126592164,2.3258771126592164,1.0,1.001556471713626
0.5,4,3,3,beta_bimodal,log_uniform,1.9057101097197928,1.9058074950947463,1.905411419711229,1.9058074950947468,1.0001567588004743,1.0002078686940887
0.5,5,2,2,homogeneous,flat,1.0,1.0,1.0,1.0,1.0,1.0
0.5,5,2,2,homogeneous,log_uniform,1.887991642191157,1.887991642191157,1.8879916421911567,1.887991642191157,1.0000000000000002,1.0000000000000002
0.5,5,2,2,homogeneous,log_uniform,1.5423192277881288,1.5423192277881288,1.542319227788129,1.542319227788129,0.9999999999999999,0.9999999999999999
0.5,5,2,2,homogeneous,log_uniform,1.8032283824303752,1.8032283824303752,1.8032283824303754,1.8032283824303752,0.9999999999999999,0.9999999999999999
0.5,5,2,2,beta_bimodal,flat,1.8903142464189544,1.8903142464189544,1.863779346809086,1.863779346809086,1.014237146503044,1.014237146503044
0.5,5,2,2,beta_bimodal,flat,1.8124468234371789,1.8124468234371789,1.8021534762890317,1.8021534762890317,1.005711692862776,1.005711692862776
0.5,5,2,2,beta_bimodal,flat,2.2541748615402133,2.2541748615402133,2.295186473053331,2.295186473053331,0.982131468621563,0.982131468621563
0.5,5,2,2,beta_bimodal,log_uniform,1.3572722144252094,1.3572722144252094,1.4065683923035,1.4065683923035,0.9649528752757202,0.9649528752757202
0.5,5,2,2,beta_bimodal,log_uniform,1.8849115121440885,1.8849115121440885,1.8692224219523796,1.8692224219523796,1.008393377913433,1.008393377913433
0.5,5,2,2,beta_bimodal,log_uniform,2.985851890937248,2.985851890937248,2.872961467482578,2.872961467482578,1.0392940959119752,1.0392940959119752
0.5,5,2,3,homogeneous,flat,1.0,1.0,1.0,1.0,1.0,1.0
0.5,5,2,3,homogeneous,log_uniform,1.747755818872037,1.747755818872037,1.747755818872037,1.747755818872037,1.0,1.0
0.5,5,2,3,homogeneous,log_uniform,1.7291362366458878,1.7291362366458878,1.729136236645888,1.729136236645888,0.9999999999999999,0.9999999999999999
0.5,5,2,3,homogeneous,log_uniform,1.473580205272239,1.473580205272239,1.4735802052722387,1.4735802052722389,1.0000000000000002,1.0000000000000002
0.5,5,2,3,beta_bimodal,flat,1.7926333355072157,1.8198021051354272,2.1648336260800116,2.1648336260800116,0.8280697943302182,0.8406198440434646
0.5,5,2,3,beta_bimodal,flat,1.9329490571771568,1.9329490571771568,2.234556272546159,2.234556272546159,0.8650259028718321,0.8650259028718321
0.5,5,2,3,beta_bimodal,flat,1.8679525607916396,1.86795256079164,2.0984506604759914,2.0984506604759914,0.8901579608109214,0.8901579608109216
0.5,5,2,3,beta_bimodal,log_uniform,1.9433252914329056,2.001919359892503,2.0221093437069713,2.0221093437069713,0.9610386784872685,0.9900153847380697
0.5,5,2,3,beta_bimodal,log_uniform,3.1506968070865984,3.1506968070865984,3.17772035581169,3.17772035581169,0.9914959323983091,0.9914959323983091
0.5,5,2,3,beta_bimodal,log_uniform,2.7536765356804147,2.7536765356804147,2.7536765356804147,2.7536765356804147,1.0,1.0
0.5,5,3,2,homogeneous,flat,1.5,1.625,1.5,1.5,1.0,1.0833333333333333
0.5,5,3,2,homogeneous,log_uniform,2.128855503988337,2.128855503988337,2.128855503988336,2.128855503988336,1.0000000000000004,1.0000000000000004
0.5,5,3,2,homogeneous,log_uniform,1.8635199255044093,1.913266407736971,1.863519925504409,1.863519925504409,1.0000000000000002,1.0266949022394256
0.5,5,3,2,homogeneous,log_uniform,2.170482283547454,2.197219219804889,2.170482283547454,2.170482283547454,1.0,1.012318431004991
0.5,5,3,2,beta_bimodal,flat,2.4705402659176383,2.4705402659176383,2.4389121245206073,2.442991178190811,1.01296813488237,1.01296813488237
0.5,5,3,2,beta_bimodal,flat,2.3869821812315237,2.3869821812315237,2.3479219136043685,2.3479219136043685,1.016636101652628,1.016636101652628
0.5,5,3,2,beta_bimodal,flat,2.165979250024076,2.165979250024076,2.094175941636181,2.094175941636181,1.0342871422406827,1.0342871422406827
0.5,5,3,2,beta_bimodal,log_uniform,2.0241161983402423,2.0241161983402427,2.0678096127723533,2.0678096127723533,0.9788697111367374,0.9788697111367376
0.5,5,3,2,beta_bimodal,log_uniform,2.143125883627684,2.1437294562046203,2.2228744777263576,2.2228744777263576,0.9641236628978512,0.9643951908599491
0.5,5,3,2,beta_bimodal,log_uniform,2.19395305803897,2.2155521148532165,2.2599768024136213,2.3022538779364616,0.9707856539482446,0.9803428568324418
0.5,5,3,3,homogeneous,flat,1.5,1.625,1.5,1.5,1.0,1.0833333333333333
0.5,5,3,3,homogeneous,log_uniform,1.9854102422683944,1.9854102422683944,1.9854102422683946,1.9854102422683944,0.9999999999999999,0.9999999999999999
0.5,5,3,3,homogeneous,log_uniform,2.2072962567901127,2.207296256790113,2.2072962567901127,2.2072962567901127,1.0,1.0000000000000002
0.5,5,3,3,homogeneous,log_uniform,2.087278922253048,2.087278922253048,2.087278922253048,2.087278922253048,1.0,1.0
0.5,5,3,3,beta_bimodal,flat,2.3556477857274687,2.368568389327212,2.4427689162289172,2.4427689162289172,0.9643350912472131,0.9696244182539158
0.5,5,3,3,beta_bimodal,flat,2.289066743955349,2.3018860078748906,2.311060772686416,2.311060772686416,0.9904831456658316,0.996030063371782
0.5,5,3,3,beta_bimodal,flat,2.0965563659566593,2.114696783294999,1.9818474439361735,2.112896323426379,1.0578797941140519,1.0670330805558734
0.5,5,3,3,beta_bimodal,log_uniform,2.997591462023297,3.0328830041110493,2.9620836086316844,2.997591462023297,1.0119874581825241,1.0239018896269678
0.5,5,3,3,beta_bimodal,log_uniform,2.6390154709981086,2.6390154709981086,2.7135967540244543,2.7135967540244543,0.9725157089329001,0.9725157089329001
0.5,5,3,3,beta_bimodal,log_uniform,2.1087808208273007,2.1087808208273007,2.0772211553285214,2.142988305028797,1.0151932139810063,1.0151932139810063
0.5,6,2,2,homogeneous,flat,1.0,1.0,1.0,1.0,1.0,1.0
0.5,6,2,2,homogeneous,log_uniform,1.735743824975463,1.735743824975463,1.735743824975464,1.735743824975464,0.9999999999999994,0.9999999999999994
0.5,6,2,2,homogeneous,log_uniform,1.6763155002880712,1.6763155002880712,1.6763155002880716,1.6763155002880716,0.9999999999999998,0.9999999999999998
0.5,6,2,2,homogeneous,log_uniform,1.603198830137735,1.603198830137735,1.6031988301377347,1.603198830137735,1.0000000000000002,1.0000000000000002
0.5,6,2,2,beta_bimodal,flat,2.1894087081932336,2.1894087081932336,2.2155103049595954,2.215510304959595,0.988218697648153,0.988218697648153
0.5,6,2,2,beta_bimodal,flat,2.413084561937875,2.413084561937875,2.413765970909136,2.413765970909136,0.9997176988243792,0.9997176988243792
0.5,6,2,2,beta_bimodal,flat,2.573485679961099,2.573485679961099,2.574191540970028,2.574191540970028,0.999725793128563,0.999725793128563
0.5,6,2,2,beta_bimodal,log_uniform,2.3976543582615704,2.448620102394324,2.657714386255151,2.657714386255151,0.9021489933837407,0.9213255250668787
0.5,6,2,2,beta_bimodal,log_uniform,2.753789886111892,2.8218814229845104,2.880203267378441,2.880203267378441,0.9561095625790292,0.9797507887535261
0.5,6,2,2,beta_bimodal,log_uniform,2.2699625040080744,2.3245889623932254,2.3376519612408977,2.3376519612408977,0.9710438258752206,0.9944119145774215
0.5,6,2,3,homogeneous,flat,1.0,1.0,1.0,1.0,1.0,1.0
0.5,6,2,3,homogeneous,log_uniform,1.6646317940851982,1.6646317940851982,1.6646317940851976,1.6646317940851976,1.0000000000000004,1.0000000000000004
0.5,6,2,3,homogeneous,log_uniform,1.5876496419381725,1.5876496419381727,1.5876496419381716,1.5876496419381716,1.0000000000000007,1.0000000000000007
0.5,6,2,3,homogeneous,log_uniform,1.804131564886518,1.804131564886518,1.8041315648865184,1.8041315648865184,0.9999999999999998,0.9999999999999998
0.5,6,2,3,beta_bimodal,flat,2.096271133330021,2.096271133330021,2.2336091770321946,2.233609177032194,0.938512947961355,0.938512947961355
0.5,6,2,3,beta_bimodal,flat,1.870300922790568,1.870300922790568,2.114162702900503,2.114162702900503,0.8846532578711319,0.8846532578711319
0.5,6,2,3,beta_bimodal,flat,2.8544893469658184,2.8544893469658184,2.8004542518786772,2.8686791937784024,1.0192951179441305,1.0192951179441305
0.5,6,2,3,beta_bimodal,log_uniform,1.606341818976845,1.606341818976845,1.8525968780054034,1.927021429676295,0.8670757454294705,0.8670757454294705
0.5,6,2,3,beta_bimodal,log_uniform,1.541832631076929,1.6351970207993998,1.6065062052270702,1.6351970207993995,0.959742717494826,1.0178591377232025
0.5,6,2,3,beta_bimodal,log_uniform,2.9753373906956826,2.9753373906956826,2.8748819690948695,2.957451975706267,1.0349424507443137,1.0349424507443137
0.5,6,3,2,homogeneous,flat,1.5,1.625,1.5,1.5,1.0,1.0833333333333333
0.5,6,3,2,homogeneous,log_uniform,2.4440841060344267,2.4440841060344267,2.4440841060344276,2.4440841060344276,0.9999999999999997,0.9999999999999997
0.5,6,3,2,homogeneous,log_uniform,2.2043129281473615,2.2691366954621697,2.2043129281473606,2.204312928147361,1.0000000000000004,1.0294076972861068
0.5,6,3,2,homogeneous,log_uniform,2.511437797160897,2.511437797160897,2.511437797160899,2.511437797160899,0.9999999999999993,0.9999999999999993
0.5,6,3,2,beta_bimodal,flat,2.4611265578738135,2.485790382356165,2.480226841089687,2.480226841089687,0.9922989772953664,1.0022431582362983
0.5,6,3,2,beta_bimodal,flat,2.9157409023430225,2.9157409023430225,2.9086783140280055,2.9086783140280055,1.0024281091109166,1.0024281091109166
0.5,6,3,2,beta_bimodal,flat,2.666938912529034,2.684457260121773,2.627866181606259,2.627866181606259,1.0148686151510546,1.0215349925013775
0.5,6,3,2,beta_bimodal,log_uniform,1.144052372491745,1.144052372491745,1.1806492501137393,1.1806492501137391,0.9690027519871218,0.9690027519871218
0.5,6,3,2,beta_bimodal,log_uniform,2.3931427316666114,2.3931427316666114,2.4891068558842067,2.4891068558842067,0.9614463621797764,0.9614463621797764
0.5,6,3,2,beta_bimodal,log_uniform,2.1979284949912676,2.197928494991268,2.1239193378760866,2.1239193378760866,1.034845559242937,1.0348455592429373
0.5,6,3,3,homogeneous,flat,1.5,1.625,1.5,1.5,1.0,1.0833333333333333
0.5,6,3,3,homogeneous,log_uniform,2.6675250682267624,2.6675250682267624,2.667525068226765,2.667525068226765,0.999999999999999,0.999999999999999
0.5,6,3,3,homogeneous,log_uniform,2.049231821143274,2.049231821143274,2.0492318211432736,2.0492318211432736,1.0000000000000002,1.0000000000000002
0.5,6,3,3,homogeneous,log_uniform,1.9018701464560752,1.9365325033881544,1.9018701464560757,1.9018701464560757,0.9999999999999998,1.0182254067117402
0.5,6,3,3,beta_bimodal,flat,2.564068812333164,2.564068812333164,2.5216789000398183,2.5216789000398183,1.0168101943085126,1.0168101943085126
0.5,6,3,3,beta_bimodal,flat,2.5823397960757233,2.5823397960757233,2.62853074243901,2.62853074243901,0.9824270853608408,0.9824270853608408
0.5,6,3,3,beta_bimodal,flat,2.4068566383785415,2.46663565540527,2.6382183659607628,2.6382183659607628,0.9123037991974686,0.9349626578416275
0.5,6,3,3,beta_bimodal,log_uniform,3.2672015520178883,3.2672015520178883,3.227275542872332,3.227275542872332,1.0123714286602319,1.0123714286602319
0.5,6,3,3,beta_bimodal,log_uniform,2.8852912807450837,2.9668948723337705,3.064938706526018,3.064938706526018,0.9413862908910967,0.9680111599023211
0.5,6,3,3,beta_bimodal,log_uniform,2.1358012920078058,2.135943640743779,2.1677213657730494,2.1817428709058397,0.9852748262441652,0.9853404936948906
0.55,4,2,2,homogeneous,flat,0.8999999999999999,0.8999999999999999,0.9,0.9,0.9999999999999999,0.9999999999999999
0.55,4,2,2,homogeneous,log_uniform,1.0744470695086623,1.0744470695086623,1.0744470695086625,1.0744470695086623,0.9999999999999998,0.9999999999999998
0.55,4,2,2,homogeneous,log_uniform,1.403303992983721,1.4033039929837212,1.403303992983721,1.403303992983721,1.0,1.0000000000000002
0.55,4,2,2,homogeneous,log_uniform,1.395583723512824,1.395583723512824,1.3955837235128241,1.395583723512824,0.9999999999999999,0.9999999999999999
0.55,4,2,2,beta_bimodal,flat,1.6851443598013929,1.6851443598013929,1.5506791288087034,1.5835467064511115,1.0867137684996067,1.0867137684996067
0.55,4,2,2,beta_bimodal,flat,1.741962820205834,1.741962820205834,1.6676666378040021,1.6938990104630558,1.0445509796248402,1.0445509796248402
0.55,4,2,2,beta_bimodal,flat,1.406539061251303,1.406539061251303,1.2804705761388337,1.3717510578372798,1.09845480830385,1.09845480830385
0.55,4,2,2,beta_bimodal,log_uniform,1.883302936877301,1.899583473859197,1.8833029368773009,1.8833029368773009,1.0000000000000002,1.0086446724332576
0.55,4,2,2,beta_bimodal,log_uniform,1.9388841398726635,1.9388841398726635,1.9284964431075744,1.928804639264527,1.0053864225688436,1.0053864225688436
0.55,4,2,2,beta_bimodal,log_uniform,1.281395011610731,1.281395011610731,1.461306622158912,1.461306622158912,0.8768830525913979,0.8768830525913979
0.55,4,2,3,homogeneous,flat,0.8999999999999999,0.8999999999999999,0.9,0.9,0.9999999999999999,0.9999999999999999
0.55,4,2,3,homogeneous,log_uniform,1.2273023888931975,1.2273023888931975,1.2273023888931975,1.2273023888931975,1.0,1.0
0.55,4,2,3,homogeneous,log_uniform,1.344582177408783,1.344582177408783,1.3445821774087827,1.3445821774087827,1.0000000000000002,1.0000000000000002
0.55,4,2,3,homogeneous,log_uniform,1.4559207855030394,1.4559207855030396,1.4559207855030396,1.4559207855030396,0.9999999999999999,1.0
0.55,4,2,3,beta_bimodal,flat,1.626934747536788,1.626934747536788,1.6215015816652303,1.626934747536788,1.003350700321845,1.003350700321845
0.55,4,2,3,beta_bimodal,flat,1.2831444646899812,1.2831444646899812,1.1928504201513386,1.2831444646899812,1.0756960328078577,1.0756960328078577
0.55,4,2,3,beta_bimodal,flat,1.6696748888516195,1.66967488885162,1.6437515481228222,1.66967488885162,1.015770838821963,1.0157708388219633
0.55,4,2,3,beta_bimodal,log_uniform,2.6437895006222165,2.643789500622217,2.643789500622217,2.643789500622217,0.9999999999999998,1.0
0.55,4,2,3,beta_bimodal,log_uniform,1.5951275502137476,1.5951275502137476,1.4045221450389187,1.595127550213748,1.1357083659008789,1.1357083659008789
0.55,4,2,3,beta_bimodal,log_uniform,1.82580966661366,1.82580966661366,1.6997134161211886,1.8258096666136592,1.0741867713089115,1.0741867713089115
0.55,4,3,2,homogeneous,flat,1.35,1.465875,1.35,1.35,1.0,1.0858333333333332
0.55,4,3,2,homogeneous,log_uniform,1.6747251751636465,1.6747251751636467,1.6747251751636465,1.6747251751636465,1.0,1.0000000000000002
0.55,4,3,2,homogeneous,log_uniform,1.6971457063975175,1.6971457063975175,1.6971457063975177,1.6971457063975175,0.9999999999999999,0.9999999999999999
0.55,4,3,2,homogeneous,log_uniform,1.7222970868677625,1.7222970868677625,1.722297086867763,1.722297086867763,0.9999999999999998,0.9999999999999998
0.55,4,3,2,beta_bimodal,flat,1.7478126005482335,1.7478126005482335,1.6398931283805298,1.7151258307100354,1.0658088446740912,1.0658088446740912
0.55,4,3,2,beta_bimodal,flat,1.778603457728388,1.7893707382534108,1.7165237567822969,1.78937073825341,1.036165943349635,1.0424386677919733
0.55,4,3,2,beta_bimodal,flat,1.79994934669182,1.7999493466918202,1.7999493466918204,1.7999493466918204,0.9999999999999998,0.9999999999999999
0.55,4,3,2,beta_bimodal,log_uniform,2.5875946342281484,2.5875946342281484,2.5627590319740405,2.5750054904330564,1.0096909627258157,1.0096909627258157
0.55,4,3,2,beta_bimodal,log_uniform,1.737755949307848,1.737755949307848,1.7323797157451237,1.736425822340056,1.003103380577515,1.003103380577515
0.55,4,3,2,beta_bimodal,log_uniform,2.481601828156821,2.481601828156821,2.470013641840914,2.47961199589271,1.0046915474957743,1.0046915474957743
0.55,4,3,3,homogeneous,flat,1.35,1.4658749999999996,1.35,1.35,1.0,1.085833333333333
0.55,4,3,3,homogeneous,log_uniform,1.5003771275690343,1.5003771275690343,1.5003771275690343,1.5003771275690343,1.0,1.0
0.55,4,3,3,homogeneous,log_uniform,1.5686887601797062,1.5686887601797062,1.5686887601797062,1.5686887601797062,1.0,1.0
0.55,4,3,3,homogeneous,log_uniform,1.698372198026178,1.698372198026178,1.6983721980261781,1.698372198026178,0.9999999999999999,0.9999999999999999
0.55,4,3,3,beta_bimodal,flat,1.7771793070377135,1.7771793070377138,1.6156070624849477,1.7771793070377138,1.100007141776326,1.1000071417763262
0.55,4,3,3,beta_bimodal,flat,1.7989982958159356,1.798998295815936,1.651887275870441,1.7989982958159358,1.089056330958162,1.0890563309581622
0.55,4,3,3,beta_bimodal,flat,1.7999173346369606,1.799917564137007,1.799864879411455,1.7999173346369604,1.0000291439796984,1.0000292714892962
0.55,4,3,3,beta_bimodal,log_uniform,1.229297350688535,1.229297350688535,1.2292973506885352,1.2292973506885352,0.9999999999999998,0.9999999999999998
0.55,4,3,3,beta_bimodal,log_uniform,1.573536149567827,1.5737531084184675,1.5733179208709267,1.5733468345925783,1.0001387060390055,1.0002766049644307
0.55,4,3,3,beta_bimodal,log_uniform,1.2300040786944584,1.2300040786944584,1.1949988650062109,1.2300040786944582,1.0292930936700644,1.0292930936700644
0.55,5,2,2,homogeneous,flat,0.8999999999999999,0.8999999999999999,0.8999999999999999,0.8999999999999999,1.0,1.0
0.55,5,2,2,homogeneous,log_uniform,1.275318999940298,1.2753189999402983,1.2753189999402978,1.2753189999402978,1.0000000000000002,1.0000000000000004
0.55,5,2,2,homogeneous,log_uniform,1.6361424707379413,1.6361424707379413,1.6361424707379413,1.6361424707379413,1.0,1.0
0.55,5,2,2,homogeneous,log_uniform,1.3664343937437975,1.3664343937437975,1.3664343937437973,1.3664343937437973,1.0000000000000002,1.0000000000000002
0.55,5,2,2,beta_bimodal,flat,2.0093389892507565,2.0093389892507565,1.9699012374347133,1.9699012374347131,1.0200201670350746,1.0200201670350746
0.55,5,2,2,beta_bimodal,flat,2.0757259603943305,2.0757259603943305,2.0787002888607335,2.0787002888607335,0.9985691403025526,0.9985691403025526
0.55,5,2,2,beta_bimodal,flat,2.078575369871044,2.078575369871044,2.0830277333275213,2.0830277333275213,0.9978625520029131,0.9978625520029131
0.55,5,2,2,beta_bimodal,log_uniform,2.100136123955898,2.100136123955898,2.07195039089695,2.07195039089695,1.0136034787236128,1.0136034787236128
0.55,5,2,2,beta_bimodal,log_uniform,1.2826371963519858,1.2826371963519858,1.2554973889969478,1.2554973889969478,1.0216167772174507,1.0216167772174507
0.55,5,2,2,beta_bimodal,log_uniform,1.143658902373498,1.1436589023734982,1.2232537279126348,1.2232537279126348,0.9349318757646807,0.934931875764681
0.55,5,2,3,homogeneous,flat,0.8999999999999999,0.8999999999999999,0.8999999999999999,0.8999999999999999,1.0,1.0
0.55,5,2,3,homogeneous,log_uniform,1.3864104359265337,1.3864104359265337,1.3864104359265337,1.3864104359265337,1.0,1.0
0.55,5,2,3,homogeneous,log_uniform,1.7379507431013193,1.7379507431013193,1.7379507431013188,1.7379507431013188,1.0000000000000002,1.0000000000000002
0.55,5,2,3,homogeneous,log_uniform,1.6901611118902986,1.6901611118902986,1.6901611118902982,1.6901611118902982,1.0000000000000002,1.0000000000000002
0.55,5,2,3,beta_bimodal,flat,1.923960624461877,1.923960624461877,2.138821200051945,2.138821200051945,0.8995425257684702,0.8995425257684702
0.55,5,2,3,beta_bimodal,flat,1.5112027185632195,1.5112027185632195,1.5828868702106136,1.5828868702106136,0.9547130290885185,0.9547130290885185
0.55,5,2,3,beta_bimodal,flat,1.995955414282279,1.9959554142822793,2.1423972037018433,2.1423972037018433,0.9316458268492286,0.9316458268492287
0.55,5,2,3,beta_bimodal,log_uniform,1.0422215346526371,1.0422215346526371,1.0422215346526371,1.1509701677069522,1.0,1.0
0.55,5,2,3,beta_bimodal,log_uniform,2.369030368156132,2.369030368156132,2.4432028022355996,2.4432028022355996,0.9696413109826177,0.9696413109826177
0.55,5,2,3,beta_bimodal,log_uniform,1.8856185328152535,1.8856185328152535,1.9410706140768816,1.9410706140768816,0.9714322184574415,0.9714322184574415
0.55,5,3,2,homogeneous,flat,1.35,1.4658749999999998,1.3500000000000003,1.3500000000000003,0.9999999999999999,1.085833333333333
0.55,5,3,2,homogeneous,log_uniform,1.8474147458981205,1.9286566946596664,1.8474147458981207,1.8474147458981207,0.9999999999999999,1.043976020512952
0.55,5,3,2,homogeneous,log_uniform,1.9251993757528796,1.9251993757528796,1.9251993757528791,1.9251993757528791,1.0000000000000002,1.0000000000000002
0.55,5,3,2,homogeneous,log_uniform,1.8629946003889528,1.8629946003889528,1.8629946003889526,1.8629946003889528,1.0000000000000002,1.0000000000000002
0.55,5,3,2,beta_bimodal,flat,2.096632880948856,2.249439714006285,2.096259255920277,2.249439714006285,1.0001782341699978,1.0730732411334114
0.55,5,3,2,beta_bimodal,flat,1.922548700701616,2.032925637971089,1.8466230151267204,2.032925637971088,1.0411159640884717,1.1008882816461507
0.55,5,3,2,beta_bimodal,flat,2.236248843782031,2.239809419222728,2.1979737518611917,2.239809419222728,1.0174138075527195,1.0190337429307836
0.55,5,3,2,beta_bimodal,log_uniform,2.351934512933925,2.351934512933925,2.263181754118631,2.302160487808259,1.039215921855935,1.039215921855935
0.55,5,3,2,beta_bimodal,log_uniform,2.0516957321601375,2.0516957321601375,1.971605463167083,1.975911860538084,1.0406218538593426,1.0406218538593426
0.55,5,3,2,beta_bimodal,log_uniform,3.2754873483230464,3.2754873483230464,3.22198614077155,3.22198614077155,1.0166050396289676,1.0166050396289676
0.55,5,3,3,homogeneous,flat,1.35,1.4658749999999998,1.3500000000000003,1.3500000000000003,0.9999999999999999,1.085833333333333
0.55,5,3,3,homogeneous,log_uniform,1.6393008222681245,1.639300822268125,1.6393008222681242,1.6393008222681242,1.0000000000000002,1.0000000000000004
0.55,5,3,3,homogeneous,log_uniform,1.6758779200237544,1.7358273002899511,1.6758779200237544,1.6758779200237544,1.0,1.0357719255978663
0.55,5,3,3,homogeneous,log_uniform,1.7384199960143631,1.7384199960143634,1.738419996014363,1.738419996014363,1.0000000000000002,1.0000000000000002
0.55,5,3,3,beta_bimodal,flat,2.078392502513431,2.0932407821221464,2.0746712974271078,2.078392502513431,1.0017936359802817,1.0089505671178212
0.55,5,3,3,beta_bimodal,flat,2.1350060441977474,2.14322687243153,2.101781175963549,2.135006044197747,1.0158079578474513,1.01971932042306
0.55,5,3,3,beta_bimodal,flat,2.1119286693395223,2.2327147032646355,2.225503266258444,2.225687767966095,0.9489667803948608,1.0032403623555743
0.55,5,3,3,beta_bimodal,log_uniform,2.561204339484416,2.5716424248645966,2.5545950039034055,2.5612043394844157,1.002587234207736,1.006673238198283
0.55,5,3,3,beta_bimodal,log_uniform,2.030953053380545,2.031493097423594,1.9318255361721564,2.030953053380545,1.0513128723853638,1.0515924235316432
0.55,5,3,3,beta_bimodal,log_uniform,1.452719359642263,1.4527193596422632,1.481564871046277,1.5265845120742985,0.9805303757076507,0.9805303757076508
0.55,6,2,2,homogeneous,flat,0.9,0.9,0.8999999999999997,0.8999999999999997,1.0000000000000004,1.0000000000000004
0.55,6,2,2,homogeneous,log_uniform,1.9295152897095016,1.9295152897095016,1.9295152897095018,1.9295152897095016,0.9999999999999999,0.9999999999999999
0.55,6,2,2,homogeneous,log_uniform,1.8050801412866615,1.8050801412866615,1.8050801412866615,1.8050801412866615,1.0,1.0
0.55,6,2,2,homogeneous,log_uniform,1.4982406220473992,1.4982406220473994,1.4982406220473994,1.4982406220473994,0.9999999999999999,1.0
0.55,6,2,2,beta_bimodal,flat,2.539638493007459,2.539638493007459,2.551533049941426,2.551533049941426,0.9953382704824301,0.9953382704824301
0.55,6,2,2,beta_bimodal,flat,2.2758550080364883,2.2758550080364883,2.2758550080364883,2.2758550080364883,1.0,1.0
0.55,6,2,2,beta_bimodal,flat,2.1826517260241807,2.1826517260241807,2.2072258784719163,2.2072258784719163,0.9888664985820352,0.9888664985820352
0.55,6,2,2,beta_bimodal,log_uniform,2.3184550056148967,2.3184550056148967,2.389320633198204,2.3921202456764563,0.9703406790203578,0.9703406790203578
0.55,6,2,2,beta_bimodal,log_uniform,2.259080445554432,2.259080445554432,2.2738192221811864,2.2738192221811864,0.9935180525861612,0.9935180525861612
0.55,6,2,2,beta_bimodal,log_uniform,2.195925876636741,2.195925876636741,2.279798508964378,2.279798508964378,0.9632105065435203,0.9632105065435203
0.55,6,2,3,homogeneous,flat,0.9,0.9,0.8999999999999997,0.8999999999999997,1.0000000000000004,1.0000000000000004
0.55,6,2,3,homogeneous,log_uniform,1.5000070494351432,1.5000070494351436,1.5000070494351436,1.5000070494351436,0.9999999999999997,1.0
0.55,6,2,3,homogeneous,log_uniform,1.8010536192332822,1.8010536192332822,1.8010536192332816,1.8010536192332816,1.0000000000000004,1.0000000000000004
0.55,6,2,3,homogeneous,log_uniform,1.832658980160066,1.832658980160066,1.8326589801600655,1.8326589801600657,1.0000000000000002,1.0000000000000002
0.55,6,2,3,beta_bimodal,flat,1.7418866099819328,1.7418866099819328,1.8384667741103466,1.8384667741103464,0.9474670059375155,0.9474670059375155
0.55,6,2,3,beta_bimodal,flat,1.881894960931516,1.881894960931516,2.2060011357194944,2.2060011357194944,0.8530797788178518,0.8530797788178518
0.55,6,2,3,beta_bimodal,flat,1.7673593932446674,1.7673593932446674,2.094271870662046,2.094271870662046,0.8439016051368563,0.8439016051368563
0.55,6,2,3,beta_bimodal,log_uniform,0.7853622124366122,0.7853622124366122,0.9456482978894293,0.9456482978894292,0.8305013758174621,0.8305013758174621
0.55,6,2,3,beta_bimodal,log_uniform,2.11865619692469,2.198216899286149,2.4329047417560727,2.4329047417560727,0.870834011937287,0.9035359508977217
0.55,6,2,3,beta_bimodal,log_uniform,1.917821641234864,1.9178216412348643,1.9178216412348645,1.9178216412348643,0.9999999999999998,0.9999999999999999
0.55,6,3,2,homogeneous,flat,1.35,1.465875,1.3499999999999994,1.3499999999999994,1.0000000000000004,1.0858333333333339
0.55,6,3,2,homogeneous,log_uniform,1.845752111710075,1.916159462345654,1.8457521117100752,1.8457521117100752,0.9999999999999999,1.0381456156484343
0.55,6,3,2,homogeneous,log_uniform,2.05356974314917,2.0894911386313217,2.05356974314917,2.05356974314917,1.0,1.0174921721563086
0.55,6,3,2,homogeneous,log_uniform,2.024317371914762,2.0613296555422163,2.0243173719147616,2.0243173719147616,1.0000000000000002,1.018283834413003
0.55,6,3,2,beta_bimodal,flat,2.5194615457883027,2.5194615457883027,2.4984101818986586,2.4984101818986586,1.0084259038176213,1.0084259038176213
0.55,6,3,2,beta_bimodal,flat,2.138488524889233,2.20297941877042,2.2257744275404816,2.2257744275404816,0.9607840302362981,0.9897586168265711
0.55,6,3,2,beta_bimodal,flat,2.613007699558178,2.6206247772040263,2.5842162754720297,2.6206247772040268,1.011141259483357,1.0140887982470996
0.55,6,3,2,beta_bimodal,log_uniform,1.3421523178666035,1.378916053700262,1.3828249548741598,1.3828249548741598,0.9705872844829753,0.9971732494701374
0.55,6,3,2,beta_bimodal,log_uniform,1.713770219842248,1.730596910584438,1.7689630381975223,1.7689630381975223,0.9687993377117066,0.9783115153993397
0.55,6,3,2,beta_bimodal,log_uniform,2.706299309778544,2.706299309778544,2.68772495701233,2.68772495701233,1.0069108086070166,1.0069108086070166
0.55,6,3,3,homogeneous,flat,1.35,1.465875,1.3499999999999994,1.3499999999999994,1.0000000000000004,1.0858333333333339
0.55,6,3,3,homogeneous,log_uniform,2.235722710179522,2.2357227101795223,2.2357227101795223,2.2357227101795223,0.9999999999999998,1.0
0.55,6,3,3,homogeneous,log_uniform,2.2113852595785146,2.211385259578515,2.211385259578515,2.211385259578515,0.9999999999999998,1.0
0.55,6,3,3,homogeneous,log_uniform,1.865456881535676,1.8877642795515612,1.8654568815356765,1.8654568815356765,0.9999999999999998,1.0119581418561232
0.55,6,3,3,beta_bimodal,flat,2.1671041235616944,2.1671041235616944,2.116019880128538,2.116019880128538,1.0241416651671784,1.0241416651671784
0.55,6,3,3,beta_bimodal,flat,2.1753807212152085,2.2996981919518733,2.378199441043504,2.378199441043504,0.9147175311170275,0.9669913095862196
0.55,6,3,3,beta_bimodal,flat,2.37621606695608,2.37621606695608,2.2992325417054063,2.32343075704756,1.0334822702159447,1.0334822702159447
0.55,6,3,3,beta_bimodal,log_uniform,2.236803130462458,2.238316041317191,2.371148360860517,2.371148360860517,0.9433417020142495,0.943979751863726
0.55,6,3,3,beta_bimodal,log_uniform,1.6031235256477343,1.6388859382406602,1.6940578796736931,1.714285107630111,0.9463215778415585,0.9674320800398744
0.55,6,3,3,beta_bimodal,log_uniform,1.9824237450629956,1.9824237450629956,1.9504854629099617,1.9747412509067872,1.0163745297057403,1.0163745297057403
0.6,4,2,2,homogeneous,flat,0.8,0.8,0.8,0.8,1.0,1.0
0.6,4,2,2,homogeneous,log_uniform,1.071124936722716,1.071124936722716,1.0711249367227158,1.0711249367227158,1.0000000000000002,1.0000000000000002
0.6,4,2,2,homogeneous,log_uniform,1.2611605487748072,1.2611605487748072,1.261160548774807,1.261160548774807,1.0000000000000002,1.0000000000000002
0.6,4,2,2,homogeneous,log_uniform,1.1356209071227674,1.1356209071227674,1.1356209071227674,1.1356209071227674,1.0,1.0
0.6,4,2,2,beta_bimodal,flat,1.5645978327570138,1.5645978327570138,1.5437519819836685,1.5637355417884218,1.0135033677796865,1.0135033677796865
0.6,4,2,2,beta_bimodal,flat,1.3435495690477492,1.3894385029329974,1.3435495690477492,1.3435495690477492,1.0,1.0341549987752015
0.6,4,2,2,beta_bimodal,flat,1.110425910074654,1.115131676657853,1.0800552585167584,1.115131676657853,1.0281195349204666,1.0324765032756427
0.6,4,2,2,beta_bimodal,log_uniform,1.4550928327264152,1.4550928327264152,1.3961710733289576,1.4120694540076657,1.0422023923307389,1.0422023923307389
0.6,4,2,2,beta_bimodal,log_uniform,1.4626583811892797,1.5244293623039191,1.4446920943058512,1.5244293623039191,1.012436066449205,1.0551932611193393
0.6,4,2,2,beta_bimodal,log_uniform,1.9351506004411931,1.9351506004411931,1.935150600441193,1.935150600441193,1.0000000000000002,1.0000000000000002
0.6,4,2,3,homogeneous,flat,0.8,0.8,0.8,0.8,1.0,1.0
0.6,4,2,3,homogeneous,log_uniform,1.415320076556855,1.415320076556855,1.415320076556855,1.415320076556855,1.0,1.0
0.6,4,2,3,homogeneous,log_uniform,1.219275320826874,1.219275320826874,1.219275320826874,1.219275320826874,1.0,1.0
0.6,4,2,3,homogeneous,log_uniform,1.2403397402388936,1.2403397402388938,1.2403397402388936,1.2403397402388936,1.0,1.0000000000000002
0.6,4,2,3,beta_bimodal,flat,1.3168257299132713,1.3168257299132713,1.171945588327689,1.3168257299132713,1.1236236076389172,1.1236236076389172
0.6,4,2,3,beta_bimodal,flat,1.4752653091616366,1.4752653091616366,1.4185928800678975,1.475265309161637,1.0399497487193272,1.0399497487193272
0.6,4,2,3,beta_bimodal,flat,1.2650792059489546,1.2650792059489548,1.1131079632588279,1.2650792059489548,1.1365287534599995,1.1365287534599997
0.6,4,2,3,beta_bimodal,log_uniform,1.711979054460354,1.711979054460354,1.5682315406272225,1.7119790544603544,1.0916621749462065,1.0916621749462065
0.6,4,2,3,beta_bimodal,log_uniform,1.031690365697949,1.0316903656979493,1.0316903656979495,1.0316903656979497,0.9999999999999996,0.9999999999999998
0.6,4,2,3,beta_bimodal,log_uniform,1.4241237158914015,1.4241237158914015,1.4241237158914015,1.4241237158914015,1.0,1.0
0.6,4,3,2,homogeneous,flat,1.2000000000000002,1.312,1.2000000000000002,1.2000000000000002,1.0,1.0933333333333333
0.6,4,3,2,homogeneous,log_uniform,1.4075031973729264,1.4484955952372416,1.4075031973729264,1.4075031973729264,1.0,1.029124195199575
0.6,4,3,2,homogeneous,log_uniform,1.4640931045367136,1.4640931045367136,1.4640931045367136,1.4640931045367136,1.0,1.0
0.6,4,3,2,homogeneous,log_uniform,1.2564830487148455,1.3513837284757555,1.2564830487148457,1.2564830487148455,0.9999999999999998,1.0755288182025027
0.6,4,3,2,beta_bimodal,flat,1.4925123092799082,1.5038996925754935,1.3129346924865797,1.5038996925754935,1.1367757420235616,1.1454489710582965
0.6,4,3,2,beta_bimodal,flat,1.5838717031947809,1.5983374937203243,1.4831230181197652,1.598337493720324,1.0679300933531057,1.0776836946045263
0.6,4,3,2,beta_bimodal,flat,1.4626904303998964,1.5021525568712404,1.4626904303998962,1.4626904303998962,1.0000000000000002,1.026979137657006
0.6,4,3,2,beta_bimodal,log_uniform,1.5801404987371412,1.5801404987371412,1.5801404987371406,1.5801404987371406,1.0000000000000004,1.0000000000000004
0.6,4,3,2,beta_bimodal,log_uniform,0.9734694401072018,0.973469440107202,0.9734694401072019,0.973469440107202,0.9999999999999999,1.0000000000000002
0.6,4,3,2,beta_bimodal,log_uniform,1.649186077111228,1.6559587993400833,1.5444409876083358,1.6253564981159356,1.067820713347615,1.0722059389944318
0.6,4,3,3,homogeneous,flat,1.2000000000000002,1.312,1.2000000000000002,1.2000000000000002,1.0,1.0933333333333333
0.6,4,3,3,homogeneous,log_uniform,1.4471343029394697,1.44713430293947,1.4471343029394699,1.44713430293947,0.9999999999999999,1.0000000000000002
0.6,4,3,3,homogeneous,log_uniform,1.4744853258806692,1.4744853258806696,1.4744853258806694,1.4744853258806694,0.9999999999999999,1.0000000000000002
0.6,4,3,3,homogeneous,log_uniform,1.3588736838780298,1.3588736838780298,1.35887368387803,1.35887368387803,0.9999999999999999,0.9999999999999999
0.6,4,3,3,beta_bimodal,flat,1.571747751250887,1.571747751250887,1.5717477512508873,1.5717477512508873,0.9999999999999999,0.9999999999999999
0.6,4,3,3,beta_bimodal,flat,1.5828458606656226,1.5828458606656226,1.5828458606656226,1.5828458606656226,1.0,1.0
0.6,4,3,3,beta_bimodal,flat,1.5115746897454163,1.5115746897454163,1.5115746897454163,1.5115746897454163,1.0,1.0
0.6,4,3,3,beta_bimodal,log_uniform,0.7755189007240473,0.8343553309186331,0.7891793095814381,0.7891793095814381,0.9826903611238414,1.0572443053038927
0.6,4,3,3,beta_bimodal,log_uniform,1.1967520739163755,1.2172062023220542,1.1900652383635553,1.1967520739163755,1.0056188815009968,1.0228062824487
0.6,4,3,3,beta_bimodal,log_uniform,1.3459693119405365,1.3459693119405365,1.2043877593939307,1.3459693119405365,1.1175547920030773,1.1175547920030773
0.6,5,2,2,homogeneous,flat,0.8,0.8,0.8000000000000002,0.8000000000000004,0.9999999999999999,0.9999999999999999
0.6,5,2,2,homogeneous,log_uniform,1.216474064369478,1.216474064369478,1.216474064369478,1.216474064369478,1.0,1.0
0.6,5,2,2,homogeneous,log_uniform,1.450814172238036,1.450814172238036,1.450814172238036,1.450814172238036,1.0,1.0
0.6,5,2,2,homogeneous,log_uniform,1.4390685067462117,1.439068506746212,1.439068506746212,1.439068506746212,0.9999999999999999,1.0
0.6,5,2,2,beta_bimodal,flat,1.796069416688181,1.796069416688181,1.7233041941620342,1.7233041941620342,1.0422242473340753,1.0422242473340753
0.6,5,2,2,beta_bimodal,flat,1.6412247627462968,1.6412247627462968,1.5281525728828331,1.5281525728828331,1.0739927359806456,1.0739927359806456
0.6,5,2,2,beta_bimodal,flat,1.7722707937294235,1.7722707937294235,1.7147691652426849,1.7147691652426849,1.0335331598283088,1.0335331598283088
0.6,5,2,2,beta_bimodal,log_uniform,1.658986887269243,1.6746155061839156,1.7829276123429216,1.7829276123429216,0.9304847127748447,0.9392504185760663
0.6,5,2,2,beta_bimodal,log_uniform,1.276965436915367,1.276965436915367,1.2765185523276872,1.2765185523276872,1.0003500807621362,1.0003500807621362
0.6,5,2,2,beta_bimodal,log_uniform,1.9054510996765808,1.9054510996765808,1.888211606104252,1.888211606104252,1.0091300644041148,1.0091300644041148
0.6,5,2,3,homogeneous,flat,0.8,0.8,0.8000000000000002,0.8000000000000004,0.9999999999999999,0.9999999999999999
0.6,5,2,3,homogeneous,log_uniform,1.3851123296459409,1.3851123296459409,1.3851123296459409,1.3851123296459409,1.0,1.0
0.6,5,2,3,homogeneous,log_uniform,1.4143205883548018,1.4143205883548018,1.414320588354802,1.414320588354802,0.9999999999999999,0.9999999999999999
0.6,5,2,3,homogeneous,log_uniform,1.3299826783924094,1.3299826783924096,1.3299826783924096,1.3299826783924096,0.9999999999999998,1.0
0.6,5,2,3,beta_bimodal,flat,1.3708435046942036,1.3708435046942036,1.3708435046942036,1.3708435046942036,1.0,1.0
0.6,5,2,3,beta_bimodal,flat,1.8998465842346728,1.8998465842346728,1.903932686301299,1.903932686301299,0.9978538621160162,0.9978538621160162
0.6,5,2,3,beta_bimodal,flat,1.5309305193622735,1.5309305193622735,1.4555595128483056,1.5309305193622726,1.051781466747779,1.051781466747779
0.6,5,2,3,beta_bimodal,log_uniform,1.5821193097181847,1.5821193097181847,1.5745888638076455,1.582119309718185,1.0047824839128667,1.0047824839128667
0.6,5,2,3,beta_bimodal,log_uniform,1.3378589550987574,1.3378589550987574,1.4076591812922656,1.4076591812922656,0.9504139729835528,0.9504139729835528
0.6,5,2,3,beta_bimodal,log_uniform,2.735013479863463,2.7350134798634635,2.7350134798634627,2.7350134798634627,1.0000000000000002,1.0000000000000002
0.6,5,3,2,homogeneous,flat,1.2000000000000002,1.3120000000000005,1.2,1.2,1.0000000000000002,1.0933333333333337
0.6,5,3,2,homogeneous,log_uniform,1.557880306276181,1.5960936166508295,1.5578803062761808,1.5578803062761808,1.0000000000000002,1.0245290413009909
0.6,5,3,2,homogeneous,log_uniform,1.873466864831585,1.873466864831585,1.8734668648315849,1.8734668648315849,1.0000000000000002,1.0000000000000002
0.6,5,3,2,homogeneous,log_uniform,1.6931634018800743,1.7167164997339432,1.6931634018800747,1.6931634018800747,0.9999999999999998,1.013910705740341
0.6,5,3,2,beta_bimodal,flat,1.8951320798470217,1.8951320798470217,1.7961942775779525,1.8050931651773028,1.0550819048385347,1.0550819048385347
0.6,5,3,2,beta_bimodal,flat,1.984451651133953,1.984451651133953,1.9406503759984013,1.9737728250568136,1.0225704102486866,1.0225704102486866
0.6,5,3,2,beta_bimodal,flat,1.985734218241798,1.985734218241798,1.96141973643478,1.9702876643034863,1.0123963684852146,1.0123963684852146
0.6,5,3,2,beta_bimodal,log_uniform,1.699068500711764,1.699068500711764,1.5387676788418503,1.6364868990494732,1.104174804341201,1.104174804341201
0.6,5,3,2,beta_bimodal,log_uniform,1.2638044969219362,1.336410157130954,1.2549813891354877,1.263804496921936,1.0070304690275338,1.0648844426701496
0.6,5,3,2,beta_bimodal,log_uniform,1.8364076815989812,1.8374089648132284,1.8364076815989814,1.8364076815989816,0.9999999999999999,1.00054524015788
0.6,5,3,3,homogeneous,flat,1.2000000000000002,1.312,1.2,1.2,1.0000000000000002,1.0933333333333335
0.6,5,3,3,homogeneous,log_uniform,1.5911846175092683,1.5911846175092683,1.591184617509268,1.591184617509268,1.0000000000000002,1.0000000000000002
0.6,5,3,3,homogeneous,log_uniform,1.7883508157256394,1.7883508157256398,1.7883508157256396,1.7883508157256396,0.9999999999999999,1.0000000000000002
0.6,5,3,3,homogeneous,log_uniform,1.5744276911624764,1.5744276911624766,1.574427691162476,1.574427691162476,1.0000000000000002,1.0000000000000004
0.6,5,3,3,beta_bimodal,flat,1.7616721327467506,1.783505668985624,1.7441871304463958,1.7616721327467502,1.0100247284222765,1.022542614753249
0.6,5,3,3,beta_bimodal,flat,1.9842566915929991,1.984256691593,1.958789507723464,1.984256691593,1.0130014908539782,1.0130014908539786
0.6,5,3,3,beta_bimodal,flat,1.944152349847923,1.9558363236407732,1.941607323358455,1.9441523498479223,1.00131078331795,1.007328464469173
0.6,5,3,3,beta_bimodal,log_uniform,1.7020601064327383,1.8137599913852231,1.6595094411134348,1.7020601064327388,1.0256405081315805,1.0929494864267209
0.6,5,3,3,beta_bimodal,log_uniform,2.9340042423040305,2.9348584194770417,2.814490840729223,2.93400424230403,1.0424635958466442,1.0427670884573326
0.6,5,3,3,beta_bimodal,log_uniform,2.2531484651912126,2.259230227245012,2.253148465191213,2.253148465191213,0.9999999999999998,1.0026992282788978
0.6,6,2,2,homogeneous,flat,0.7999999999999999,0.7999999999999999,0.8,0.8,0.9999999999999999,0.9999999999999999
0.6,6,2,2,homogeneous,log_uniform,1.0053210575659048,1.0053210575659048,1.0053210575659053,1.0053210575659053,0.9999999999999996,0.9999999999999996
0.6,6,2,2,homogeneous,log_uniform,1.5935441855678902,1.5935441855678905,1.593544185567891,1.593544185567891,0.9999999999999996,0.9999999999999997
0.6,6,2,2,homogeneous,log_uniform,1.548094473132173,1.5480944731321733,1.5480944731321735,1.5480944731321735,0.9999999999999997,0.9999999999999999
0.6,6,2,2,beta_bimodal,flat,2.2279278077985807,2.2279278077985807,2.2085744765791944,2.2085744765791944,1.008762815754967,1.008762815754967
0.6,6,2,2,beta_bimodal,flat,2.1223779148149573,2.1223779148149573,2.0889750496299557,2.0889750496299557,1.0159900737880612,1.0159900737880612
0.6,6,2,2,beta_bimodal,flat,1.7408271886125988,1.7408271886125988,1.6546140193936805,1.6546140193936805,1.0521047012828468,1.0521047012828468
0.6,6,2,2,beta_bimodal,log_uniform,2.314162685442604,2.314162685442604,2.259246066257363,2.259246066257363,1.0243074979770643,1.0243074979770643
0.6,6,2,2,beta_bimodal,log_uniform,1.1166955722463754,1.1939993828728908,1.3736319898495022,1.3736319898495022,0.8129510527552017,0.8692279967968041
0.6,6,2,2,beta_bimodal,log_uniform,0.7160746663940071,0.7160746663940071,0.6652720164482652,0.6652720164482652,1.0763637259492225,1.0763637259492225
0.6,6,2,3,homogeneous,flat,0.7999999999999999,0.7999999999999999,0.8,0.8,0.9999999999999999,0.9999999999999999
0.6,6,2,3,homogeneous,log_uniform,1.8066623465312583,1.8066623465312583,1.8066623465312597,1.8066623465312597,0.9999999999999992,0.9999999999999992
0.6,6,2,3,homogeneous,log_uniform,1.48221899373714,1.48221899373714,1.4822189937371408,1.4822189937371408,0.9999999999999994,0.9999999999999994
0.6,6,2,3,homogeneous,log_uniform,1.288627628102835,1.288627628102835,1.2886276281028357,1.2886276281028357,0.9999999999999994,0.9999999999999994
0.6,6,2,3,beta_bimodal,flat,1.408978770497559,1.408978770497559,1.4089787704975592,1.452053556787002,0.9999999999999999,0.9999999999999999
0.6,6,2,3,beta_bimodal,flat,1.5953855757697828,1.5953855757697828,1.6990767971917682,1.6990767971917682,0.9389720219866659,0.9389720219866659
0.6,6,2,3,beta_bimodal,flat,1.8672549501571756,1.8672549501571756,2.100730902846882,2.100730902846882,0.8888596571920263,0.8888596571920263
0.6,6,2,3,beta_bimodal,log_uniform,2.028095731169131,2.05281551781861,2.028095731169131,2.028095731169131,1.0,1.0121886685473318
0.6,6,2,3,beta_bimodal,log_uniform,2.1034877544562764,2.1034877544562764,2.1254477192097223,2.1254477192097223,0.9896680757870577,0.9896680757870577
0.6,6,2,3,beta_bimodal,log_uniform,1.1773861796355145,1.2320101841723867,1.358640730713369,1.358640730713369,0.8665912577325098,0.9067961502416511
0.6,6,3,2,homogeneous,flat,1.1999999999999995,1.312,1.2000000000000002,1.2000000000000004,0.9999999999999994,1.0933333333333333
0.6,6,3,2,homogeneous,log_uniform,1.859384413868208,1.912369567893219,1.859384413868208,1.859384413868208,1.0,1.0284960730174038
0.6,6,3,2,homogeneous,log_uniform,1.854205055609336,1.891753044878314,1.8542050556093364,1.8542050556093364,0.9999999999999998,1.0202501816912792
0.6,6,3,2,homogeneous,log_uniform,2.040094780159107,2.040094780159107,2.0400947801591083,2.0400947801591083,0.9999999999999993,0.9999999999999993
0.6,6,3,2,beta_bimodal,flat,2.203301400427705,2.203301400427705,2.141410909704861,2.141410909704861,1.0289017350394345,1.0289017350394345
0.6,6,3,2,beta_bimodal,flat,2.1514324759312493,2.1514324759312493,2.04318154626015,2.04318154626015,1.052981552162725,1.052981552162725
0.6,6,3,2,beta_bimodal,flat,2.211626867149485,2.211626867149485,2.0446471248506715,2.1295722794428316,1.0816667777384856,1.0816667777384856
0.6,6,3,2,beta_bimodal,log_uniform,1.5095510476132958,1.587420507561322,1.5759152663010951,1.5759152663010951,0.9578884600543494,1.0073006725083837
0.6,6,3,2,beta_bimodal,log_uniform,2.923821431082298,2.923821431082298,2.7821589707898657,2.8946388202107447,1.0509181760567097,1.0509181760567097
0.6,6,3,2,beta_bimodal,log_uniform,2.2990482332475177,2.3390226613373923,2.2990482332475177,2.2990482332475177,1.0,1.0173873812266256
0.6,6,3,3,homogeneous,flat,1.1999999999999995,1.312,1.2000000000000002,1.2000000000000004,0.9999999999999994,1.0933333333333333
0.6,6,3,3,homogeneous,log_uniform,1.8967118788006367,1.8967118788006367,1.8967118788006374,1.8967118788006376,0.9999999999999997,0.9999999999999997
0.6,6,3,3,homogeneous,log_uniform,2.01398026044625,2.0213793573368486,2.013980260446252,2.013980260446252,0.9999999999999991,1.0036738676321273
0.6,6,3,3,homogeneous,log_uniform,1.9388922800656203,1.9388922800656203,1.938892280065621,1.938892280065621,0.9999999999999997,0.9999999999999997
0.6,6,3,3,beta_bimodal,flat,2.2640442691598293,2.3161817172435764,2.280768348771892,2.2861874663919353,0.9926673484305989,1.0155269466496908
0.6,6,3,3,beta_bimodal,flat,2.1133433941568973,2.149371572185555,2.1672007391544605,2.1672007391544605,0.9751488895216158,0.99177318157622
0.6,6,3,3,beta_bimodal,flat,2.02867475426074,2.0860112465399725,2.1439655879582373,2.1439655879582373,0.9462254271500262,0.972968623310108
0.6,6,3,3,beta_bimodal,log_uniform,1.2608251810995368,1.2801294207162488,1.2526008406053202,1.2526008406053202,1.0065658110928954,1.0219771368647856
0.6,6,3,3,beta_bimodal,log_uniform,2.39978962364846,2.426210100541238,2.3997896236484597,2.3997896236484597,1.0000000000000002,1.0110094970960875
0.6,6,3,3,beta_bimodal,log_uniform,1.8533380520075304,1.8750939854829225,1.8423766463140356,1.8423766463140356,1.0059496008676754,1.0177582250808177
0.65,4,2,2,homogeneous,flat,0.7,0.7,0.7,0.7,1.0,1.0
0.65,4,2,2,homogeneous,log_uniform,1.2118306742419738,1.211830674241974,1.211830674241974,1.211830674241974,0.9999999999999998,1.0
0.65,4,2,2,homogeneous,log_uniform,0.9365717216757375,0.9365717216757375,0.9365717216757374,0.9365717216757374,1.0000000000000002,1.0000000000000002
0.65,4,2,2,homogeneous,log_uniform,1.0102840843778018,1.0102840843778018,1.0102840843778018,1.0102840843778018,1.0,1.0
0.65,4,2,2,beta_bimodal,flat,1.1557462650700343,1.1557462650700343,1.1557462650700343,1.1557462650700343,1.0,1.0
0.65,4,2,2,beta_bimodal,flat,1.1089165663292306,1.1089165663292306,1.1089165663292306,1.1089165663292306,1.0,1.0
0.65,4,2,2,beta_bimodal,flat,1.1749660409820373,1.3222846217749389,1.1336989630824603,1.3222846217749389,1.0364003842672433,1.166345445160967
0.65,4,2,2,beta_bimodal,log_uniform,1.3083111117988575,1.3474346890006106,1.2845769623268706,1.3474346890006104,1.0184762378339676,1.0489326280302274
0.65,4,2,2,beta_bimodal,log_uniform,1.1218863375806043,1.281353119629321,1.1212273684000744,1.281353119629321,1.0005877212767917,1.142812917113981
0.65,4,2,2,beta_bimodal,log_uniform,0.5605506700634469,0.5605506700634469,0.624507388342151,0.624507388342151,0.8975885322213932,0.8975885322213932
0.65,4,2,3,homogeneous,flat,0.7,0.7,0.7,0.7,1.0,1.0
0.65,4,2,3,homogeneous,log_uniform,1.0883892110432305,1.0883892110432307,1.0883892110432305,1.0883892110432305,1.0,1.0000000000000002
0.65,4,2,3,homogeneous,log_uniform,1.0250688084693067,1.0250688084693067,1.0250688084693067,1.0250688084693067,1.0,1.0
0.65,4,2,3,homogeneous,log_uniform,0.9769301681399674,0.9769301681399674,0.9769301681399672,0.9769301681399672,1.0000000000000002,1.0000000000000002
0.65,4,2,3,beta_bimodal,flat,1.3767616134708491,1.3767616134708491,1.3767616134708491,1.3767616134708491,1.0,1.0
0.65,4,2,3,beta_bimodal,flat,1.2251003024786116,1.2251003024786116,1.2251003024786116,1.2251003024786116,1.0,1.0
0.65,4,2,3,beta_bimodal,flat,1.3056420223180256,1.3056420223180258,1.3056420223180254,1.3056420223180254,1.0000000000000002,1.0000000000000004
0.65,4,2,3,beta_bimodal,log_uniform,1.129033923005338,1.129033923005338,1.1289990504941279,1.129033923005338,1.000030887989848,1.000030887989848
0.65,4,2,3,beta_bimodal,log_uniform,0.9137759313919118,0.913775931391912,0.9137759313919118,0.9137759313919118,1.0,1.0000000000000002
0.65,4,2,3,beta_bimodal,log_uniform,0.585003907392549,0.585003907392549,0.5850039073925488,0.5850039073925488,1.0000000000000004,1.0000000000000004
0.65,4,3,2,homogeneous,flat,1.0499999999999998,1.1611250000000002,1.05,1.05,0.9999999999999998,1.1058333333333334
0.65,4,3,2,homogeneous,log_uniform,1.2960913747497018,1.3016190731317858,1.296091374749702,1.296091374749702,0.9999999999999998,1.0042648986713234
0.65,4,3,2,homogeneous,log_uniform,1.2591962351667825,1.297792551841143,1.259196235166782,1.259196235166782,1.0000000000000004,1.030651550248043
0.65,4,3,2,homogeneous,log_uniform,1.250826219203956,1.2973368623490955,1.2508262192039559,1.250826219203956,1.0000000000000002,1.0371839368499485
0.65,4,3,2,beta_bimodal,flat,1.3998990616342686,1.3998990616342686,1.3998990616342686,1.3998990616342686,1.0,1.0
0.65,4,3,2,beta_bimodal,flat,1.2229176255426015,1.2403073242960396,1.2229176255426017,1.2229176255426015,0.9999999999999998,1.0142198447305248
0.65,4,3,2,beta_bimodal,flat,1.3994211665027714,1.3994211665027714,1.3994211665027716,1.3994211665027716,0.9999999999999999,0.9999999999999999
0.65,4,3,2,beta_bimodal,log_uniform,1.2772802840864923,1.342984228542085,1.2772802840864923,1.2772802840864923,1.0,1.0514405062649064
0.65,4,3,2,beta_bimodal,log_uniform,1.7749371553160758,1.7749371553160758,1.7749371553160762,1.7749371553160762,0.9999999999999998,0.9999999999999998
0.65,4,3,2,beta_bimodal,log_uniform,0.6151130207783782,0.6151130207783783,0.6151130207783782,0.6151130207783782,1.0,1.0000000000000002
0.65,4,3,3,homogeneous,flat,1.0499999999999998,1.161125,1.05,1.05,0.9999999999999998,1.1058333333333332
0.65,4,3,3,homogeneous,log_uniform,1.224906291883055,1.224906291883055,1.224906291883055,1.224906291883055,1.0,1.0
0.65,4,3,3,homogeneous,log_uniform,1.2195486033069898,1.2195486033069898,1.2195486033069898,1.2195486033069898,1.0,1.0
0.65,4,3,3,homogeneous,log_uniform,1.0959232839567974,1.1651186655758432,1.0959232839567974,1.0959232839567974,1.0,1.0631388917746305
0.65,4,3,3,beta_bimodal,flat,1.3919943693155947,1.391994369315595,1.3615489607823075,1.3919943693155947,1.0223608620844558,1.022360862084456
0.65,4,3,3,beta_bimodal,flat,1.364325834056345,1.364325834056345,1.364325834056345,1.364325834056345,1.0,1.0
0.65,4,3,3,beta_bimodal,flat,1.3560068389460906,1.3569258699111584,1.3560068389460904,1.3560068389460904,1.0000000000000002,1.000677748030963
0.65,4,3,3,beta_bimodal,log_uniform,1.2052218873380949,1.205221887338095,1.1291862149856087,1.205221887338095,1.067336699070007,1.0673366990700073
0.65,4,3,3,beta_bimodal,log_uniform,1.1621542561565923,1.1941454813776395,1.162154256156592,1.162154256156592,1.0000000000000002,1.0275275205951118
0.65,4,3,3,beta_bimodal,log_uniform,1.6808419190021566,1.680841919002157,1.680841919002157,1.680841919002157,0.9999999999999998,1.0
0.65,5,2,2,homogeneous,flat,0.7,0.7,0.7000000000000001,0.7000000000000001,0.9999999999999999,0.9999999999999999
0.65,5,2,2,homogeneous,log_uniform,1.0977572461229357,1.0977572461229357,1.097757246122935,1.097757246122935,1.0000000000000007,1.0000000000000007
0.65,5,2,2,homogeneous,log_uniform,1.275145460967444,1.275145460967444,1.2751454609674437,1.2751454609674435,1.0000000000000002,1.0000000000000002
0.65,5,2,2,homogeneous,log_uniform,1.0914530591445653,1.0914530591445653,1.0914530591445653,1.0914530591445653,1.0,1.0
0.65,5,2,2,beta_bimodal,flat,1.6328591182640195,1.7129556963161494,1.6137465366908972,1.7129556963161492,1.011843608112284,1.0614775352693786
0.65,5,2,2,beta_bimodal,flat,1.3291997561787685,1.3505085170424458,1.248517524745572,1.3505085170424458,1.0646224260645747,1.081689676176278
0.65,5,2,2,beta_bimodal,flat,1.546527826510837,1.6321456698711834,1.4845986422966955,1.6321456698711834,1.0417144287013063,1.099385128997714
0.65,5,2,2,beta_bimodal,log_uniform,0.6363147706340068,0.6588040060627314,0.6363147706340069,0.6445405928193997,0.9999999999999998,1.0353429410515127
0.65,5,2,2,beta_bimodal,log_uniform,1.0410490272488906,1.0410490272488906,1.0410490272488906,1.0410490272488906,1.0,1.0
0.65,5,2,2,beta_bimodal,log_uniform,0.8295712926712189,0.829571292671219,0.9107949660594475,0.9107949660594477,0.9108211217507682,0.9108211217507683
0.65,5,2,3,homogeneous,flat,0.7,0.7,0.7000000000000001,0.7000000000000001,0.9999999999999999,0.9999999999999999
0.65,5,2,3,homogeneous,log_uniform,1.3968903627883305,1.396890362788331,1.3968903627883305,1.3968903627883305,1.0,1.0000000000000002
0.65,5,2,3,homogeneous,log_uniform,1.4204543176233089,1.420454317623309,1.4204543176233086,1.4204543176233086,1.0000000000000002,1.0000000000000002
0.65,5,2,3,homogeneous,log_uniform,1.24046606445853,1.24046606445853,1.24046606445853,1.24046606445853,1.0,1.0
0.65,5,2,3,beta_bimodal,flat,1.2516805846766217,1.2516805846766217,1.0906064602541443,1.2516805846766217,1.1476922522400448,1.1476922522400448
0.65,5,2,3,beta_bimodal,flat,1.261721670555506,1.261721670555506,1.261721670555506,1.261721670555506,1.0,1.0
0.65,5,2,3,beta_bimodal,flat,1.2954240179499257,1.2954240179499257,1.295424017949926,1.3370830163690228,0.9999999999999998,0.9999999999999998
0.65,5,2,3,beta_bimodal,log_uniform,1.1666023425322452,1.1666023425322452,1.1666023425322452,1.1666023425322452,1.0,1.0
0.65,5,2,3,beta_bimodal,log_uniform,1.2864279394834508,1.2864279394834508,1.1860874948828255,1.286427939483451,1.0845978437792552,1.0845978437792552
0.65,5,2,3,beta_bimodal,log_uniform,2.283580723635154,2.283580723635154,2.283580723635154,2.283580723635154,1.0,1.0
0.65,5,3,2,homogeneous,flat,1.05,1.1611250000000002,1.0499999999999998,1.05,1.0000000000000002,1.1058333333333337
0.65,5,3,2,homogeneous,log_uniform,1.4284616882453085,1.4576248144067003,1.428461688245308,1.428461688245308,1.0000000000000002,1.0204157566152268
0.65,5,3,2,homogeneous,log_uniform,1.4988553409256868,1.525059587561043,1.498855340925687,1.498855340925687,0.9999999999999999,1.017482839017121
0.65,5,3,2,homogeneous,log_uniform,1.451986407797354,1.483067234034268,1.4519864077973537,1.4519864077973537,1.0000000000000002,1.021405728090846
0.65,5,3,2,beta_bimodal,flat,1.7115410128083424,1.7115410128083424,1.6447777742943301,1.6904159789434745,1.040591038836633,1.040591038836633
0.65,5,3,2,beta_bimodal,flat,1.7420052953857246,1.7420052953857246,1.7051111767928657,1.7409085176822872,1.0216373683399653,1.0216373683399653
0.65,5,3,2,beta_bimodal,flat,1.4950521482101096,1.496996777592929,1.4950521482101093,1.4950521482101091,1.0000000000000002,1.001300710068975
0.65,5,3,2,beta_bimodal,log_uniform,1.310179093142925,1.3290939996191975,1.3101790931429245,1.3101790931429245,1.0000000000000004,1.0144368862053041
0.65,5,3,2,beta_bimodal,log_uniform,1.5573910604744805,1.5629331472685444,1.5573910604744807,1.5573910604744807,0.9999999999999999,1.0035585710838582
0.65,5,3,2,beta_bimodal,log_uniform,1.5345983679879942,1.5619017787710228,1.5345983679879942,1.5345983679879942,1.0,1.0177918935355221
0.65,5,3,3,homogeneous,flat,1.05,1.1611250000000002,1.0499999999999998,1.05,1.0000000000000002,1.1058333333333337
0.65,5,3,3,homogeneous,log_uniform,1.367216034841462,1.367216034841462,1.367216034841462,1.367216034841462,1.0,1.0
0.65,5,3,3,homogeneous,log_uniform,1.5115198075049232,1.5115198075049232,1.5115198075049234,1.5115198075049234,0.9999999999999999,0.9999999999999999
0.65,5,3,3,homogeneous,log_uniform,1.4816941086102764,1.4816941086102764,1.4816941086102764,1.4816941086102764,1.0,1.0
0.65,5,3,3,beta_bimodal,flat,1.7024110619052293,1.7024110619052295,1.5324153863167465,1.7024110619052293,1.1109331563141491,1.1109331563141494
0.65,5,3,3,beta_bimodal,flat,1.749941561766206,1.7499415617662064,1.7263637015594615,1.7499415617662062,1.0136575277767055,1.0136575277767057
0.65,5,3,3,beta_bimodal,flat,1.555394685794093,1.5553946857940932,1.3866528943400023,1.5553946857940937,1.1216900005349975,1.1216900005349977
0.65,5,3,3,beta_bimodal,log_uniform,1.4689059398000586,1.4689059398000586,1.4689059398000586,1.4689059398000586,1.0,1.0
0.65,5,3,3,beta_bimodal,log_uniform,3.0729550195050463,3.072955019505047,3.072955019505046,3.072955019505046,1.0000000000000002,1.0000000000000002
0.65,5,3,3,beta_bimodal,log_uniform,1.3684521625144344,1.3684521625144344,1.3684521625144341,1.368452162514434,1.0000000000000002,1.0000000000000002
0.65,6,2,2,homogeneous,flat,0.6999999999999998,0.6999999999999998,0.7000000000000002,0.7000000000000002,0.9999999999999996,0.9999999999999996
0.65,6,2,2,homogeneous,log_uniform,0.956654397285588,0.956654397285588,0.9566543972855881,0.956654397285588,0.9999999999999999,0.9999999999999999
0.65,6,2,2,homogeneous,log_uniform,1.3741438040240417,1.3741438040240417,1.374143804024042,1.374143804024042,0.9999999999999999,0.9999999999999999
0.65,6,2,2,homogeneous,log_uniform,1.312493646396366,1.312493646396366,1.3124936463963661,1.312493646396366,0.9999999999999998,0.9999999999999998
0.65,6,2,2,beta_bimodal,flat,1.673389229886607,1.673389229886607,1.577530715428122,1.5787301810754737,1.0607649115931606,1.0607649115931606
0.65,6,2,2,beta_bimodal,flat,1.9143502772398011,1.9143502772398011,1.8677948058303506,1.8677948058303504,1.0249253672106415,1.0249253672106415
0.65,6,2,2,beta_bimodal,flat,1.503612660506625,1.503612660506625,1.3774186176884515,1.49418457812996,1.09161633304329,1.09161633304329
0.65,6,2,2,beta_bimodal,log_uniform,2.8963549847721475,3.0605226118040023,2.8486728835050683,3.0605226118040023,1.016738356145831,1.074367867762433
0.65,6,2,2,beta_bimodal,log_uniform,1.223839460282809,1.223839460282809,1.2238394602828087,1.2238394602828089,1.0000000000000004,1.0000000000000004
0.65,6,2,2,beta_bimodal,log_uniform,2.956709935011053,2.956709935011053,2.769911572171466,2.8112548666749135,1.067438384934847,1.067438384934847
0.65,6,2,3,homogeneous,flat,0.6999999999999998,0.6999999999999998,0.7000000000000002,0.7000000000000002,0.9999999999999996,0.9999999999999996
0.65,6,2,3,homogeneous,log_uniform,1.2941348470468808,1.2941348470468808,1.2941348470468808,1.2941348470468808,1.0,1.0
0.65,6,2,3,homogeneous,log_uniform,1.274030629356096,1.2740306293560963,1.2740306293560963,1.2740306293560963,0.9999999999999997,1.0
0.65,6,2,3,homogeneous,log_uniform,1.1002497617924418,1.100249761792442,1.100249761792442,1.100249761792442,0.9999999999999998,1.0
0.65,6,2,3,beta_bimodal,flat,1.3142851682012069,1.3142851682012069,1.272893323563089,1.3142851682012062,1.0325179210793984,1.0325179210793984
0.65,6,2,3,beta_bimodal,flat,1.64724957393153,1.64724957393153,1.7747252520039072,1.7747252520039072,0.9281715984328055,0.9281715984328055
0.65,6,2,3,beta_bimodal,flat,1.3812294068182078,1.381229406818208,1.3812294068182076,1.3812294068182076,1.0000000000000002,1.0000000000000002
0.65,6,2,3,beta_bimodal,log_uniform,1.5605071685055394,1.5605071685055394,1.560507168505539,1.560507168505539,1.0000000000000002,1.0000000000000002
0.65,6,2,3,beta_bimodal,log_uniform,0.7647665192569708,0.7647665192569708,0.8227048732058959,0.8227048732058959,0.9295757739672158,0.9295757739672158
0.65,6,2,3,beta_bimodal,log_uniform,3.103981968028756,3.1039819680287564,3.103981968028756,3.103981968028756,1.0,1.0000000000000002
0.65,6,3,2,homogeneous,flat,1.0499999999999998,1.1611250000000002,1.0500000000000005,1.0500000000000005,0.9999999999999993,1.105833333333333
0.65,6,3,2,homogeneous,log_uniform,1.6287936914181202,1.7084648270255194,1.6287936914181211,1.6287936914181211,0.9999999999999994,1.0489141970693858
0.65,6,3,2,homogeneous,log_uniform,1.4764448450049117,1.5409186002346302,1.4764448450049117,1.4764448450049117,1.0,1.0436682450061343
0.65,6,3,2,homogeneous,log_uniform,1.5593556664895214,1.6320173987926698,1.5593556664895214,1.5593556664895214,1.0,1.0465972798025784
0.65,6,3,2,beta_bimodal,flat,2.06394103930623,2.06394103930623,2.0615892384762935,2.0615892384762935,1.0011407708121696,1.0011407708121696
0.65,6,3,2,beta_bimodal,flat,1.921652005921864,1.921652005921864,1.822805461541676,1.823089897368616,1.0542276981640084,1.0542276981640084
0.65,6,3,2,beta_bimodal,flat,1.9141230286594104,1.9141230286594104,1.7534896432134917,1.8863949046631985,1.0916078324543381,1.0916078324543381
0.65,6,3,2,beta_bimodal,log_uniform,2.675117156278995,2.675117156278995,2.559933524810301,2.631546407133769,1.0449947744159604,1.0449947744159604
0.65,6,3,2,beta_bimodal,log_uniform,1.1058299040419617,1.1189119489406516,1.0664163468879901,1.06641634688799,1.0369588831500829,1.0492261790677289
0.65,6,3,2,beta_bimodal,log_uniform,2.4628120359929913,2.4628120359929913,2.212199754371483,2.402227023538022,1.1132864611915259,1.1132864611915259
0.65,6,3,3,homogeneous,flat,1.0499999999999998,1.1611250000000002,1.0500000000000005,1.0500000000000005,0.9999999999999993,1.105833333333333
0.65,6,3,3,homogeneous,log_uniform,1.4841327190728677,1.4933397162877309,1.4841327190728684,1.4841327190728684,0.9999999999999996,1.0062036212102474
0.65,6,3,3,homogeneous,log_uniform,1.4002105209715985,1.436993881001181,1.4002105209715983,1.4002105209715985,1.0000000000000002,1.0262698783351942
0.65,6,3,3,homogeneous,log_uniform,1.6228777322534242,1.6228777322534245,1.6228777322534238,1.6228777322534238,1.0000000000000002,1.0000000000000004
0.65,6,3,3,beta_bimodal,flat,1.7043353068084448,1.745201945505923,1.7043353068084452,1.7136278705210382,0.9999999999999998,1.023978050876623
0.65,6,3,3,beta_bimodal,flat,1.881934689662842,1.8983791094007971,1.8141538776844919,1.8819346896628415,1.0373622176222794,1.0464267297015657
0.65,6,3,3,beta_bimodal,flat,1.9752169938435724,1.9759881779027055,1.8867318342287618,1.975216993843572,1.0468986413487746,1.0473073820320782
0.65,6,3,3,beta_bimodal,log_uniform,2.282122626345438,2.304829202879402,2.271324516516557,2.282122626345439,1.0047541026173756,1.0147511666075044
0.65,6,3,3,beta_bimodal,log_uniform,1.1429588401186714,1.1460443741518878,1.134420502977393,1.1429588401186714,1.007526606861273,1.0102465277593158
0.65,6,3,3,beta_bimodal,log_uniform,1.5907178280277334,1.6130153917881216,1.5698019639057792,1.5907178280277334,1.013323887090773,1.0275279486686488
0.7,4,2,2,homogeneous,flat,0.6000000000000001,0.6000000000000001,0.6000000000000001,0.6000000000000001,1.0,1.0
0.7,4,2,2,homogeneous,log_uniform,0.8973977706862158,0.897397770686216,0.8973977706862157,0.8973977706862157,1.0000000000000002,1.0000000000000002
0.7,4,2,2,homogeneous,log_uniform,0.9161216239953685,0.9161216239953685,0.9161216239953683,0.9161216239953685,1.0000000000000002,1.0000000000000002
0.7,4,2,2,homogeneous,log_uniform,0.803718408978562,0.8037184089785621,0.8037184089785621,0.8037184089785621,0.9999999999999999,1.0
0.7,4,2,2,beta_bimodal,flat,1.066010078125009,1.071742584640414,1.0660100781250088,1.0660100781250088,1.0000000000000002,1.0053775350093201
0.7,4,2,2,beta_bimodal,flat,1.1935431427843826,1.1935431427843826,1.1935431427843826,1.1935431427843826,1.0,1.0
0.7,4,2,2,beta_bimodal,flat,0.9074730901171132,0.9074730901171132,0.907473090117113,0.907473090117113,1.0000000000000002,1.0000000000000002
0.7,4,2,2,beta_bimodal,log_uniform,1.9485910873427552,1.949922169059929,1.9485910873427552,1.9485910873427552,1.0,1.000683099561432
0.7,4,2,2,beta_bimodal,log_uniform,0.4168436870633213,0.4168436870633213,0.3661357332727859,0.4084176735515132,1.1384949601539054,1.1384949601539054
0.7,4,2,2,beta_bimodal,log_uniform,0.5158617692792703,0.5158617692792703,0.5158617692792703,0.5158617692792703,1.0,1.0
0.7,4,2,3,homogeneous,flat,0.6000000000000001,0.6000000000000001,0.6000000000000001,0.6000000000000001,1.0,1.0
0.7,4,2,3,homogeneous,log_uniform,1.008072565435827,1.008072565435827,1.0080725654358267,1.008072565435827,1.0000000000000002,1.0000000000000002
0.7,4,2,3,homogeneous,log_uniform,0.9512953457698092,0.9512953457698092,0.9512953457698092,0.9512953457698092,1.0,1.0
0.7,4,2,3,homogeneous,log_uniform,0.6865172482241152,0.6865172482241153,0.6865172482241152,0.6865172482241152,1.0,1.0000000000000002
0.7,4,2,3,beta_bimodal,flat,1.035647073090919,1.035647073090919,1.0356470730909189,1.0356470730909189,1.0000000000000002,1.0000000000000002
0.7,4,2,3,beta_bimodal,flat,1.1875567401250162,1.1875567401250162,1.1875567401250162,1.1875567401250162,1.0,1.0
0.7,4,2,3,beta_bimodal,flat,1.1361619005446852,1.1361619005446852,1.1361619005446852,1.1361619005446852,1.0,1.0
0.7,4,2,3,beta_bimodal,log_uniform,1.02588165562581,1.0258816556258104,1.0258816556258104,1.0258816556258104,0.9999999999999996,1.0
0.7,4,2,3,beta_bimodal,log_uniform,2.105453194128153,2.105453194128153,2.105453194128153,2.105453194128153,1.0,1.0
0.7,4,2,3,beta_bimodal,log_uniform,0.573358832975941,0.573358832975941,0.573358832975941,0.573358832975941,1.0,1.0
0.7,4,3,2,homogeneous,flat,0.9000000000000001,1.011,0.9000000000000002,0.9000000000000002,0.9999999999999999,1.1233333333333329
0.7,4,3,2,homogeneous,log_uniform,1.0430067154337723,1.0912317283847024,1.0430067154337723,1.0430067154337723,1.0,1.0462365315940214
0.7,4,3,2,homogeneous,log_uniform,1.0836091764610556,1.124848500564052,1.0836091764610556,1.0836091764610556,1.0,1.0380573780647369
0.7,4,3,2,homogeneous,log_uniform,1.099915316858738,1.1158371472003057,1.099915316858738,1.099915316858738,1.0,1.0144755056116859
0.7,4,3,2,beta_bimodal,flat,1.170090850893593,1.170090850893593,1.170090850893593,1.170090850893593,1.0,1.0
0.7,4,3,2,beta_bimodal,flat,1.199887971677996,1.1998879716779962,1.1998879716779958,1.1998879716779958,1.0000000000000002,1.0000000000000004
0.7,4,3,2,beta_bimodal,flat,1.1860148287238952,1.1860148287238954,1.1860148287238952,1.1860148287238952,1.0,1.0000000000000002
0.7,4,3,2,beta_bimodal,log_uniform,0.3568003455148515,0.376442873438283,0.35680034551485157,0.3568003455148515,0.9999999999999999,1.055051874725872
0.7,4,3,2,beta_bimodal,log_uniform,0.9941014337297134,0.9941014337297134,0.9941014337297134,0.9941014337297134,1.0,1.0
0.7,4,3,2,beta_bimodal,log_uniform,0.9398431415905693,0.9398431415905693,0.9398431415905693,0.9398431415905693,1.0,1.0
0.7,4,3,3,homogeneous,flat,0.9000000000000001,1.011,0.9000000000000002,0.9000000000000002,0.9999999999999999,1.1233333333333329
0.7,4,3,3,homogeneous,log_uniform,1.126648570791106,1.1266485707911065,1.126648570791106,1.126648570791106,1.0,1.0000000000000004
0.7,4,3,3,homogeneous,log_uniform,1.049932486416031,1.049932486416031,1.049932486416031,1.049932486416031,1.0,1.0
0.7,4,3,3,homogeneous,log_uniform,1.139575973526359,1.139575973526359,1.1395759735263593,1.1395759735263593,0.9999999999999998,0.9999999999999998
0.7,4,3,3,beta_bimodal,flat,1.1999860661165336,1.1999860661165336,1.1999860661165336,1.1999860661165336,1.0,1.0
0.7,4,3,3,beta_bimodal,flat,1.1917363284497682,1.1917363284497686,1.1917363284497682,1.1917363284497682,1.0,1.0000000000000004
0.7,4,3,3,beta_bimodal,flat,1.1991827567342126,1.1991827567342128,1.1173291512890844,1.1991827567342128,1.0732582742969627,1.0732582742969627
0.7,4,3,3,beta_bimodal,log_uniform,1.4357380106496924,1.4357380106496924,1.4357380106496924,1.4357380106496924,1.0,1.0
0.7,4,3,3,beta_bimodal,log_uniform,0.4592650159824814,0.4592650159824815,0.4571529337727436,0.4592650159824813,1.0046200779951415,1.0046200779951417
0.7,4,3,3,beta_bimodal,log_uniform,1.158701827824493,1.1816300240915332,1.1587018278244932,1.1587018278244932,0.9999999999999998,1.0197878312750128
0.7,5,2,2,homogeneous,flat,0.6000000000000001,0.6000000000000001,0.6000000000000001,0.6000000000000001,1.0,1.0
0.7,5,2,2,homogeneous,log_uniform,1.0503707846170445,1.0503707846170445,1.050370784617044,1.050370784617044,1.0000000000000004,1.0000000000000004
0.7,5,2,2,homogeneous,log_uniform,1.1063791979691082,1.1063791979691082,1.106379197969108,1.106379197969108,1.0000000000000002,1.0000000000000002
0.7,5,2,2,homogeneous,log_uniform,0.8547187427102962,0.8547187427102964,0.8547187427102962,0.8547187427102962,1.0,1.0000000000000002
0.7,5,2,2,beta_bimodal,flat,1.3774566607931968,1.396770755175249,1.377456660793197,1.377456660793197,0.9999999999999999,1.0140215622979603
0.7,5,2,2,beta_bimodal,flat,0.9929342021332191,0.9929342021332191,0.9929342021332193,0.9929342021332191,0.9999999999999999,0.9999999999999999
0.7,5,2,2,beta_bimodal,flat,1.2124420223789474,1.3110892613594496,1.1674935285014638,1.311089261359449,1.0384999940300972,1.1229948854982503
0.7,5,2,2,beta_bimodal,log_uniform,0.6432843852220341,0.6556770656941805,0.6432843852220343,0.6432843852220343,0.9999999999999997,1.0192646996520345
0.7,5,2,2,beta_bimodal,log_uniform,0.8888022843222483,0.8888022843222483,0.8888022843222483,0.8888022843222483,1.0,1.0
0.7,5,2,2,beta_bimodal,log_uniform,1.2315222166234745,1.2315222166234745,1.2315222166234743,1.2315222166234745,1.0000000000000002,1.0000000000000002
0.7,5,2,3,homogeneous,flat,0.6000000000000001,0.6000000000000001,0.6000000000000001,0.6000000000000001,1.0,1.0
0.7,5,2,3,homogeneous,log_uniform,0.9410698955774394,0.9410698955774394,0.9410698955774393,0.9410698955774393,1.0000000000000002,1.0000000000000002
0.7,5,2,3,homogeneous,log_uniform,1.141896555697227,1.141896555697227,1.1418965556972267,1.1418965556972267,1.0000000000000002,1.0000000000000002
0.7,5,2,3,homogeneous,log_uniform,1.0230932290864585,1.0230932290864585,1.0230932290864583,1.0230932290864585,1.0000000000000002,1.0000000000000002
0.7,5,2,3,beta_bimodal,flat,1.2068586231316725,1.2068586231316725,1.2068586231316727,1.2068586231316727,0.9999999999999998,0.9999999999999998
0.7,5,2,3,beta_bimodal,flat,1.109700288888468,1.109700288888468,1.109700288888468,1.109700288888468,1.0,1.0
0.7,5,2,3,beta_bimodal,flat,1.249072405936257,1.249072405936257,1.249072405936257,1.249072405936257,1.0,1.0
0.7,5,2,3,beta_bimodal,log_uniform,0.6288096318122873,0.6288096318122873,0.6425672318595401,0.6425672318595401,0.9785896333253108,0.9785896333253108
0.7,5,2,3,beta_bimodal,log_uniform,1.444734276123013,1.444734276123013,1.444734276123013,1.444734276123013,1.0,1.0
0.7,5,2,3,beta_bimodal,log_uniform,1.4515124932498906,1.4515124932498906,1.2886630513432418,1.4515124932498906,1.1263708474739786,1.1263708474739786
0.7,5,3,2,homogeneous,flat,0.9000000000000001,1.011,0.9000000000000001,0.9000000000000001,1.0,1.123333333333333
0.7,5,3,2,homogeneous,log_uniform,1.3291848099204595,1.3291848099204595,1.3291848099204595,1.3291848099204595,1.0,1.0
0.7,5,3,2,homogeneous,log_uniform,1.23587255192526,1.3003572737205262,1.2358725519252602,1.2358725519252602,0.9999999999999998,1.0521774852065537
0.7,5,3,2,homogeneous,log_uniform,1.2692938803243865,1.3158576720347663,1.2692938803243863,1.2692938803243865,1.0000000000000002,1.0366847996608004
0.7,5,3,2,beta_bimodal,flat,1.476171522298628,1.484620209670821,1.4761715222986285,1.4761715222986285,0.9999999999999997,1.005723377835549
0.7,5,3,2,beta_bimodal,flat,1.3544326132189235,1.3972349904945902,1.354432613218924,1.354432613218924,0.9999999999999997,1.031601703073247
0.7,5,3,2,beta_bimodal,flat,1.4801706285168457,1.480932604057117,1.4301230648802483,1.4809326040571165,1.0349952845776864,1.0355280887530633
0.7,5,3,2,beta_bimodal,log_uniform,0.7660823180335304,0.7896004397737124,0.7660823180335306,0.7660823180335306,0.9999999999999999,1.030699209714892
0.7,5,3,2,beta_bimodal,log_uniform,1.7923967608286269,1.792396760828627,1.7923967608286273,1.792396760828627,0.9999999999999998,0.9999999999999999
0.7,5,3,2,beta_bimodal,log_uniform,1.2562844051705346,1.2562844051705346,1.120650469618326,1.2187816952398849,1.1210314359645102,1.1210314359645102
0.7,5,3,3,homogeneous,flat,0.9000000000000001,1.011,0.9000000000000001,0.9000000000000001,1.0,1.123333333333333
0.7,5,3,3,homogeneous,log_uniform,1.362759983426081,1.362759983426081,1.362759983426081,1.362759983426081,1.0,1.0
0.7,5,3,3,homogeneous,log_uniform,1.272795834512071,1.272795834512071,1.2727958345120707,1.272795834512071,1.0000000000000002,1.0000000000000002
0.7,5,3,3,homogeneous,log_uniform,1.390873232040685,1.390873232040685,1.3908732320406847,1.3908732320406847,1.0000000000000002,1.0000000000000002
0.7,5,3,3,beta_bimodal,flat,1.3848240492094783,1.3873027933185715,1.3848240492094783,1.3848240492094783,1.0,1.0017899343317356
0.7,5,3,3,beta_bimodal,flat,1.4653880607837113,1.4653880607837113,1.4141168445495098,1.4653880607837115,1.0362567042686879,1.0362567042686879
0.7,5,3,3,beta_bimodal,flat,1.264684639738444,1.264684639738444,1.264684639738444,1.264684639738444,1.0,1.0
0.7,5,3,3,beta_bimodal,log_uniform,1.8500591676210325,1.8511653523779077,1.8500591676210323,1.8500591676210325,1.0000000000000002,1.0005979185834892
0.7,5,3,3,beta_bimodal,log_uniform,0.8487437054952457,0.8671181960754111,0.8487437054952456,0.8487437054952456,1.0000000000000002,1.0216490448897573
0.7,5,3,3,beta_bimodal,log_uniform,1.3030564688399533,1.3144463994639306,1.2621716433815986,1.3030564688399524,1.032392444936266,1.0414165191845683
0.7,6,2,2,homogeneous,flat,0.6000000000000001,0.6000000000000001,0.6,0.6000000000000001,1.0000000000000002,1.0000000000000002
0.7,6,2,2,homogeneous,log_uniform,0.723969958082519,0.723969958082519,0.7239699580825187,0.7239699580825187,1.0000000000000002,1.0000000000000002
0.7,6,2,2,homogeneous,log_uniform,1.3783529267281769,1.3783529267281769,1.3783529267281769,1.3783529267281769,1.0,1.0
0.7,6,2,2,homogeneous,log_uniform,1.0238564522321747,1.0238564522321751,1.0238564522321751,1.0238564522321751,0.9999999999999996,1.0
0.7,6,2,2,beta_bimodal,flat,1.5926666026913148,1.621700851582337,1.5120844293898714,1.6217008515823363,1.0532921123551007,1.0724935857164377
0.7,6,2,2,beta_bimodal,flat,1.6189013891691562,1.6189013891691562,1.569028385720439,1.5828926031551318,1.0317859153490185,1.0317859153490185
0.7,6,2,2,beta_bimodal,flat,1.413190338072252,1.413190338072252,1.301497925896574,1.3870863175192123,1.0858183558753929,1.0858183558753929
0.7,6,2,2,beta_bimodal,log_uniform,0.8866535379692178,0.8866535379692178,0.8866535379692179,0.8866535379692179,0.9999999999999999,0.9999999999999999
0.7,6,2,2,beta_bimodal,log_uniform,1.9643633817482489,2.0942719811256265,1.9145523583685546,2.0942719811256265,1.026017059894951,1.0938703096687397
0.7,6,2,2,beta_bimodal,log_uniform,1.2222361103152557,1.2222361103152557,1.2222361103152553,1.2222361103152553,1.0000000000000004,1.0000000000000004
0.7,6,2,3,homogeneous,flat,0.6000000000000001,0.6000000000000001,0.6,0.6000000000000001,1.0000000000000002,1.0000000000000002
0.7,6,2,3,homogeneous,log_uniform,0.9406806586580702,0.9406806586580704,0.9406806586580705,0.9406806586580704,0.9999999999999997,0.9999999999999999
0.7,6,2,3,homogeneous,log_uniform,1.0639052403221445,1.0639052403221445,1.0639052403221447,1.0639052403221447,0.9999999999999998,0.9999999999999998
0.7,6,2,3,homogeneous,log_uniform,0.9995078422955288,0.9995078422955288,0.9995078422955291,0.9995078422955292,0.9999999999999997,0.9999999999999997
0.7,6,2,3,beta_bimodal,flat,1.307151206586635,1.307151206586635,1.1723820919555639,1.3071512065866353,1.114953235430501,1.114953235430501
0.7,6,2,3,beta_bimodal,flat,1.371651114032002,1.371651114032002,1.3716511140320022,1.3716511140320022,0.9999999999999999,0.9999999999999999
0.7,6,2,3,beta_bimodal,flat,1.3294985205573486,1.3294985205573489,1.3294985205573482,1.3294985205573482,1.0000000000000004,1.0000000000000004
0.7,6,2,3,beta_bimodal,log_uniform,1.321236867488842,1.321236867488842,1.2987860746829403,1.3212368674888422,1.017285982074748,1.017285982074748
0.7,6,2,3,beta_bimodal,log_uniform,1.0765483743273252,1.1305205180228273,1.3166590202768,1.3166590202768,0.8176364250335697,0.8586281646292591
0.7,6,2,3,beta_bimodal,log_uniform,1.7221561121655329,1.722156112165533,1.722156112165533,1.722156112165533,0.9999999999999999,1.0
0.7,6,3,2,homogeneous,flat,0.9,1.011,0.8999999999999997,0.8999999999999998,1.0000000000000004,1.1233333333333335
0.7,6,3,2,homogeneous,log_uniform,1.516733707741471,1.5262201416826326,1.516733707741471,1.516733707741471,1.0,1.0062545151418092
0.7,6,3,2,homogeneous,log_uniform,1.3053491628778315,1.3727438627752668,1.305349162877831,1.305349162877831,1.0000000000000004,1.0516296342879283
0.7,6,3,2,homogeneous,log_uniform,1.4252909492212962,1.4879944623357677,1.4252909492212962,1.4252909492212962,1.0,1.0439934829788469
0.7,6,3,2,beta_bimodal,flat,1.3900341100668507,1.44463001069189,1.3900341100668507,1.3900341100668507,1.0,1.0392766625147158
0.7,6,3,2,beta_bimodal,flat,1.5781774008113556,1.5781774008113556,1.3426519750587522,1.542553660896262,1.1754180756649892,1.1754180756649892
0.7,6,3,2,beta_bimodal,flat,1.4137998746487586,1.4711351218141522,1.4137998746487588,1.4137998746487588,0.9999999999999999,1.0405540049857747
0.7,6,3,2,beta_bimodal,log_uniform,1.5844373913878358,1.596301501370272,1.543555092324426,1.584437391387837,1.026485804923131,1.0341720287848073
0.7,6,3,2,beta_bimodal,log_uniform,0.8078813383260239,0.8356394773920759,0.8078813383260243,0.8078813383260243,0.9999999999999996,1.0343591784451514
0.7,6,3,2,beta_bimodal,log_uniform,2.2130416038495184,2.2130416038495184,2.1925614422435404,2.1968720570345512,1.0093407469507545,1.0093407469507545
0.7,6,3,3,homogeneous,flat,0.9,1.011,0.8999999999999997,0.8999999999999998,1.0000000000000004,1.1233333333333335
0.7,6,3,3,homogeneous,log_uniform,1.3145812075494334,1.3145812075494336,1.3145812075494334,1.3145812075494334,1.0,1.0000000000000002
0.7,6,3,3,homogeneous,log_uniform,1.458589650283146,1.458589650283146,1.458589650283146,1.458589650283146,1.0,1.0
0.7,6,3,3,homogeneous,log_uniform,1.531640458495846,1.5316404584958463,1.5316404584958465,1.5316404584958463,0.9999999999999997,0.9999999999999999
0.7,6,3,3,beta_bimodal,flat,1.6520507970286564,1.6520507970286564,1.4631795294181058,1.6520507970286562,1.1290827706465134,1.1290827706465134
0.7,6,3,3,beta_bimodal,flat,1.7759311259170771,1.7759311259170771,1.7759311259170771,1.7759311259170771,1.0,1.0
0.7,6,3,3,beta_bimodal,flat,1.5207462380445451,1.5296969445054427,1.520746238044545,1.520746238044545,1.0000000000000002,1.0058857330940414
0.7,6,3,3,beta_bimodal,log_uniform,2.2994704366156835,2.2994704366156835,2.2994704366156844,2.2994704366156844,0.9999999999999997,0.9999999999999997
0.7,6,3,3,beta_bimodal,log_uniform,1.4853894550558675,1.4894313901514034,1.4853894550558682,1.4853894550558682,0.9999999999999996,1.0027211281740136
0.7,6,3,3,beta_bimodal,log_uniform,2.4802356277195856,2.4832608640276845,2.480235627719586,2.480235627719586,0.9999999999999998,1.0012197374613476
0.75,4,2,2,homogeneous,flat,0.5,0.5,0.5,0.5,1.0,1.0
0.75,4,2,2,homogeneous,log_uniform,0.8310870691256899,0.8310870691256899,0.8310870691256899,0.8310870691256899,1.0,1.0
0.75,4,2,2,homogeneous,log_uniform,0.7139524563948458,0.7139524563948458,0.7139524563948458,0.7139524563948458,1.0,1.0
0.75,4,2,2,homogeneous,log_uniform,0.6873783355949762,0.6873783355949762,0.6873783355949761,0.6873783355949761,1.0000000000000002,1.0000000000000002
0.75,4,2,2,beta_bimodal,flat,0.9800751267168032,0.9804383379949144,0.9800751267168033,0.9800751267168032,0.9999999999999999,1.000370595343367
0.75,4,2,2,beta_bimodal,flat,0.982335973683005,0.982335973683005,0.9823359736830048,0.9823359736830048,1.0000000000000002,1.0000000000000002
0.75,4,2,2,beta_bimodal,flat,0.9507917281739572,0.9507917281739572,0.9507917281739571,0.9507917281739572,1.0000000000000002,1.0000000000000002
0.75,4,2,2,beta_bimodal,log_uniform,0.7975402608997595,0.7975402608997595,0.7975402608997595,0.7975402608997595,1.0,1.0
0.75,4,2,2,beta_bimodal,log_uniform,0.4931090330689839,0.4931090330689839,0.4931090330689838,0.4931090330689838,1.0000000000000002,1.0000000000000002
0.75,4,2,2,beta_bimodal,log_uniform,1.0132167485993016,1.0132167485993016,1.0132167485993013,1.013216748599301,1.0000000000000002,1.0000000000000002
0.75,4,2,3,homogeneous,flat,0.5,0.5,0.5,0.5,1.0,1.0
0.75,4,2,3,homogeneous,log_uniform,0.8198484091962359,0.8198484091962359,0.8198484091962359,0.8198484091962359,1.0,1.0
0.75,4,2,3,homogeneous,log_uniform,0.7405307767913341,0.7405307767913341,0.7405307767913341,0.7405307767913341,1.0,1.0
0.75,4,2,3,homogeneous,log_uniform,0.6801263603314883,0.6801263603314883,0.6801263603314882,0.6801263603314882,1.0000000000000002,1.0000000000000002
0.75,4,2,3,beta_bimodal,flat,0.9954855223631692,0.9954855223631692,0.9954855223631692,0.9954855223631692,1.0,1.0
0.75,4,2,3,beta_bimodal,flat,0.9929954240321468,0.9929954240321468,0.9929954240321468,0.9929954240321468,1.0,1.0
0.75,4,2,3,beta_bimodal,flat,0.8768765939468626,0.8768765939468626,0.8768765939468625,0.8768765939468625,1.0000000000000002,1.0000000000000002
0.75,4,2,3,beta_bimodal,log_uniform,0.6210522097727573,0.6210522097727573,0.6210522097727573,0.6210522097727573,1.0,1.0
0.75,4,2,3,beta_bimodal,log_uniform,0.8995475092005806,0.8995475092005806,0.8995475092005806,0.8995475092005806,1.0,1.0
0.75,4,2,3,beta_bimodal,log_uniform,0.3537884832560871,0.3537884832560871,0.3537884832560871,0.3537884832560871,1.0,1.0
0.75,4,3,2,homogeneous,flat,0.75,0.859375,0.75,0.75,1.0,1.1458333333333333
0.75,4,3,2,homogeneous,log_uniform,0.9029615189881628,0.942433461900123,0.9029615189881627,0.9029615189881628,1.0000000000000002,1.0437138705049045
0.75,4,3,2,homogeneous,log_uniform,0.8753701892716659,0.9295750796301456,0.8753701892716658,0.8753701892716658,1.0000000000000002,1.061922248464481
0.75,4,3,2,homogeneous,log_uniform,0.921780659513747,0.921780659513747,0.921780659513747,0.921780659513747,1.0,1.0
0.75,4,3,2,beta_bimodal,flat,0.8733075916786354,0.902607981046054,0.8733075916786354,0.8733075916786354,1.0,1.0335510530843992
0.75,4,3,2,beta_bimodal,flat,0.9697678671079246,0.9697678671079246,0.9697678671079246,0.9697678671079246,1.0,1.0
0.75,4,3,2,beta_bimodal,flat,0.9935508261945152,0.9946302719912362,0.9935508261945152,0.9935508261945152,1.0,1.00108645251784
0.75,4,3,2,beta_bimodal,log_uniform,0.8369791212763132,0.8707012445539097,0.8369791212763132,0.8369791212763132,1.0,1.0402902801519989
0.75,4,3,2,beta_bimodal,log_uniform,0.6031174741326677,0.6031174741326678,0.6031174741326678,0.6031174741326678,0.9999999999999998,1.0
0.75,4,3,2,beta_bimodal,log_uniform,0.8163390312442848,0.8170649409345354,0.8163390312442848,0.8163390312442848,1.0,1.0008892257535993
0.75,4,3,3,homogeneous,flat,0.75,0.859375,0.75,0.75,1.0,1.1458333333333333
0.75,4,3,3,homogeneous,log_uniform,0.9119779656485916,0.9119779656485916,0.9119779656485915,0.9119779656485916,1.0000000000000002,1.0000000000000002
0.75,4,3,3,homogeneous,log_uniform,0.8869345815358162,0.8869345815358162,0.8869345815358161,0.8869345815358161,1.0000000000000002,1.0000000000000002
0.75,4,3,3,homogeneous,log_uniform,0.8522887943377647,0.8761325006831018,0.8522887943377645,0.8522887943377645,1.0000000000000002,1.0279760880393412
0.75,4,3,3,beta_bimodal,flat,0.999771594791162,0.999771594791162,0.9997715947911621,0.999771594791162,0.9999999999999999,0.9999999999999999
0.75,4,3,3,beta_bimodal,flat,0.963091396883682,0.963091396883682,0.9630913968836821,0.963091396883682,0.9999999999999999,0.9999999999999999
0.75,4,3,3,beta_bimodal,flat,0.9862862621655047,0.9862862621655047,0.9862862621655046,0.9862862621655046,1.0000000000000002,1.0000000000000002
0.75,4,3,3,beta_bimodal,log_uniform,0.7889023054883144,0.7889023054883144,0.7889023054883143,0.7889023054883143,1.0000000000000002,1.0000000000000002
0.75,4,3,3,beta_bimodal,log_uniform,0.5811659210597305,0.5811659210597305,0.5811659210597305,0.5811659210597305,1.0,1.0
0.75,4,3,3,beta_bimodal,log_uniform,0.5138879100627325,0.5138879100627325,0.5138879100627324,0.5138879100627324,1.0000000000000002,1.0000000000000002
0.75,5,2,2,homogeneous,flat,0.5,0.5,0.5,0.5,1.0,1.0
0.75,5,2,2,homogeneous,log_uniform,0.7842572776571666,0.7842572776571666,0.7842572776571665,0.7842572776571665,1.0000000000000002,1.0000000000000002
0.75,5,2,2,homogeneous,log_uniform,0.8050580888431755,0.8050580888431755,0.8050580888431755,0.8050580888431755,1.0,1.0
0.75,5,2,2,homogeneous,log_uniform,1.0003888799361464,1.0003888799361464,1.0003888799361464,1.0003888799361464,1.0,1.0
0.75,5,2,2,beta_bimodal,flat,1.0875107965087796,1.09058418895157,1.0875107965087794,1.0875107965087794,1.0000000000000002,1.002826079936546
0.75,5,2,2,beta_bimodal,flat,1.0190006911830325,1.0190006911830327,1.0190006911830325,1.0190006911830325,1.0,1.0000000000000002
0.75,5,2,2,beta_bimodal,flat,0.8731148244935731,0.8731148244935731,0.8731148244935731,0.8731148244935731,1.0,1.0
0.75,5,2,2,beta_bimodal,log_uniform,0.3872934767326977,0.3994043230940665,0.3872934767326978,0.3872934767326978,0.9999999999999997,1.031270463069863
0.75,5,2,2,beta_bimodal,log_uniform,1.9146385477184875,1.9146385477184875,1.914638547718488,1.914638547718488,0.9999999999999998,0.9999999999999998
0.75,5,2,2,beta_bimodal,log_uniform,2.0453602761355034,2.0453602761355034,2.0453602761355034,2.0453602761355034,1.0,1.0
0.75,5,2,3,homogeneous,flat,0.5,0.5,0.5,0.5,1.0,1.0
0.75,5,2,3,homogeneous,log_uniform,0.7744157236013942,0.7744157236013942,0.774415723601394,0.774415723601394,1.0000000000000002,1.0000000000000002
0.75,5,2,3,homogeneous,log_uniform,0.8564802668136338,0.8564802668136338,0.8564802668136339,0.8564802668136339,0.9999999999999999,0.9999999999999999
0.75,5,2,3,homogeneous,log_uniform,0.9248902654132356,0.9248902654132356,0.9248902654132354,0.9248902654132354,1.0000000000000002,1.0000000000000002
0.75,5,2,3,beta_bimodal,flat,1.117898592874058,1.117898592874058,1.1178985928740577,1.1178985928740577,1.0000000000000002,1.0000000000000002
0.75,5,2,3,beta_bimodal,flat,1.241404210366703,1.241404210366703,1.2414042103667031,1.2414042103667031,0.9999999999999998,0.9999999999999998
0.75,5,2,3,beta_bimodal,flat,1.1205946250570114,1.1205946250570116,1.1205946250570118,1.1205946250570118,0.9999999999999996,0.9999999999999998
0.75,5,2,3,beta_bimodal,log_uniform,1.8601164742495473,1.8601164742495473,1.8601164742495475,1.8601164742495475,0.9999999999999999,0.9999999999999999
0.75,5,2,3,beta_bimodal,log_uniform,0.9592580931869582,0.9592580931869584,0.9592580931869583,0.9592580931869584,0.9999999999999999,1.0000000000000002
0.75,5,2,3,beta_bimodal,log_uniform,1.9210783983991095,1.9210783983991095,1.9210783983991095,1.9210783983991095,1.0,1.0
0.75,5,3,2,homogeneous,flat,0.75,0.859375,0.75,0.75,1.0,1.1458333333333333
0.75,5,3,2,homogeneous,log_uniform,1.0796009809650546,1.108638955344562,1.0796009809650546,1.0796009809650546,1.0,1.026896950717431
0.75,5,3,2,homogeneous,log_uniform,0.9860889977726156,1.039210889948976,0.9860889977726156,0.9860889977726156,1.0,1.0538712958935275
0.75,5,3,2,homogeneous,log_uniform,1.030048962395253,1.0789333862938804,1.0300489623952525,1.0300489623952525,1.0000000000000004,1.0474583497321848
0.75,5,3,2,beta_bimodal,flat,1.2340397204348452,1.2380427291826672,1.2340397204348452,1.2340397204348452,1.0,1.0032438248798115
0.75,5,3,2,beta_bimodal,flat,1.2488338265379753,1.249059127101798,1.248833826537975,1.248833826537975,1.0000000000000002,1.0001804087613861
0.75,5,3,2,beta_bimodal,flat,1.2357564492340298,1.2357564492340298,1.2357564492340296,1.2357564492340296,1.0000000000000002,1.0000000000000002
0.75,5,3,2,beta_bimodal,log_uniform,0.976198491216098,0.982340974741018,0.9761984912160978,0.9761984912160978,1.0000000000000002,1.0062922485336647
0.75,5,3,2,beta_bimodal,log_uniform,1.1900542814725967,1.190054281472597,1.1900542814725967,1.1900542814725967,1.0,1.0000000000000002
0.75,5,3,2,beta_bimodal,log_uniform,1.8275365096093017,1.8301235082079488,1.8275365096093015,1.8275365096093017,1.0000000000000002,1.001415566028391
0.75,5,3,3,homogeneous,flat,0.75,0.859375,0.75,0.75,1.0,1.1458333333333333
0.75,5,3,3,homogeneous,log_uniform,1.1006189922256344,1.1006189922256344,1.1006189922256346,1.1006189922256346,0.9999999999999998,0.9999999999999998
0.75,5,3,3,homogeneous,log_uniform,0.9949487523308334,1.0122533560992863,0.9949487523308335,0.9949487523308336,0.9999999999999999,1.0173924573782458
0.75,5,3,3,homogeneous,log_uniform,1.0363348903102472,1.0363348903102474,1.036334890310247,1.036334890310247,1.0000000000000002,1.0000000000000004
0.75,5,3,3,beta_bimodal,flat,1.2139439283703135,1.2139439283703135,1.2139439283703135,1.2139439283703135,1.0,1.0
0.75,5,3,3,beta_bimodal,flat,1.040565269238376,1.0405652692383762,1.040565269238376,1.040565269238376,1.0,1.0000000000000002
0.75,5,3,3,beta_bimodal,flat,1.1622005026188729,1.1629032900526877,1.162200502618873,1.162200502618873,0.9999999999999998,1.0006047041213895
0.75,5,3,3,beta_bimodal,log_uniform,0.8970054053749821,0.8970054053749821,0.8970054053749819,0.8970054053749819,1.0000000000000002,1.0000000000000002
0.75,5,3,3,beta_bimodal,log_uniform,2.3722103265235552,2.3722103265235552,2.372210326523555,2.372210326523555,1.0000000000000002,1.0000000000000002
0.75,5,3,3,beta_bimodal,log_uniform,0.6624916460568513,0.6624916460568514,0.6624916460568514,0.6624916460568514,0.9999999999999998,1.0
0.75,6,2,2,homogeneous,flat,0.5,0.5,0.5,0.5,1.0,1.0
0.75,6,2,2,homogeneous,log_uniform,1.0532636936369195,1.0532636936369195,1.0532636936369193,1.0532636936369193,1.0000000000000002,1.0000000000000002
0.75,6,2,2,homogeneous,log_uniform,1.085071010281586,1.085071010281586,1.0850710102815864,1.0850710102815864,0.9999999999999996,0.9999999999999996
0.75,6,2,2,homogeneous,log_uniform,0.911698595147418,0.9116985951474182,0.911698595147418,0.911698595147418,1.0,1.0000000000000002
0.75,6,2,2,beta_bimodal,flat,0.8437243856833677,0.8437243856833677,0.8437243856833678,0.8437243856833678,0.9999999999999999,0.9999999999999999
0.75,6,2,2,beta_bimodal,flat,1.2223104774661675,1.2684707885168174,1.2223104774661668,1.2223104774661668,1.0000000000000004,1.0377648002709918
0.75,6,2,2,beta_bimodal,flat,1.422011212883343,1.4583248613969075,1.4104803256961245,1.458324861396907,1.008175149257419,1.0339207395021055
0.75,6,2,2,beta_bimodal,log_uniform,1.209234876528954,1.2295238368605188,1.2092348765289538,1.2092348765289538,1.0000000000000002,1.0167783453201444
0.75,6,2,2,beta_bimodal,log_uniform,1.1298456310591882,1.1298456310591882,1.1230305046580553,1.126960709044586,1.0060685140544852,1.0060685140544852
0.75,6,2,2,beta_bimodal,log_uniform,1.281751810954899,1.281751810954899,1.195390058150331,1.207696482890888,1.0722456676092813,1.0722456676092813
0.75,6,2,3,homogeneous,flat,0.5,0.5,0.5,0.5,1.0,1.0
0.75,6,2,3,homogeneous,log_uniform,0.6854851047887972,0.6854851047887972,0.685485104788797,0.685485104788797,1.0000000000000002,1.0000000000000002
0.75,6,2,3,homogeneous,log_uniform,0.8509990129824015,0.8509990129824015,0.8509990129824019,0.8509990129824019,0.9999999999999996,0.9999999999999996
0.75,6,2,3,homogeneous,log_uniform,1.0557916700448131,1.0557916700448131,1.055791670044813,1.055791670044813,1.0000000000000002,1.0000000000000002
0.75,6,2,3,beta_bimodal,flat,1.1583324585481451,1.1583324585481451,0.9695911523985667,1.158332458548145,1.194660714139843,1.194660714139843
0.75,6,2,3,beta_bimodal,flat,1.2992420797598383,1.2992420797598383,1.2992420797598387,1.2992420797598387,0.9999999999999997,0.9999999999999997
0.75,6,2,3,beta_bimodal,flat,1.294911858346027,1.294911858346027,1.2949118583460266,1.2949118583460266,1.0000000000000004,1.0000000000000004
0.75,6,2,3,beta_bimodal,log_uniform,1.0629955671689262,1.0629955671689262,1.062995567168926,1.062995567168926,1.0000000000000002,1.0000000000000002
0.75,6,2,3,beta_bimodal,log_uniform,1.7208564788236465,1.7208564788236465,1.7208564788236465,1.7208564788236465,1.0,1.0
0.75,6,2,3,beta_bimodal,log_uniform,2.4909355796197734,2.490935579619774,2.4909355796197743,2.4909355796197743,0.9999999999999997,0.9999999999999998
0.75,6,3,2,homogeneous,flat,0.75,0.859375,0.75,0.75,1.0,1.1458333333333333
0.75,6,3,2,homogeneous,log_uniform,1.1120274873724632,1.190898703436071,1.112027487372463,1.112027487372463,1.0000000000000002,1.0709255993752167
0.75,6,3,2,homogeneous,log_uniform,1.1498485748623175,1.213507350655283,1.1498485748623177,1.1498485748623175,0.9999999999999998,1.055362747047443
0.75,6,3,2,homogeneous,log_uniform,1.2013753416405013,1.2649834215638216,1.2013753416405009,1.2013753416405009,1.0000000000000004,1.0529460508457438
0.75,6,3,2,beta_bimodal,flat,1.3917305721027755,1.3917305721027755,1.3917305721027755,1.3917305721027755,1.0,1.0
0.75,6,3,2,beta_bimodal,flat,1.4638738915817164,1.4728249678709244,1.4638738915817162,1.4638738915817162,1.0000000000000002,1.0061146498620428
0.75,6,3,2,beta_bimodal,flat,1.4400716280375276,1.4568535011442123,1.4400716280375276,1.4400716280375276,1.0,1.0116534988815482
0.75,6,3,2,beta_bimodal,log_uniform,2.004255912552416,2.004255912552416,2.0042559125524155,2.0042559125524155,1.0000000000000002,1.0000000000000002
0.75,6,3,2,beta_bimodal,log_uniform,2.950353432527854,2.950683769172944,2.9503534325278546,2.950353432527854,0.9999999999999999,1.000111965109484
0.75,6,3,2,beta_bimodal,log_uniform,1.64188022065325,1.6511323963922953,1.6418802206532501,1.64188022065325,0.9999999999999999,1.0056351100541085
0.75,6,3,3,homogeneous,flat,0.75,0.859375,0.75,0.75,1.0,1.1458333333333333
0.75,6,3,3,homogeneous,log_uniform,1.070291468798463,1.1066154384613196,1.0702914687984633,1.0702914687984633,0.9999999999999998,1.0339383903560724
0.75,6,3,3,homogeneous,log_uniform,1.2824016954196429,1.2824016954196429,1.2824016954196427,1.2824016954196429,1.0000000000000002,1.0000000000000002
0.75,6,3,3,homogeneous,log_uniform,1.1326216887103553,1.1517451549877158,1.1326216887103555,1.1326216887103555,0.9999999999999998,1.0168842487019076
0.75,6,3,3,beta_bimodal,flat,1.4081167048781826,1.4081167048781826,1.4081167048781822,1.4081167048781822,1.0000000000000002,1.0000000000000002
0.75,6,3,3,beta_bimodal,flat,1.3509806027195377,1.3509806027195377,1.350980602719537,1.350980602719537,1.0000000000000004,1.0000000000000004
0.75,6,3,3,beta_bimodal,flat,1.495358816402429,1.4953588164024292,1.398239729265026,1.4953588164024292,1.069458108723926,1.069458108723926
0.75,6,3,3,beta_bimodal,log_uniform,1.59708052894302,1.5970805289430203,1.5970805289430199,1.59708052894302,1.0000000000000002,1.0000000000000002
0.75,6,3,3,beta_bimodal,log_uniform,1.25354188366635,1.2564979813665484,1.2422473070782516,1.25354188366635,1.0090920515776067,1.0114716886139317
0.75,6,3,3,beta_bimodal,log_uniform,2.477215933129324,2.477215933129324,2.4642930323011956,2.477215933129324,1.0052440601254555,1.0052440601254555
0.8,4,2,2,homogeneous,flat,0.3999999999999999,0.3999999999999999,0.3999999999999999,0.3999999999999999,1.0,1.0
0.8,4,2,2,homogeneous,log_uniform,0.6202905365774143,0.6202905365774143,0.6202905365774143,0.6202905365774143,1.0,1.0
0.8,4,2,2,homogeneous,log_uniform,0.6384237600176385,0.6384237600176385,0.6384237600176383,0.6384237600176383,1.0000000000000002,1.0000000000000002
0.8,4,2,2,homogeneous,log_uniform,0.7201945464123525,0.7201945464123525,0.7201945464123525,0.7201945464123525,1.0,1.0
0.8,4,2,2,beta_bimodal,flat,0.6840606818696094,0.6840606818696094,0.6840606818696093,0.6840606818696093,1.0000000000000002,1.0000000000000002
0.8,4,2,2,beta_bimodal,flat,0.7801080962415075,0.7801080962415075,0.7801080962415075,0.7801080962415075,1.0,1.0
0.8,4,2,2,beta_bimodal,flat,0.6821850880156025,0.6821850880156025,0.6821850880156023,0.6821850880156023,1.0000000000000002,1.0000000000000002
0.8,4,2,2,beta_bimodal,log_uniform,0.5895788588661146,0.5895788588661146,0.5895788588661146,0.5895788588661146,1.0,1.0
0.8,4,2,2,beta_bimodal,log_uniform,0.5370819721377778,0.5370819721377778,0.5370819721377778,0.5370819721377778,1.0,1.0
0.8,4,2,2,beta_bimodal,log_uniform,0.4903293458020047,0.4903293458020047,0.4903293458020047,0.4903293458020047,1.0,1.0
0.8,4,2,3,homogeneous,flat,0.3999999999999999,0.3999999999999999,0.3999999999999999,0.3999999999999999,1.0,1.0
0.8,4,2,3,homogeneous,log_uniform,0.6055467922322996,0.6055467922322996,0.6055467922322995,0.6055467922322995,1.0000000000000002,1.0000000000000002
0.8,4,2,3,homogeneous,log_uniform,0.6381692434071338,0.6381692434071338,0.6381692434071338,0.6381692434071338,1.0,1.0
0.8,4,2,3,homogeneous,log_uniform,0.5121543586085137,0.5121543586085137,0.5121543586085138,0.5121543586085138,0.9999999999999998,0.9999999999999998
0.8,4,2,3,beta_bimodal,flat,0.7136427620831036,0.7136427620831036,0.7136427620831036,0.7136427620831036,1.0,1.0
0.8,4,2,3,beta_bimodal,flat,0.7722961388375252,0.7722961388375252,0.7722961388375252,0.7722961388375252,1.0,1.0
0.8,4,2,3,beta_bimodal,flat,0.7408961515365121,0.7408961515365122,0.7408961515365122,0.7408961515365122,0.9999999999999999,1.0
0.8,4,2,3,beta_bimodal,log_uniform,0.6647101611742764,0.6647101611742764,0.6647101611742765,0.6647101611742765,0.9999999999999998,0.9999999999999998
0.8,4,2,3,beta_bimodal,log_uniform,1.0108243330504971,1.0108243330504971,1.010824333050497,1.010824333050497,1.0000000000000002,1.0000000000000002
0.8,4,2,3,beta_bimodal,log_uniform,1.18863828925031,1.1886382892503102,1.1886382892503102,1.1886382892503102,0.9999999999999998,1.0
0.8,4,3,2,homogeneous,flat,0.5999999999999999,0.704,0.5999999999999999,0.5999999999999999,1.0,1.1733333333333336
0.8,4,3,2,homogeneous,log_uniform,0.727978949675645,0.7562055143461162,0.727978949675645,0.727978949675645,1.0,1.0387738748257043
0.8,4,3,2,homogeneous,log_uniform,0.74961525720072,0.7709324839361084,0.7496152572007201,0.7496152572007201,0.9999999999999999,1.0284375571743203
0.8,4,3,2,homogeneous,log_uniform,0.7602615541523714,0.7769973826072751,0.7602615541523716,0.7602615541523716,0.9999999999999997,1.0220132510495845
0.8,4,3,2,beta_bimodal,flat,0.7989282188829319,0.7989282188829321,0.7989282188829319,0.7989282188829319,1.0,1.0000000000000002
0.8,4,3,2,beta_bimodal,flat,0.7937458920040447,0.7952123432727225,0.7937458920040447,0.7937458920040447,1.0,1.001847507222967
0.8,4,3,2,beta_bimodal,flat,0.7951087650441013,0.7951087650441013,0.7951087650441012,0.7951087650441012,1.0000000000000002,1.0000000000000002
0.8,4,3,2,beta_bimodal,log_uniform,0.8996975892403376,0.9052855548519214,0.8996975892403376,0.8996975892403376,1.0,1.0062109376288337
0.8,4,3,2,beta_bimodal,log_uniform,0.4314039007032846,0.4314116629696378,0.4314039007032846,0.4314039007032846,1.0,1.0000179930370137
0.8,4,3,2,beta_bimodal,log_uniform,0.8363333922950329,0.8366302116722344,0.836333392295033,0.836333392295033,0.9999999999999999,1.0003549055674876
0.8,4,3,3,homogeneous,flat,0.5999999999999999,0.704,0.5999999999999999,0.5999999999999999,1.0,1.1733333333333336
0.8,4,3,3,homogeneous,log_uniform,0.7140041269445061,0.7270357555419735,0.7140041269445061,0.7140041269445061,1.0,1.018251475174569
0.8,4,3,3,homogeneous,log_uniform,0.7468478771101843,0.7468478771101844,0.7468478771101844,0.7468478771101844,0.9999999999999999,1.0
0.8,4,3,3,homogeneous,log_uniform,0.6830129208653273,0.7137837382364793,0.6830129208653272,0.6830129208653272,1.0000000000000002,1.0450515889687237
0.8,4,3,3,beta_bimodal,flat,0.7999916785072148,0.7999916785072148,0.7999916785072145,0.7999916785072145,1.0000000000000002,1.0000000000000002
0.8,4,3,3,beta_bimodal,flat,0.7996262957256597,0.7996262957256598,0.7996262957256596,0.7996262957256596,1.0000000000000002,1.0000000000000002
0.8,4,3,3,beta_bimodal,flat,0.7999988505253677,0.7999988505253677,0.7999988505253676,0.7999988505253676,1.0000000000000002,1.0000000000000002
0.8,4,3,3,beta_bimodal,log_uniform,1.2762531540094115,1.2762531540094115,1.2762531540094115,1.2762531540094115,1.0,1.0
0.8,4,3,3,beta_bimodal,log_uniform,0.2773119935904898,0.2773119935904898,0.2773119935904899,0.2773119935904899,0.9999999999999996,0.9999999999999996
0.8,4,3,3,beta_bimodal,log_uniform,0.7455812883373857,0.7455812883373859,0.7455812883373856,0.7455812883373856,1.0000000000000002,1.0000000000000004
0.8,5,2,2,homogeneous,flat,0.3999999999999999,0.3999999999999999,0.39999999999999997,0.3999999999999999,0.9999999999999999,0.9999999999999999
0.8,5,2,2,homogeneous,log_uniform,0.6154004858369932,0.6154004858369932,0.6154004858369932,0.6154004858369932,1.0,1.0
0.8,5,2,2,homogeneous,log_uniform,0.6312041955372949,0.6312041955372949,0.6312041955372948,0.6312041955372948,1.0000000000000002,1.0000000000000002
0.8,5,2,2,homogeneous,log_uniform,0.7923744990888892,0.7923744990888892,0.7923744990888891,0.7923744990888891,1.0000000000000002,1.0000000000000002
0.8,5,2,2,beta_bimodal,flat,0.9682129502108068,0.9682129502108068,0.9682129502108068,0.9682129502108068,1.0,1.0
0.8,5,2,2,beta_bimodal,flat,0.7535982605123115,0.7535982605123115,0.7535982605123115,0.7535982605123115,1.0,1.0
0.8,5,2,2,beta_bimodal,flat,0.967938546236956,0.967938546236956,0.967938546236956,0.967938546236956,1.0,1.0
0.8,5,2,2,beta_bimodal,log_uniform,0.7330385927350789,0.7330385927350789,0.7330385927350787,0.7330385927350787,1.0000000000000002,1.0000000000000002
0.8,5,2,2,beta_bimodal,log_uniform,1.3218138360842473,1.3218138360842473,1.3218138360842473,1.3218138360842473,1.0,1.0
0.8,5,2,2,beta_bimodal,log_uniform,0.9920145862991224,0.9920145862991224,0.9920145862991225,0.9920145862991224,0.9999999999999999,0.9999999999999999
0.8,5,2,3,homogeneous,flat,0.3999999999999999,0.3999999999999999,0.39999999999999997,0.3999999999999999,0.9999999999999999,0.9999999999999999
0.8,5,2,3,homogeneous,log_uniform,0.7264423417971898,0.7264423417971899,0.7264423417971897,0.7264423417971897,1.0000000000000002,1.0000000000000002
0.8,5,2,3,homogeneous,log_uniform,0.789150199732437,0.789150199732437,0.7891501997324369,0.7891501997324369,1.0000000000000002,1.0000000000000002
0.8,5,2,3,homogeneous,log_uniform,0.7641094100979953,0.7641094100979953,0.7641094100979953,0.7641094100979953,1.0,1.0
0.8,5,2,3,beta_bimodal,flat,0.9123916960671852,0.9123916960671852,0.9123916960671851,0.9123916960671852,1.0000000000000002,1.0000000000000002
0.8,5,2,3,beta_bimodal,flat,0.6998507969907367,0.6998507969907367,0.6998507969907367,0.6998507969907367,1.0,1.0
0.8,5,2,3,beta_bimodal,flat,0.965813588093958,0.965813588093958,0.9658135880939582,0.9658135880939582,0.9999999999999998,0.9999999999999998
0.8,5,2,3,beta_bimodal,log_uniform,1.4788794138527812,1.4788794138527812,1.478879413852781,1.478879413852781,1.0000000000000002,1.0000000000000002
0.8,5,2,3,beta_bimodal,log_uniform,0.4286429013725593,0.4286429013725593,0.4286429013725592,0.4286429013725592,1.0000000000000002,1.0000000000000002
0.8,5,2,3,beta_bimodal,log_uniform,0.2249158190559569,0.2249158190559569,0.22491581905595695,0.2249158190559569,0.9999999999999998,0.9999999999999998
0.8,5,3,2,homogeneous,flat,0.5999999999999999,0.704,0.5999999999999999,0.5999999999999999,1.0,1.1733333333333336
0.8,5,3,2,homogeneous,log_uniform,0.8917872495100609,0.9192943496867996,0.8917872495100609,0.8917872495100609,1.0,1.0308449130572912
0.8,5,3,2,homogeneous,log_uniform,0.9198187971397414,0.9362768058366736,0.9198187971397412,0.9198187971397412,1.0000000000000002,1.017892664020468
0.8,5,3,2,homogeneous,log_uniform,0.872130657775321,0.9013599199542842,0.8721306577753211,0.8721306577753211,0.9999999999999999,1.0335147743269602
0.8,5,3,2,beta_bimodal,flat,0.999756684808353,0.999756684808353,0.9997566848083529,0.9997566848083528,1.0000000000000002,1.0000000000000002
0.8,5,3,2,beta_bimodal,flat,0.983122937022046,0.9863850672332128,0.9831229370220458,0.9831229370220458,1.0000000000000002,1.003318130508732
0.8,5,3,2,beta_bimodal,flat,0.9914250802521232,0.9920292834187168,0.9914250802521234,0.9914250802521234,0.9999999999999998,1.0006094289711127
0.8,5,3,2,beta_bimodal,log_uniform,0.9722662609598846,0.9746638147764136,0.9722662609598843,0.9722662609598844,1.0000000000000002,1.002465943654326
0.8,5,3,2,beta_bimodal,log_uniform,0.9184038177565408,0.91845768622599,0.9184038177565408,0.9184038177565408,1.0,1.00005865444852
0.8,5,3,2,beta_bimodal,log_uniform,0.3426292323110774,0.3619812963833111,0.34262923231107745,0.3426292323110774,0.9999999999999999,1.0564810653828383
0.8,5,3,3,homogeneous,flat,0.5999999999999999,0.704,0.5999999999999999,0.5999999999999999,1.0,1.1733333333333336
0.8,5,3,3,homogeneous,log_uniform,0.8962324834304222,0.8962324834304223,0.8962324834304222,0.8962324834304222,1.0,1.0000000000000002
0.8,5,3,3,homogeneous,log_uniform,0.8908655427257035,0.8908655427257035,0.8908655427257035,0.8908655427257035,1.0,1.0
0.8,5,3,3,homogeneous,log_uniform,0.8310068027912435,0.8310068027912436,0.8310068027912436,0.8310068027912436,0.9999999999999999,1.0
0.8,5,3,3,beta_bimodal,flat,0.8562074641767773,0.8562074641767774,0.8562074641767774,0.8562074641767774,0.9999999999999999,1.0
0.8,5,3,3,beta_bimodal,flat,0.9779730259226638,0.9779730259226638,0.9779730259226637,0.9779730259226636,1.0000000000000002,1.0000000000000002
0.8,5,3,3,beta_bimodal,flat,0.9680663872329902,0.9680663872329904,0.9680663872329902,0.9680663872329902,1.0,1.0000000000000002
0.8,5,3,3,beta_bimodal,log_uniform,1.2613095065662452,1.2613095065662452,1.2613095065662454,1.2613095065662454,0.9999999999999998,0.9999999999999998
0.8,5,3,3,beta_bimodal,log_uniform,1.8612361776257471,1.8612361776257471,1.8612361776257471,1.8612361776257471,1.0,1.0
0.8,5,3,3,beta_bimodal,log_uniform,0.99547031640578,0.99547031640578,0.9954703164057798,0.9954703164057798,1.0000000000000002,1.0000000000000002
0.8,6,2,2,homogeneous,flat,0.3999999999999999,0.3999999999999999,0.3999999999999999,0.4,1.0,1.0
0.8,6,2,2,homogeneous,log_uniform,0.764686586562142,0.764686586562142,0.764686586562142,0.764686586562142,1.0,1.0
0.8,6,2,2,homogeneous,log_uniform,0.7157954502010726,0.7157954502010726,0.7157954502010725,0.7157954502010725,1.0000000000000002,1.0000000000000002
0.8,6,2,2,homogeneous,log_uniform,0.682401093254067,0.682401093254067,0.6824010932540671,0.6824010932540671,0.9999999999999999,0.9999999999999999
0.8,6,2,2,beta_bimodal,flat,0.9358505892526428,1.160769582829771,0.9220566874603385,1.1607695828297708,1.0149599281474737,1.2588917781475346
0.8,6,2,2,beta_bimodal,flat,0.9615965472698108,0.9615965472698108,0.9615965472698107,0.9615965472698108,1.0000000000000002,1.0000000000000002
0.8,6,2,2,beta_bimodal,flat,1.0781895987018828,1.0781895987018828,1.0781895987018828,1.0781895987018828,1.0,1.0
0.8,6,2,2,beta_bimodal,log_uniform,0.5697213651214132,0.5697213651214132,0.5697213651214134,0.5697213651214134,0.9999999999999998,0.9999999999999998
0.8,6,2,2,beta_bimodal,log_uniform,0.7585118533440635,0.7730956113588849,0.7585118533440636,0.7585118533440636,0.9999999999999999,1.0192268030493206
0.8,6,2,2,beta_bimodal,log_uniform,0.5813848686931182,0.5813848686931182,0.5813848686931181,0.5813848686931181,1.0000000000000002,1.0000000000000002
0.8,6,2,3,homogeneous,flat,0.3999999999999999,0.3999999999999999,0.3999999999999999,0.4,1.0,1.0
0.8,6,2,3,homogeneous,log_uniform,0.706669955825425,0.706669955825425,0.7066699558254249,0.7066699558254249,1.0000000000000002,1.0000000000000002
0.8,6,2,3,homogeneous,log_uniform,0.78315853113604,0.7831585311360401,0.7831585311360401,0.7831585311360401,0.9999999999999999,1.0
0.8,6,2,3,homogeneous,log_uniform,0.8222883895742797,0.8222883895742797,0.8222883895742797,0.8222883895742797,1.0,1.0
0.8,6,2,3,beta_bimodal,flat,1.133885004421033,1.133885004421033,1.1338850044210325,1.1338850044210325,1.0000000000000004,1.0000000000000004
0.8,6,2,3,beta_bimodal,flat,1.1505818549207991,1.1505818549207991,1.1505818549207998,1.1505818549207998,0.9999999999999994,0.9999999999999994
0.8,6,2,3,beta_bimodal,flat,0.9466471729624024,0.9466471729624024,0.9466471729624024,0.9466471729624024,1.0,1.0
0.8,6,2,3,beta_bimodal,log_uniform,0.9452577123559218,0.9452577123559218,0.9452577123559218,0.9452577123559218,1.0,1.0
0.8,6,2,3,beta_bimodal,log_uniform,1.041751435574402,1.041751435574402,1.041751435574402,1.041751435574402,1.0,1.0
0.8,6,2,3,beta_bimodal,log_uniform,1.6257863642324324,1.6257863642324324,1.6257863642324326,1.6257863642324326,0.9999999999999999,0.9999999999999999
0.8,6,3,2,homogeneous,flat,0.5999999999999999,0.704,0.6000000000000001,0.6000000000000001,0.9999999999999997,1.1733333333333331
0.8,6,3,2,homogeneous,log_uniform,0.9401403729278924,0.9908379582308662,0.9401403729278923,0.9401403729278924,1.0000000000000002,1.053925548527488
0.8,6,3,2,homogeneous,log_uniform,0.938567616727664,0.9907330907153704,0.9385676167276641,0.938567616727664,0.9999999999999999,1.055579878378483
0.8,6,3,2,homogeneous,log_uniform,0.9046329029140454,0.967448935508654,0.9046329029140454,0.9046329029140454,1.0,1.0694381471116765
0.8,6,3,2,beta_bimodal,flat,1.1902579940264872,1.1902579940264872,1.1703580201889792,1.187772655232917,1.0170033216282781,1.0170033216282781
0.8,6,3,2,beta_bimodal,flat,1.0101249654623314,1.0350702612686358,1.0101249654623314,1.0101249654623314,1.0,1.0246952571802708
0.8,6,3,2,beta_bimodal,flat,1.1729640227762477,1.1729640227762477,1.1155817832159358,1.170973691644139,1.0514370532251733,1.0514370532251733
0.8,6,3,2,beta_bimodal,log_uniform,0.8612266640838606,0.8679113983093107,0.8612266640838605,0.8612266640838605,1.0000000000000002,1.0077618755946918
0.8,6,3,2,beta_bimodal,log_uniform,1.5222491524045287,1.5235044529833637,1.5222491524045287,1.5222491524045287,1.0,1.0008246354263703
0.8,6,3,2,beta_bimodal,log_uniform,0.8156679011150321,0.8356347514627536,0.815667901115032,0.815667901115032,1.0000000000000002,1.0244791419650408
0.8,6,3,3,homogeneous,flat,0.5999999999999999,0.704,0.6000000000000001,0.6000000000000001,0.9999999999999997,1.1733333333333331
0.8,6,3,3,homogeneous,log_uniform,1.008396716159938,1.0083967161599383,1.008396716159938,1.008396716159938,1.0,1.0000000000000002
0.8,6,3,3,homogeneous,log_uniform,0.759532284871325,0.839630370129341,0.7595322848713252,0.7595322848713252,0.9999999999999997,1.1054571172989514
0.8,6,3,3,homogeneous,log_uniform,0.8614608874686116,0.894579347984666,0.8614608874686119,0.8614608874686119,0.9999999999999997,1.0384445318386677
0.8,6,3,3,beta_bimodal,flat,1.193497613095377,1.193497613095377,1.193497613095377,1.193497613095377,1.0,1.0
0.8,6,3,3,beta_bimodal,flat,1.0859329762866248,1.092884738979632,1.085932976286625,1.085932976286625,0.9999999999999998,1.0064016498668074
0.8,6,3,3,beta_bimodal,flat,1.0241537980486035,1.024153798048604,1.0241537980486042,1.0241537980486042,0.9999999999999993,0.9999999999999998
0.8,6,3,3,beta_bimodal,log_uniform,1.179728023990103,1.179728023990103,1.179728023990103,1.179728023990103,1.0,1.0
0.8,6,3,3,beta_bimodal,log_uniform,2.0283898865698133,2.0283898865698133,2.0283898865698133,2.0283898865698133,1.0,1.0
0.8,6,3,3,beta_bimodal,log_uniform,0.820200634183852,0.8223038887534765,0.8097185997862107,0.820200634183852,1.0129452804967167,1.0155427934724344
0.85,4,2,2,homogeneous,flat,0.3,0.3,0.30000000000000004,0.3,0.9999999999999998,0.9999999999999998
0.85,4,2,2,homogeneous,log_uniform,0.4778787638696846,0.4778787638696846,0.47787876386968453,0.4778787638696845,1.0000000000000002,1.0000000000000002
0.85,4,2,2,homogeneous,log_uniform,0.3679690049839062,0.3679690049839063,0.36796900498390617,0.3679690049839061,1.0000000000000002,1.0000000000000002
0.85,4,2,2,homogeneous,log_uniform,0.3832511938377652,0.3832511938377653,0.3832511938377652,0.3832511938377652,1.0,1.0000000000000002
0.85,4,2,2,beta_bimodal,flat,0.5996147278313738,0.5996147278313739,0.5996147278313739,0.5996147278313739,0.9999999999999998,1.0
0.85,4,2,2,beta_bimodal,flat,0.5999847541131076,0.5999847541131076,0.5999847541131075,0.5999847541131075,1.0000000000000002,1.0000000000000002
0.85,4,2,2,beta_bimodal,flat,0.5694572933261504,0.5694572933261504,0.5694572933261501,0.5694572933261501,1.0000000000000004,1.0000000000000004
0.85,4,2,2,beta_bimodal,log_uniform,0.3875329626590159,0.387532962659016,0.387532962659016,0.387532962659016,0.9999999999999997,1.0
0.85,4,2,2,beta_bimodal,log_uniform,0.8140922052451744,0.8140922052451744,0.8140922052451746,0.8140922052451746,0.9999999999999999,0.9999999999999999
0.85,4,2,2,beta_bimodal,log_uniform,0.2069972547181869,0.2069972547181869,0.206997254718187,0.206997254718187,0.9999999999999994,0.9999999999999994
0.85,4,2,3,homogeneous,flat,0.3,0.3,0.30000000000000004,0.3,0.9999999999999998,0.9999999999999998
0.85,4,2,3,homogeneous,log_uniform,0.4960029245177824,0.4960029245177824,0.49600292451778233,0.4960029245177823,1.0000000000000002,1.0000000000000002
0.85,4,2,3,homogeneous,log_uniform,0.5330455938563519,0.5330455938563519,0.5330455938563518,0.5330455938563518,1.0000000000000002,1.0000000000000002
0.85,4,2,3,homogeneous,log_uniform,0.3671343047948673,0.3671343047948673,0.3671343047948673,0.3671343047948673,1.0,1.0
0.85,4,2,3,beta_bimodal,flat,0.5880143727136744,0.5880143727136745,0.5880143727136745,0.5880143727136745,0.9999999999999998,1.0
0.85,4,2,3,beta_bimodal,flat,0.4958768190759685,0.4958768190759685,0.4958768190759685,0.4958768190759685,1.0,1.0
0.85,4,2,3,beta_bimodal,flat,0.4786702095907929,0.4786702095907929,0.4786702095907929,0.4786702095907929,1.0,1.0
0.85,4,2,3,beta_bimodal,log_uniform,0.7642365538604028,0.7642365538604029,0.7642365538604028,0.7642365538604028,1.0,1.0000000000000002
0.85,4,2,3,beta_bimodal,log_uniform,0.4275315450669582,0.4275315450669582,0.42753154506695823,0.4275315450669582,0.9999999999999999,0.9999999999999999
0.85,4,2,3,beta_bimodal,log_uniform,0.6566090608362678,0.6566090608362678,0.6566090608362678,0.6566090608362678,1.0,1.0
0.85,4,3,2,homogeneous,flat,0.45,0.5426250000000001,0.45000000000000007,0.45,0.9999999999999999,1.2058333333333335
0.85,4,3,2,homogeneous,log_uniform,0.5719134545543305,0.5722455804891193,0.5719134545543304,0.5719134545543304,1.0000000000000002,1.000580727612096
0.85,4,3,2,homogeneous,log_uniform,0.5142451453662222,0.5648253692841061,0.5142451453662222,0.5142451453662222,1.0,1.098358194284679
0.85,4,3,2,homogeneous,log_uniform,0.5634053190472599,0.5847703725281089,0.5634053190472598,0.5634053190472598,1.0000000000000002,1.0379212846569825
0.85,4,3,2,beta_bimodal,flat,0.5998583211062207,0.5998615936893963,0.5998583211062206,0.5998583211062206,1.0000000000000002,1.0000054555935303
0.85,4,3,2,beta_bimodal,flat,0.577757587125786,0.5858082539938461,0.577757587125786,0.577757587125786,1.0,1.0139343334426993
0.85,4,3,2,beta_bimodal,flat,0.5782791580782659,0.5819782983205857,0.5782791580782659,0.5782791580782659,1.0,1.0063968071313736
0.85,4,3,2,beta_bimodal,log_uniform,0.5492715932069197,0.5498426950490259,0.5492715932069197,0.5492715932069197,1.0,1.0010397439976313
0.85,4,3,2,beta_bimodal,log_uniform,0.2013554933394843,0.201418702988578,0.20135549333948433,0.2013554933394843,0.9999999999999999,1.0003139206586587
0.85,4,3,2,beta_bimodal,log_uniform,0.6707062395625052,0.6772982506328733,0.6707062395625052,0.6707062395625052,1.0,1.009828462419953
0.85,4,3,3,homogeneous,flat,0.45,0.5426250000000001,0.45000000000000007,0.45,0.9999999999999999,1.2058333333333335
0.85,4,3,3,homogeneous,log_uniform,0.5649675392367974,0.5649675392367974,0.5649675392367973,0.5649675392367973,1.0000000000000002,1.0000000000000002
0.85,4,3,3,homogeneous,log_uniform,0.550827029773133,0.5563558517994237,0.5508270297731329,0.5508270297731329,1.0000000000000002,1.010037310675491
0.85,4,3,3,homogeneous,log_uniform,0.5434949072183772,0.5517351126948578,0.5434949072183771,0.5434949072183771,1.0000000000000002,1.0151615136904488
0.85,4,3,3,beta_bimodal,flat,0.5999999558370754,0.5999999558370754,0.5999999558370753,0.5999999558370753,1.0000000000000002,1.0000000000000002
0.85,4,3,3,beta_bimodal,flat,0.5999971686727774,0.5999971686727775,0.5999971686727774,0.5999971686727774,1.0,1.0000000000000002
0.85,4,3,3,beta_bimodal,flat,0.5946046635008004,0.5946046635008004,0.5946046635008004,0.5946046635008004,1.0,1.0
0.85,4,3,3,beta_bimodal,log_uniform,0.8064612465470044,0.8064612465470044,0.8064612465470047,0.8064612465470047,0.9999999999999996,0.9999999999999996
0.85,4,3,3,beta_bimodal,log_uniform,0.206546839523797,0.20655217961822,0.20654683952379696,0.2065468395237969,1.0000000000000002,1.0000258541570297
0.85,4,3,3,beta_bimodal,log_uniform,0.6993410481903359,0.6993410481903359,0.6993410481903358,0.6993410481903358,1.0000000000000002,1.0000000000000002
0.85,5,2,2,homogeneous,flat,0.3,0.3,0.30000000000000004,0.3,0.9999999999999998,0.9999999999999998
0.85,5,2,2,homogeneous,log_uniform,0.5776406119584416,0.5776406119584416,0.5776406119584415,0.5776406119584415,1.0000000000000002,1.0000000000000002
0.85,5,2,2,homogeneous,log_uniform,0.5101082964104593,0.5101082964104593,0.5101082964104593,0.5101082964104593,1.0,1.0
0.85,5,2,2,homogeneous,log_uniform,0.4390128670863633,0.4390128670863633,0.43901286708636333,0.4390128670863633,0.9999999999999999,0.9999999999999999
0.85,5,2,2,beta_bimodal,flat,0.7119358716391055,0.7119358716391057,0.7119358716391054,0.7119358716391054,1.0000000000000002,1.0000000000000002
0.85,5,2,2,beta_bimodal,flat,0.6331344992294831,0.6331344992294831,0.6331344992294831,0.6331344992294831,1.0,1.0
0.85,5,2,2,beta_bimodal,flat,0.6597149376669681,0.6597149376669681,0.659714937666968,0.659714937666968,1.0000000000000002,1.0000000000000002
0.85,5,2,2,beta_bimodal,log_uniform,0.5398778871073466,0.5398778871073467,0.5398778871073466,0.5398778871073466,1.0,1.0000000000000002
0.85,5,2,2,beta_bimodal,log_uniform,0.4200890096239774,0.4200890096239774,0.4200890096239773,0.4200890096239773,1.0000000000000002,1.0000000000000002
0.85,5,2,2,beta_bimodal,log_uniform,0.4867358455213197,0.4867358455213197,0.48673584552131977,0.4867358455213197,0.9999999999999999,0.9999999999999999
0.85,5,2,3,homogeneous,flat,0.3,0.3,0.30000000000000004,0.3,0.9999999999999998,0.9999999999999998
0.85,5,2,3,homogeneous,log_uniform,0.6014130503357425,0.6014130503357425,0.6014130503357424,0.6014130503357424,1.0000000000000002,1.0000000000000002
0.85,5,2,3,homogeneous,log_uniform,0.4475125060333038,0.4475125060333038,0.4475125060333038,0.4475125060333038,1.0,1.0
0.85,5,2,3,homogeneous,log_uniform,0.4052866377426631,0.4052866377426631,0.40528663774266305,0.405286637742663,1.0000000000000002,1.0000000000000002
0.85,5,2,3,beta_bimodal,flat,0.7429988882574268,0.7429988882574268,0.7429988882574267,0.7429988882574267,1.0000000000000002,1.0000000000000002
0.85,5,2,3,beta_bimodal,flat,0.7031090516486905,0.7031090516486905,0.7031090516486904,0.7031090516486904,1.0000000000000002,1.0000000000000002
0.85,5,2,3,beta_bimodal,flat,0.631173907779072,0.631173907779072,0.631173907779072,0.631173907779072,1.0,1.0
0.85,5,2,3,beta_bimodal,log_uniform,0.7806923144624544,0.7806923144624544,0.7806923144624542,0.7806923144624542,1.0000000000000002,1.0000000000000002
0.85,5,2,3,beta_bimodal,log_uniform,0.8452055140563126,0.8452055140563126,0.8452055140563126,0.8452055140563126,1.0,1.0
0.85,5,2,3,beta_bimodal,log_uniform,0.1685005529912442,0.1685005529912442,0.16850055299124422,0.1685005529912442,0.9999999999999999,0.9999999999999999
0.85,5,3,2,homogeneous,flat,0.45,0.5426250000000001,0.45000000000000007,0.4500000000000001,0.9999999999999999,1.2058333333333335
0.85,5,3,2,homogeneous,log_uniform,0.6009436299216784,0.667448481783069,0.6009436299216782,0.6009436299216782,1.0000000000000004,1.1106673713640305
0.85,5,3,2,homogeneous,log_uniform,0.6618775996992465,0.696771488754358,0.6618775996992463,0.6618775996992463,1.0000000000000004,1.0527195497641366
0.85,5,3,2,homogeneous,log_uniform,0.6004928393117229,0.6621638563480223,0.6004928393117229,0.6004928393117229,1.0,1.1027006701811564
0.85,5,3,2,beta_bimodal,flat,0.737193595562661,0.737193595562661,0.737193595562661,0.737193595562661,1.0,1.0
0.85,5,3,2,beta_bimodal,flat,0.66706574154867,0.6678378336804888,0.6670657415486702,0.6670657415486702,0.9999999999999999,1.0011574453366863
0.85,5,3,2,beta_bimodal,flat,0.6510756977999159,0.6668690593488495,0.6510756977999158,0.6510756977999158,1.0000000000000002,1.024257335364078
0.85,5,3,2,beta_bimodal,log_uniform,0.4946067555668247,0.494606769410024,0.49460675556682465,0.4946067555668246,1.0000000000000002,1.0000000279882941
0.85,5,3,2,beta_bimodal,log_uniform,1.4302955996915916,1.4304123416691368,1.4302955996915914,1.4302955996915914,1.0000000000000002,1.0000816208744336
0.85,5,3,2,beta_bimodal,log_uniform,0.4404690420160203,0.4408329119406012,0.4404690420160203,0.4404690420160203,1.0,1.000826096478689
0.85,5,3,3,homogeneous,flat,0.45,0.5426250000000001,0.45000000000000007,0.4500000000000001,0.9999999999999999,1.2058333333333335
0.85,5,3,3,homogeneous,log_uniform,0.6490165923402378,0.6685889279750072,0.6490165923402378,0.6490165923402378,1.0,1.0301569110339617
0.85,5,3,3,homogeneous,log_uniform,0.6090179944384777,0.6395161290000859,0.6090179944384778,0.6090179944384778,0.9999999999999998,1.0500775590214337
0.85,5,3,3,homogeneous,log_uniform,0.5928864705548391,0.6242041316970207,0.5928864705548391,0.5928864705548391,1.0,1.0528223575634534
0.85,5,3,3,beta_bimodal,flat,0.7144905122467444,0.7144905122467445,0.7144905122467446,0.7144905122467446,0.9999999999999997,0.9999999999999999
0.85,5,3,3,beta_bimodal,flat,0.7401576142607915,0.7401576142607915,0.7401576142607914,0.7401576142607914,1.0000000000000002,1.0000000000000002
0.85,5,3,3,beta_bimodal,flat,0.7464506929818805,0.7464506929818806,0.7464506929818805,0.7464506929818805,1.0,1.0000000000000002
0.85,5,3,3,beta_bimodal,log_uniform,1.1084176319673849,1.1084176319673849,1.1084176319673849,1.1084176319673849,1.0,1.0
0.85,5,3,3,beta_bimodal,log_uniform,0.9879605789206912,0.9879605789206912,0.9879605789206912,0.9879605789206912,1.0,1.0
0.85,5,3,3,beta_bimodal,log_uniform,0.6690672354480764,0.6690672354480764,0.6690672354480767,0.6690672354480767,0.9999999999999997,0.9999999999999997
0.85,6,2,2,homogeneous,flat,0.3,0.3,0.30000000000000004,0.3000000000000001,0.9999999999999998,0.9999999999999998
0.85,6,2,2,homogeneous,log_uniform,0.6812692582234434,0.6812692582234434,0.6812692582234434,0.6812692582234434,1.0,1.0
0.85,6,2,2,homogeneous,log_uniform,0.4431867298666813,0.4431867298666813,0.44318672986668123,0.4431867298666812,1.0000000000000002,1.0000000000000002
0.85,6,2,2,homogeneous,log_uniform,0.5525783763796739,0.5525783763796739,0.5525783763796737,0.5525783763796737,1.0000000000000004,1.0000000000000004
0.85,6,2,2,beta_bimodal,flat,0.8603409704129767,0.8603409704129769,0.8603409704129767,0.8603409704129767,1.0,1.0000000000000002
0.85,6,2,2,beta_bimodal,flat,0.8779858537042624,0.8779858537042624,0.8779858537042622,0.8779858537042622,1.0000000000000002,1.0000000000000002
0.85,6,2,2,beta_bimodal,flat,0.6798936045471563,0.6798936045471563,0.6798936045471562,0.6798936045471562,1.0000000000000002,1.0000000000000002
0.85,6,2,2,beta_bimodal,log_uniform,0.905653825313554,0.905653825313554,0.905653825313554,0.905653825313554,1.0,1.0
0.85,6,2,2,beta_bimodal,log_uniform,0.96699292587853,0.96699292587853,0.9669929258785301,0.96699292587853,0.9999999999999999,0.9999999999999999
0.85,6,2,2,beta_bimodal,log_uniform,1.5954159087070778,1.5954159087070778,1.5954159087070776,1.5954159087070776,1.0000000000000002,1.0000000000000002
0.85,6,2,3,homogeneous,flat,0.3,0.3,0.30000000000000004,0.3000000000000001,0.9999999999999998,0.9999999999999998
0.85,6,2,3,homogeneous,log_uniform,0.4921635915317485,0.4921635915317485,0.4921635915317484,0.4921635915317484,1.0000000000000002,1.0000000000000002
0.85,6,2,3,homogeneous,log_uniform,0.483910988861233,0.483910988861233,0.483910988861233,0.483910988861233,1.0,1.0
0.85,6,2,3,homogeneous,log_uniform,0.4648905777717919,0.4648905777717919,0.4648905777717919,0.4648905777717919,1.0,1.0
0.85,6,2,3,beta_bimodal,flat,0.7216944946978059,0.7216944946978059,0.7216944946978059,0.7216944946978059,1.0,1.0
0.85,6,2,3,beta_bimodal,flat,0.6768020951655317,0.6768020951655317,0.6768020951655318,0.6768020951655318,0.9999999999999999,0.9999999999999999
0.85,6,2,3,beta_bimodal,flat,0.890010005497364,0.8900100054973641,0.8900100054973638,0.8900100054973638,1.0000000000000002,1.0000000000000004
0.85,6,2,3,beta_bimodal,log_uniform,0.4540293445930886,0.4540293445930886,0.4540293445930886,0.4540293445930886,1.0,1.0
0.85,6,2,3,beta_bimodal,log_uniform,0.8957848904153805,0.8957848904153805,0.8957848904153805,0.8957848904153805,1.0,1.0
0.85,6,2,3,beta_bimodal,log_uniform,0.3540921503335211,0.3540921503335212,0.3540921503335211,0.3540921503335211,1.0,1.0000000000000002
0.85,6,3,2,homogeneous,flat,0.45,0.5426250000000001,0.4500000000000001,0.4500000000000001,0.9999999999999998,1.2058333333333333
0.85,6,3,2,homogeneous,log_uniform,0.6441202854339336,0.7104268226342009,0.6441202854339336,0.6441202854339336,1.0,1.1029412342689962
0.85,6,3,2,homogeneous,log_uniform,0.771651141404158,0.797670515256895,0.7716511414041578,0.7716511414041578,1.0000000000000002,1.0337190894390311
0.85,6,3,2,homogeneous,log_uniform,0.6489393413526805,0.7252243726572991,0.6489393413526806,0.6489393413526806,0.9999999999999998,1.1175534082208767
0.85,6,3,2,beta_bimodal,flat,0.876617404864606,0.876617404864606,0.8766174048646059,0.8766174048646059,1.0000000000000002,1.0000000000000002
0.85,6,3,2,beta_bimodal,flat,0.8867472176941609,0.8894773157491069,0.886747217694161,0.886747217694161,0.9999999999999999,1.0030787782588653
0.85,6,3,2,beta_bimodal,flat,0.842811624710345,0.845399608966589,0.842811624710345,0.842811624710345,1.0,1.003070655625014
0.85,6,3,2,beta_bimodal,log_uniform,0.5471510696649584,0.5620473925925715,0.5471510696649583,0.5471510696649583,1.0000000000000002,1.0272252468349095
0.85,6,3,2,beta_bimodal,log_uniform,0.4464933422895497,0.4466200881789065,0.4464933422895497,0.4464933422895497,1.0,1.0002838696064469
0.85,6,3,2,beta_bimodal,log_uniform,0.9416899080171914,0.9416899080171914,0.9416899080171914,0.9416899080171914,1.0,1.0
0.85,6,3,3,homogeneous,flat,0.45,0.5426250000000001,0.4500000000000001,0.4500000000000001,0.9999999999999998,1.2058333333333333
0.85,6,3,3,homogeneous,log_uniform,0.7372384922524026,0.7639167704138001,0.7372384922524023,0.7372384922524023,1.0000000000000002,1.0361867678393875
0.85,6,3,3,homogeneous,log_uniform,0.6831534227340722,0.7269835476815116,0.6831534227340721,0.6831534227340721,1.0000000000000002,1.0641585381685208
0.85,6,3,3,homogeneous,log_uniform,0.7019049680363574,0.7470608945813155,0.7019049680363573,0.7019049680363573,1.0000000000000002,1.0643333907028554
0.85,6,3,3,beta_bimodal,flat,0.8962822664777131,0.8962822664777131,0.896282266477713,0.896282266477713,1.0000000000000002,1.0000000000000002
0.85,6,3,3,beta_bimodal,flat,0.875613292029563,0.8756132920295631,0.8756132920295628,0.8756132920295628,1.0000000000000002,1.0000000000000002
0.85,6,3,3,beta_bimodal,flat,0.839211102599354,0.839211102599354,0.839211102599354,0.839211102599354,1.0,1.0
0.85,6,3,3,beta_bimodal,log_uniform,0.9628554698556324,0.9628554698556328,0.9628554698556324,0.9628554698556324,1.0,1.0000000000000004
0.85,6,3,3,beta_bimodal,log_uniform,0.4164969986153816,0.4313904658386809,0.41649699861538164,0.4164969986153816,0.9999999999999999,1.0357588824716906
0.85,6,3,3,beta_bimodal,log_uniform,0.9744747667161032,0.9744747667161032,0.9744747667161033,0.9744747667161032,0.9999999999999999,0.9999999999999999
0.9,4,2,2,homogeneous,flat,0.1999999999999999,0.1999999999999999,0.19999999999999998,0.1999999999999999,0.9999999999999996,0.9999999999999996
0.9,4,2,2,homogeneous,log_uniform,0.3098609179567474,0.3098609179567475,0.3098609179567475,0.3098609179567475,0.9999999999999998,1.0
0.9,4,2,2,homogeneous,log_uniform,0.3161179497840156,0.3161179497840156,0.31611794978401564,0.3161179497840156,0.9999999999999998,0.9999999999999998
0.9,4,2,2,homogeneous,log_uniform,0.307452589912115,0.307452589912115,0.307452589912115,0.307452589912115,1.0,1.0
0.9,4,2,2,beta_bimodal,flat,0.3473649968499955,0.3473649968499955,0.34736499684999544,0.3473649968499954,1.0000000000000002,1.0000000000000002
0.9,4,2,2,beta_bimodal,flat,0.3860042751633388,0.3860042751633388,0.3860042751633388,0.3860042751633388,1.0,1.0
0.9,4,2,2,beta_bimodal,flat,0.3998331187603116,0.3998331187603116,0.3998331187603116,0.3998331187603116,1.0,1.0
0.9,4,2,2,beta_bimodal,log_uniform,0.5209985914420044,0.5209985914420044,0.5209985914420044,0.5209985914420044,1.0,1.0
0.9,4,2,2,beta_bimodal,log_uniform,0.1829050719093615,0.1829050719093616,0.18290507190936162,0.1829050719093616,0.9999999999999994,0.9999999999999999
0.9,4,2,2,beta_bimodal,log_uniform,0.4228325742061721,0.4228325742061721,0.42283257420617204,0.422832574206172,1.0000000000000002,1.0000000000000002
0.9,4,2,3,homogeneous,flat,0.1999999999999999,0.1999999999999999,0.19999999999999998,0.1999999999999999,0.9999999999999996,0.9999999999999996
0.9,4,2,3,homogeneous,log_uniform,0.2983696088059796,0.2983696088059796,0.2983696088059796,0.2983696088059796,1.0,1.0
0.9,4,2,3,homogeneous,log_uniform,0.3011419103032324,0.3011419103032324,0.30114191030323245,0.3011419103032324,0.9999999999999998,0.9999999999999998
0.9,4,2,3,homogeneous,log_uniform,0.2840690012124287,0.2840690012124287,0.28406900121242873,0.2840690012124287,0.9999999999999998,0.9999999999999998
0.9,4,2,3,beta_bimodal,flat,0.3979456880203013,0.3979456880203013,0.3979456880203013,0.3979456880203013,1.0,1.0
0.9,4,2,3,beta_bimodal,flat,0.3841252833582397,0.3841252833582398,0.3841252833582398,0.3841252833582398,0.9999999999999997,1.0
0.9,4,2,3,beta_bimodal,flat,0.287130149816637,0.287130149816637,0.287130149816637,0.287130149816637,1.0,1.0
0.9,4,2,3,beta_bimodal,log_uniform,0.3334386401367812,0.3334386401367812,0.3334386401367812,0.3334386401367812,1.0,1.0
0.9,4,2,3,beta_bimodal,log_uniform,0.3193144026661871,0.3193144026661871,0.31931440266618705,0.319314402666187,1.0000000000000002,1.0000000000000002
0.9,4,2,3,beta_bimodal,log_uniform,0.4331249034770293,0.4331249034770293,0.4331249034770294,0.4331249034770294,0.9999999999999998,0.9999999999999998
0.9,4,3,2,homogeneous,flat,0.2999999999999999,0.373,0.29999999999999993,0.2999999999999999,0.9999999999999998,1.2433333333333336
0.9,4,3,2,homogeneous,log_uniform,0.3550639451143513,0.385250594825168,0.3550639451143514,0.3550639451143514,0.9999999999999997,1.0850175021321715
0.9,4,3,2,homogeneous,log_uniform,0.3677436872259839,0.390632292536142,0.3677436872259839,0.3677436872259839,1.0,1.0622406477805635
0.9,4,3,2,homogeneous,log_uniform,0.3858855997217156,0.3945736225190211,0.38588559972171566,0.3858855997217156,0.9999999999999999,1.0225145037896488
0.9,4,3,2,beta_bimodal,flat,0.3998059487055155,0.3998059487055155,0.39980594870551556,0.3998059487055155,0.9999999999999999,0.9999999999999999
0.9,4,3,2,beta_bimodal,flat,0.39999798908281,0.3999991920952293,0.39999798908281003,0.39999798908281,0.9999999999999999,1.0000030075461679
0.9,4,3,2,beta_bimodal,flat,0.3860950889826086,0.3930964475993353,0.38609508898260864,0.3860950889826086,0.9999999999999999,1.0181337676041822
0.9,4,3,2,beta_bimodal,log_uniform,0.2583421312053706,0.2583450786941741,0.25834213120537053,0.2583421312053705,1.0000000000000002,1.000011409245522
0.9,4,3,2,beta_bimodal,log_uniform,0.5371234686877726,0.5404505707652578,0.5371234686877727,0.5371234686877727,0.9999999999999998,1.0061942966030015
0.9,4,3,2,beta_bimodal,log_uniform,0.3428790330227652,0.3428790330227653,0.3428790330227653,0.3428790330227653,0.9999999999999997,1.0
0.9,4,3,3,homogeneous,flat,0.2999999999999999,0.3729999999999999,0.29999999999999993,0.2999999999999999,0.9999999999999998,1.2433333333333332
0.9,4,3,3,homogeneous,log_uniform,0.3870253096855446,0.3870253096855446,0.38702530968554455,0.3870253096855445,1.0000000000000002,1.0000000000000002
0.9,4,3,3,homogeneous,log_uniform,0.3370725602368359,0.3769886898609458,0.33707256023683596,0.3370725602368359,0.9999999999999999,1.1184199912210704
0.9,4,3,3,homogeneous,log_uniform,0.3645364375832762,0.3793646405311521,0.36453643758327636,0.3645364375832763,0.9999999999999996,1.0406768745702912
0.9,4,3,3,beta_bimodal,flat,0.3999341538502957,0.3999341538502957,0.3999341538502957,0.3999341538502957,1.0,1.0
0.9,4,3,3,beta_bimodal,flat,0.3979284724001248,0.3979284724001249,0.39792847240012486,0.3979284724001248,0.9999999999999999,1.0000000000000002
0.9,4,3,3,beta_bimodal,flat,0.3989488913295034,0.3989488913295035,0.39894889132950345,0.3989488913295034,0.9999999999999999,1.0000000000000002
0.9,4,3,3,beta_bimodal,log_uniform,0.3552538614982552,0.3552538614982552,0.3552538614982552,0.3552538614982552,1.0,1.0
0.9,4,3,3,beta_bimodal,log_uniform,0.096205310106708,0.0962059030105308,0.09620531010670808,0.096205310106708,0.9999999999999993,1.0000061629012167
0.9,4,3,3,beta_bimodal,log_uniform,0.2908666071502827,0.2908666071502827,0.29086660715028273,0.2908666071502827,0.9999999999999998,0.9999999999999998
0.9,5,2,2,homogeneous,flat,0.1999999999999999,0.1999999999999999,0.19999999999999998,0.1999999999999999,0.9999999999999996,0.9999999999999996
0.9,5,2,2,homogeneous,log_uniform,0.3350402490403705,0.3350402490403705,0.33504024904037066,0.3350402490403706,0.9999999999999996,0.9999999999999996
0.9,5,2,2,homogeneous,log_uniform,0.3380550569934991,0.3380550569934992,0.33805505699349925,0.3380550569934992,0.9999999999999996,0.9999999999999999
0.9,5,2,2,homogeneous,log_uniform,0.3795557112863722,0.3795557112863722,0.37955571128637233,0.3795557112863723,0.9999999999999997,0.9999999999999997
0.9,5,2,2,beta_bimodal,flat,0.3784249223867631,0.3784249223867631,0.37842492238676306,0.378424922386763,1.0000000000000002,1.0000000000000002
0.9,5,2,2,beta_bimodal,flat,0.4884946226460502,0.4884946226460502,0.4884946226460503,0.4884946226460503,0.9999999999999998,0.9999999999999998
0.9,5,2,2,beta_bimodal,flat,0.4999306584336498,0.4999306584336498,0.49993065843365,0.49993065843365,0.9999999999999997,0.9999999999999997
0.9,5,2,2,beta_bimodal,log_uniform,0.4563440866507059,0.4563440866507059,0.45634408665070597,0.4563440866507059,0.9999999999999999,0.9999999999999999
0.9,5,2,2,beta_bimodal,log_uniform,0.4647287957901419,0.464728795790142,0.464728795790142,0.464728795790142,0.9999999999999999,1.0
0.9,5,2,2,beta_bimodal,log_uniform,0.6048255769736954,0.6048255769736954,0.6048255769736954,0.6048255769736954,1.0,1.0
0.9,5,2,3,homogeneous,flat,0.1999999999999999,0.1999999999999999,0.19999999999999998,0.1999999999999999,0.9999999999999996,0.9999999999999996
0.9,5,2,3,homogeneous,log_uniform,0.2420478068623681,0.2420478068623682,0.24204780686236826,0.2420478068623682,0.9999999999999993,0.9999999999999998
0.9,5,2,3,homogeneous,log_uniform,0.3811881257902851,0.3811881257902851,0.38118812579028527,0.3811881257902852,0.9999999999999996,0.9999999999999996
0.9,5,2,3,homogeneous,log_uniform,0.3531910138339374,0.3531910138339374,0.3531910138339376,0.3531910138339376,0.9999999999999996,0.9999999999999996
0.9,5,2,3,beta_bimodal,flat,0.4642291831611722,0.4642291831611722,0.4642291831611721,0.4642291831611721,1.0000000000000002,1.0000000000000002
0.9,5,2,3,beta_bimodal,flat,0.4367778609547972,0.4367778609547972,0.4367778609547972,0.4367778609547972,1.0,1.0
0.9,5,2,3,beta_bimodal,flat,0.4696973100119014,0.4696973100119014,0.4696973100119014,0.4696973100119014,1.0,1.0
0.9,5,2,3,beta_bimodal,log_uniform,0.2808921251713426,0.2808921251713426,0.2808921251713426,0.2808921251713426,1.0,1.0
0.9,5,2,3,beta_bimodal,log_uniform,0.8526102798919699,0.8526102798919699,0.8526102798919699,0.8526102798919699,1.0,1.0
0.9,5,2,3,beta_bimodal,log_uniform,0.3525922236631174,0.3525922236631174,0.3525922236631174,0.3525922236631174,1.0,1.0
0.9,5,3,2,homogeneous,flat,0.2999999999999999,0.3729999999999999,0.29999999999999993,0.3,0.9999999999999998,1.2433333333333332
0.9,5,3,2,homogeneous,log_uniform,0.4333072111569374,0.457067204078269,0.4333072111569375,0.4333072111569375,0.9999999999999998,1.054834058399102
0.9,5,3,2,homogeneous,log_uniform,0.3714662312512309,0.4170636519402689,0.37146623125123096,0.3714662312512309,0.9999999999999999,1.122749840639483
0.9,5,3,2,homogeneous,log_uniform,0.4400523072238306,0.4641304876090674,0.44005230722383076,0.4400523072238307,0.9999999999999997,1.0547166325229362
0.9,5,3,2,beta_bimodal,flat,0.4852975896760849,0.4928440903895504,0.48529758967608483,0.4852975896760848,1.0000000000000002,1.0155502538524919
0.9,5,3,2,beta_bimodal,flat,0.4443705621962863,0.4673249592443566,0.4443705621962863,0.4443705621962863,1.0,1.0516559803930732
0.9,5,3,2,beta_bimodal,flat,0.49884558035568,0.4992139222687284,0.49884558035568005,0.49884558035568,0.9999999999999999,1.0007383886468149
0.9,5,3,2,beta_bimodal,log_uniform,0.5854388847006942,0.5857888127999631,0.5854388847006942,0.5854388847006942,1.0,1.0005977192639806
0.9,5,3,2,beta_bimodal,log_uniform,0.8019343659764473,0.8091062473601583,0.8019343659764471,0.8019343659764471,1.0000000000000002,1.0089432273861698
0.9,5,3,2,beta_bimodal,log_uniform,1.198748350376207,1.19905905410751,1.198748350376207,1.198748350376207,1.0,1.0002591901221014
0.9,5,3,3,homogeneous,flat,0.2999999999999999,0.3729999999999999,0.29999999999999993,0.3,0.9999999999999998,1.2433333333333332
0.9,5,3,3,homogeneous,log_uniform,0.3924661728844624,0.4567754850375669,0.39246617288446267,0.3924661728844626,0.9999999999999993,1.1638595033056163
0.9,5,3,3,homogeneous,log_uniform,0.3711945398409005,0.4181658771951509,0.3711945398409006,0.3711945398409006,0.9999999999999997,1.126541024483773
0.9,5,3,3,homogeneous,log_uniform,0.3870809366276665,0.4186683045544507,0.3870809366276666,0.3870809366276666,0.9999999999999997,1.0816040392016721
0.9,5,3,3,beta_bimodal,flat,0.4844310827870741,0.4844310827870741,0.48443108278707403,0.484431082787074,1.0000000000000002,1.0000000000000002
0.9,5,3,3,beta_bimodal,flat,0.4998485366212416,0.4998485366212416,0.49984853662124157,0.4998485366212415,1.0000000000000002,1.0000000000000002
0.9,5,3,3,beta_bimodal,flat,0.4996788433396746,0.4996788433396746,0.4996788433396746,0.4996788433396746,1.0,1.0
0.9,5,3,3,beta_bimodal,log_uniform,0.2664703408911114,0.2691017636774513,0.2664703408911114,0.2664703408911114,1.0,1.009875105715481
0.9,5,3,3,beta_bimodal,log_uniform,0.240718270472201,0.240718270472201,0.240718270472201,0.240718270472201,1.0,1.0
0.9,5,3,3,beta_bimodal,log_uniform,0.3022701981546153,0.3022701981546153,0.3022701981546153,0.3022701981546153,1.0,1.0
0.9,6,2,2,homogeneous,flat,0.1999999999999999,0.1999999999999999,0.2,0.2,0.9999999999999994,0.9999999999999994
0.9,6,2,2,homogeneous,log_uniform,0.3338816689744108,0.3338816689744108,0.33388166897441085,0.3338816689744108,0.9999999999999999,0.9999999999999999
0.9,6,2,2,homogeneous,log_uniform,0.324733876543466,0.3247338765434661,0.3247338765434661,0.3247338765434661,0.9999999999999998,1.0
0.9,6,2,2,homogeneous,log_uniform,0.3607162686195242,0.3607162686195242,0.3607162686195243,0.3607162686195243,0.9999999999999997,0.9999999999999997
0.9,6,2,2,beta_bimodal,flat,0.5270384926242075,0.5270384926242075,0.5270384926242075,0.5270384926242075,1.0,1.0
0.9,6,2,2,beta_bimodal,flat,0.5786626925807933,0.5786626925807933,0.5786626925807933,0.5786626925807933,1.0,1.0
0.9,6,2,2,beta_bimodal,flat,0.5101877806032323,0.5101877806032323,0.5101877806032323,0.5101877806032323,1.0,1.0
0.9,6,2,2,beta_bimodal,log_uniform,1.3893438089479209,1.3893438089479209,1.3893438089479213,1.3893438089479213,0.9999999999999997,0.9999999999999997
0.9,6,2,2,beta_bimodal,log_uniform,1.3526406838879033,1.3526406838879033,1.3526406838879033,1.3526406838879033,1.0,1.0
0.9,6,2,2,beta_bimodal,log_uniform,0.4643068999836858,0.4643068999836858,0.46430689998368585,0.4643068999836858,0.9999999999999999,0.9999999999999999
0.9,6,2,3,homogeneous,flat,0.1999999999999999,0.1999999999999999,0.2,0.2,0.9999999999999994,0.9999999999999994
0.9,6,2,3,homogeneous,log_uniform,0.3653395033273266,0.3653395033273266,0.3653395033273266,0.3653395033273266,1.0,1.0
0.9,6,2,3,homogeneous,log_uniform,0.3929179269327603,0.3929179269327604,0.3929179269327604,0.3929179269327604,0.9999999999999997,1.0
0.9,6,2,3,homogeneous,log_uniform,0.2965482020031963,0.2965482020031963,0.29654820200319637,0.2965482020031963,0.9999999999999998,0.9999999999999998
0.9,6,2,3,beta_bimodal,flat,0.5859980919815125,0.5859980919815126,0.5859980919815125,0.5859980919815125,1.0,1.0000000000000002
0.9,6,2,3,beta_bimodal,flat,0.5999241504621562,0.5999241504621562,0.5999241504621561,0.5999241504621561,1.0000000000000002,1.0000000000000002
0.9,6,2,3,beta_bimodal,flat,0.5313960341756804,0.5313960341756804,0.5313960341756803,0.5313960341756803,1.0000000000000002,1.0000000000000002
0.9,6,2,3,beta_bimodal,log_uniform,0.2259964960570495,0.2259964960570495,0.22599649605704947,0.2259964960570494,1.0000000000000002,1.0000000000000002
0.9,6,2,3,beta_bimodal,log_uniform,0.64489482387038,0.64489482387038,0.6448948238703799,0.6448948238703799,1.0000000000000002,1.0000000000000002
0.9,6,2,3,beta_bimodal,log_uniform,0.4705703546467998,0.4705703546467998,0.47057035464679975,0.4705703546467997,1.0000000000000002,1.0000000000000002
0.9,6,3,2,homogeneous,flat,0.2999999999999999,0.3729999999999999,0.3,0.3000000000000001,0.9999999999999997,1.243333333333333
0.9,6,3,2,homogeneous,log_uniform,0.3842969997867714,0.4477402310427536,0.38429699978677145,0.3842969997867714,0.9999999999999999,1.1650890620826702
0.9,6,3,2,homogeneous,log_uniform,0.4582240595686195,0.5005257490815452,0.45822405956861967,0.4582240595686196,0.9999999999999997,1.0923166050092374
0.9,6,3,2,homogeneous,log_uniform,0.4704533929087623,0.5005592399867571,0.47045339290876254,0.4704533929087625,0.9999999999999996,1.0639932616743464
0.9,6,3,2,beta_bimodal,flat,0.5458180416402918,0.5695969193031072,0.5458180416402918,0.5458180416402918,1.0,1.0435655765268497
0.9,6,3,2,beta_bimodal,flat,0.5749522814122602,0.5749522814122602,0.5749522814122602,0.5749522814122602,1.0,1.0
0.9,6,3,2,beta_bimodal,flat,0.5544820901610679,0.5694040925783271,0.554482090161068,0.554482090161068,0.9999999999999998,1.0269116039670905
0.9,6,3,2,beta_bimodal,log_uniform,0.5005285203773598,0.50052852037736,0.5005285203773597,0.5005285203773597,1.0000000000000002,1.0000000000000004
0.9,6,3,2,beta_bimodal,log_uniform,0.5613479211073322,0.5613479237780704,0.5613479211073321,0.5613479211073321,1.0000000000000002,1.0000000047577238
0.9,6,3,2,beta_bimodal,log_uniform,0.7711791061711805,0.7868960953645745,0.77117910617118,0.77117910617118,1.0000000000000007,1.020380465533393
0.9,6,3,3,homogeneous,flat,0.2999999999999999,0.3729999999999999,0.3,0.3000000000000001,0.9999999999999997,1.243333333333333
0.9,6,3,3,homogeneous,log_uniform,0.4338348992447477,0.4713654830785512,0.4338348992447479,0.4338348992447479,0.9999999999999997,1.0865089090323055
0.9,6,3,3,homogeneous,log_uniform,0.4107398246586451,0.4448239496926783,0.41073982465864517,0.4107398246586451,0.9999999999999999,1.082982274880113
0.9,6,3,3,homogeneous,log_uniform,0.432994037434355,0.4785798682338208,0.4329940374343552,0.4329940374343552,0.9999999999999994,1.1052805047145176
0.9,6,3,3,beta_bimodal,flat,0.5910051336181665,0.5910051336181666,0.5910051336181666,0.5910051336181666,0.9999999999999998,1.0
0.9,6,3,3,beta_bimodal,flat,0.5629479171859424,0.5673899622455095,0.5629479171859423,0.5629479171859423,1.0000000000000002,1.0078906856637326
0.9,6,3,3,beta_bimodal,flat,0.5933685303952498,0.5933685303952498,0.5933685303952498,0.5933685303952498,1.0,1.0
0.9,6,3,3,beta_bimodal,log_uniform,1.3945561463205596,1.3945561463205596,1.3945561463205598,1.3945561463205598,0.9999999999999999,0.9999999999999999
0.9,6,3,3,beta_bimodal,log_uniform,0.5206568414021615,0.5649526614381226,0.5206568414021615,0.5206568414021615,1.0,1.085076803978355
0.9,6,3,3,beta_bimodal,log_uniform,0.2182238210221348,0.2183635976836175,0.2182238210221349,0.2182238210221349,0.9999999999999997,1.00064051972341
